solid Mobius_Strip_Parametric_Surface
  facet normal 6.658513e-02 -1.380670e-01 -9.881821e-01
    outer loop
      vertex 1.400000e+00 0.000000e+00 -0.000000e+00
      vertex 1.392876e+00 1.463971e-01 -2.093438e-02
      vertex 1.492192e+00 1.568357e-01 -1.570079e-02
    endloop
  endfacet
  facet normal 0.000000e+00 -9.961189e-02 -9.950264e-01
    outer loop
      vertex 1.400000e+00 0.000000e+00 -0.000000e+00
      vertex 1.492192e+00 1.568357e-01 -1.570079e-02
      vertex 1.500000e+00 0.000000e+00 -0.000000e+00
    endloop
  endfacet
  facet normal 6.247340e-02 -9.633737e-02 -9.933862e-01
    outer loop
      vertex 1.500000e+00 0.000000e+00 -0.000000e+00
      vertex 1.492192e+00 1.568357e-01 -1.570079e-02
      vertex 1.591508e+00 1.672742e-01 -1.046719e-02
    endloop
  endfacet
  facet normal 0.000000e+00 -6.245290e-02 -9.980479e-01
    outer loop
      vertex 1.500000e+00 0.000000e+00 -0.000000e+00
      vertex 1.591508e+00 1.672742e-01 -1.046719e-02
      vertex 1.600000e+00 0.000000e+00 -0.000000e+00
    endloop
  endfacet
  facet normal 5.875271e-02 -5.937355e-02 -9.965053e-01
    outer loop
      vertex 1.600000e+00 0.000000e+00 -0.000000e+00
      vertex 1.591508e+00 1.672742e-01 -1.046719e-02
      vertex 1.690824e+00 1.777127e-01 -5.233596e-03
    endloop
  endfacet
  facet normal 0.000000e+00 -2.943699e-02 -9.995666e-01
    outer loop
      vertex 1.600000e+00 0.000000e+00 -0.000000e+00
      vertex 1.690824e+00 1.777127e-01 -5.233596e-03
      vertex 1.700000e+00 0.000000e+00 -0.000000e+00
    endloop
  endfacet
  facet normal 5.538585e-02 -2.653423e-02 -9.981124e-01
    outer loop
      vertex 1.700000e+00 0.000000e+00 -0.000000e+00
      vertex 1.690824e+00 1.777127e-01 -5.233596e-03
      vertex 1.790139e+00 1.881512e-01 0.000000e+00
    endloop
  endfacet
  facet normal 0.000000e+00 0.000000e+00 -1.000000e+00
    outer loop
      vertex 1.700000e+00 0.000000e+00 -0.000000e+00
      vertex 1.790139e+00 1.881512e-01 0.000000e+00
      vertex 1.800000e+00 0.000000e+00 0.000000e+00
    endloop
  endfacet
  facet normal 5.233576e-02 2.742801e-03 -9.986258e-01
    outer loop
      vertex 1.800000e+00 0.000000e+00 0.000000e+00
      vertex 1.790139e+00 1.881512e-01 0.000000e+00
      vertex 1.889455e+00 1.985898e-01 5.233596e-03
    endloop
  endfacet
  facet normal 0.000000e+00 2.634466e-02 -9.996529e-01
    outer loop
      vertex 1.800000e+00 0.000000e+00 0.000000e+00
      vertex 1.889455e+00 1.985898e-01 5.233596e-03
      vertex 1.900000e+00 0.000000e+00 0.000000e+00
    endloop
  endfacet
  facet normal 4.956762e-02 2.894229e-02 -9.983513e-01
    outer loop
      vertex 1.900000e+00 0.000000e+00 0.000000e+00
      vertex 1.889455e+00 1.985898e-01 5.233596e-03
      vertex 1.988771e+00 2.090283e-01 1.046719e-02
    endloop
  endfacet
  facet normal 0.000000e+00 5.001281e-02 -9.987486e-01
    outer loop
      vertex 1.900000e+00 0.000000e+00 0.000000e+00
      vertex 1.988771e+00 2.090283e-01 1.046719e-02
      vertex 2.000000e+00 0.000000e+00 0.000000e+00
    endloop
  endfacet
  facet normal 4.704970e-02 5.247841e-02 -9.975131e-01
    outer loop
      vertex 2.000000e+00 0.000000e+00 0.000000e+00
      vertex 1.988771e+00 2.090283e-01 1.046719e-02
      vertex 2.088087e+00 2.194668e-01 1.570079e-02
    endloop
  endfacet
  facet normal 0.000000e+00 7.135823e-02 -9.974508e-01
    outer loop
      vertex 2.000000e+00 0.000000e+00 0.000000e+00
      vertex 2.088087e+00 2.194668e-01 1.570079e-02
      vertex 2.100000e+00 0.000000e+00 0.000000e+00
    endloop
  endfacet
  facet normal 4.475365e-02 7.370343e-02 -9.962755e-01
    outer loop
      vertex 2.100000e+00 0.000000e+00 0.000000e+00
      vertex 2.088087e+00 2.194668e-01 1.570079e-02
      vertex 2.187403e+00 2.299053e-01 2.093438e-02
    endloop
  endfacet
  facet normal 0.000000e+00 9.068138e-02 -9.958800e-01
    outer loop
      vertex 2.100000e+00 0.000000e+00 0.000000e+00
      vertex 2.187403e+00 2.299053e-01 2.093438e-02
      vertex 2.200000e+00 0.000000e+00 0.000000e+00
    endloop
  endfacet
  facet normal 1.316706e-01 -1.221589e-01 -9.837378e-01
    outer loop
      vertex 1.392876e+00 1.463971e-01 -2.093438e-02
      vertex 1.371550e+00 2.915320e-01 -4.181139e-02
      vertex 1.468829e+00 3.122092e-01 -3.135854e-02
    endloop
  endfacet
  facet normal 6.192593e-02 -9.085238e-02 -9.939371e-01
    outer loop
      vertex 1.392876e+00 1.463971e-01 -2.093438e-02
      vertex 1.468829e+00 3.122092e-01 -3.135854e-02
      vertex 1.492192e+00 1.568357e-01 -1.570079e-02
    endloop
  endfacet
  facet normal 1.235106e-01 -8.109705e-02 -9.890240e-01
    outer loop
      vertex 1.492192e+00 1.568357e-01 -1.570079e-02
      vertex 1.468829e+00 3.122092e-01 -3.135854e-02
      vertex 1.566108e+00 3.328865e-01 -2.090569e-02
    endloop
  endfacet
  facet normal 5.819611e-02 -5.390565e-02 -9.968487e-01
    outer loop
      vertex 1.492192e+00 1.568357e-01 -1.570079e-02
      vertex 1.566108e+00 3.328865e-01 -2.090569e-02
      vertex 1.591508e+00 1.672742e-01 -1.046719e-02
    endloop
  endfacet
  facet normal 1.161247e-01 -4.472988e-02 -9.922269e-01
    outer loop
      vertex 1.591508e+00 1.672742e-01 -1.046719e-02
      vertex 1.566108e+00 3.328865e-01 -2.090569e-02
      vertex 1.663387e+00 3.535638e-01 -1.045285e-02
    endloop
  endfacet
  facet normal 5.482061e-02 -2.107546e-02 -9.982738e-01
    outer loop
      vertex 1.591508e+00 1.672742e-01 -1.046719e-02
      vertex 1.663387e+00 3.535638e-01 -1.045285e-02
      vertex 1.690824e+00 1.777127e-01 -5.233596e-03
    endloop
  endfacet
  facet normal 1.094394e-01 -1.242434e-02 -9.939158e-01
    outer loop
      vertex 1.690824e+00 1.777127e-01 -5.233596e-03
      vertex 1.663387e+00 3.535638e-01 -1.045285e-02
      vertex 1.760666e+00 3.742410e-01 0.000000e+00
    endloop
  endfacet
  facet normal 5.176236e-02 8.198352e-03 -9.986258e-01
    outer loop
      vertex 1.690824e+00 1.777127e-01 -5.233596e-03
      vertex 1.760666e+00 3.742410e-01 0.000000e+00
      vertex 1.790139e+00 1.881512e-01 0.000000e+00
    endloop
  endfacet
  facet normal 1.033817e-01 1.637405e-02 -9.945070e-01
    outer loop
      vertex 1.790139e+00 1.881512e-01 0.000000e+00
      vertex 1.760666e+00 3.742410e-01 0.000000e+00
      vertex 1.857945e+00 3.949183e-01 1.045285e-02
    endloop
  endfacet
  facet normal 4.898649e-02 3.439892e-02 -9.982069e-01
    outer loop
      vertex 1.790139e+00 1.881512e-01 0.000000e+00
      vertex 1.857945e+00 3.949183e-01 1.045285e-02
      vertex 1.889455e+00 1.985898e-01 5.233596e-03
    endloop
  endfacet
  facet normal 9.788264e-02 4.214302e-02 -9.943053e-01
    outer loop
      vertex 1.889455e+00 1.985898e-01 5.233596e-03
      vertex 1.857945e+00 3.949183e-01 1.045285e-02
      vertex 1.955224e+00 4.155956e-01 2.090569e-02
    endloop
  endfacet
  facet normal 4.646127e-02 5.793919e-02 -9.972384e-01
    outer loop
      vertex 1.889455e+00 1.985898e-01 5.233596e-03
      vertex 1.955224e+00 4.155956e-01 2.090569e-02
      vertex 1.988771e+00 2.090283e-01 1.046719e-02
    endloop
  endfacet
  facet normal 9.287963e-02 6.529061e-02 -9.935344e-01
    outer loop
      vertex 1.988771e+00 2.090283e-01 1.046719e-02
      vertex 1.955224e+00 4.155956e-01 2.090569e-02
      vertex 2.052502e+00 4.362729e-01 3.135854e-02
    endloop
  endfacet
  facet normal 4.415833e-02 7.917048e-02 -9.958826e-01
    outer loop
      vertex 1.988771e+00 2.090283e-01 1.046719e-02
      vertex 2.052502e+00 4.362729e-01 3.135854e-02
      vertex 2.088087e+00 2.194668e-01 1.570079e-02
    endloop
  endfacet
  facet normal 8.831659e-02 8.616375e-02 -9.923588e-01
    outer loop
      vertex 2.088087e+00 2.194668e-01 1.570079e-02
      vertex 2.052502e+00 4.362729e-01 3.135854e-02
      vertex 2.149781e+00 4.569501e-01 4.181139e-02
    endloop
  endfacet
  facet normal 4.205258e-02 9.839129e-02 -9.942589e-01
    outer loop
      vertex 2.088087e+00 2.194668e-01 1.570079e-02
      vertex 2.149781e+00 4.569501e-01 4.181139e-02
      vertex 2.187403e+00 2.299053e-01 2.093438e-02
    endloop
  endfacet
  facet normal 1.932566e-01 -9.422671e-02 -9.766131e-01
    outer loop
      vertex 1.371550e+00 2.915320e-01 -4.181139e-02
      vertex 1.336163e+00 4.341456e-01 -6.257379e-02
      vertex 1.430097e+00 4.646668e-01 -4.693034e-02
    endloop
  endfacet
  facet normal 1.213343e-01 -7.030467e-02 -9.901188e-01
    outer loop
      vertex 1.371550e+00 2.915320e-01 -4.181139e-02
      vertex 1.430097e+00 4.646668e-01 -4.693034e-02
      vertex 1.468829e+00 3.122092e-01 -3.135854e-02
    endloop
  endfacet
  facet normal 1.811638e-01 -5.427125e-02 -9.819543e-01
    outer loop
      vertex 1.468829e+00 3.122092e-01 -3.135854e-02
      vertex 1.430097e+00 4.646668e-01 -4.693034e-02
      vertex 1.524032e+00 4.951881e-01 -3.128689e-02
    endloop
  endfacet
  facet normal 1.139126e-01 -3.397780e-02 -9.929096e-01
    outer loop
      vertex 1.468829e+00 3.122092e-01 -3.135854e-02
      vertex 1.524032e+00 4.951881e-01 -3.128689e-02
      vertex 1.566108e+00 3.328865e-01 -2.090569e-02
    endloop
  endfacet
  facet normal 1.702129e-01 -1.889088e-02 -9.852262e-01
    outer loop
      vertex 1.566108e+00 3.328865e-01 -2.090569e-02
      vertex 1.524032e+00 4.951881e-01 -3.128689e-02
      vertex 1.617967e+00 5.257093e-01 -1.564345e-02
    endloop
  endfacet
  facet normal 1.071936e-01 -1.696109e-03 -9.942367e-01
    outer loop
      vertex 1.566108e+00 3.328865e-01 -2.090569e-02
      vertex 1.617967e+00 5.257093e-01 -1.564345e-02
      vertex 1.663387e+00 3.535638e-01 -1.045285e-02
    endloop
  endfacet
  facet normal 1.602962e-01 1.253329e-02 -9.869894e-01
    outer loop
      vertex 1.663387e+00 3.535638e-01 -1.045285e-02
      vertex 1.617967e+00 5.257093e-01 -1.564345e-02
      vertex 1.711902e+00 5.562306e-01 0.000000e+00
    endloop
  endfacet
  facet normal 1.011038e-01 2.709068e-02 -9.945070e-01
    outer loop
      vertex 1.663387e+00 3.535638e-01 -1.045285e-02
      vertex 1.711902e+00 5.562306e-01 0.000000e+00
      vertex 1.760666e+00 3.742410e-01 0.000000e+00
    endloop
  endfacet
  facet normal 1.513064e-01 4.054242e-02 -9.876551e-01
    outer loop
      vertex 1.760666e+00 3.742410e-01 0.000000e+00
      vertex 1.711902e+00 5.562306e-01 0.000000e+00
      vertex 1.805836e+00 5.867518e-01 1.564345e-02
    endloop
  endfacet
  facet normal 9.557443e-02 5.285705e-02 -9.940179e-01
    outer loop
      vertex 1.760666e+00 3.742410e-01 0.000000e+00
      vertex 1.805836e+00 5.867518e-01 1.564345e-02
      vertex 1.857945e+00 3.949183e-01 1.045285e-02
    endloop
  endfacet
  facet normal 1.431423e-01 6.560234e-02 -9.875255e-01
    outer loop
      vertex 1.857945e+00 3.949183e-01 1.045285e-02
      vertex 1.805836e+00 5.867518e-01 1.564345e-02
      vertex 1.899771e+00 6.172731e-01 3.128689e-02
    endloop
  endfacet
  facet normal 9.054274e-02 7.600852e-02 -9.929878e-01
    outer loop
      vertex 1.857945e+00 3.949183e-01 1.045285e-02
      vertex 1.899771e+00 6.172731e-01 3.128689e-02
      vertex 1.955224e+00 4.155956e-01 2.090569e-02
    endloop
  endfacet
  facet normal 1.357119e-01 8.811067e-02 -9.868226e-01
    outer loop
      vertex 1.955224e+00 4.155956e-01 2.090569e-02
      vertex 1.899771e+00 6.172731e-01 3.128689e-02
      vertex 1.993706e+00 6.477943e-01 4.693034e-02
    endloop
  endfacet
  facet normal 8.595259e-02 9.689014e-02 -9.915768e-01
    outer loop
      vertex 1.955224e+00 4.155956e-01 2.090569e-02
      vertex 1.993706e+00 6.477943e-01 4.693034e-02
      vertex 2.052502e+00 4.362729e-01 3.135854e-02
    endloop
  endfacet
  facet normal 1.289325e-01 1.084054e-01 -9.857102e-01
    outer loop
      vertex 2.052502e+00 4.362729e-01 3.135854e-02
      vertex 1.993706e+00 6.477943e-01 4.693034e-02
      vertex 2.087641e+00 6.783156e-01 6.257379e-02
    endloop
  endfacet
  facet normal 8.175436e-02 1.157951e-01 -9.899029e-01
    outer loop
      vertex 2.052502e+00 4.362729e-01 3.135854e-02
      vertex 2.087641e+00 6.783156e-01 6.257379e-02
      vertex 2.149781e+00 4.569501e-01 4.181139e-02
    endloop
  endfacet
  facet normal 2.494302e-01 -5.497293e-02 -9.668312e-01
    outer loop
      vertex 1.336163e+00 4.341456e-01 -6.257379e-02
      vertex 1.286949e+00 5.729866e-01 -8.316468e-02
      vertex 1.376307e+00 6.127714e-01 -6.237351e-02
    endloop
  endfacet
  facet normal 1.763174e-01 -3.852278e-02 -9.835793e-01
    outer loop
      vertex 1.336163e+00 4.341456e-01 -6.257379e-02
      vertex 1.376307e+00 6.127714e-01 -6.237351e-02
      vertex 1.430097e+00 4.646668e-01 -4.693034e-02
    endloop
  endfacet
  facet normal 2.335691e-01 -1.654286e-02 -9.721995e-01
    outer loop
      vertex 1.430097e+00 4.646668e-01 -4.693034e-02
      vertex 1.376307e+00 6.127714e-01 -6.237351e-02
      vertex 1.465665e+00 6.525563e-01 -4.158234e-02
    endloop
  endfacet
  facet normal 1.652892e-01 -3.217700e-03 -9.862399e-01
    outer loop
      vertex 1.430097e+00 4.646668e-01 -4.693034e-02
      vertex 1.465665e+00 6.525563e-01 -4.158234e-02
      vertex 1.524032e+00 4.951881e-01 -3.128689e-02
    endloop
  endfacet
  facet normal 2.191960e-01 1.747705e-02 -9.755243e-01
    outer loop
      vertex 1.524032e+00 4.951881e-01 -3.128689e-02
      vertex 1.465665e+00 6.525563e-01 -4.158234e-02
      vertex 1.555024e+00 6.923411e-01 -2.079117e-02
    endloop
  endfacet
  facet normal 1.552992e-01 2.815702e-02 -9.874661e-01
    outer loop
      vertex 1.524032e+00 4.951881e-01 -3.128689e-02
      vertex 1.555024e+00 6.923411e-01 -2.079117e-02
      vertex 1.617967e+00 5.257093e-01 -1.564345e-02
    endloop
  endfacet
  facet normal 2.061717e-01 4.768599e-02 -9.773532e-01
    outer loop
      vertex 1.617967e+00 5.257093e-01 -1.564345e-02
      vertex 1.555024e+00 6.923411e-01 -2.079117e-02
      vertex 1.644382e+00 7.321260e-01 0.000000e+00
    endloop
  endfacet
  facet normal 1.462397e-01 5.613615e-02 -9.876551e-01
    outer loop
      vertex 1.617967e+00 5.257093e-01 -1.564345e-02
      vertex 1.644382e+00 7.321260e-01 0.000000e+00
      vertex 1.711902e+00 5.562306e-01 0.000000e+00
    endloop
  endfacet
  facet normal 1.943571e-01 7.460671e-02 -9.780895e-01
    outer loop
      vertex 1.711902e+00 5.562306e-01 0.000000e+00
      vertex 1.644382e+00 7.321260e-01 0.000000e+00
      vertex 1.733740e+00 7.719108e-01 2.079117e-02
    endloop
  endfacet
  facet normal 1.380095e-01 8.118052e-02 -9.870983e-01
    outer loop
      vertex 1.711902e+00 5.562306e-01 0.000000e+00
      vertex 1.733740e+00 7.719108e-01 2.079117e-02
      vertex 1.805836e+00 5.867518e-01 1.564345e-02
    endloop
  endfacet
  facet normal 1.836214e-01 9.868860e-02 -9.780305e-01
    outer loop
      vertex 1.805836e+00 5.867518e-01 1.564345e-02
      vertex 1.733740e+00 7.719108e-01 2.079117e-02
      vertex 1.823098e+00 8.116957e-01 4.158234e-02
    endloop
  endfacet
  facet normal 1.305164e-01 1.036839e-01 -9.860097e-01
    outer loop
      vertex 1.805836e+00 5.867518e-01 1.564345e-02
      vertex 1.823098e+00 8.116957e-01 4.158234e-02
      vertex 1.899771e+00 6.172731e-01 3.128689e-02
    endloop
  endfacet
  facet normal 1.738451e-01 1.203149e-01 -9.773956e-01
    outer loop
      vertex 1.899771e+00 6.172731e-01 3.128689e-02
      vertex 1.823098e+00 8.116957e-01 4.158234e-02
      vertex 1.912457e+00 8.514805e-01 6.237351e-02
    endloop
  endfacet
  facet normal 1.236778e-01 1.239813e-01 -9.845468e-01
    outer loop
      vertex 1.899771e+00 6.172731e-01 3.128689e-02
      vertex 1.912457e+00 8.514805e-01 6.237351e-02
      vertex 1.993706e+00 6.477943e-01 4.693034e-02
    endloop
  endfacet
  facet normal 1.649208e-01 1.398113e-01 -9.763472e-01
    outer loop
      vertex 1.993706e+00 6.477943e-01 4.693034e-02
      vertex 1.912457e+00 8.514805e-01 6.237351e-02
      vertex 2.001815e+00 8.912653e-01 8.316468e-02
    endloop
  endfacet
  facet normal 1.174204e-01 1.423574e-01 -9.828259e-01
    outer loop
      vertex 1.993706e+00 6.477943e-01 4.693034e-02
      vertex 2.001815e+00 8.912653e-01 8.316468e-02
      vertex 2.087641e+00 6.783156e-01 6.257379e-02
    endloop
  endfacet
  facet normal 2.984119e-01 -5.391376e-03 -9.544220e-01
    outer loop
      vertex 1.286949e+00 5.729866e-01 -8.316468e-02
      vertex 1.224239e+00 7.068148e-01 -1.035276e-01
      vertex 1.307891e+00 7.551111e-01 -7.764571e-02
    endloop
  endfacet
  facet normal 2.250777e-01 3.644488e-03 -9.743340e-01
    outer loop
      vertex 1.286949e+00 5.729866e-01 -8.316468e-02
      vertex 1.307891e+00 7.551111e-01 -7.764571e-02
      vertex 1.376307e+00 6.127714e-01 -6.237351e-02
    endloop
  endfacet
  facet normal 2.789928e-01 3.111963e-02 -9.597888e-01
    outer loop
      vertex 1.376307e+00 6.127714e-01 -6.237351e-02
      vertex 1.307891e+00 7.551111e-01 -7.764571e-02
      vertex 1.391542e+00 8.034074e-01 -5.176381e-02
    endloop
  endfacet
  facet normal 2.105746e-01 3.753741e-02 -9.768568e-01
    outer loop
      vertex 1.376307e+00 6.127714e-01 -6.237351e-02
      vertex 1.391542e+00 8.034074e-01 -5.176381e-02
      vertex 1.465665e+00 6.525563e-01 -4.158234e-02
    endloop
  endfacet
  facet normal 2.613802e-01 6.342661e-02 -9.631498e-01
    outer loop
      vertex 1.465665e+00 6.525563e-01 -4.158234e-02
      vertex 1.391542e+00 8.034074e-01 -5.176381e-02
      vertex 1.475194e+00 8.517037e-01 -2.588190e-02
    endloop
  endfacet
  facet normal 1.974264e-01 6.765586e-02 -9.779803e-01
    outer loop
      vertex 1.465665e+00 6.525563e-01 -4.158234e-02
      vertex 1.475194e+00 8.517037e-01 -2.588190e-02
      vertex 1.555024e+00 6.923411e-01 -2.079117e-02
    endloop
  endfacet
  facet normal 2.454065e-01 9.210407e-02 -9.650350e-01
    outer loop
      vertex 1.555024e+00 6.923411e-01 -2.079117e-02
      vertex 1.475194e+00 8.517037e-01 -2.588190e-02
      vertex 1.558846e+00 9.000000e-01 0.000000e+00
    endloop
  endfacet
  facet normal 1.854939e-01 9.451386e-02 -9.780895e-01
    outer loop
      vertex 1.555024e+00 6.923411e-01 -2.079117e-02
      vertex 1.558846e+00 9.000000e-01 0.000000e+00
      vertex 1.644382e+00 7.321260e-01 0.000000e+00
    endloop
  endfacet
  facet normal 2.309047e-01 1.176518e-01 -9.658370e-01
    outer loop
      vertex 1.644382e+00 7.321260e-01 0.000000e+00
      vertex 1.558846e+00 9.000000e-01 0.000000e+00
      vertex 1.642497e+00 9.482963e-01 2.588190e-02
    endloop
  endfacet
  facet normal 1.746459e-01 1.185540e-01 -9.774680e-01
    outer loop
      vertex 1.644382e+00 7.321260e-01 0.000000e+00
      vertex 1.642497e+00 9.482963e-01 2.588190e-02
      vertex 1.733740e+00 7.719108e-01 2.079117e-02
    endloop
  endfacet
  facet normal 2.177169e-01 1.404988e-01 -9.658465e-01
    outer loop
      vertex 1.733740e+00 7.719108e-01 2.079117e-02
      vertex 1.642497e+00 9.482963e-01 2.588190e-02
      vertex 1.726149e+00 9.965926e-01 5.176381e-02
    endloop
  endfacet
  facet normal 1.647629e-01 1.401541e-01 -9.763247e-01
    outer loop
      vertex 1.733740e+00 7.719108e-01 2.079117e-02
      vertex 1.726149e+00 9.965926e-01 5.176381e-02
      vertex 1.823098e+00 8.116957e-01 4.158234e-02
    endloop
  endfacet
  facet normal 2.056990e-01 1.610104e-01 -9.652790e-01
    outer loop
      vertex 1.823098e+00 8.116957e-01 4.158234e-02
      vertex 1.726149e+00 9.965926e-01 5.176381e-02
      vertex 1.809801e+00 1.044889e+00 7.764571e-02
    endloop
  endfacet
  facet normal 1.557375e-01 1.596360e-01 -9.748139e-01
    outer loop
      vertex 1.823098e+00 8.116957e-01 4.158234e-02
      vertex 1.809801e+00 1.044889e+00 7.764571e-02
      vertex 1.912457e+00 8.514805e-01 6.237351e-02
    endloop
  endfacet
  facet normal 1.947213e-01 1.794969e-01 -9.642948e-01
    outer loop
      vertex 1.912457e+00 8.514805e-01 6.237351e-02
      vertex 1.809801e+00 1.044889e+00 7.764571e-02
      vertex 1.893452e+00 1.093185e+00 1.035276e-01
    endloop
  endfacet
  facet normal 1.474746e-01 1.772727e-01 -9.730496e-01
    outer loop
      vertex 1.912457e+00 8.514805e-01 6.237351e-02
      vertex 1.893452e+00 1.093185e+00 1.035276e-01
      vertex 2.001815e+00 8.912653e-01 8.316468e-02
    endloop
  endfacet
  facet normal 3.385995e-01 5.325750e-02 -9.394222e-01
    outer loop
      vertex 1.224239e+00 7.068148e-01 -1.035276e-01
      vertex 1.148462e+00 8.344067e-01 -1.236068e-01
      vertex 1.225404e+00 8.903084e-01 -9.270510e-02
    endloop
  endfacet
  facet normal 2.659724e-01 5.507426e-02 -9.624061e-01
    outer loop
      vertex 1.224239e+00 7.068148e-01 -1.035276e-01
      vertex 1.225404e+00 8.903084e-01 -9.270510e-02
      vertex 1.307891e+00 7.551111e-01 -7.764571e-02
    endloop
  endfacet
  facet normal 3.158744e-01 8.748615e-02 -9.447590e-01
    outer loop
      vertex 1.307891e+00 7.551111e-01 -7.764571e-02
      vertex 1.225404e+00 8.903084e-01 -9.270510e-02
      vertex 1.302346e+00 9.462101e-01 -6.180340e-02
    endloop
  endfacet
  facet normal 2.481710e-01 8.718204e-02 -9.647852e-01
    outer loop
      vertex 1.307891e+00 7.551111e-01 -7.764571e-02
      vertex 1.302346e+00 9.462101e-01 -6.180340e-02
      vertex 1.391542e+00 8.034074e-01 -5.176381e-02
    endloop
  endfacet
  facet normal 2.952415e-01 1.177531e-01 -9.481385e-01
    outer loop
      vertex 1.391542e+00 8.034074e-01 -5.176381e-02
      vertex 1.302346e+00 9.462101e-01 -6.180340e-02
      vertex 1.379289e+00 1.002112e+00 -3.090170e-02
    endloop
  endfacet
  facet normal 2.320166e-01 1.157089e-01 -9.658052e-01
    outer loop
      vertex 1.391542e+00 8.034074e-01 -5.176381e-02
      vertex 1.379289e+00 1.002112e+00 -3.090170e-02
      vertex 1.475194e+00 8.517037e-01 -2.588190e-02
    endloop
  endfacet
  facet normal 2.765088e-01 1.446039e-01 -9.500698e-01
    outer loop
      vertex 1.475194e+00 8.517037e-01 -2.588190e-02
      vertex 1.379289e+00 1.002112e+00 -3.090170e-02
      vertex 1.456231e+00 1.058013e+00 0.000000e+00
    endloop
  endfacet
  facet normal 2.173418e-01 1.411434e-01 -9.658370e-01
    outer loop
      vertex 1.475194e+00 8.517037e-01 -2.588190e-02
      vertex 1.456231e+00 1.058013e+00 0.000000e+00
      vertex 1.558846e+00 9.000000e-01 0.000000e+00
    endloop
  endfacet
  facet normal 2.594851e-01 1.685116e-01 -9.509318e-01
    outer loop
      vertex 1.558846e+00 9.000000e-01 0.000000e+00
      vertex 1.456231e+00 1.058013e+00 0.000000e+00
      vertex 1.533173e+00 1.113915e+00 3.090170e-02
    endloop
  endfacet
  facet normal 2.039888e-01 1.639058e-01 -9.651546e-01
    outer loop
      vertex 1.558846e+00 9.000000e-01 0.000000e+00
      vertex 1.533173e+00 1.113915e+00 3.090170e-02
      vertex 1.642497e+00 9.482963e-01 2.588190e-02
    endloop
  endfacet
  facet normal 2.439893e-01 1.898812e-01 -9.510070e-01
    outer loop
      vertex 1.642497e+00 9.482963e-01 2.588190e-02
      vertex 1.533173e+00 1.113915e+00 3.090170e-02
      vertex 1.610115e+00 1.169817e+00 6.180340e-02
    endloop
  endfacet
  facet normal 1.918134e-01 1.843546e-01 -9.639611e-01
    outer loop
      vertex 1.642497e+00 9.482963e-01 2.588190e-02
      vertex 1.610115e+00 1.169817e+00 6.180340e-02
      vertex 1.726149e+00 9.965926e-01 5.176381e-02
    endloop
  endfacet
  facet normal 2.298557e-01 2.090574e-01 -9.505058e-01
    outer loop
      vertex 1.726149e+00 9.965926e-01 5.176381e-02
      vertex 1.610115e+00 1.169817e+00 6.180340e-02
      vertex 1.687057e+00 1.225719e+00 9.270510e-02
    endloop
  endfacet
  facet normal 1.806860e-01 2.027949e-01 -9.624068e-01
    outer loop
      vertex 1.726149e+00 9.965926e-01 5.176381e-02
      vertex 1.687057e+00 1.225719e+00 9.270510e-02
      vertex 1.809801e+00 1.044889e+00 7.764571e-02
    endloop
  endfacet
  facet normal 2.169352e-01 2.263324e-01 -9.495856e-01
    outer loop
      vertex 1.809801e+00 1.044889e+00 7.764571e-02
      vertex 1.687057e+00 1.225719e+00 9.270510e-02
      vertex 1.763999e+00 1.281620e+00 1.236068e-01
    endloop
  endfacet
  facet normal 1.704915e-01 2.194858e-01 -9.606033e-01
    outer loop
      vertex 1.809801e+00 1.044889e+00 7.764571e-02
      vertex 1.763999e+00 1.281620e+00 1.236068e-01
      vertex 1.893452e+00 1.093185e+00 1.035276e-01
    endloop
  endfacet
  facet normal 3.686073e-01 1.194776e-01 -9.218751e-01
    outer loop
      vertex 1.148462e+00 8.344067e-01 -1.236068e-01
      vertex 1.060147e+00 9.545602e-01 -1.433472e-01
      vertex 1.129525e+00 1.017029e+00 -1.075104e-01
    endloop
  endfacet
  facet normal 2.975544e-01 1.143970e-01 -9.478263e-01
    outer loop
      vertex 1.148462e+00 8.344067e-01 -1.236068e-01
      vertex 1.129525e+00 1.017029e+00 -1.075104e-01
      vertex 1.225404e+00 8.903084e-01 -9.270510e-02
    endloop
  endfacet
  facet normal 3.428651e-01 1.510953e-01 -9.271536e-01
    outer loop
      vertex 1.225404e+00 8.903084e-01 -9.270510e-02
      vertex 1.129525e+00 1.017029e+00 -1.075104e-01
      vertex 1.198904e+00 1.079498e+00 -7.167359e-02
    endloop
  endfacet
  facet normal 2.766740e-01 1.443697e-01 -9.500573e-01
    outer loop
      vertex 1.225404e+00 8.903084e-01 -9.270510e-02
      vertex 1.198904e+00 1.079498e+00 -7.167359e-02
      vertex 1.302346e+00 9.462101e-01 -6.180340e-02
    endloop
  endfacet
  facet normal 3.194639e-01 1.790242e-01 -9.305338e-01
    outer loop
      vertex 1.302346e+00 9.462101e-01 -6.180340e-02
      vertex 1.198904e+00 1.079498e+00 -7.167359e-02
      vertex 1.268282e+00 1.141966e+00 -3.583679e-02
    endloop
  endfacet
  facet normal 2.577028e-01 1.709883e-01 -9.509744e-01
    outer loop
      vertex 1.302346e+00 9.462101e-01 -6.180340e-02
      vertex 1.268282e+00 1.141966e+00 -3.583679e-02
      vertex 1.379289e+00 1.002112e+00 -3.090170e-02
    endloop
  endfacet
  facet normal 2.981917e-01 2.037773e-01 -9.325001e-01
    outer loop
      vertex 1.379289e+00 1.002112e+00 -3.090170e-02
      vertex 1.268282e+00 1.141966e+00 -3.583679e-02
      vertex 1.337661e+00 1.204435e+00 0.000000e+00
    endloop
  endfacet
  facet normal 2.404494e-01 1.947120e-01 -9.509318e-01
    outer loop
      vertex 1.379289e+00 1.002112e+00 -3.090170e-02
      vertex 1.337661e+00 1.204435e+00 0.000000e+00
      vertex 1.456231e+00 1.058013e+00 0.000000e+00
    endloop
  endfacet
  facet normal 2.788372e-01 2.257979e-01 -9.334158e-01
    outer loop
      vertex 1.456231e+00 1.058013e+00 0.000000e+00
      vertex 1.337661e+00 1.204435e+00 0.000000e+00
      vertex 1.407039e+00 1.266904e+00 3.583679e-02
    endloop
  endfacet
  facet normal 2.247331e-01 2.159353e-01 -9.501931e-01
    outer loop
      vertex 1.456231e+00 1.058013e+00 0.000000e+00
      vertex 1.407039e+00 1.266904e+00 3.583679e-02
      vertex 1.533173e+00 1.113915e+00 3.090170e-02
    endloop
  endfacet
  facet normal 2.612004e-01 2.454645e-01 -9.335532e-01
    outer loop
      vertex 1.533173e+00 1.113915e+00 3.090170e-02
      vertex 1.407039e+00 1.266904e+00 3.583679e-02
      vertex 1.476418e+00 1.329373e+00 7.167359e-02
    endloop
  endfacet
  facet normal 2.103885e-01 2.349942e-01 -9.489544e-01
    outer loop
      vertex 1.533173e+00 1.113915e+00 3.090170e-02
      vertex 1.476418e+00 1.329373e+00 7.167359e-02
      vertex 1.610115e+00 1.169817e+00 6.180340e-02
    endloop
  endfacet
  facet normal 2.450974e-01 2.630982e-01 -9.331166e-01
    outer loop
      vertex 1.610115e+00 1.169817e+00 6.180340e-02
      vertex 1.476418e+00 1.329373e+00 7.167359e-02
      vertex 1.545796e+00 1.391841e+00 1.075104e-01
    endloop
  endfacet
  facet normal 1.972665e-01 2.521746e-01 -9.473616e-01
    outer loop
      vertex 1.610115e+00 1.169817e+00 6.180340e-02
      vertex 1.545796e+00 1.391841e+00 1.075104e-01
      vertex 1.687057e+00 1.225719e+00 9.270510e-02
    endloop
  endfacet
  facet normal 2.303624e-01 2.789714e-01 -9.322597e-01
    outer loop
      vertex 1.687057e+00 1.225719e+00 9.270510e-02
      vertex 1.545796e+00 1.391841e+00 1.075104e-01
      vertex 1.615175e+00 1.454310e+00 1.433472e-01
    endloop
  endfacet
  facet normal 1.852345e-01 2.677191e-01 -9.455235e-01
    outer loop
      vertex 1.687057e+00 1.225719e+00 9.270510e-02
      vertex 1.615175e+00 1.454310e+00 1.433472e-01
      vertex 1.763999e+00 1.281620e+00 1.236068e-01
    endloop
  endfacet
  facet normal 3.872993e-01 1.915738e-01 -9.018308e-01
    outer loop
      vertex 1.060147e+00 9.545602e-01 -1.433472e-01
      vertex 9.599226e-01 1.066102e+00 -1.626947e-01
      vertex 1.021051e+00 1.133992e+00 -1.220210e-01
    endloop
  endfacet
  facet normal 3.186090e-01 1.800303e-01 -9.306328e-01
    outer loop
      vertex 1.060147e+00 9.545602e-01 -1.433472e-01
      vertex 1.021051e+00 1.133992e+00 -1.220210e-01
      vertex 1.129525e+00 1.017029e+00 -1.075104e-01
    endloop
  endfacet
  facet normal 3.588612e-01 2.202903e-01 -9.070230e-01
    outer loop
      vertex 1.129525e+00 1.017029e+00 -1.075104e-01
      vertex 1.021051e+00 1.133992e+00 -1.220210e-01
      vertex 1.082179e+00 1.201881e+00 -8.134733e-02
    endloop
  endfacet
  facet normal 2.949083e-01 2.075461e-01 -9.327131e-01
    outer loop
      vertex 1.129525e+00 1.017029e+00 -1.075104e-01
      vertex 1.082179e+00 1.201881e+00 -8.134733e-02
      vertex 1.198904e+00 1.079498e+00 -7.167359e-02
    endloop
  endfacet
  facet normal 3.329726e-01 2.456153e-01 -9.103858e-01
    outer loop
      vertex 1.198904e+00 1.079498e+00 -7.167359e-02
      vertex 1.082179e+00 1.201881e+00 -8.134733e-02
      vertex 1.143307e+00 1.269771e+00 -4.067366e-02
    endloop
  endfacet
  facet normal 2.733446e-01 2.319629e-01 -9.335288e-01
    outer loop
      vertex 1.198904e+00 1.079498e+00 -7.167359e-02
      vertex 1.143307e+00 1.269771e+00 -4.067366e-02
      vertex 1.268282e+00 1.141966e+00 -3.583679e-02
    endloop
  endfacet
  facet normal 3.094063e-01 2.680267e-01 -9.123757e-01
    outer loop
      vertex 1.268282e+00 1.141966e+00 -3.583679e-02
      vertex 1.143307e+00 1.269771e+00 -4.067366e-02
      vertex 1.204435e+00 1.337661e+00 0.000000e+00
    endloop
  endfacet
  facet normal 2.537074e-01 2.537074e-01 -9.334158e-01
    outer loop
      vertex 1.268282e+00 1.141966e+00 -3.583679e-02
      vertex 1.204435e+00 1.337661e+00 0.000000e+00
      vertex 1.337661e+00 1.204435e+00 0.000000e+00
    endloop
  endfacet
  facet normal 2.879355e-01 2.879355e-01 -9.133380e-01
    outer loop
      vertex 1.337661e+00 1.204435e+00 0.000000e+00
      vertex 1.204435e+00 1.337661e+00 0.000000e+00
      vertex 1.265563e+00 1.405550e+00 4.067366e-02
    endloop
  endfacet
  facet normal 2.357974e-01 2.731454e-01 -9.326260e-01
    outer loop
      vertex 1.337661e+00 1.204435e+00 0.000000e+00
      vertex 1.265563e+00 1.405550e+00 4.067366e-02
      vertex 1.407039e+00 1.266904e+00 3.583679e-02
    endloop
  endfacet
  facet normal 2.683454e-01 3.056916e-01 -9.135334e-01
    outer loop
      vertex 1.407039e+00 1.266904e+00 3.583679e-02
      vertex 1.265563e+00 1.405550e+00 4.067366e-02
      vertex 1.326691e+00 1.473440e+00 8.134733e-02
    endloop
  endfacet
  facet normal 2.194315e-01 2.905882e-01 -9.313476e-01
    outer loop
      vertex 1.407039e+00 1.266904e+00 3.583679e-02
      vertex 1.326691e+00 1.473440e+00 8.134733e-02
      vertex 1.476418e+00 1.329373e+00 7.167359e-02
    endloop
  endfacet
  facet normal 2.504380e-01 3.215914e-01 -9.131592e-01
    outer loop
      vertex 1.476418e+00 1.329373e+00 7.167359e-02
      vertex 1.326691e+00 1.473440e+00 8.134733e-02
      vertex 1.387819e+00 1.541330e+00 1.220210e-01
    endloop
  endfacet
  facet normal 2.044445e-01 3.063002e-01 -9.297218e-01
    outer loop
      vertex 1.476418e+00 1.329373e+00 7.167359e-02
      vertex 1.387819e+00 1.541330e+00 1.220210e-01
      vertex 1.545796e+00 1.391841e+00 1.075104e-01
    endloop
  endfacet
  facet normal 2.340342e-01 3.358853e-01 -9.123645e-01
    outer loop
      vertex 1.545796e+00 1.391841e+00 1.075104e-01
      vertex 1.387819e+00 1.541330e+00 1.220210e-01
      vertex 1.448948e+00 1.609219e+00 1.626947e-01
    endloop
  endfacet
  facet normal 1.906890e-01 3.205059e-01 -9.278543e-01
    outer loop
      vertex 1.545796e+00 1.391841e+00 1.075104e-01
      vertex 1.448948e+00 1.609219e+00 1.626947e-01
      vertex 1.615175e+00 1.454310e+00 1.433472e-01
    endloop
  endfacet
  facet normal 3.938176e-01 2.676934e-01 -8.793452e-01
    outer loop
      vertex 9.599226e-01 1.066102e+00 -1.626947e-01
      vertex 8.485253e-01 1.167895e+00 -1.815962e-01
      vertex 9.008973e-01 1.239979e+00 -1.361971e-01
    endloop
  endfacet
  facet normal 3.281843e-01 2.502175e-01 -9.108712e-01
    outer loop
      vertex 9.599226e-01 1.066102e+00 -1.626947e-01
      vertex 9.008973e-01 1.239979e+00 -1.361971e-01
      vertex 1.021051e+00 1.133992e+00 -1.220210e-01
    endloop
  endfacet
  facet normal 3.630316e-01 2.932598e-01 -8.844245e-01
    outer loop
      vertex 1.021051e+00 1.133992e+00 -1.220210e-01
      vertex 9.008973e-01 1.239979e+00 -1.361971e-01
      vertex 9.532694e-01 1.312063e+00 -9.079810e-02
    endloop
  endfacet
  facet normal 3.019574e-01 2.749877e-01 -9.127998e-01
    outer loop
      vertex 1.021051e+00 1.133992e+00 -1.220210e-01
      vertex 9.532694e-01 1.312063e+00 -9.079810e-02
      vertex 1.082179e+00 1.201881e+00 -8.134733e-02
    endloop
  endfacet
  facet normal 3.349611e-01 3.157497e-01 -8.877517e-01
    outer loop
      vertex 1.082179e+00 1.201881e+00 -8.134733e-02
      vertex 9.532694e-01 1.312063e+00 -9.079810e-02
      vertex 1.005641e+00 1.384147e+00 -4.539905e-02
    endloop
  endfacet
  facet normal 2.780579e-01 2.969364e-01 -9.135166e-01
    outer loop
      vertex 1.082179e+00 1.201881e+00 -8.134733e-02
      vertex 1.005641e+00 1.384147e+00 -4.539905e-02
      vertex 1.143307e+00 1.269771e+00 -4.067366e-02
    endloop
  endfacet
  facet normal 3.093685e-01 3.356044e-01 -8.897532e-01
    outer loop
      vertex 1.143307e+00 1.269771e+00 -4.067366e-02
      vertex 1.005641e+00 1.384147e+00 -4.539905e-02
      vertex 1.058013e+00 1.456231e+00 0.000000e+00
    endloop
  endfacet
  facet normal 2.562607e-01 3.164556e-01 -9.133380e-01
    outer loop
      vertex 1.143307e+00 1.269771e+00 -4.067366e-02
      vertex 1.058013e+00 1.456231e+00 0.000000e+00
      vertex 1.204435e+00 1.337661e+00 0.000000e+00
    endloop
  endfacet
  facet normal 2.860166e-01 3.532011e-01 -8.907544e-01
    outer loop
      vertex 1.204435e+00 1.337661e+00 0.000000e+00
      vertex 1.058013e+00 1.456231e+00 0.000000e+00
      vertex 1.110386e+00 1.528315e+00 4.539905e-02
    endloop
  endfacet
  facet normal 2.363526e-01 3.338806e-01 -9.125027e-01
    outer loop
      vertex 1.204435e+00 1.337661e+00 0.000000e+00
      vertex 1.110386e+00 1.528315e+00 4.539905e-02
      vertex 1.265563e+00 1.405550e+00 4.067366e-02
    endloop
  endfacet
  facet normal 2.646800e-01 3.688598e-01 -8.910033e-01
    outer loop
      vertex 1.265563e+00 1.405550e+00 4.067366e-02
      vertex 1.110386e+00 1.528315e+00 4.539905e-02
      vertex 1.162758e+00 1.600398e+00 9.079810e-02
    endloop
  endfacet
  facet normal 2.181370e-01 3.494960e-01 -9.111909e-01
    outer loop
      vertex 1.265563e+00 1.405550e+00 4.067366e-02
      vertex 1.162758e+00 1.600398e+00 9.079810e-02
      vertex 1.326691e+00 1.473440e+00 8.134733e-02
    endloop
  endfacet
  facet normal 2.451505e-01 3.828507e-01 -8.906888e-01
    outer loop
      vertex 1.326691e+00 1.473440e+00 8.134733e-02
      vertex 1.162758e+00 1.600398e+00 9.079810e-02
      vertex 1.215130e+00 1.672482e+00 1.361971e-01
    endloop
  endfacet
  facet normal 2.014361e-01 3.635434e-01 -9.095382e-01
    outer loop
      vertex 1.326691e+00 1.473440e+00 8.134733e-02
      vertex 1.215130e+00 1.672482e+00 1.361971e-01
      vertex 1.387819e+00 1.541330e+00 1.220210e-01
    endloop
  endfacet
  facet normal 2.272392e-01 3.954019e-01 -8.899549e-01
    outer loop
      vertex 1.387819e+00 1.541330e+00 1.220210e-01
      vertex 1.215130e+00 1.672482e+00 1.361971e-01
      vertex 1.267502e+00 1.744566e+00 1.815962e-01
    endloop
  endfacet
  facet normal 1.860905e-01 3.762276e-01 -9.076470e-01
    outer loop
      vertex 1.387819e+00 1.541330e+00 1.220210e-01
      vertex 1.267502e+00 1.744566e+00 1.815962e-01
      vertex 1.448948e+00 1.609219e+00 1.626947e-01
    endloop
  endfacet
  facet normal 3.876026e-01 3.458713e-01 -8.544807e-01
    outer loop
      vertex 8.485253e-01 1.167895e+00 -1.815962e-01
      vertex 7.267949e-01 1.258846e+00 -2.000000e-01
      vertex 7.700962e-01 1.333846e+00 -1.500000e-01
    endloop
  endfacet
  facet normal 3.256150e-01 3.230708e-01 -8.885945e-01
    outer loop
      vertex 8.485253e-01 1.167895e+00 -1.815962e-01
      vertex 7.700962e-01 1.333846e+00 -1.500000e-01
      vertex 9.008973e-01 1.239979e+00 -1.361971e-01
    endloop
  endfacet
  facet normal 3.548380e-01 3.680820e-01 -8.594217e-01
    outer loop
      vertex 9.008973e-01 1.239979e+00 -1.361971e-01
      vertex 7.700962e-01 1.333846e+00 -1.500000e-01
      vertex 8.133975e-01 1.408846e+00 -1.000000e-01
    endloop
  endfacet
  facet normal 2.971874e-01 3.448441e-01 -8.903719e-01
    outer loop
      vertex 9.008973e-01 1.239979e+00 -1.361971e-01
      vertex 8.133975e-01 1.408846e+00 -1.000000e-01
      vertex 9.532694e-01 1.312063e+00 -9.079810e-02
    endloop
  endfacet
  facet normal 3.249114e-01 3.875426e-01 -8.626954e-01
    outer loop
      vertex 9.532694e-01 1.312063e+00 -9.079810e-02
      vertex 8.133975e-01 1.408846e+00 -1.000000e-01
      vertex 8.566987e-01 1.483846e+00 -5.000000e-02
    endloop
  endfacet
  facet normal 2.712372e-01 3.640895e-01 -8.909934e-01
    outer loop
      vertex 9.532694e-01 1.312063e+00 -9.079810e-02
      vertex 8.566987e-01 1.483846e+00 -5.000000e-02
      vertex 1.005641e+00 1.384147e+00 -4.539905e-02
    endloop
  endfacet
  facet normal 2.975796e-01 4.046565e-01 -8.646962e-01
    outer loop
      vertex 1.005641e+00 1.384147e+00 -4.539905e-02
      vertex 8.566987e-01 1.483846e+00 -5.000000e-02
      vertex 9.000000e-01 1.558846e+00 0.000000e+00
    endloop
  endfacet
  facet normal 2.475302e-01 3.811631e-01 -8.907544e-01
    outer loop
      vertex 1.005641e+00 1.384147e+00 -4.539905e-02
      vertex 9.000000e-01 1.558846e+00 0.000000e+00
      vertex 1.058013e+00 1.456231e+00 0.000000e+00
    endloop
  endfacet
  facet normal 2.725997e-01 4.197667e-01 -8.657282e-01
    outer loop
      vertex 1.058013e+00 1.456231e+00 0.000000e+00
      vertex 9.000000e-01 1.558846e+00 0.000000e+00
      vertex 9.433013e-01 1.633846e+00 5.000000e-02
    endloop
  endfacet
  facet normal 2.258439e-01 3.963685e-01 -8.898801e-01
    outer loop
      vertex 1.058013e+00 1.456231e+00 0.000000e+00
      vertex 9.433013e-01 1.633846e+00 5.000000e-02
      vertex 1.110386e+00 1.528315e+00 4.539905e-02
    endloop
  endfacet
  facet normal 2.497401e-01 4.331627e-01 -8.660254e-01
    outer loop
      vertex 1.110386e+00 1.528315e+00 4.539905e-02
      vertex 9.433013e-01 1.633846e+00 5.000000e-02
      vertex 9.866025e-01 1.708846e+00 1.000000e-01
    endloop
  endfacet
  facet normal 2.059724e-01 4.099628e-01 -8.885414e-01
    outer loop
      vertex 1.110386e+00 1.528315e+00 4.539905e-02
      vertex 9.866025e-01 1.708846e+00 1.000000e-01
      vertex 1.162758e+00 1.600398e+00 9.079810e-02
    endloop
  endfacet
  facet normal 2.287865e-01 4.450883e-01 -8.657674e-01
    outer loop
      vertex 1.162758e+00 1.600398e+00 9.079810e-02
      vertex 9.866025e-01 1.708846e+00 1.000000e-01
      vertex 1.029904e+00 1.783846e+00 1.500000e-01
    endloop
  endfacet
  facet normal 1.877290e-01 4.221638e-01 -8.868684e-01
    outer loop
      vertex 1.162758e+00 1.600398e+00 9.079810e-02
      vertex 1.029904e+00 1.783846e+00 1.500000e-01
      vertex 1.215130e+00 1.672482e+00 1.361971e-01
    endloop
  endfacet
  facet normal 2.095437e-01 4.557482e-01 -8.650925e-01
    outer loop
      vertex 1.215130e+00 1.672482e+00 1.361971e-01
      vertex 1.029904e+00 1.783846e+00 1.500000e-01
      vertex 1.073205e+00 1.858846e+00 2.000000e-01
    endloop
  endfacet
  facet normal 1.709455e-01 4.331556e-01 -8.849598e-01
    outer loop
      vertex 1.215130e+00 1.672482e+00 1.361971e-01
      vertex 1.073205e+00 1.858846e+00 2.000000e-01
      vertex 1.267502e+00 1.744566e+00 1.815962e-01
    endloop
  endfacet
  facet normal 3.684070e-01 4.240774e-01 -8.273057e-01
    outer loop
      vertex 7.267949e-01 1.258846e+00 -2.000000e-01
      vertex 5.956787e-01 1.337916e+00 -2.178556e-01
      vertex 6.297905e-01 1.414533e+00 -1.633917e-01
    endloop
  endfacet
  facet normal 3.105401e-01 3.966181e-01 -8.638628e-01
    outer loop
      vertex 7.267949e-01 1.258846e+00 -2.000000e-01
      vertex 6.297905e-01 1.414533e+00 -1.633917e-01
      vertex 7.700962e-01 1.333846e+00 -1.500000e-01
    endloop
  endfacet
  facet normal 3.340489e-01 4.427717e-01 -8.320845e-01
    outer loop
      vertex 7.700962e-01 1.333846e+00 -1.500000e-01
      vertex 6.297905e-01 1.414533e+00 -1.633917e-01
      vertex 6.639023e-01 1.491149e+00 -1.089278e-01
    endloop
  endfacet
  facet normal 2.802632e-01 4.151840e-01 -8.654911e-01
    outer loop
      vertex 7.700962e-01 1.333846e+00 -1.500000e-01
      vertex 6.639023e-01 1.491149e+00 -1.089278e-01
      vertex 8.133975e-01 1.408846e+00 -1.000000e-01
    endloop
  endfacet
  facet normal 3.026077e-01 4.590468e-01 -8.352871e-01
    outer loop
      vertex 8.133975e-01 1.408846e+00 -1.000000e-01
      vertex 6.639023e-01 1.491149e+00 -1.089278e-01
      vertex 6.980142e-01 1.567765e+00 -5.446390e-02
    endloop
  endfacet
  facet normal 2.525722e-01 4.315251e-01 -8.660216e-01
    outer loop
      vertex 8.133975e-01 1.408846e+00 -1.000000e-01
      vertex 6.980142e-01 1.567765e+00 -5.446390e-02
      vertex 8.566987e-01 1.483846e+00 -5.000000e-02
    endloop
  endfacet
  facet normal 2.738393e-01 4.732684e-01 -8.372748e-01
    outer loop
      vertex 8.566987e-01 1.483846e+00 -5.000000e-02
      vertex 6.980142e-01 1.567765e+00 -5.446390e-02
      vertex 7.321260e-01 1.644382e+00 0.000000e+00
    endloop
  endfacet
  facet normal 2.272288e-01 4.459616e-01 -8.657282e-01
    outer loop
      vertex 8.566987e-01 1.483846e+00 -5.000000e-02
      vertex 7.321260e-01 1.644382e+00 0.000000e+00
      vertex 9.000000e-01 1.558846e+00 0.000000e+00
    endloop
  endfacet
  facet normal 2.474995e-01 4.857451e-01 -8.383291e-01
    outer loop
      vertex 9.000000e-01 1.558846e+00 0.000000e+00
      vertex 7.321260e-01 1.644382e+00 0.000000e+00
      vertex 7.662378e-01 1.720998e+00 5.446390e-02
    endloop
  endfacet
  facet normal 2.040059e-01 4.587648e-01 -8.648216e-01
    outer loop
      vertex 9.000000e-01 1.558846e+00 0.000000e+00
      vertex 7.662378e-01 1.720998e+00 5.446390e-02
      vertex 9.433013e-01 1.633846e+00 5.000000e-02
    endloop
  endfacet
  facet normal 2.233552e-01 4.967363e-01 -8.386689e-01
    outer loop
      vertex 9.433013e-01 1.633846e+00 5.000000e-02
      vertex 7.662378e-01 1.720998e+00 5.446390e-02
      vertex 8.003496e-01 1.797615e+00 1.089278e-01
    endloop
  endfacet
  facet normal 1.826930e-01 4.701643e-01 -8.634632e-01
    outer loop
      vertex 9.433013e-01 1.633846e+00 5.000000e-02
      vertex 8.003496e-01 1.797615e+00 1.089278e-01
      vertex 9.866025e-01 1.708846e+00 1.000000e-01
    endloop
  endfacet
  facet normal 2.011896e-01 5.064593e-01 -8.384639e-01
    outer loop
      vertex 9.866025e-01 1.708846e+00 1.000000e-01
      vertex 8.003496e-01 1.797615e+00 1.089278e-01
      vertex 8.344614e-01 1.874231e+00 1.633917e-01
    endloop
  endfacet
  facet normal 1.630976e-01 4.803536e-01 -8.617770e-01
    outer loop
      vertex 9.866025e-01 1.708846e+00 1.000000e-01
      vertex 8.344614e-01 1.874231e+00 1.633917e-01
      vertex 1.029904e+00 1.783846e+00 1.500000e-01
    endloop
  endfacet
  facet normal 1.808045e-01 5.150961e-01 -8.378459e-01
    outer loop
      vertex 1.029904e+00 1.783846e+00 1.500000e-01
      vertex 8.344614e-01 1.874231e+00 1.633917e-01
      vertex 8.685732e-01 1.950847e+00 2.178556e-01
    endloop
  endfacet
  facet normal 1.450463e-01 4.894959e-01 -8.598577e-01
    outer loop
      vertex 1.029904e+00 1.783846e+00 1.500000e-01
      vertex 8.685732e-01 1.950847e+00 2.178556e-01
      vertex 1.073205e+00 1.858846e+00 2.000000e-01
    endloop
  endfacet
  facet normal 3.363012e-01 5.002661e-01 -7.978943e-01
    outer loop
      vertex 5.956787e-01 1.337916e+00 -2.178556e-01
      vertex 4.562306e-01 1.404133e+00 -2.351141e-01
      vertex 4.812306e-01 1.481075e+00 -1.763356e-01
    endloop
  endfacet
  facet normal 2.829117e-01 4.688513e-01 -8.367434e-01
    outer loop
      vertex 5.956787e-01 1.337916e+00 -2.178556e-01
      vertex 4.812306e-01 1.481075e+00 -1.763356e-01
      vertex 6.297905e-01 1.414533e+00 -1.633917e-01
    endloop
  endfacet
  facet normal 3.007453e-01 5.153289e-01 -8.024889e-01
    outer loop
      vertex 6.297905e-01 1.414533e+00 -1.633917e-01
      vertex 4.812306e-01 1.481075e+00 -1.763356e-01
      vertex 5.062306e-01 1.558018e+00 -1.175571e-01
    endloop
  endfacet
  facet normal 2.511576e-01 4.840429e-01 -8.382257e-01
    outer loop
      vertex 6.297905e-01 1.414533e+00 -1.633917e-01
      vertex 5.062306e-01 1.558018e+00 -1.175571e-01
      vertex 6.639023e-01 1.491149e+00 -1.089278e-01
    endloop
  endfacet
  facet normal 2.681423e-01 5.283016e-01 -8.056036e-01
    outer loop
      vertex 6.639023e-01 1.491149e+00 -1.089278e-01
      vertex 5.062306e-01 1.558018e+00 -1.175571e-01
      vertex 5.312306e-01 1.634960e+00 -5.877853e-02
    endloop
  endfacet
  facet normal 2.220559e-01 4.973159e-01 -8.386704e-01
    outer loop
      vertex 6.639023e-01 1.491149e+00 -1.089278e-01
      vertex 5.312306e-01 1.634960e+00 -5.877853e-02
      vertex 6.980142e-01 1.567765e+00 -5.446390e-02
    endloop
  endfacet
  facet normal 2.382516e-01 5.395126e-01 -8.075657e-01
    outer loop
      vertex 6.980142e-01 1.567765e+00 -5.446390e-02
      vertex 5.312306e-01 1.634960e+00 -5.877853e-02
      vertex 5.562306e-01 1.711902e+00 0.000000e+00
    endloop
  endfacet
  facet normal 1.953695e-01 5.089548e-01 -8.383291e-01
    outer loop
      vertex 6.980142e-01 1.567765e+00 -5.446390e-02
      vertex 5.562306e-01 1.711902e+00 0.000000e+00
      vertex 7.321260e-01 1.644382e+00 0.000000e+00
    endloop
  endfacet
  facet normal 2.108325e-01 5.492373e-01 -8.086334e-01
    outer loop
      vertex 7.321260e-01 1.644382e+00 0.000000e+00
      vertex 5.562306e-01 1.711902e+00 0.000000e+00
      vertex 5.812306e-01 1.788844e+00 5.877853e-02
    endloop
  endfacet
  facet normal 1.708712e-01 5.191999e-01 -8.373975e-01
    outer loop
      vertex 7.321260e-01 1.644382e+00 0.000000e+00
      vertex 5.812306e-01 1.788844e+00 5.877853e-02
      vertex 7.662378e-01 1.720998e+00 5.446390e-02
    endloop
  endfacet
  facet normal 1.856540e-01 5.577058e-01 -8.090098e-01
    outer loop
      vertex 7.662378e-01 1.720998e+00 5.446390e-02
      vertex 5.812306e-01 1.788844e+00 5.877853e-02
      vertex 6.062306e-01 1.865786e+00 1.175571e-01
    endloop
  endfacet
  facet normal 1.483494e-01 5.282530e-01 -8.360270e-01
    outer loop
      vertex 7.662378e-01 1.720998e+00 5.446390e-02
      vertex 6.062306e-01 1.865786e+00 1.175571e-01
      vertex 8.003496e-01 1.797615e+00 1.089278e-01
    endloop
  endfacet
  facet normal 1.625008e-01 5.651097e-01 -8.088539e-01
    outer loop
      vertex 8.003496e-01 1.797615e+00 1.089278e-01
      vertex 6.062306e-01 1.865786e+00 1.175571e-01
      vertex 6.312306e-01 1.942728e+00 1.763356e-01
    endloop
  endfacet
  facet normal 1.276104e-01 5.362839e-01 -8.343351e-01
    outer loop
      vertex 8.003496e-01 1.797615e+00 1.089278e-01
      vertex 6.312306e-01 1.942728e+00 1.763356e-01
      vertex 8.344614e-01 1.874231e+00 1.633917e-01
    endloop
  endfacet
  facet normal 1.411750e-01 5.716084e-01 -8.082904e-01
    outer loop
      vertex 8.344614e-01 1.874231e+00 1.633917e-01
      vertex 6.312306e-01 1.942728e+00 1.763356e-01
      vertex 6.562306e-01 2.019670e+00 2.351141e-01
    endloop
  endfacet
  facet normal 1.084783e-01 5.434353e-01 -8.324125e-01
    outer loop
      vertex 8.344614e-01 1.874231e+00 1.633917e-01
      vertex 6.562306e-01 2.019670e+00 2.351141e-01
      vertex 8.685732e-01 1.950847e+00 2.178556e-01
    endloop
  endfacet
  facet normal 2.916724e-01 5.724256e-01 -7.663264e-01
    outer loop
      vertex 4.562306e-01 1.404133e+00 -2.351141e-01
      vertex 3.096100e-01 1.456600e+00 -2.517282e-01
      vertex 3.257677e-01 1.532617e+00 -1.887961e-01
    endloop
  endfacet
  facet normal 2.429976e-01 5.377754e-01 -8.073102e-01
    outer loop
      vertex 4.562306e-01 1.404133e+00 -2.351141e-01
      vertex 3.257677e-01 1.532617e+00 -1.887961e-01
      vertex 4.812306e-01 1.481075e+00 -1.763356e-01
    endloop
  endfacet
  facet normal 2.553191e-01 5.837875e-01 -7.707168e-01
    outer loop
      vertex 4.812306e-01 1.481075e+00 -1.763356e-01
      vertex 3.257677e-01 1.532617e+00 -1.887961e-01
      vertex 3.419255e-01 1.608633e+00 -1.258641e-01
    endloop
  endfacet
  facet normal 2.101531e-01 5.494716e-01 -8.086511e-01
    outer loop
      vertex 4.812306e-01 1.481075e+00 -1.763356e-01
      vertex 3.419255e-01 1.608633e+00 -1.258641e-01
      vertex 5.062306e-01 1.558018e+00 -1.175571e-01
    endloop
  endfacet
  facet normal 2.219139e-01 5.933803e-01 -7.737273e-01
    outer loop
      vertex 5.062306e-01 1.558018e+00 -1.175571e-01
      vertex 3.419255e-01 1.608633e+00 -1.258641e-01
      vertex 3.580833e-01 1.684649e+00 -6.293204e-02
    endloop
  endfacet
  facet normal 1.799867e-01 5.595518e-01 -8.090158e-01
    outer loop
      vertex 5.062306e-01 1.558018e+00 -1.175571e-01
      vertex 3.580833e-01 1.684649e+00 -6.293204e-02
      vertex 5.312306e-01 1.634960e+00 -5.877853e-02
    endloop
  endfacet
  facet normal 1.912237e-01 6.014967e-01 -7.756515e-01
    outer loop
      vertex 5.312306e-01 1.634960e+00 -5.877853e-02
      vertex 3.580833e-01 1.684649e+00 -6.293204e-02
      vertex 3.742410e-01 1.760666e+00 0.000000e+00
    endloop
  endfacet
  facet normal 1.522666e-01 5.682666e-01 -8.086334e-01
    outer loop
      vertex 5.312306e-01 1.634960e+00 -5.877853e-02
      vertex 3.742410e-01 1.760666e+00 0.000000e+00
      vertex 5.562306e-01 1.711902e+00 0.000000e+00
    endloop
  endfacet
  facet normal 1.630150e-01 6.083802e-01 -7.767236e-01
    outer loop
      vertex 5.562306e-01 1.711902e+00 0.000000e+00
      vertex 3.742410e-01 1.760666e+00 0.000000e+00
      vertex 3.903988e-01 1.836682e+00 6.293204e-02
    endloop
  endfacet
  facet normal 1.267700e-01 5.758258e-01 -8.076843e-01
    outer loop
      vertex 5.562306e-01 1.711902e+00 0.000000e+00
      vertex 3.903988e-01 1.836682e+00 6.293204e-02
      vertex 5.812306e-01 1.788844e+00 5.877853e-02
    endloop
  endfacet
  facet normal 1.370631e-01 6.142331e-01 -7.771302e-01
    outer loop
      vertex 5.812306e-01 1.788844e+00 5.877853e-02
      vertex 3.903988e-01 1.836682e+00 6.293204e-02
      vertex 4.065566e-01 1.912698e+00 1.258641e-01
    endloop
  endfacet
  facet normal 1.032885e-01 5.824054e-01 -8.063098e-01
    outer loop
      vertex 5.812306e-01 1.788844e+00 5.877853e-02
      vertex 4.065566e-01 1.912698e+00 1.258641e-01
      vertex 6.062306e-01 1.865786e+00 1.175571e-01
    endloop
  endfacet
  facet normal 1.131571e-01 6.192226e-01 -7.770192e-01
    outer loop
      vertex 6.062306e-01 1.865786e+00 1.175571e-01
      vertex 4.065566e-01 1.912698e+00 1.258641e-01
      vertex 4.227144e-01 1.988715e+00 1.887961e-01
    endloop
  endfacet
  facet normal 8.163000e-02 5.881520e-01 -8.046203e-01
    outer loop
      vertex 6.062306e-01 1.865786e+00 1.175571e-01
      vertex 4.227144e-01 1.988715e+00 1.887961e-01
      vertex 6.312306e-01 1.942728e+00 1.763356e-01
    endloop
  endfacet
  facet normal 9.110281e-02 6.234869e-01 -7.765078e-01
    outer loop
      vertex 6.312306e-01 1.942728e+00 1.763356e-01
      vertex 4.227144e-01 1.988715e+00 1.887961e-01
      vertex 4.388721e-01 2.064731e+00 2.517282e-01
    endloop
  endfacet
  facet normal 6.161948e-02 5.931884e-01 -8.027020e-01
    outer loop
      vertex 6.312306e-01 1.942728e+00 1.763356e-01
      vertex 4.388721e-01 2.064731e+00 2.517282e-01
      vertex 6.562306e-01 2.019670e+00 2.351141e-01
    endloop
  endfacet
  facet normal 2.352146e-01 6.386263e-01 -7.326872e-01
    outer loop
      vertex 3.096100e-01 1.456600e+00 -2.517282e-01
      vertex 1.570793e-01 1.494510e+00 -2.676522e-01
      vertex 1.648473e-01 1.568417e+00 -2.007392e-01
    endloop
  endfacet
  facet normal 1.913750e-01 6.014583e-01 -7.756439e-01
    outer loop
      vertex 3.096100e-01 1.456600e+00 -2.517282e-01
      vertex 1.648473e-01 1.568417e+00 -2.007392e-01
      vertex 3.257677e-01 1.532617e+00 -1.887961e-01
    endloop
  endfacet
  facet normal 1.984641e-01 6.462629e-01 -7.368556e-01
    outer loop
      vertex 3.257677e-01 1.532617e+00 -1.887961e-01
      vertex 1.648473e-01 1.568417e+00 -2.007392e-01
      vertex 1.726153e-01 1.642325e+00 -1.338261e-01
    endloop
  endfacet
  facet normal 1.578359e-01 6.095848e-01 -7.768489e-01
    outer loop
      vertex 3.257677e-01 1.532617e+00 -1.887961e-01
      vertex 1.726153e-01 1.642325e+00 -1.338261e-01
      vertex 3.419255e-01 1.608633e+00 -1.258641e-01
    endloop
  endfacet
  facet normal 1.646186e-01 6.524379e-01 -7.397469e-01
    outer loop
      vertex 3.419255e-01 1.608633e+00 -1.258641e-01
      vertex 1.726153e-01 1.642325e+00 -1.338261e-01
      vertex 1.803833e-01 1.716232e+00 -6.691306e-02
    endloop
  endfacet
  facet normal 1.269612e-01 6.163883e-01 -7.771398e-01
    outer loop
      vertex 3.419255e-01 1.608633e+00 -1.258641e-01
      vertex 1.803833e-01 1.716232e+00 -6.691306e-02
      vertex 3.580833e-01 1.684649e+00 -6.293204e-02
    endloop
  endfacet
  facet normal 1.334563e-01 6.574099e-01 -7.416210e-01
    outer loop
      vertex 3.580833e-01 1.684649e+00 -6.293204e-02
      vertex 1.803833e-01 1.716232e+00 -6.691306e-02
      vertex 1.881512e-01 1.790139e+00 0.000000e+00
    endloop
  endfacet
  facet normal 9.852893e-02 6.220872e-01 -7.767236e-01
    outer loop
      vertex 3.580833e-01 1.684649e+00 -6.293204e-02
      vertex 1.881512e-01 1.790139e+00 0.000000e+00
      vertex 3.742410e-01 1.760666e+00 0.000000e+00
    endloop
  endfacet
  facet normal 1.047543e-01 6.613929e-01 -7.426883e-01
    outer loop
      vertex 3.742410e-01 1.760666e+00 0.000000e+00
      vertex 1.881512e-01 1.790139e+00 0.000000e+00
      vertex 1.959192e-01 1.864047e+00 6.691306e-02
    endloop
  endfacet
  facet normal 7.232447e-02 6.268635e-01 -7.757650e-01
    outer loop
      vertex 3.742410e-01 1.760666e+00 0.000000e+00
      vertex 1.959192e-01 1.864047e+00 6.691306e-02
      vertex 3.903988e-01 1.836682e+00 6.293204e-02
    endloop
  endfacet
  facet normal 7.829739e-02 6.645632e-01 -7.431186e-01
    outer loop
      vertex 3.903988e-01 1.836682e+00 6.293204e-02
      vertex 1.959192e-01 1.864047e+00 6.691306e-02
      vertex 2.036872e-01 1.937954e+00 1.338261e-01
    endloop
  endfacet
  facet normal 4.814585e-02 6.308683e-01 -7.743947e-01
    outer loop
      vertex 3.903988e-01 1.836682e+00 6.293204e-02
      vertex 2.036872e-01 1.937954e+00 1.338261e-01
      vertex 4.065566e-01 1.912698e+00 1.258641e-01
    endloop
  endfacet
  facet normal 5.388240e-02 6.670655e-01 -7.430480e-01
    outer loop
      vertex 4.065566e-01 1.912698e+00 1.258641e-01
      vertex 2.036872e-01 1.937954e+00 1.338261e-01
      vertex 2.114552e-01 2.011862e+00 2.007392e-01
    endloop
  endfacet
  facet normal 2.580599e-02 6.342271e-01 -7.727160e-01
    outer loop
      vertex 4.065566e-01 1.912698e+00 1.258641e-01
      vertex 2.114552e-01 2.011862e+00 2.007392e-01
      vertex 4.227144e-01 1.988715e+00 1.887961e-01
    endloop
  endfacet
  facet normal 3.132126e-02 6.690182e-01 -7.425858e-01
    outer loop
      vertex 4.227144e-01 1.988715e+00 1.887961e-01
      vertex 2.114552e-01 2.011862e+00 2.007392e-01
      vertex 2.192231e-01 2.085769e+00 2.676522e-01
    endloop
  endfacet
  facet normal 5.133586e-03 6.370437e-01 -7.708106e-01
    outer loop
      vertex 4.227144e-01 1.988715e+00 1.887961e-01
      vertex 2.192231e-01 2.085769e+00 2.676522e-01
      vertex 4.388721e-01 2.064731e+00 2.517282e-01
    endloop
  endfacet
  facet normal 1.679122e-01 6.970672e-01 -6.970672e-01
    outer loop
      vertex 1.570793e-01 1.494510e+00 -2.676522e-01
      vertex 9.289909e-17 1.517157e+00 -2.828427e-01
      vertex 9.722887e-17 1.587868e+00 -2.121320e-01
    endloop
  endfacet
  facet normal 1.289172e-01 6.580777e-01 -7.418316e-01
    outer loop
      vertex 1.570793e-01 1.494510e+00 -2.676522e-01
      vertex 9.722887e-17 1.587868e+00 -2.121320e-01
      vertex 1.648473e-01 1.568417e+00 -2.007392e-01
    endloop
  endfacet
  facet normal 1.311594e-01 7.009983e-01 -7.009983e-01
    outer loop
      vertex 1.648473e-01 1.568417e+00 -2.007392e-01
      vertex 9.722887e-17 1.587868e+00 -2.121320e-01
      vertex 1.015587e-16 1.658579e+00 -1.414214e-01
    endloop
  endfacet
  facet normal 9.508179e-02 6.626075e-01 -7.429070e-01
    outer loop
      vertex 1.648473e-01 1.568417e+00 -2.007392e-01
      vertex 1.015587e-16 1.658579e+00 -1.414214e-01
      vertex 1.726153e-01 1.642325e+00 -1.338261e-01
    endloop
  endfacet
  facet normal 9.723381e-02 7.037562e-01 -7.037562e-01
    outer loop
      vertex 1.726153e-01 1.642325e+00 -1.338261e-01
      vertex 1.015587e-16 1.658579e+00 -1.414214e-01
      vertex 1.058884e-16 1.729289e+00 -7.071068e-02
    endloop
  endfacet
  facet normal 6.386114e-02 6.660917e-01 -7.431309e-01
    outer loop
      vertex 1.726153e-01 1.642325e+00 -1.338261e-01
      vertex 1.058884e-16 1.729289e+00 -7.071068e-02
      vertex 1.803833e-01 1.716232e+00 -6.691306e-02
    endloop
  endfacet
  facet normal 6.592791e-02 7.055684e-01 -7.055684e-01
    outer loop
      vertex 1.803833e-01 1.716232e+00 -6.691306e-02
      vertex 1.058884e-16 1.729289e+00 -7.071068e-02
      vertex 1.102182e-16 1.800000e+00 0.000000e+00
    endloop
  endfacet
  facet normal 3.504611e-02 6.687196e-01 -7.426883e-01
    outer loop
      vertex 1.803833e-01 1.716232e+00 -6.691306e-02
      vertex 1.102182e-16 1.800000e+00 0.000000e+00
      vertex 1.881512e-01 1.790139e+00 0.000000e+00
    endloop
  endfacet
  facet normal 3.703248e-02 7.066218e-01 -7.066218e-01
    outer loop
      vertex 1.881512e-01 1.790139e+00 0.000000e+00
      vertex 1.102182e-16 1.800000e+00 0.000000e+00
      vertex 1.145480e-16 1.870711e+00 7.071068e-02
    endloop
  endfacet
  facet normal 8.433671e-03 6.706475e-01 -7.417283e-01
    outer loop
      vertex 1.881512e-01 1.790139e+00 0.000000e+00
      vertex 1.145480e-16 1.870711e+00 7.071068e-02
      vertex 1.959192e-01 1.864047e+00 6.691306e-02
    endloop
  endfacet
  facet normal 1.034431e-02 7.070689e-01 -7.070689e-01
    outer loop
      vertex 1.959192e-01 1.864047e+00 6.691306e-02
      vertex 1.145480e-16 1.870711e+00 7.071068e-02
      vertex 1.188778e-16 1.941421e+00 1.414214e-01
    endloop
  endfacet
  facet normal -1.616855e-02 6.720042e-01 -7.403708e-01
    outer loop
      vertex 1.959192e-01 1.864047e+00 6.691306e-02
      vertex 1.188778e-16 1.941421e+00 1.414214e-01
      vertex 2.036872e-01 1.937954e+00 1.338261e-01
    endloop
  endfacet
  facet normal -1.432919e-02 7.070342e-01 -7.070342e-01
    outer loop
      vertex 2.036872e-01 1.937954e+00 1.338261e-01
      vertex 1.188778e-16 1.941421e+00 1.414214e-01
      vertex 1.232076e-16 2.012132e+00 2.121320e-01
    endloop
  endfacet
  facet normal -3.893983e-02 6.728956e-01 -7.387118e-01
    outer loop
      vertex 2.036872e-01 1.937954e+00 1.338261e-01
      vertex 1.232076e-16 2.012132e+00 2.121320e-01
      vertex 2.114552e-01 2.011862e+00 2.007392e-01
    endloop
  endfacet
  facet normal -3.716754e-02 7.066182e-01 -7.066182e-01
    outer loop
      vertex 2.114552e-01 2.011862e+00 2.007392e-01
      vertex 1.232076e-16 2.012132e+00 2.121320e-01
      vertex 1.275373e-16 2.082843e+00 2.828427e-01
    endloop
  endfacet
  facet normal -6.004524e-02 6.734084e-01 -7.368281e-01
    outer loop
      vertex 2.114552e-01 2.011862e+00 2.007392e-01
      vertex 1.275373e-16 2.082843e+00 2.828427e-01
      vertex 2.192231e-01 2.085769e+00 2.676522e-01
    endloop
  endfacet
  facet normal 9.101629e-02 7.461191e-01 -6.595622e-01
    outer loop
      vertex 9.289909e-17 1.517157e+00 -2.828427e-01
      vertex -1.601740e-01 1.523953e+00 -2.972579e-01
      vertex -1.671683e-01 1.590500e+00 -2.229434e-01
    endloop
  endfacet
  facet normal 5.677244e-02 7.059663e-01 -7.059663e-01
    outer loop
      vertex 9.289909e-17 1.517157e+00 -2.828427e-01
      vertex -1.671683e-01 1.590500e+00 -2.229434e-01
      vertex 9.722887e-17 1.587868e+00 -2.121320e-01
    endloop
  endfacet
  facet normal 5.464604e-02 7.464066e-01 -6.632427e-01
    outer loop
      vertex 9.722887e-17 1.587868e+00 -2.121320e-01
      vertex -1.671683e-01 1.590500e+00 -2.229434e-01
      vertex -1.741626e-01 1.657046e+00 -1.486290e-01
    endloop
  endfacet
  facet normal 2.303610e-02 7.069191e-01 -7.069191e-01
    outer loop
      vertex 9.722887e-17 1.587868e+00 -2.121320e-01
      vertex -1.741626e-01 1.657046e+00 -1.486290e-01
      vertex 1.015587e-16 1.658579e+00 -1.414214e-01
    endloop
  endfacet
  facet normal 2.099472e-02 7.457863e-01 -6.658544e-01
    outer loop
      vertex 1.015587e-16 1.658579e+00 -1.414214e-01
      vertex -1.741626e-01 1.657046e+00 -1.486290e-01
      vertex -1.811569e-01 1.723593e+00 -7.431448e-02
    endloop
  endfacet
  facet normal -8.167776e-03 7.070832e-01 -7.070832e-01
    outer loop
      vertex 1.015587e-16 1.658579e+00 -1.414214e-01
      vertex -1.811569e-01 1.723593e+00 -7.431448e-02
      vertex 1.058884e-16 1.729289e+00 -7.071068e-02
    endloop
  endfacet
  facet normal -1.012857e-02 7.444571e-01 -6.675934e-01
    outer loop
      vertex 1.058884e-16 1.729289e+00 -7.071068e-02
      vertex -1.811569e-01 1.723593e+00 -7.431448e-02
      vertex -1.881512e-01 1.790139e+00 0.000000e+00
    endloop
  endfacet
  facet normal -3.703248e-02 7.066218e-01 -7.066218e-01
    outer loop
      vertex 1.058884e-16 1.729289e+00 -7.071068e-02
      vertex -1.881512e-01 1.790139e+00 0.000000e+00
      vertex 1.102182e-16 1.800000e+00 0.000000e+00
    endloop
  endfacet
  facet normal -3.891707e-02 7.425819e-01 -6.686237e-01
    outer loop
      vertex 1.102182e-16 1.800000e+00 0.000000e+00
      vertex -1.881512e-01 1.790139e+00 0.000000e+00
      vertex -1.951456e-01 1.856686e+00 7.431448e-02
    endloop
  endfacet
  facet normal -6.374691e-02 7.056686e-01 -7.056686e-01
    outer loop
      vertex 1.102182e-16 1.800000e+00 0.000000e+00
      vertex -1.951456e-01 1.856686e+00 7.431448e-02
      vertex 1.145480e-16 1.870711e+00 7.071068e-02
    endloop
  endfacet
  facet normal -6.555958e-02 7.402922e-01 -6.690810e-01
    outer loop
      vertex 1.145480e-16 1.870711e+00 7.071068e-02
      vertex -1.951456e-01 1.856686e+00 7.431448e-02
      vertex -2.021399e-01 1.923232e+00 1.486290e-01
    endloop
  endfacet
  facet normal -8.849130e-02 7.043328e-01 -7.043328e-01
    outer loop
      vertex 1.145480e-16 1.870711e+00 7.071068e-02
      vertex -2.021399e-01 1.923232e+00 1.486290e-01
      vertex 1.188778e-16 1.941421e+00 1.414214e-01
    endloop
  endfacet
  facet normal -9.023615e-02 7.376945e-01 -6.690772e-01
    outer loop
      vertex 1.188778e-16 1.941421e+00 1.414214e-01
      vertex -2.021399e-01 1.923232e+00 1.486290e-01
      vertex -2.091342e-01 1.989779e+00 2.229434e-01
    endloop
  endfacet
  facet normal -1.114347e-01 7.027028e-01 -7.027028e-01
    outer loop
      vertex 1.188778e-16 1.941421e+00 1.414214e-01
      vertex -2.091342e-01 1.989779e+00 2.229434e-01
      vertex 1.232076e-16 2.012132e+00 2.121320e-01
    endloop
  endfacet
  facet normal -1.131157e-01 7.348735e-01 -6.687045e-01
    outer loop
      vertex 1.232076e-16 2.012132e+00 2.121320e-01
      vertex -2.091342e-01 1.989779e+00 2.229434e-01
      vertex -2.161285e-01 2.056325e+00 2.972579e-01
    endloop
  endfacet
  facet normal -1.327338e-01 7.008501e-01 -7.008501e-01
    outer loop
      vertex 1.232076e-16 2.012132e+00 2.121320e-01
      vertex -2.161285e-01 2.056325e+00 2.972579e-01
      vertex 1.275373e-16 2.082843e+00 2.828427e-01
    endloop
  endfacet
  facet normal 6.014742e-03 7.843634e-01 -6.202724e-01
    outer loop
      vertex -1.601740e-01 1.523953e+00 -2.972579e-01
      vertex -3.219038e-01 1.514438e+00 -3.108584e-01
      vertex -3.349881e-01 1.575995e+00 -2.331438e-01
    endloop
  endfacet
  facet normal -2.366302e-02 7.436528e-01 -6.681471e-01
    outer loop
      vertex -1.601740e-01 1.523953e+00 -2.972579e-01
      vertex -3.349881e-01 1.575995e+00 -2.331438e-01
      vertex -1.671683e-01 1.590500e+00 -2.229434e-01
    endloop
  endfacet
  facet normal -2.960247e-02 7.811096e-01 -6.236918e-01
    outer loop
      vertex -1.671683e-01 1.590500e+00 -2.229434e-01
      vertex -3.349881e-01 1.575995e+00 -2.331438e-01
      vertex -3.480724e-01 1.637552e+00 -1.554292e-01
    endloop
  endfacet
  facet normal -5.691400e-02 7.410937e-01 -6.689850e-01
    outer loop
      vertex -1.671683e-01 1.590500e+00 -2.229434e-01
      vertex -3.480724e-01 1.637552e+00 -1.554292e-01
      vertex -1.741626e-01 1.657046e+00 -1.486290e-01
    endloop
  endfacet
  facet normal -6.263489e-02 7.771863e-01 -6.261456e-01
    outer loop
      vertex -1.741626e-01 1.657046e+00 -1.486290e-01
      vertex -3.480724e-01 1.637552e+00 -1.554292e-01
      vertex -3.611567e-01 1.699109e+00 -7.771460e-02
    endloop
  endfacet
  facet normal -8.774277e-02 7.379779e-01 -6.690963e-01
    outer loop
      vertex -1.741626e-01 1.657046e+00 -1.486290e-01
      vertex -3.611567e-01 1.699109e+00 -7.771460e-02
      vertex -1.811569e-01 1.723593e+00 -7.431448e-02
    endloop
  endfacet
  facet normal -9.325500e-02 7.727675e-01 -6.278008e-01
    outer loop
      vertex -1.811569e-01 1.723593e+00 -7.431448e-02
      vertex -3.611567e-01 1.699109e+00 -7.771460e-02
      vertex -3.742410e-01 1.760666e+00 0.000000e+00
    endloop
  endfacet
  facet normal -1.163248e-01 7.344460e-01 -6.686237e-01
    outer loop
      vertex -1.811569e-01 1.723593e+00 -7.431448e-02
      vertex -3.742410e-01 1.760666e+00 0.000000e+00
      vertex -1.881512e-01 1.790139e+00 0.000000e+00
    endloop
  endfacet
  facet normal -1.216384e-01 7.679947e-01 -6.287991e-01
    outer loop
      vertex -1.881512e-01 1.790139e+00 0.000000e+00
      vertex -3.742410e-01 1.760666e+00 0.000000e+00
      vertex -3.873254e-01 1.822223e+00 7.771460e-02
    endloop
  endfacet
  facet normal -1.428329e-01 7.306124e-01 -6.676857e-01
    outer loop
      vertex -1.881512e-01 1.790139e+00 0.000000e+00
      vertex -3.873254e-01 1.822223e+00 7.771460e-02
      vertex -1.951456e-01 1.856686e+00 7.431448e-02
    endloop
  endfacet
  facet normal -1.479578e-01 7.629816e-01 -6.292595e-01
    outer loop
      vertex -1.951456e-01 1.856686e+00 7.431448e-02
      vertex -3.873254e-01 1.822223e+00 7.771460e-02
      vertex -4.004097e-01 1.883779e+00 1.554292e-01
    endloop
  endfacet
  facet normal -1.674332e-01 7.265693e-01 -6.663806e-01
    outer loop
      vertex -1.951456e-01 1.856686e+00 7.431448e-02
      vertex -4.004097e-01 1.883779e+00 1.554292e-01
      vertex -2.021399e-01 1.923232e+00 1.486290e-01
    endloop
  endfacet
  facet normal -1.723791e-01 7.578190e-01 -6.292819e-01
    outer loop
      vertex -2.021399e-01 1.923232e+00 1.486290e-01
      vertex -4.004097e-01 1.883779e+00 1.554292e-01
      vertex -4.134940e-01 1.945336e+00 2.331438e-01
    endloop
  endfacet
  facet normal -1.902826e-01 7.223905e-01 -6.647891e-01
    outer loop
      vertex -2.021399e-01 1.923232e+00 1.486290e-01
      vertex -4.134940e-01 1.945336e+00 2.331438e-01
      vertex -2.091342e-01 1.989779e+00 2.229434e-01
    endloop
  endfacet
  facet normal -1.950588e-01 7.525786e-01 -6.289495e-01
    outer loop
      vertex -2.091342e-01 1.989779e+00 2.229434e-01
      vertex -4.134940e-01 1.945336e+00 2.331438e-01
      vertex -4.265783e-01 2.006893e+00 3.108584e-01
    endloop
  endfacet
  facet normal -2.115276e-01 7.181344e-01 -6.629774e-01
    outer loop
      vertex -2.091342e-01 1.989779e+00 2.229434e-01
      vertex -4.265783e-01 2.006893e+00 3.108584e-01
      vertex -2.161285e-01 2.056325e+00 2.972579e-01
    endloop
  endfacet
  facet normal -8.540332e-02 8.106259e-01 -5.793030e-01
    outer loop
      vertex -3.219038e-01 1.514438e+00 -3.108584e-01
      vertex -4.835763e-01 1.488295e+00 -3.236068e-01
      vertex -5.017399e-01 1.544197e+00 -2.427051e-01
    endloop
  endfacet
  facet normal -1.107790e-01 7.698980e-01 -6.284784e-01
    outer loop
      vertex -3.219038e-01 1.514438e+00 -3.108584e-01
      vertex -5.017399e-01 1.544197e+00 -2.427051e-01
      vertex -3.349881e-01 1.575995e+00 -2.331438e-01
    endloop
  endfacet
  facet normal -1.199155e-01 8.039708e-01 -5.824528e-01
    outer loop
      vertex -3.349881e-01 1.575995e+00 -2.331438e-01
      vertex -5.017399e-01 1.544197e+00 -2.427051e-01
      vertex -5.199035e-01 1.600098e+00 -1.618034e-01
    endloop
  endfacet
  facet normal -1.431726e-01 7.639354e-01 -6.292093e-01
    outer loop
      vertex -3.349881e-01 1.575995e+00 -2.331438e-01
      vertex -5.199035e-01 1.600098e+00 -1.618034e-01
      vertex -3.480724e-01 1.637552e+00 -1.554292e-01
    endloop
  endfacet
  facet normal -1.519977e-01 7.968547e-01 -5.847387e-01
    outer loop
      vertex -3.480724e-01 1.637552e+00 -1.554292e-01
      vertex -5.199035e-01 1.600098e+00 -1.618034e-01
      vertex -5.380670e-01 1.656000e+00 -8.090170e-02
    endloop
  endfacet
  facet normal -1.732773e-01 7.576197e-01 -6.292753e-01
    outer loop
      vertex -3.480724e-01 1.637552e+00 -1.554292e-01
      vertex -5.380670e-01 1.656000e+00 -8.090170e-02
      vertex -3.611567e-01 1.699109e+00 -7.771460e-02
    endloop
  endfacet
  facet normal -1.818029e-01 7.894301e-01 -5.863001e-01
    outer loop
      vertex -3.611567e-01 1.699109e+00 -7.771460e-02
      vertex -5.380670e-01 1.656000e+00 -8.090170e-02
      vertex -5.562306e-01 1.711902e+00 0.000000e+00
    endloop
  endfacet
  facet normal -2.012494e-01 7.510728e-01 -6.287991e-01
    outer loop
      vertex -3.611567e-01 1.699109e+00 -7.771460e-02
      vertex -5.562306e-01 1.711902e+00 0.000000e+00
      vertex -3.742410e-01 1.760666e+00 0.000000e+00
    endloop
  endfacet
  facet normal -2.094882e-01 7.818204e-01 -5.872576e-01
    outer loop
      vertex -3.742410e-01 1.760666e+00 0.000000e+00
      vertex -5.562306e-01 1.711902e+00 0.000000e+00
      vertex -5.743942e-01 1.767803e+00 8.090170e-02
    endloop
  endfacet
  facet normal -2.272443e-01 7.443930e-01 -6.278846e-01
    outer loop
      vertex -3.742410e-01 1.760666e+00 0.000000e+00
      vertex -5.743942e-01 1.767803e+00 8.090170e-02
      vertex -3.873254e-01 1.822223e+00 7.771460e-02
    endloop
  endfacet
  facet normal -2.352089e-01 7.741244e-01 -5.877145e-01
    outer loop
      vertex -3.873254e-01 1.822223e+00 7.771460e-02
      vertex -5.743942e-01 1.767803e+00 8.090170e-02
      vertex -5.925577e-01 1.823705e+00 1.618034e-01
    endloop
  endfacet
  facet normal -2.514126e-01 7.376584e-01 -6.266193e-01
    outer loop
      vertex -3.873254e-01 1.822223e+00 7.771460e-02
      vertex -5.925577e-01 1.823705e+00 1.618034e-01
      vertex -4.004097e-01 1.883779e+00 1.554292e-01
    endloop
  endfacet
  facet normal -2.591156e-01 7.664199e-01 -5.877582e-01
    outer loop
      vertex -4.004097e-01 1.883779e+00 1.554292e-01
      vertex -5.925577e-01 1.823705e+00 1.618034e-01
      vertex -6.107213e-01 1.879607e+00 2.427051e-01
    endloop
  endfacet
  facet normal -2.738978e-01 7.309308e-01 -6.250761e-01
    outer loop
      vertex -4.004097e-01 1.883779e+00 1.554292e-01
      vertex -6.107213e-01 1.879607e+00 2.427051e-01
      vertex -4.134940e-01 1.945336e+00 2.331438e-01
    endloop
  endfacet
  facet normal -2.813515e-01 7.587678e-01 -5.874630e-01
    outer loop
      vertex -4.134940e-01 1.945336e+00 2.331438e-01
      vertex -6.107213e-01 1.879607e+00 2.427051e-01
      vertex -6.288848e-01 1.935509e+00 3.236068e-01
    endloop
  endfacet
  facet normal -2.948350e-01 7.242581e-01 -6.233158e-01
    outer loop
      vertex -4.134940e-01 1.945336e+00 2.331438e-01
      vertex -6.288848e-01 1.935509e+00 3.236068e-01
      vertex -4.265783e-01 2.006893e+00 3.108584e-01
    endloop
  endfacet
  facet normal -1.813879e-01 8.240047e-01 -5.367632e-01
    outer loop
      vertex -4.835763e-01 1.488295e+00 -3.236068e-01
      vertex -6.435161e-01 1.445361e+00 -3.354682e-01
      vertex -6.656686e-01 1.495116e+00 -2.516012e-01
    endloop
  endfacet
  facet normal -2.027898e-01 7.837252e-01 -5.870699e-01
    outer loop
      vertex -4.835763e-01 1.488295e+00 -3.236068e-01
      vertex -6.656686e-01 1.495116e+00 -2.516012e-01
      vertex -5.017399e-01 1.544197e+00 -2.427051e-01
    endloop
  endfacet
  facet normal -2.144650e-01 8.141229e-01 -5.396376e-01
    outer loop
      vertex -5.017399e-01 1.544197e+00 -2.427051e-01
      vertex -6.656686e-01 1.495116e+00 -2.516012e-01
      vertex -6.878210e-01 1.544871e+00 -1.677341e-01
    endloop
  endfacet
  facet normal -2.339735e-01 7.745079e-01 -5.877022e-01
    outer loop
      vertex -5.017399e-01 1.544197e+00 -2.427051e-01
      vertex -6.878210e-01 1.544871e+00 -1.677341e-01
      vertex -5.199035e-01 1.600098e+00 -1.618034e-01
    endloop
  endfacet
  facet normal -2.452823e-01 8.039572e-01 -5.417467e-01
    outer loop
      vertex -5.199035e-01 1.600098e+00 -1.618034e-01
      vertex -6.878210e-01 1.544871e+00 -1.677341e-01
      vertex -7.099735e-01 1.594627e+00 -8.386706e-02
    endloop
  endfacet
  facet normal -2.630190e-01 7.651108e-01 -5.877300e-01
    outer loop
      vertex -5.199035e-01 1.600098e+00 -1.618034e-01
      vertex -7.099735e-01 1.594627e+00 -8.386706e-02
      vertex -5.380670e-01 1.656000e+00 -8.090170e-02
    endloop
  endfacet
  facet normal -2.739730e-01 7.936416e-01 -5.432051e-01
    outer loop
      vertex -5.380670e-01 1.656000e+00 -8.090170e-02
      vertex -7.099735e-01 1.594627e+00 -8.386706e-02
      vertex -7.321260e-01 1.644382e+00 0.000000e+00
    endloop
  endfacet
  facet normal -2.900630e-01 7.556401e-01 -5.872576e-01
    outer loop
      vertex -5.380670e-01 1.656000e+00 -8.090170e-02
      vertex -7.321260e-01 1.644382e+00 0.000000e+00
      vertex -5.562306e-01 1.711902e+00 0.000000e+00
    endloop
  endfacet
  facet normal -3.006748e-01 7.832847e-01 -5.441137e-01
    outer loop
      vertex -5.562306e-01 1.711902e+00 0.000000e+00
      vertex -7.321260e-01 1.644382e+00 0.000000e+00
      vertex -7.542784e-01 1.694137e+00 8.386706e-02
    endloop
  endfacet
  facet normal -3.152430e-01 7.461811e-01 -5.863749e-01
    outer loop
      vertex -5.562306e-01 1.711902e+00 0.000000e+00
      vertex -7.542784e-01 1.694137e+00 8.386706e-02
      vertex -5.743942e-01 1.767803e+00 8.090170e-02
    endloop
  endfacet
  facet normal -3.255255e-01 7.729730e-01 -5.445602e-01
    outer loop
      vertex -5.743942e-01 1.767803e+00 8.090170e-02
      vertex -7.542784e-01 1.694137e+00 8.386706e-02
      vertex -7.764309e-01 1.743892e+00 1.677341e-01
    endloop
  endfacet
  facet normal -3.386932e-01 7.368014e-01 -5.851586e-01
    outer loop
      vertex -5.743942e-01 1.767803e+00 8.090170e-02
      vertex -7.764309e-01 1.743892e+00 1.677341e-01
      vertex -5.925577e-01 1.823705e+00 1.618034e-01
    endloop
  endfacet
  facet normal -3.486597e-01 7.627746e-01 -5.446204e-01
    outer loop
      vertex -5.925577e-01 1.823705e+00 1.618034e-01
      vertex -7.764309e-01 1.743892e+00 1.677341e-01
      vertex -7.985834e-01 1.793648e+00 2.516012e-01
    endloop
  endfacet
  facet normal -3.605429e-01 7.275532e-01 -5.836738e-01
    outer loop
      vertex -5.925577e-01 1.823705e+00 1.618034e-01
      vertex -7.985834e-01 1.793648e+00 2.516012e-01
      vertex -6.107213e-01 1.879607e+00 2.427051e-01
    endloop
  endfacet
  facet normal -3.702065e-01 7.527416e-01 -5.443595e-01
    outer loop
      vertex -6.107213e-01 1.879607e+00 2.427051e-01
      vertex -7.985834e-01 1.793648e+00 2.516012e-01
      vertex -8.207358e-01 1.843403e+00 3.354682e-01
    endloop
  endfacet
  facet normal -3.809146e-01 7.184764e-01 -5.819757e-01
    outer loop
      vertex -6.107213e-01 1.879607e+00 2.427051e-01
      vertex -8.207358e-01 1.843403e+00 3.354682e-01
      vertex -6.288848e-01 1.935509e+00 3.236068e-01
    endloop
  endfacet
  facet normal -2.799720e-01 8.238913e-01 -4.927666e-01
    outer loop
      vertex -6.435161e-01 1.445361e+00 -3.354682e-01
      vertex -8.000000e-01 1.385641e+00 -3.464102e-01
      vertex -8.250000e-01 1.428942e+00 -2.598076e-01
    endloop
  endfacet
  facet normal -2.977776e-01 7.844443e-01 -5.440364e-01
    outer loop
      vertex -6.435161e-01 1.445361e+00 -3.354682e-01
      vertex -8.250000e-01 1.428942e+00 -2.598076e-01
      vertex -6.656686e-01 1.495116e+00 -2.516012e-01
    endloop
  endfacet
  facet normal -3.113093e-01 8.109891e-01 -4.953618e-01
    outer loop
      vertex -6.656686e-01 1.495116e+00 -2.516012e-01
      vertex -8.250000e-01 1.428942e+00 -2.598076e-01
      vertex -8.500000e-01 1.472243e+00 -1.732051e-01
    endloop
  endfacet
  facet normal -3.274227e-01 7.721587e-01 -5.445782e-01
    outer loop
      vertex -6.656686e-01 1.495116e+00 -2.516012e-01
      vertex -8.500000e-01 1.472243e+00 -1.732051e-01
      vertex -6.878210e-01 1.544871e+00 -1.677341e-01
    endloop
  endfacet
  facet normal -3.405669e-01 7.979474e-01 -4.972869e-01
    outer loop
      vertex -6.878210e-01 1.544871e+00 -1.677341e-01
      vertex -8.500000e-01 1.472243e+00 -1.732051e-01
      vertex -8.750000e-01 1.515544e+00 -8.660254e-02
    endloop
  endfacet
  facet normal -3.550921e-01 7.598340e-01 -5.445749e-01
    outer loop
      vertex -6.878210e-01 1.544871e+00 -1.677341e-01
      vertex -8.750000e-01 1.515544e+00 -8.660254e-02
      vertex -7.099735e-01 1.594627e+00 -8.386706e-02
    endloop
  endfacet
  facet normal -3.678582e-01 7.848850e-01 -4.986340e-01
    outer loop
      vertex -7.099735e-01 1.594627e+00 -8.386706e-02
      vertex -8.750000e-01 1.515544e+00 -8.660254e-02
      vertex -9.000000e-01 1.558846e+00 0.000000e+00
    endloop
  endfacet
  facet normal -3.809032e-01 7.475647e-01 -5.441137e-01
    outer loop
      vertex -7.099735e-01 1.594627e+00 -8.386706e-02
      vertex -9.000000e-01 1.558846e+00 0.000000e+00
      vertex -7.321260e-01 1.644382e+00 0.000000e+00
    endloop
  endfacet
  facet normal -3.933020e-01 7.718986e-01 -4.994858e-01
    outer loop
      vertex -7.321260e-01 1.644382e+00 0.000000e+00
      vertex -9.000000e-01 1.558846e+00 0.000000e+00
      vertex -9.250000e-01 1.602147e+00 8.660254e-02
    endloop
  endfacet
  facet normal -4.049753e-01 7.354263e-01 -5.432708e-01
    outer loop
      vertex -7.321260e-01 1.644382e+00 0.000000e+00
      vertex -9.250000e-01 1.602147e+00 8.660254e-02
      vertex -7.542784e-01 1.694137e+00 8.386706e-02
    endloop
  endfacet
  facet normal -4.170182e-01 7.590654e-01 -4.999155e-01
    outer loop
      vertex -7.542784e-01 1.694137e+00 8.386706e-02
      vertex -9.250000e-01 1.602147e+00 8.660254e-02
      vertex -9.500000e-01 1.645448e+00 1.732051e-01
    endloop
  endfacet
  facet normal -4.274263e-01 7.234782e-01 -5.421126e-01
    outer loop
      vertex -7.542784e-01 1.694137e+00 8.386706e-02
      vertex -9.500000e-01 1.645448e+00 1.732051e-01
      vertex -7.764309e-01 1.743892e+00 1.677341e-01
    endloop
  endfacet
  facet normal -4.391253e-01 7.464459e-01 -4.999875e-01
    outer loop
      vertex -7.764309e-01 1.743892e+00 1.677341e-01
      vertex -9.500000e-01 1.645448e+00 1.732051e-01
      vertex -9.750000e-01 1.688750e+00 2.598076e-01
    endloop
  endfacet
  facet normal -4.483708e-01 7.117661e-01 -5.406965e-01
    outer loop
      vertex -7.764309e-01 1.743892e+00 1.677341e-01
      vertex -9.750000e-01 1.688750e+00 2.598076e-01
      vertex -7.985834e-01 1.793648e+00 2.516012e-01
    endloop
  endfacet
  facet normal -4.597381e-01 7.340863e-01 -4.997581e-01
    outer loop
      vertex -7.985834e-01 1.793648e+00 2.516012e-01
      vertex -9.750000e-01 1.688750e+00 2.598076e-01
      vertex -1.000000e+00 1.732051e+00 3.464102e-01
    endloop
  endfacet
  facet normal -4.679184e-01 7.003243e-01 -5.390717e-01
    outer loop
      vertex -7.985834e-01 1.793648e+00 2.516012e-01
      vertex -1.000000e+00 1.732051e+00 3.464102e-01
      vertex -8.207358e-01 1.843403e+00 3.354682e-01
    endloop
  endfacet
  facet normal -3.791185e-01 8.099847e-01 -4.474304e-01
    outer loop
      vertex -8.000000e-01 1.385641e+00 -3.464102e-01
      vertex -9.512739e-01 1.309316e+00 -3.564026e-01
      vertex -9.779588e-01 1.346045e+00 -2.673020e-01
    endloop
  endfacet
  facet normal -3.937384e-01 7.716689e-01 -4.994969e-01
    outer loop
      vertex -8.000000e-01 1.385641e+00 -3.464102e-01
      vertex -9.779588e-01 1.346045e+00 -2.673020e-01
      vertex -8.250000e-01 1.428942e+00 -2.598076e-01
    endloop
  endfacet
  facet normal -4.084392e-01 7.942965e-01 -4.497448e-01
    outer loop
      vertex -8.250000e-01 1.428942e+00 -2.598076e-01
      vertex -9.779588e-01 1.346045e+00 -2.673020e-01
      vertex -1.004644e+00 1.382773e+00 -1.782013e-01
    endloop
  endfacet
  facet normal -4.215439e-01 7.565344e-01 -4.999564e-01
    outer loop
      vertex -8.250000e-01 1.428942e+00 -2.598076e-01
      vertex -1.004644e+00 1.382773e+00 -1.782013e-01
      vertex -8.500000e-01 1.472243e+00 -1.732051e-01
    endloop
  endfacet
  facet normal -4.358649e-01 7.785804e-01 -4.514802e-01
    outer loop
      vertex -8.500000e-01 1.472243e+00 -1.732051e-01
      vertex -1.004644e+00 1.382773e+00 -1.782013e-01
      vertex -1.031329e+00 1.419502e+00 -8.910065e-02
    endloop
  endfacet
  facet normal -4.475424e-01 7.414693e-01 -4.999290e-01
    outer loop
      vertex -8.500000e-01 1.472243e+00 -1.732051e-01
      vertex -1.031329e+00 1.419502e+00 -8.910065e-02
      vertex -8.750000e-01 1.515544e+00 -8.660254e-02
    endloop
  endfacet
  facet normal -4.614897e-01 7.629431e-01 -4.527086e-01
    outer loop
      vertex -8.750000e-01 1.515544e+00 -8.660254e-02
      vertex -1.031329e+00 1.419502e+00 -8.910065e-02
      vertex -1.058013e+00 1.456231e+00 0.000000e+00
    endloop
  endfacet
  facet normal -4.718328e-01 7.265588e-01 -4.994858e-01
    outer loop
      vertex -8.750000e-01 1.515544e+00 -8.660254e-02
      vertex -1.058013e+00 1.456231e+00 0.000000e+00
      vertex -9.000000e-01 1.558846e+00 0.000000e+00
    endloop
  endfacet
  facet normal -4.854140e-01 7.474720e-01 -4.534963e-01
    outer loop
      vertex -9.000000e-01 1.558846e+00 0.000000e+00
      vertex -1.058013e+00 1.456231e+00 0.000000e+00
      vertex -1.084698e+00 1.492959e+00 8.910065e-02
    endloop
  endfacet
  facet normal -4.945166e-01 7.118716e-01 -4.986904e-01
    outer loop
      vertex -9.000000e-01 1.558846e+00 0.000000e+00
      vertex -1.084698e+00 1.492959e+00 8.910065e-02
      vertex -9.250000e-01 1.602147e+00 8.660254e-02
    endloop
  endfacet
  facet normal -5.077404e-01 7.322375e-01 -4.539030e-01
    outer loop
      vertex -9.250000e-01 1.602147e+00 8.660254e-02
      vertex -1.084698e+00 1.492959e+00 8.910065e-02
      vertex -1.111383e+00 1.529688e+00 1.782013e-01
    endloop
  endfacet
  facet normal -5.156956e-01 6.974618e-01 -4.975994e-01
    outer loop
      vertex -9.250000e-01 1.602147e+00 8.660254e-02
      vertex -1.111383e+00 1.529688e+00 1.782013e-01
      vertex -9.500000e-01 1.645448e+00 1.732051e-01
    endloop
  endfacet
  facet normal -5.285716e-01 7.172950e-01 -4.539823e-01
    outer loop
      vertex -9.500000e-01 1.645448e+00 1.732051e-01
      vertex -1.111383e+00 1.529688e+00 1.782013e-01
      vertex -1.138068e+00 1.566416e+00 2.673020e-01
    endloop
  endfacet
  facet normal -5.354698e-01 6.833709e-01 -4.962623e-01
    outer loop
      vertex -9.500000e-01 1.645448e+00 1.732051e-01
      vertex -1.138068e+00 1.566416e+00 2.673020e-01
      vertex -9.750000e-01 1.688750e+00 2.598076e-01
    endloop
  endfacet
  facet normal -5.480083e-01 7.026870e-01 -4.537818e-01
    outer loop
      vertex -9.750000e-01 1.688750e+00 2.598076e-01
      vertex -1.138068e+00 1.566416e+00 2.673020e-01
      vertex -1.164753e+00 1.603145e+00 3.564026e-01
    endloop
  endfacet
  facet normal -5.539363e-01 6.696299e-01 -4.947226e-01
    outer loop
      vertex -9.750000e-01 1.688750e+00 2.598076e-01
      vertex -1.164753e+00 1.603145e+00 3.564026e-01
      vertex -1.000000e+00 1.732051e+00 3.464102e-01
    endloop
  endfacet
  facet normal -4.767683e-01 7.822984e-01 -4.008756e-01
    outer loop
      vertex -9.512739e-01 1.309316e+00 -3.564026e-01
      vertex -1.095571e+00 1.216755e+00 -3.654182e-01
      vertex -1.122787e+00 1.246981e+00 -2.740636e-01
    endloop
  endfacet
  facet normal -4.886304e-01 7.453255e-01 -4.535749e-01
    outer loop
      vertex -9.512739e-01 1.309316e+00 -3.564026e-01
      vertex -1.122787e+00 1.246981e+00 -2.740636e-01
      vertex -9.779588e-01 1.346045e+00 -2.673020e-01
    endloop
  endfacet
  facet normal -5.038261e-01 7.640831e-01 -4.029097e-01
    outer loop
      vertex -9.779588e-01 1.346045e+00 -2.673020e-01
      vertex -1.122787e+00 1.246981e+00 -2.740636e-01
      vertex -1.150003e+00 1.277208e+00 -1.827091e-01
    endloop
  endfacet
  facet normal -5.143263e-01 7.275910e-01 -4.539601e-01
    outer loop
      vertex -9.779588e-01 1.346045e+00 -2.673020e-01
      vertex -1.150003e+00 1.277208e+00 -1.827091e-01
      vertex -1.004644e+00 1.382773e+00 -1.782013e-01
    endloop
  endfacet
  facet normal -5.291725e-01 7.459195e-01 -4.044510e-01
    outer loop
      vertex -1.004644e+00 1.382773e+00 -1.782013e-01
      vertex -1.150003e+00 1.277208e+00 -1.827091e-01
      vertex -1.177219e+00 1.307434e+00 -9.135455e-02
    endloop
  endfacet
  facet normal -5.383848e-01 7.100021e-01 -4.539150e-01
    outer loop
      vertex -1.004644e+00 1.382773e+00 -1.782013e-01
      vertex -1.177219e+00 1.307434e+00 -9.135455e-02
      vertex -1.031329e+00 1.419502e+00 -8.910065e-02
    endloop
  endfacet
  facet normal -5.528839e-01 7.279045e-01 -4.055544e-01
    outer loop
      vertex -1.031329e+00 1.419502e+00 -8.910065e-02
      vertex -1.177219e+00 1.307434e+00 -9.135455e-02
      vertex -1.204435e+00 1.337661e+00 0.000000e+00
    endloop
  endfacet
  facet normal -5.608869e-01 6.926377e-01 -4.534963e-01
    outer loop
      vertex -1.031329e+00 1.419502e+00 -8.910065e-02
      vertex -1.204435e+00 1.337661e+00 0.000000e+00
      vertex -1.058013e+00 1.456231e+00 0.000000e+00
    endloop
  endfacet
  facet normal -5.750431e-01 7.101191e-01 -4.062713e-01
    outer loop
      vertex -1.058013e+00 1.456231e+00 0.000000e+00
      vertex -1.204435e+00 1.337661e+00 0.000000e+00
      vertex -1.231651e+00 1.367887e+00 9.135455e-02
    endloop
  endfacet
  facet normal -5.819177e-01 6.755619e-01 -4.527560e-01
    outer loop
      vertex -1.058013e+00 1.456231e+00 0.000000e+00
      vertex -1.231651e+00 1.367887e+00 9.135455e-02
      vertex -1.084698e+00 1.492959e+00 8.910065e-02
    endloop
  endfacet
  facet normal -5.957363e-01 6.926289e-01 -4.066491e-01
    outer loop
      vertex -1.084698e+00 1.492959e+00 8.910065e-02
      vertex -1.231651e+00 1.367887e+00 9.135455e-02
      vertex -1.258867e+00 1.398114e+00 1.827091e-01
    endloop
  endfacet
  facet normal -6.015634e-01 6.588259e-01 -4.517409e-01
    outer loop
      vertex -1.084698e+00 1.492959e+00 8.910065e-02
      vertex -1.258867e+00 1.398114e+00 1.827091e-01
      vertex -1.111383e+00 1.529688e+00 1.782013e-01
    endloop
  endfacet
  facet normal -6.150510e-01 6.754864e-01 -4.067314e-01
    outer loop
      vertex -1.111383e+00 1.529688e+00 1.782013e-01
      vertex -1.258867e+00 1.398114e+00 1.827091e-01
      vertex -1.286083e+00 1.428340e+00 2.740636e-01
    endloop
  endfacet
  facet normal -6.199103e-01 6.424695e-01 -4.504933e-01
    outer loop
      vertex -1.111383e+00 1.529688e+00 1.782013e-01
      vertex -1.286083e+00 1.428340e+00 2.740636e-01
      vertex -1.138068e+00 1.566416e+00 2.673020e-01
    endloop
  endfacet
  facet normal -6.330741e-01 6.587323e-01 -4.065574e-01
    outer loop
      vertex -1.138068e+00 1.566416e+00 2.673020e-01
      vertex -1.286083e+00 1.428340e+00 2.740636e-01
      vertex -1.313299e+00 1.458566e+00 3.654182e-01
    endloop
  endfacet
  facet normal -6.370427e-01 6.265223e-01 -4.490506e-01
    outer loop
      vertex -1.138068e+00 1.566416e+00 2.673020e-01
      vertex -1.313299e+00 1.458566e+00 3.654182e-01
      vertex -1.164753e+00 1.603145e+00 3.564026e-01
    endloop
  endfacet
  facet normal -5.708890e-01 7.411593e-01 -3.532261e-01
    outer loop
      vertex -1.095571e+00 1.216755e+00 -3.654182e-01
      vertex -1.231133e+00 1.108517e+00 -3.734322e-01
      vertex -1.257765e+00 1.132497e+00 -2.800741e-01
    endloop
  endfacet
  facet normal -5.804231e-01 7.056559e-01 -4.063973e-01
    outer loop
      vertex -1.095571e+00 1.216755e+00 -3.654182e-01
      vertex -1.257765e+00 1.132497e+00 -2.800741e-01
      vertex -1.122787e+00 1.246981e+00 -2.740636e-01
    endloop
  endfacet
  facet normal -5.954697e-01 7.206965e-01 -3.549822e-01
    outer loop
      vertex -1.122787e+00 1.246981e+00 -2.740636e-01
      vertex -1.257765e+00 1.132497e+00 -2.800741e-01
      vertex -1.284397e+00 1.156476e+00 -1.867161e-01
    endloop
  endfacet
  facet normal -6.037732e-01 6.855946e-01 -4.067161e-01
    outer loop
      vertex -1.122787e+00 1.246981e+00 -2.740636e-01
      vertex -1.284397e+00 1.156476e+00 -1.867161e-01
      vertex -1.150003e+00 1.277208e+00 -1.827091e-01
    endloop
  endfacet
  facet normal -6.185169e-01 7.003343e-01 -3.563267e-01
    outer loop
      vertex -1.150003e+00 1.277208e+00 -1.827091e-01
      vertex -1.284397e+00 1.156476e+00 -1.867161e-01
      vertex -1.311029e+00 1.180456e+00 -9.335804e-02
    endloop
  endfacet
  facet normal -6.256506e-01 6.657247e-01 -4.066594e-01
    outer loop
      vertex -1.150003e+00 1.277208e+00 -1.827091e-01
      vertex -1.311029e+00 1.180456e+00 -9.335804e-02
      vertex -1.177219e+00 1.307434e+00 -9.135455e-02
    endloop
  endfacet
  facet normal -6.400905e-01 6.801626e-01 -3.572997e-01
    outer loop
      vertex -1.177219e+00 1.307434e+00 -9.135455e-02
      vertex -1.311029e+00 1.180456e+00 -9.335804e-02
      vertex -1.337661e+00 1.204435e+00 0.000000e+00
    endloop
  endfacet
  facet normal -6.461206e-01 6.461206e-01 -4.062713e-01
    outer loop
      vertex -1.177219e+00 1.307434e+00 -9.135455e-02
      vertex -1.337661e+00 1.204435e+00 0.000000e+00
      vertex -1.204435e+00 1.337661e+00 0.000000e+00
    endloop
  endfacet
  facet normal -6.602572e-01 6.602572e-01 -3.579398e-01
    outer loop
      vertex -1.204435e+00 1.337661e+00 0.000000e+00
      vertex -1.337661e+00 1.204435e+00 0.000000e+00
      vertex -1.364293e+00 1.228415e+00 9.335804e-02
    endloop
  endfacet
  facet normal -6.652526e-01 6.268440e-01 -4.055930e-01
    outer loop
      vertex -1.204435e+00 1.337661e+00 0.000000e+00
      vertex -1.364293e+00 1.228415e+00 9.335804e-02
      vertex -1.231651e+00 1.367887e+00 9.135455e-02
    endloop
  endfacet
  facet normal -6.790879e-01 6.406813e-01 -3.582834e-01
    outer loop
      vertex -1.231651e+00 1.367887e+00 9.135455e-02
      vertex -1.364293e+00 1.228415e+00 9.335804e-02
      vertex -1.390925e+00 1.252394e+00 1.867161e-01
    endloop
  endfacet
  facet normal -6.831186e-01 6.079451e-01 -4.046625e-01
    outer loop
      vertex -1.231651e+00 1.367887e+00 9.135455e-02
      vertex -1.390925e+00 1.252394e+00 1.867161e-01
      vertex -1.258867e+00 1.398114e+00 1.827091e-01
    endloop
  endfacet
  facet normal -6.966559e-01 6.214864e-01 -3.583646e-01
    outer loop
      vertex -1.258867e+00 1.398114e+00 1.827091e-01
      vertex -1.390925e+00 1.252394e+00 1.867161e-01
      vertex -1.417556e+00 1.276374e+00 2.800741e-01
    endloop
  endfacet
  facet normal -6.997917e-01 5.894637e-01 -4.035147e-01
    outer loop
      vertex -1.258867e+00 1.398114e+00 1.827091e-01
      vertex -1.417556e+00 1.276374e+00 2.800741e-01
      vertex -1.286083e+00 1.428340e+00 2.740636e-01
    endloop
  endfacet
  facet normal -7.130351e-01 6.027130e-01 -3.582150e-01
    outer loop
      vertex -1.286083e+00 1.428340e+00 2.740636e-01
      vertex -1.417556e+00 1.276374e+00 2.800741e-01
      vertex -1.444188e+00 1.300353e+00 3.734322e-01
    endloop
  endfacet
  facet normal -7.153444e-01 5.714303e-01 -4.021814e-01
    outer loop
      vertex -1.286083e+00 1.428340e+00 2.740636e-01
      vertex -1.444188e+00 1.300353e+00 3.734322e-01
      vertex -1.313299e+00 1.458566e+00 3.654182e-01
    endloop
  endfacet
  facet normal -6.595226e-01 6.871995e-01 -3.046092e-01
    outer loop
      vertex -1.231133e+00 1.108517e+00 -3.734322e-01
      vertex -1.356231e+00 9.853592e-01 -3.804226e-01
      vertex -1.381231e+00 1.003523e+00 -2.853170e-01
    endloop
  endfacet
  facet normal -6.671461e-01 6.532106e-01 -3.580950e-01
    outer loop
      vertex -1.231133e+00 1.108517e+00 -3.734322e-01
      vertex -1.381231e+00 1.003523e+00 -2.853170e-01
      vertex -1.257765e+00 1.132497e+00 -2.800741e-01
    endloop
  endfacet
  facet normal -6.814457e-01 6.647856e-01 -3.060913e-01
    outer loop
      vertex -1.257765e+00 1.132497e+00 -2.800741e-01
      vertex -1.381231e+00 1.003523e+00 -2.853170e-01
      vertex -1.406231e+00 1.021686e+00 -1.902113e-01
    endloop
  endfacet
  facet normal -6.879495e-01 6.311161e-01 -3.583544e-01
    outer loop
      vertex -1.257765e+00 1.132497e+00 -2.800741e-01
      vertex -1.406231e+00 1.021686e+00 -1.902113e-01
      vertex -1.284397e+00 1.156476e+00 -1.867161e-01
    endloop
  endfacet
  facet normal -7.020027e-01 6.424930e-01 -3.072376e-01
    outer loop
      vertex -1.284397e+00 1.156476e+00 -1.867161e-01
      vertex -1.406231e+00 1.021686e+00 -1.902113e-01
      vertex -1.431231e+00 1.039850e+00 -9.510565e-02
    endloop
  endfacet
  facet normal -7.074359e-01 6.092302e-01 -3.582917e-01
    outer loop
      vertex -1.284397e+00 1.156476e+00 -1.867161e-01
      vertex -1.431231e+00 1.039850e+00 -9.510565e-02
      vertex -1.311029e+00 1.180456e+00 -9.335804e-02
    endloop
  endfacet
  facet normal -7.212389e-01 6.204061e-01 -3.080759e-01
    outer loop
      vertex -1.311029e+00 1.180456e+00 -9.335804e-02
      vertex -1.431231e+00 1.039850e+00 -9.510565e-02
      vertex -1.456231e+00 1.058013e+00 0.000000e+00
    endloop
  endfacet
  facet normal -7.256559e-01 5.876246e-01 -3.579398e-01
    outer loop
      vertex -1.311029e+00 1.180456e+00 -9.335804e-02
      vertex -1.456231e+00 1.058013e+00 0.000000e+00
      vertex -1.337661e+00 1.204435e+00 0.000000e+00
    endloop
  endfacet
  facet normal -7.392064e-01 5.985975e-01 -3.086339e-01
    outer loop
      vertex -1.337661e+00 1.204435e+00 0.000000e+00
      vertex -1.456231e+00 1.058013e+00 0.000000e+00
      vertex -1.481231e+00 1.076177e+00 9.510565e-02
    endloop
  endfacet
  facet normal -7.426651e-01 5.663601e-01 -3.573301e-01
    outer loop
      vertex -1.337661e+00 1.204435e+00 0.000000e+00
      vertex -1.481231e+00 1.076177e+00 9.510565e-02
      vertex -1.364293e+00 1.228415e+00 9.335804e-02
    endloop
  endfacet
  facet normal -7.559621e-01 5.771294e-01 -3.089383e-01
    outer loop
      vertex -1.364293e+00 1.228415e+00 9.335804e-02
      vertex -1.481231e+00 1.076177e+00 9.510565e-02
      vertex -1.506231e+00 1.094341e+00 1.902113e-01
    endloop
  endfacet
  facet normal -7.585226e-01 5.454876e-01 -3.564924e-01
    outer loop
      vertex -1.364293e+00 1.228415e+00 9.335804e-02
      vertex -1.506231e+00 1.094341e+00 1.902113e-01
      vertex -1.390925e+00 1.252394e+00 1.867161e-01
    endloop
  endfacet
  facet normal -7.715662e-01 5.560533e-01 -3.090149e-01
    outer loop
      vertex -1.390925e+00 1.252394e+00 1.867161e-01
      vertex -1.506231e+00 1.094341e+00 1.902113e-01
      vertex -1.531231e+00 1.112504e+00 2.853170e-01
    endloop
  endfacet
  facet normal -7.732891e-01 5.250483e-01 -3.554549e-01
    outer loop
      vertex -1.390925e+00 1.252394e+00 1.867161e-01
      vertex -1.531231e+00 1.112504e+00 2.853170e-01
      vertex -1.417556e+00 1.276374e+00 2.800741e-01
    endloop
  endfacet
  facet normal -7.860806e-01 5.354115e-01 -3.088880e-01
    outer loop
      vertex -1.417556e+00 1.276374e+00 2.800741e-01
      vertex -1.531231e+00 1.112504e+00 2.853170e-01
      vertex -1.556231e+00 1.130668e+00 3.804226e-01
    endloop
  endfacet
  facet normal -7.870265e-01 5.050751e-01 -3.542435e-01
    outer loop
      vertex -1.417556e+00 1.276374e+00 2.800741e-01
      vertex -1.556231e+00 1.130668e+00 3.804226e-01
      vertex -1.444188e+00 1.300353e+00 3.734322e-01
    endloop
  endfacet
  facet normal -7.408317e-01 6.213410e-01 -2.551545e-01
    outer loop
      vertex -1.356231e+00 9.853592e-01 -3.804226e-01
      vertex -1.469188e+00 8.482362e-01 -3.863703e-01
      vertex -1.491603e+00 8.611771e-01 -2.897777e-01
    endloop
  endfacet
  facet normal -7.469359e-01 5.888365e-01 -3.088015e-01
    outer loop
      vertex -1.356231e+00 9.853592e-01 -3.804226e-01
      vertex -1.491603e+00 8.611771e-01 -2.897777e-01
      vertex -1.381231e+00 1.003523e+00 -2.853170e-01
    endloop
  endfacet
  facet normal -7.599512e-01 5.972851e-01 -2.563683e-01
    outer loop
      vertex -1.381231e+00 1.003523e+00 -2.853170e-01
      vertex -1.491603e+00 8.611771e-01 -2.897777e-01
      vertex -1.514017e+00 8.741181e-01 -1.931852e-01
    endloop
  endfacet
  facet normal -7.650288e-01 5.650174e-01 -3.090085e-01
    outer loop
      vertex -1.381231e+00 1.003523e+00 -2.853170e-01
      vertex -1.514017e+00 8.741181e-01 -1.931852e-01
      vertex -1.406231e+00 1.021686e+00 -1.902113e-01
    endloop
  endfacet
  facet normal -7.778577e-01 5.733461e-01 -2.573163e-01
    outer loop
      vertex -1.406231e+00 1.021686e+00 -1.902113e-01
      vertex -1.514017e+00 8.741181e-01 -1.931852e-01
      vertex -1.536431e+00 8.870590e-01 -9.659258e-02
    endloop
  endfacet
  facet normal -7.819467e-01 5.413987e-01 -3.089448e-01
    outer loop
      vertex -1.406231e+00 1.021686e+00 -1.902113e-01
      vertex -1.536431e+00 8.870590e-01 -9.659258e-02
      vertex -1.431231e+00 1.039850e+00 -9.510565e-02
    endloop
  endfacet
  facet normal -7.945835e-01 5.496039e-01 -2.580167e-01
    outer loop
      vertex -1.431231e+00 1.039850e+00 -9.510565e-02
      vertex -1.536431e+00 8.870590e-01 -9.659258e-02
      vertex -1.558846e+00 9.000000e-01 0.000000e+00
    endloop
  endfacet
  facet normal -7.977274e-01 5.180503e-01 -3.086339e-01
    outer loop
      vertex -1.431231e+00 1.039850e+00 -9.510565e-02
      vertex -1.558846e+00 9.000000e-01 0.000000e+00
      vertex -1.456231e+00 1.058013e+00 0.000000e+00
    endloop
  endfacet
  facet normal -8.101679e-01 5.261292e-01 -2.584881e-01
    outer loop
      vertex -1.456231e+00 1.058013e+00 0.000000e+00
      vertex -1.558846e+00 9.000000e-01 0.000000e+00
      vertex -1.581260e+00 9.129410e-01 9.659258e-02
    endloop
  endfacet
  facet normal -8.124144e-01 4.950334e-01 -3.080987e-01
    outer loop
      vertex -1.456231e+00 1.058013e+00 0.000000e+00
      vertex -1.581260e+00 9.129410e-01 9.659258e-02
      vertex -1.481231e+00 1.076177e+00 9.510565e-02
    endloop
  endfacet
  facet normal -8.246552e-01 5.029839e-01 -2.587490e-01
    outer loop
      vertex -1.481231e+00 1.076177e+00 9.510565e-02
      vertex -1.581260e+00 9.129410e-01 9.659258e-02
      vertex -1.603675e+00 9.258819e-01 1.931852e-01
    endloop
  endfacet
  facet normal -8.260548e-01 4.724005e-01 -3.073618e-01
    outer loop
      vertex -1.481231e+00 1.076177e+00 9.510565e-02
      vertex -1.603675e+00 9.258819e-01 1.931852e-01
      vertex -1.506231e+00 1.094341e+00 1.902113e-01
    endloop
  endfacet
  facet normal -8.380936e-01 4.802212e-01 -2.588178e-01
    outer loop
      vertex -1.506231e+00 1.094341e+00 1.902113e-01
      vertex -1.603675e+00 9.258819e-01 1.931852e-01
      vertex -1.626089e+00 9.388229e-01 2.897777e-01
    endloop
  endfacet
  facet normal -8.386987e-01 4.501956e-01 -3.064447e-01
    outer loop
      vertex -1.506231e+00 1.094341e+00 1.902113e-01
      vertex -1.626089e+00 9.388229e-01 2.897777e-01
      vertex -1.531231e+00 1.112504e+00 2.853170e-01
    endloop
  endfacet
  facet normal -8.505343e-01 4.578857e-01 -2.587122e-01
    outer loop
      vertex -1.531231e+00 1.112504e+00 2.853170e-01
      vertex -1.626089e+00 9.388229e-01 2.897777e-01
      vertex -1.648503e+00 9.517638e-01 3.863703e-01
    endloop
  endfacet
  facet normal -8.503980e-01 4.284550e-01 -3.053680e-01
    outer loop
      vertex -1.531231e+00 1.112504e+00 2.853170e-01
      vertex -1.648503e+00 9.517638e-01 3.863703e-01
      vertex -1.556231e+00 1.130668e+00 3.804226e-01
    endloop
  endfacet
  facet normal -8.131421e-01 5.447728e-01 -2.049941e-01
    outer loop
      vertex -1.469188e+00 8.482362e-01 -3.863703e-01
      vertex -1.568407e+00 6.982998e-01 -3.912590e-01
      vertex -1.587401e+00 7.067564e-01 -2.934443e-01
    endloop
  endfacet
  facet normal -8.180811e-01 5.136554e-01 -2.586532e-01
    outer loop
      vertex -1.469188e+00 8.482362e-01 -3.863703e-01
      vertex -1.587401e+00 7.067564e-01 -2.934443e-01
      vertex -1.491603e+00 8.611771e-01 -2.897777e-01
    endloop
  endfacet
  facet normal -8.293472e-01 5.193932e-01 -2.059466e-01
    outer loop
      vertex -1.491603e+00 8.611771e-01 -2.897777e-01
      vertex -1.587401e+00 7.067564e-01 -2.934443e-01
      vertex -1.606394e+00 7.152129e-01 -1.956295e-01
    endloop
  endfacet
  facet normal -8.333370e-01 4.884310e-01 -2.588139e-01
    outer loop
      vertex -1.491603e+00 8.611771e-01 -2.897777e-01
      vertex -1.606394e+00 7.152129e-01 -1.956295e-01
      vertex -1.514017e+00 8.741181e-01 -1.931852e-01
    endloop
  endfacet
  facet normal -8.444745e-01 4.941040e-01 -2.066977e-01
    outer loop
      vertex -1.514017e+00 8.741181e-01 -1.931852e-01
      vertex -1.606394e+00 7.152129e-01 -1.956295e-01
      vertex -1.625388e+00 7.236694e-01 -9.781476e-02
    endloop
  endfacet
  facet normal -8.475427e-01 4.633766e-01 -2.587537e-01
    outer loop
      vertex -1.514017e+00 8.741181e-01 -1.931852e-01
      vertex -1.625388e+00 7.236694e-01 -9.781476e-02
      vertex -1.536431e+00 8.870590e-01 -9.659258e-02
    endloop
  endfacet
  facet normal -8.585454e-01 4.689818e-01 -2.072580e-01
    outer loop
      vertex -1.536431e+00 8.870590e-01 -9.659258e-02
      vertex -1.625388e+00 7.236694e-01 -9.781476e-02
      vertex -1.644382e+00 7.321260e-01 0.000000e+00
    endloop
  endfacet
  facet normal -8.607252e-01 4.385614e-01 -2.584881e-01
    outer loop
      vertex -1.536431e+00 8.870590e-01 -9.659258e-02
      vertex -1.644382e+00 7.321260e-01 0.000000e+00
      vertex -1.558846e+00 9.000000e-01 0.000000e+00
    endloop
  endfacet
  facet normal -8.715875e-01 4.440960e-01 -2.076390e-01
    outer loop
      vertex -1.558846e+00 9.000000e-01 0.000000e+00
      vertex -1.644382e+00 7.321260e-01 0.000000e+00
      vertex -1.663376e+00 7.405825e-01 9.781476e-02
    endloop
  endfacet
  facet normal -8.729169e-01 4.140472e-01 -2.580329e-01
    outer loop
      vertex -1.558846e+00 9.000000e-01 0.000000e+00
      vertex -1.663376e+00 7.405825e-01 9.781476e-02
      vertex -1.581260e+00 9.129410e-01 9.659258e-02
    endloop
  endfacet
  facet normal -8.836342e-01 4.195090e-01 -2.078526e-01
    outer loop
      vertex -1.581260e+00 9.129410e-01 9.659258e-02
      vertex -1.663376e+00 7.405825e-01 9.781476e-02
      vertex -1.682369e+00 7.490390e-01 1.956295e-01
    endloop
  endfacet
  facet normal -8.841548e-01 3.898890e-01 -2.574041e-01
    outer loop
      vertex -1.581260e+00 9.129410e-01 9.659258e-02
      vertex -1.682369e+00 7.490390e-01 1.956295e-01
      vertex -1.603675e+00 9.258819e-01 1.931852e-01
    endloop
  endfacet
  facet normal -8.947234e-01 3.952761e-01 -2.079109e-01
    outer loop
      vertex -1.603675e+00 9.258819e-01 1.931852e-01
      vertex -1.682369e+00 7.490390e-01 1.956295e-01
      vertex -1.701363e+00 7.574955e-01 2.934443e-01
    endloop
  endfacet
  facet normal -8.944794e-01 3.661341e-01 -2.566173e-01
    outer loop
      vertex -1.603675e+00 9.258819e-01 1.931852e-01
      vertex -1.701363e+00 7.574955e-01 2.934443e-01
      vertex -1.626089e+00 9.388229e-01 2.897777e-01
    endloop
  endfacet
  facet normal -9.048961e-01 3.714450e-01 -2.078259e-01
    outer loop
      vertex -1.626089e+00 9.388229e-01 2.897777e-01
      vertex -1.701363e+00 7.574955e-01 2.934443e-01
      vertex -1.720357e+00 7.659521e-01 3.912590e-01
    endloop
  endfacet
  facet normal -9.039335e-01 3.428233e-01 -2.556881e-01
    outer loop
      vertex -1.626089e+00 9.388229e-01 2.897777e-01
      vertex -1.720357e+00 7.659521e-01 3.912590e-01
      vertex -1.648503e+00 9.517638e-01 3.863703e-01
    endloop
  endfacet
  facet normal -8.749819e-01 4.589225e-01 -1.542620e-01
    outer loop
      vertex -1.568407e+00 6.982998e-01 -3.912590e-01
      vertex -1.652391e+00 5.368942e-01 -3.950753e-01
      vertex -1.667268e+00 5.417283e-01 -2.963065e-01
    endloop
  endfacet
  facet normal -8.790623e-01 4.290378e-01 -2.077886e-01
    outer loop
      vertex -1.568407e+00 6.982998e-01 -3.912590e-01
      vertex -1.667268e+00 5.417283e-01 -2.963065e-01
      vertex -1.587401e+00 7.067564e-01 -2.934443e-01
    endloop
  endfacet
  facet normal -8.881970e-01 4.325425e-01 -1.549615e-01
    outer loop
      vertex -1.587401e+00 7.067564e-01 -2.934443e-01
      vertex -1.667268e+00 5.417283e-01 -2.963065e-01
      vertex -1.682146e+00 5.465624e-01 -1.975377e-01
    endloop
  endfacet
  facet normal -8.913921e-01 4.027332e-01 -2.079087e-01
    outer loop
      vertex -1.587401e+00 7.067564e-01 -2.934443e-01
      vertex -1.682146e+00 5.465624e-01 -1.975377e-01
      vertex -1.606394e+00 7.152129e-01 -1.956295e-01
    endloop
  endfacet
  facet normal -9.004492e-01 4.062085e-01 -1.555182e-01
    outer loop
      vertex -1.606394e+00 7.152129e-01 -1.956295e-01
      vertex -1.682146e+00 5.465624e-01 -1.975377e-01
      vertex -1.697024e+00 5.513965e-01 -9.876883e-02
    endloop
  endfacet
  facet normal -9.027767e-01 3.765503e-01 -2.078557e-01
    outer loop
      vertex -1.606394e+00 7.152129e-01 -1.956295e-01
      vertex -1.697024e+00 5.513965e-01 -9.876883e-02
      vertex -1.625388e+00 7.236694e-01 -9.781476e-02
    endloop
  endfacet
  facet normal -9.117500e-01 3.799941e-01 -1.559375e-01
    outer loop
      vertex -1.625388e+00 7.236694e-01 -9.781476e-02
      vertex -1.697024e+00 5.513965e-01 -9.876883e-02
      vertex -1.711902e+00 5.562306e-01 0.000000e+00
    endloop
  endfacet
  facet normal -9.132335e-01 3.505575e-01 -2.076390e-01
    outer loop
      vertex -1.625388e+00 7.236694e-01 -9.781476e-02
      vertex -1.711902e+00 5.562306e-01 0.000000e+00
      vertex -1.644382e+00 7.321260e-01 0.000000e+00
    endloop
  endfacet
  facet normal -9.221174e-01 3.539677e-01 -1.562253e-01
    outer loop
      vertex -1.644382e+00 7.321260e-01 0.000000e+00
      vertex -1.711902e+00 5.562306e-01 0.000000e+00
      vertex -1.726780e+00 5.610647e-01 9.876883e-02
    endloop
  endfacet
  facet normal -9.227856e-01 3.248178e-01 -2.072685e-01
    outer loop
      vertex -1.644382e+00 7.321260e-01 0.000000e+00
      vertex -1.726780e+00 5.610647e-01 9.876883e-02
      vertex -1.663376e+00 7.405825e-01 9.781476e-02
    endloop
  endfacet
  facet normal -9.315752e-01 3.281926e-01 -1.563884e-01
    outer loop
      vertex -1.663376e+00 7.405825e-01 9.781476e-02
      vertex -1.726780e+00 5.610647e-01 9.876883e-02
      vertex -1.741657e+00 5.658988e-01 1.975377e-01
    endloop
  endfacet
  facet normal -9.314607e-01 2.993884e-01 -2.067546e-01
    outer loop
      vertex -1.663376e+00 7.405825e-01 9.781476e-02
      vertex -1.741657e+00 5.658988e-01 1.975377e-01
      vertex -1.682369e+00 7.490390e-01 1.956295e-01
    endloop
  endfacet
  facet normal -9.401517e-01 3.027262e-01 -1.564339e-01
    outer loop
      vertex -1.682369e+00 7.490390e-01 1.956295e-01
      vertex -1.741657e+00 5.658988e-01 1.975377e-01
      vertex -1.756535e+00 5.707329e-01 2.963065e-01
    endloop
  endfacet
  facet normal -9.392910e-01 2.743208e-01 -2.061079e-01
    outer loop
      vertex -1.682369e+00 7.490390e-01 1.956295e-01
      vertex -1.756535e+00 5.707329e-01 2.963065e-01
      vertex -1.701363e+00 7.574955e-01 2.934443e-01
    endloop
  endfacet
  facet normal -9.478796e-01 2.776203e-01 -1.563692e-01
    outer loop
      vertex -1.701363e+00 7.574955e-01 2.934443e-01
      vertex -1.756535e+00 5.707329e-01 2.963065e-01
      vertex -1.771413e+00 5.755670e-01 3.950753e-01
    endloop
  endfacet
  facet normal -9.463115e-01 2.496604e-01 -2.053391e-01
    outer loop
      vertex -1.701363e+00 7.574955e-01 2.934443e-01
      vertex -1.771413e+00 5.755670e-01 3.950753e-01
      vertex -1.720357e+00 7.659521e-01 3.912590e-01
    endloop
  endfacet
  facet normal -9.251153e-01 3.654221e-01 -1.030941e-01
    outer loop
      vertex -1.652391e+00 5.368942e-01 -3.950753e-01
      vertex -1.719768e+00 3.655480e-01 -3.978088e-01
      vertex -1.729992e+00 3.677212e-01 -2.983566e-01
    endloop
  endfacet
  facet normal -9.285884e-01 3.365689e-01 -1.563485e-01
    outer loop
      vertex -1.652391e+00 5.368942e-01 -3.950753e-01
      vertex -1.729992e+00 3.677212e-01 -2.983566e-01
      vertex -1.667268e+00 5.417283e-01 -2.963065e-01
    endloop
  endfacet
  facet normal -9.352998e-01 3.383661e-01 -1.035499e-01
    outer loop
      vertex -1.667268e+00 5.417283e-01 -2.963065e-01
      vertex -1.729992e+00 3.677212e-01 -2.983566e-01
      vertex -1.740217e+00 3.698945e-01 -1.989044e-01
    endloop
  endfacet
  facet normal -9.379402e-01 3.095109e-01 -1.564329e-01
    outer loop
      vertex -1.667268e+00 5.417283e-01 -2.963065e-01
      vertex -1.740217e+00 3.698945e-01 -1.989044e-01
      vertex -1.682146e+00 5.465624e-01 -1.975377e-01
    endloop
  endfacet
  facet normal -9.446136e-01 3.112982e-01 -1.039159e-01
    outer loop
      vertex -1.682146e+00 5.465624e-01 -1.975377e-01
      vertex -1.740217e+00 3.698945e-01 -1.989044e-01
      vertex -1.750441e+00 3.720678e-01 -9.945219e-02
    endloop
  endfacet
  facet normal -9.464295e-01 2.825125e-01 -1.563902e-01
    outer loop
      vertex -1.682146e+00 5.465624e-01 -1.975377e-01
      vertex -1.750441e+00 3.720678e-01 -9.945219e-02
      vertex -1.697024e+00 5.513965e-01 -9.876883e-02
    endloop
  endfacet
  facet normal -9.530601e-01 2.842887e-01 -1.041941e-01
    outer loop
      vertex -1.697024e+00 5.513965e-01 -9.876883e-02
      vertex -1.750441e+00 3.720678e-01 -9.945219e-02
      vertex -1.760666e+00 3.742410e-01 0.000000e+00
    endloop
  endfacet
  facet normal -9.540657e-01 2.556411e-01 -1.562253e-01
    outer loop
      vertex -1.697024e+00 5.513965e-01 -9.876883e-02
      vertex -1.760666e+00 3.742410e-01 0.000000e+00
      vertex -1.711902e+00 5.562306e-01 0.000000e+00
    endloop
  endfacet
  facet normal -9.606488e-01 2.574051e-01 -1.043868e-01
    outer loop
      vertex -1.711902e+00 5.562306e-01 0.000000e+00
      vertex -1.760666e+00 3.742410e-01 0.000000e+00
      vertex -1.770890e+00 3.764143e-01 9.945219e-02
    endloop
  endfacet
  facet normal -9.608635e-01 2.289607e-01 -1.559435e-01
    outer loop
      vertex -1.711902e+00 5.562306e-01 0.000000e+00
      vertex -1.770890e+00 3.764143e-01 9.945219e-02
      vertex -1.726780e+00 5.610647e-01 9.876883e-02
    endloop
  endfacet
  facet normal -9.673948e-01 2.307113e-01 -1.044970e-01
    outer loop
      vertex -1.726780e+00 5.610647e-01 9.876883e-02
      vertex -1.770890e+00 3.764143e-01 9.945219e-02
      vertex -1.781115e+00 3.785876e-01 1.989044e-01
    endloop
  endfacet
  facet normal -9.668429e-01 2.025310e-01 -1.555506e-01
    outer loop
      vertex -1.726780e+00 5.610647e-01 9.876883e-02
      vertex -1.781115e+00 3.785876e-01 1.989044e-01
      vertex -1.741657e+00 5.658988e-01 1.975377e-01
    endloop
  endfacet
  facet normal -9.733184e-01 2.042674e-01 -1.045281e-01
    outer loop
      vertex -1.741657e+00 5.658988e-01 1.975377e-01
      vertex -1.781115e+00 3.785876e-01 1.989044e-01
      vertex -1.791339e+00 3.807609e-01 2.983566e-01
    endloop
  endfacet
  facet normal -9.720283e-01 1.764072e-01 -1.550531e-01
    outer loop
      vertex -1.741657e+00 5.658988e-01 1.975377e-01
      vertex -1.791339e+00 3.807609e-01 2.983566e-01
      vertex -1.756535e+00 5.707329e-01 2.963065e-01
    endloop
  endfacet
  facet normal -9.784444e-01 1.781284e-01 -1.044839e-01
    outer loop
      vertex -1.756535e+00 5.707329e-01 2.963065e-01
      vertex -1.791339e+00 3.807609e-01 2.983566e-01
      vertex -1.801563e+00 3.829341e-01 3.978088e-01
    endloop
  endfacet
  facet normal -9.764479e-01 1.506397e-01 -1.544577e-01
    outer loop
      vertex -1.756535e+00 5.707329e-01 2.963065e-01
      vertex -1.801563e+00 3.829341e-01 3.978088e-01
      vertex -1.771413e+00 5.755670e-01 3.950753e-01
    endloop
  endfacet
  facet normal -9.625707e-01 2.660683e-01 -5.162739e-02
    outer loop
      vertex -1.719768e+00 3.655480e-01 -3.978088e-01
      vertex -1.769320e+00 1.859630e-01 -3.994518e-01
      vertex -1.774525e+00 1.865101e-01 -2.995889e-01
    endloop
  endfacet
  facet normal -9.656271e-01 2.380111e-01 -1.044748e-01
    outer loop
      vertex -1.719768e+00 3.655480e-01 -3.978088e-01
      vertex -1.774525e+00 1.865101e-01 -2.995889e-01
      vertex -1.729992e+00 3.677212e-01 -2.983566e-01
    endloop
  endfacet
  facet normal -9.697183e-01 2.386587e-01 -5.184978e-02
    outer loop
      vertex -1.729992e+00 3.677212e-01 -2.983566e-01
      vertex -1.774525e+00 1.865101e-01 -2.995889e-01
      vertex -1.779730e+00 1.870571e-01 -1.997259e-01
    endloop
  endfacet
  facet normal -9.719844e-01 2.105239e-01 -1.045277e-01
    outer loop
      vertex -1.729992e+00 3.677212e-01 -2.983566e-01
      vertex -1.779730e+00 1.870571e-01 -1.997259e-01
      vertex -1.740217e+00 3.698945e-01 -1.989044e-01
    endloop
  endfacet
  facet normal -9.760637e-01 2.111695e-01 -5.202992e-02
    outer loop
      vertex -1.740217e+00 3.698945e-01 -1.989044e-01
      vertex -1.779730e+00 1.870571e-01 -1.997259e-01
      vertex -1.784934e+00 1.876042e-01 -9.986295e-02
    endloop
  endfacet
  facet normal -9.775388e-01 1.830247e-01 -1.044978e-01
    outer loop
      vertex -1.740217e+00 3.698945e-01 -1.989044e-01
      vertex -1.784934e+00 1.876042e-01 -9.986295e-02
      vertex -1.750441e+00 3.720678e-01 -9.945219e-02
    endloop
  endfacet
  facet normal -9.816030e-01 1.836682e-01 -5.216797e-02
    outer loop
      vertex -1.750441e+00 3.720678e-01 -9.945219e-02
      vertex -1.784934e+00 1.876042e-01 -9.986295e-02
      vertex -1.790139e+00 1.881512e-01 0.000000e+00
    endloop
  endfacet
  facet normal -9.822924e-01 1.555798e-01 -1.043868e-01
    outer loop
      vertex -1.750441e+00 3.720678e-01 -9.945219e-02
      vertex -1.790139e+00 1.881512e-01 0.000000e+00
      vertex -1.760666e+00 3.742410e-01 0.000000e+00
    endloop
  endfacet
  facet normal -9.863384e-01 1.562207e-01 -5.226443e-02
    outer loop
      vertex -1.760666e+00 3.742410e-01 0.000000e+00
      vertex -1.790139e+00 1.881512e-01 0.000000e+00
      vertex -1.795344e+00 1.886983e-01 9.986295e-02
    endloop
  endfacet
  facet normal -9.862525e-01 1.282535e-01 -1.041968e-01
    outer loop
      vertex -1.760666e+00 3.742410e-01 0.000000e+00
      vertex -1.795344e+00 1.886983e-01 9.986295e-02
      vertex -1.770890e+00 3.764143e-01 9.945219e-02
    endloop
  endfacet
  facet normal -9.902775e-01 1.288914e-01 -5.232002e-02
    outer loop
      vertex -1.770890e+00 3.764143e-01 9.945219e-02
      vertex -1.795344e+00 1.886983e-01 9.986295e-02
      vertex -1.800549e+00 1.892454e-01 1.997259e-01
    endloop
  endfacet
  facet normal -9.894320e-01 1.011077e-01 -1.039304e-01
    outer loop
      vertex -1.770890e+00 3.764143e-01 9.945219e-02
      vertex -1.800549e+00 1.892454e-01 1.997259e-01
      vertex -1.781115e+00 3.785876e-01 1.989044e-01
    endloop
  endfacet
  facet normal -9.934332e-01 1.017423e-01 -5.233577e-02
    outer loop
      vertex -1.781115e+00 3.785876e-01 1.989044e-01
      vertex -1.800549e+00 1.892454e-01 1.997259e-01
      vertex -1.805754e+00 1.897924e-01 2.995889e-01
    endloop
  endfacet
  facet normal -9.918483e-01 7.420108e-02 -1.035909e-01
    outer loop
      vertex -1.781115e+00 3.785876e-01 1.989044e-01
      vertex -1.805754e+00 1.897924e-01 2.995889e-01
      vertex -1.791339e+00 3.807609e-01 2.983566e-01
    endloop
  endfacet
  facet normal -9.958230e-01 7.483200e-02 -5.231292e-02
    outer loop
      vertex -1.791339e+00 3.807609e-01 2.983566e-01
      vertex -1.805754e+00 1.897924e-01 2.995889e-01
      vertex -1.810959e+00 1.903395e-01 3.994518e-01
    endloop
  endfacet
  facet normal -9.935235e-01 4.758876e-02 -1.031815e-01
    outer loop
      vertex -1.791339e+00 3.807609e-01 2.983566e-01
      vertex -1.810959e+00 1.903395e-01 3.994518e-01
      vertex -1.801563e+00 3.829341e-01 3.978088e-01
    endloop
  endfacet
  facet normal -9.866624e-01 1.627802e-01 0.000000e+00
    outer loop
      vertex -1.769320e+00 1.859630e-01 -3.994518e-01
      vertex -1.800000e+00 2.204364e-16 -4.000000e-01
      vertex -1.800000e+00 2.204364e-16 -3.000000e-01
    endloop
  endfacet
  facet normal -9.894281e-01 1.352611e-01 -5.231065e-02
    outer loop
      vertex -1.769320e+00 1.859630e-01 -3.994518e-01
      vertex -1.800000e+00 2.204364e-16 -3.000000e-01
      vertex -1.774525e+00 1.865101e-01 -2.995889e-01
    endloop
  endfacet
  facet normal -9.908001e-01 1.353332e-01 0.000000e+00
    outer loop
      vertex -1.774525e+00 1.865101e-01 -2.995889e-01
      vertex -1.800000e+00 2.204364e-16 -3.000000e-01
      vertex -1.800000e+00 2.204364e-16 -2.000000e-01
    endloop
  endfacet
  facet normal -9.928090e-01 1.076624e-01 -5.233567e-02
    outer loop
      vertex -1.774525e+00 1.865101e-01 -2.995889e-01
      vertex -1.800000e+00 2.204364e-16 -2.000000e-01
      vertex -1.779730e+00 1.870571e-01 -1.997259e-01
    endloop
  endfacet
  facet normal -9.941797e-01 1.077343e-01 0.000000e+00
    outer loop
      vertex -1.779730e+00 1.870571e-01 -1.997259e-01
      vertex -1.800000e+00 2.204364e-16 -2.000000e-01
      vertex -1.800000e+00 2.204364e-16 -1.000000e-01
    endloop
  endfacet
  facet normal -9.954228e-01 7.997544e-02 -5.232023e-02
    outer loop
      vertex -1.779730e+00 1.870571e-01 -1.997259e-01
      vertex -1.800000e+00 2.204364e-16 -1.000000e-01
      vertex -1.784934e+00 1.876042e-01 -9.986295e-02
    endloop
  endfacet
  facet normal -9.967911e-01 8.004710e-02 0.000000e+00
    outer loop
      vertex -1.784934e+00 1.876042e-01 -9.986295e-02
      vertex -1.800000e+00 2.204364e-16 -1.000000e-01
      vertex -1.800000e+00 2.204364e-16 0.000000e+00
    endloop
  endfacet
  facet normal -9.972647e-01 5.226443e-02 -5.226443e-02
    outer loop
      vertex -1.784934e+00 1.876042e-01 -9.986295e-02
      vertex -1.800000e+00 2.204364e-16 0.000000e+00
      vertex -1.790139e+00 1.881512e-01 0.000000e+00
    endloop
  endfacet
  facet normal -9.986295e-01 5.233596e-02 0.000000e+00
    outer loop
      vertex -1.790139e+00 1.881512e-01 0.000000e+00
      vertex -1.800000e+00 2.204364e-16 0.000000e+00
      vertex -1.800000e+00 2.204364e-16 1.000000e-01
    endloop
  endfacet
  facet normal -9.983354e-01 2.459356e-02 -5.216865e-02
    outer loop
      vertex -1.790139e+00 1.881512e-01 0.000000e+00
      vertex -1.800000e+00 2.204364e-16 1.000000e-01
      vertex -1.795344e+00 1.886983e-01 9.986295e-02
    endloop
  endfacet
  facet normal -9.996958e-01 2.466502e-02 0.000000e+00
    outer loop
      vertex -1.795344e+00 1.886983e-01 9.986295e-02
      vertex -1.800000e+00 2.204364e-16 1.000000e-01
      vertex -1.800000e+00 2.204364e-16 2.000000e-01
    endloop
  endfacet
  facet normal -9.986409e-01 -2.973801e-03 -5.203356e-02
    outer loop
      vertex -1.795344e+00 1.886983e-01 9.986295e-02
      vertex -1.800000e+00 2.204364e-16 2.000000e-01
      vertex -1.800549e+00 1.892454e-01 1.997259e-01
    endloop
  endfacet
  facet normal -9.999958e-01 -2.902371e-03 0.000000e+00
    outer loop
      vertex -1.800549e+00 1.892454e-01 1.997259e-01
      vertex -1.800000e+00 2.204364e-16 2.000000e-01
      vertex -1.800000e+00 2.204364e-16 3.000000e-01
    endloop
  endfacet
  facet normal -9.981923e-01 -3.037586e-02 -5.186006e-02
    outer loop
      vertex -1.800549e+00 1.892454e-01 1.997259e-01
      vertex -1.800000e+00 2.204364e-16 3.000000e-01
      vertex -1.805754e+00 1.897924e-01 2.995889e-01
    endloop
  endfacet
  facet normal -9.995407e-01 -3.030440e-02 0.000000e+00
    outer loop
      vertex -1.805754e+00 1.897924e-01 2.995889e-01
      vertex -1.800000e+00 2.204364e-16 3.000000e-01
      vertex -1.800000e+00 2.204364e-16 4.000000e-01
    endloop
  endfacet
  facet normal -9.970055e-01 -5.755301e-02 -5.164933e-02
    outer loop
      vertex -1.805754e+00 1.897924e-01 2.995889e-01
      vertex -1.800000e+00 2.204364e-16 4.000000e-01
      vertex -1.810959e+00 1.903395e-01 3.994518e-01
    endloop
  endfacet
  facet normal -9.970055e-01 5.755301e-02 5.164933e-02
    outer loop
      vertex -1.800000e+00 2.204364e-16 -4.000000e-01
      vertex -1.810959e+00 -1.903395e-01 -3.994518e-01
      vertex -1.805754e+00 -1.897924e-01 -2.995889e-01
    endloop
  endfacet
  facet normal -9.995407e-01 3.030440e-02 0.000000e+00
    outer loop
      vertex -1.800000e+00 2.204364e-16 -4.000000e-01
      vertex -1.805754e+00 -1.897924e-01 -2.995889e-01
      vertex -1.800000e+00 2.204364e-16 -3.000000e-01
    endloop
  endfacet
  facet normal -9.981923e-01 3.037586e-02 5.186006e-02
    outer loop
      vertex -1.800000e+00 2.204364e-16 -3.000000e-01
      vertex -1.805754e+00 -1.897924e-01 -2.995889e-01
      vertex -1.800549e+00 -1.892454e-01 -1.997259e-01
    endloop
  endfacet
  facet normal -9.999958e-01 2.902371e-03 0.000000e+00
    outer loop
      vertex -1.800000e+00 2.204364e-16 -3.000000e-01
      vertex -1.800549e+00 -1.892454e-01 -1.997259e-01
      vertex -1.800000e+00 2.204364e-16 -2.000000e-01
    endloop
  endfacet
  facet normal -9.986409e-01 2.973801e-03 5.203356e-02
    outer loop
      vertex -1.800000e+00 2.204364e-16 -2.000000e-01
      vertex -1.800549e+00 -1.892454e-01 -1.997259e-01
      vertex -1.795344e+00 -1.886983e-01 -9.986295e-02
    endloop
  endfacet
  facet normal -9.996958e-01 -2.466502e-02 0.000000e+00
    outer loop
      vertex -1.800000e+00 2.204364e-16 -2.000000e-01
      vertex -1.795344e+00 -1.886983e-01 -9.986295e-02
      vertex -1.800000e+00 2.204364e-16 -1.000000e-01
    endloop
  endfacet
  facet normal -9.983354e-01 -2.459356e-02 5.216865e-02
    outer loop
      vertex -1.800000e+00 2.204364e-16 -1.000000e-01
      vertex -1.795344e+00 -1.886983e-01 -9.986295e-02
      vertex -1.790139e+00 -1.881512e-01 0.000000e+00
    endloop
  endfacet
  facet normal -9.986295e-01 -5.233596e-02 0.000000e+00
    outer loop
      vertex -1.800000e+00 2.204364e-16 -1.000000e-01
      vertex -1.790139e+00 -1.881512e-01 0.000000e+00
      vertex -1.800000e+00 2.204364e-16 0.000000e+00
    endloop
  endfacet
  facet normal -9.972647e-01 -5.226443e-02 5.226443e-02
    outer loop
      vertex -1.800000e+00 2.204364e-16 0.000000e+00
      vertex -1.790139e+00 -1.881512e-01 0.000000e+00
      vertex -1.784934e+00 -1.876042e-01 9.986295e-02
    endloop
  endfacet
  facet normal -9.967911e-01 -8.004710e-02 0.000000e+00
    outer loop
      vertex -1.800000e+00 2.204364e-16 0.000000e+00
      vertex -1.784934e+00 -1.876042e-01 9.986295e-02
      vertex -1.800000e+00 2.204364e-16 1.000000e-01
    endloop
  endfacet
  facet normal -9.954228e-01 -7.997544e-02 5.232023e-02
    outer loop
      vertex -1.800000e+00 2.204364e-16 1.000000e-01
      vertex -1.784934e+00 -1.876042e-01 9.986295e-02
      vertex -1.779730e+00 -1.870571e-01 1.997259e-01
    endloop
  endfacet
  facet normal -9.941797e-01 -1.077343e-01 0.000000e+00
    outer loop
      vertex -1.800000e+00 2.204364e-16 1.000000e-01
      vertex -1.779730e+00 -1.870571e-01 1.997259e-01
      vertex -1.800000e+00 2.204364e-16 2.000000e-01
    endloop
  endfacet
  facet normal -9.928090e-01 -1.076624e-01 5.233567e-02
    outer loop
      vertex -1.800000e+00 2.204364e-16 2.000000e-01
      vertex -1.779730e+00 -1.870571e-01 1.997259e-01
      vertex -1.774525e+00 -1.865101e-01 2.995889e-01
    endloop
  endfacet
  facet normal -9.908001e-01 -1.353332e-01 0.000000e+00
    outer loop
      vertex -1.800000e+00 2.204364e-16 2.000000e-01
      vertex -1.774525e+00 -1.865101e-01 2.995889e-01
      vertex -1.800000e+00 2.204364e-16 3.000000e-01
    endloop
  endfacet
  facet normal -9.894281e-01 -1.352611e-01 5.231065e-02
    outer loop
      vertex -1.800000e+00 2.204364e-16 3.000000e-01
      vertex -1.774525e+00 -1.865101e-01 2.995889e-01
      vertex -1.769320e+00 -1.859630e-01 3.994518e-01
    endloop
  endfacet
  facet normal -9.866624e-01 -1.627802e-01 0.000000e+00
    outer loop
      vertex -1.800000e+00 2.204364e-16 3.000000e-01
      vertex -1.769320e+00 -1.859630e-01 3.994518e-01
      vertex -1.800000e+00 2.204364e-16 4.000000e-01
    endloop
  endfacet
  facet normal -9.935235e-01 -4.758876e-02 1.031815e-01
    outer loop
      vertex -1.810959e+00 -1.903395e-01 -3.994518e-01
      vertex -1.801563e+00 -3.829341e-01 -3.978088e-01
      vertex -1.791339e+00 -3.807609e-01 -2.983566e-01
    endloop
  endfacet
  facet normal -9.958230e-01 -7.483200e-02 5.231292e-02
    outer loop
      vertex -1.810959e+00 -1.903395e-01 -3.994518e-01
      vertex -1.791339e+00 -3.807609e-01 -2.983566e-01
      vertex -1.805754e+00 -1.897924e-01 -2.995889e-01
    endloop
  endfacet
  facet normal -9.918483e-01 -7.420108e-02 1.035909e-01
    outer loop
      vertex -1.805754e+00 -1.897924e-01 -2.995889e-01
      vertex -1.791339e+00 -3.807609e-01 -2.983566e-01
      vertex -1.781115e+00 -3.785876e-01 -1.989044e-01
    endloop
  endfacet
  facet normal -9.934332e-01 -1.017423e-01 5.233577e-02
    outer loop
      vertex -1.805754e+00 -1.897924e-01 -2.995889e-01
      vertex -1.781115e+00 -3.785876e-01 -1.989044e-01
      vertex -1.800549e+00 -1.892454e-01 -1.997259e-01
    endloop
  endfacet
  facet normal -9.894320e-01 -1.011077e-01 1.039304e-01
    outer loop
      vertex -1.800549e+00 -1.892454e-01 -1.997259e-01
      vertex -1.781115e+00 -3.785876e-01 -1.989044e-01
      vertex -1.770890e+00 -3.764143e-01 -9.945219e-02
    endloop
  endfacet
  facet normal -9.902775e-01 -1.288914e-01 5.232002e-02
    outer loop
      vertex -1.800549e+00 -1.892454e-01 -1.997259e-01
      vertex -1.770890e+00 -3.764143e-01 -9.945219e-02
      vertex -1.795344e+00 -1.886983e-01 -9.986295e-02
    endloop
  endfacet
  facet normal -9.862525e-01 -1.282535e-01 1.041968e-01
    outer loop
      vertex -1.795344e+00 -1.886983e-01 -9.986295e-02
      vertex -1.770890e+00 -3.764143e-01 -9.945219e-02
      vertex -1.760666e+00 -3.742410e-01 0.000000e+00
    endloop
  endfacet
  facet normal -9.863384e-01 -1.562207e-01 5.226443e-02
    outer loop
      vertex -1.795344e+00 -1.886983e-01 -9.986295e-02
      vertex -1.760666e+00 -3.742410e-01 0.000000e+00
      vertex -1.790139e+00 -1.881512e-01 0.000000e+00
    endloop
  endfacet
  facet normal -9.822924e-01 -1.555798e-01 1.043868e-01
    outer loop
      vertex -1.790139e+00 -1.881512e-01 0.000000e+00
      vertex -1.760666e+00 -3.742410e-01 0.000000e+00
      vertex -1.750441e+00 -3.720678e-01 9.945219e-02
    endloop
  endfacet
  facet normal -9.816030e-01 -1.836682e-01 5.216797e-02
    outer loop
      vertex -1.790139e+00 -1.881512e-01 0.000000e+00
      vertex -1.750441e+00 -3.720678e-01 9.945219e-02
      vertex -1.784934e+00 -1.876042e-01 9.986295e-02
    endloop
  endfacet
  facet normal -9.775388e-01 -1.830247e-01 1.044978e-01
    outer loop
      vertex -1.784934e+00 -1.876042e-01 9.986295e-02
      vertex -1.750441e+00 -3.720678e-01 9.945219e-02
      vertex -1.740217e+00 -3.698945e-01 1.989044e-01
    endloop
  endfacet
  facet normal -9.760637e-01 -2.111695e-01 5.202992e-02
    outer loop
      vertex -1.784934e+00 -1.876042e-01 9.986295e-02
      vertex -1.740217e+00 -3.698945e-01 1.989044e-01
      vertex -1.779730e+00 -1.870571e-01 1.997259e-01
    endloop
  endfacet
  facet normal -9.719844e-01 -2.105239e-01 1.045277e-01
    outer loop
      vertex -1.779730e+00 -1.870571e-01 1.997259e-01
      vertex -1.740217e+00 -3.698945e-01 1.989044e-01
      vertex -1.729992e+00 -3.677212e-01 2.983566e-01
    endloop
  endfacet
  facet normal -9.697183e-01 -2.386587e-01 5.184978e-02
    outer loop
      vertex -1.779730e+00 -1.870571e-01 1.997259e-01
      vertex -1.729992e+00 -3.677212e-01 2.983566e-01
      vertex -1.774525e+00 -1.865101e-01 2.995889e-01
    endloop
  endfacet
  facet normal -9.656271e-01 -2.380111e-01 1.044748e-01
    outer loop
      vertex -1.774525e+00 -1.865101e-01 2.995889e-01
      vertex -1.729992e+00 -3.677212e-01 2.983566e-01
      vertex -1.719768e+00 -3.655480e-01 3.978088e-01
    endloop
  endfacet
  facet normal -9.625707e-01 -2.660683e-01 5.162739e-02
    outer loop
      vertex -1.774525e+00 -1.865101e-01 2.995889e-01
      vertex -1.719768e+00 -3.655480e-01 3.978088e-01
      vertex -1.769320e+00 -1.859630e-01 3.994518e-01
    endloop
  endfacet
  facet normal -9.764479e-01 -1.506397e-01 1.544577e-01
    outer loop
      vertex -1.801563e+00 -3.829341e-01 -3.978088e-01
      vertex -1.771413e+00 -5.755670e-01 -3.950753e-01
      vertex -1.756535e+00 -5.707329e-01 -2.963065e-01
    endloop
  endfacet
  facet normal -9.784444e-01 -1.781284e-01 1.044839e-01
    outer loop
      vertex -1.801563e+00 -3.829341e-01 -3.978088e-01
      vertex -1.756535e+00 -5.707329e-01 -2.963065e-01
      vertex -1.791339e+00 -3.807609e-01 -2.983566e-01
    endloop
  endfacet
  facet normal -9.720283e-01 -1.764072e-01 1.550531e-01
    outer loop
      vertex -1.791339e+00 -3.807609e-01 -2.983566e-01
      vertex -1.756535e+00 -5.707329e-01 -2.963065e-01
      vertex -1.741657e+00 -5.658988e-01 -1.975377e-01
    endloop
  endfacet
  facet normal -9.733184e-01 -2.042674e-01 1.045281e-01
    outer loop
      vertex -1.791339e+00 -3.807609e-01 -2.983566e-01
      vertex -1.741657e+00 -5.658988e-01 -1.975377e-01
      vertex -1.781115e+00 -3.785876e-01 -1.989044e-01
    endloop
  endfacet
  facet normal -9.668429e-01 -2.025310e-01 1.555506e-01
    outer loop
      vertex -1.781115e+00 -3.785876e-01 -1.989044e-01
      vertex -1.741657e+00 -5.658988e-01 -1.975377e-01
      vertex -1.726780e+00 -5.610647e-01 -9.876883e-02
    endloop
  endfacet
  facet normal -9.673948e-01 -2.307113e-01 1.044970e-01
    outer loop
      vertex -1.781115e+00 -3.785876e-01 -1.989044e-01
      vertex -1.726780e+00 -5.610647e-01 -9.876883e-02
      vertex -1.770890e+00 -3.764143e-01 -9.945219e-02
    endloop
  endfacet
  facet normal -9.608635e-01 -2.289607e-01 1.559435e-01
    outer loop
      vertex -1.770890e+00 -3.764143e-01 -9.945219e-02
      vertex -1.726780e+00 -5.610647e-01 -9.876883e-02
      vertex -1.711902e+00 -5.562306e-01 0.000000e+00
    endloop
  endfacet
  facet normal -9.606488e-01 -2.574051e-01 1.043868e-01
    outer loop
      vertex -1.770890e+00 -3.764143e-01 -9.945219e-02
      vertex -1.711902e+00 -5.562306e-01 0.000000e+00
      vertex -1.760666e+00 -3.742410e-01 0.000000e+00
    endloop
  endfacet
  facet normal -9.540657e-01 -2.556411e-01 1.562253e-01
    outer loop
      vertex -1.760666e+00 -3.742410e-01 0.000000e+00
      vertex -1.711902e+00 -5.562306e-01 0.000000e+00
      vertex -1.697024e+00 -5.513965e-01 9.876883e-02
    endloop
  endfacet
  facet normal -9.530601e-01 -2.842887e-01 1.041941e-01
    outer loop
      vertex -1.760666e+00 -3.742410e-01 0.000000e+00
      vertex -1.697024e+00 -5.513965e-01 9.876883e-02
      vertex -1.750441e+00 -3.720678e-01 9.945219e-02
    endloop
  endfacet
  facet normal -9.464295e-01 -2.825125e-01 1.563902e-01
    outer loop
      vertex -1.750441e+00 -3.720678e-01 9.945219e-02
      vertex -1.697024e+00 -5.513965e-01 9.876883e-02
      vertex -1.682146e+00 -5.465624e-01 1.975377e-01
    endloop
  endfacet
  facet normal -9.446136e-01 -3.112982e-01 1.039159e-01
    outer loop
      vertex -1.750441e+00 -3.720678e-01 9.945219e-02
      vertex -1.682146e+00 -5.465624e-01 1.975377e-01
      vertex -1.740217e+00 -3.698945e-01 1.989044e-01
    endloop
  endfacet
  facet normal -9.379402e-01 -3.095109e-01 1.564329e-01
    outer loop
      vertex -1.740217e+00 -3.698945e-01 1.989044e-01
      vertex -1.682146e+00 -5.465624e-01 1.975377e-01
      vertex -1.667268e+00 -5.417283e-01 2.963065e-01
    endloop
  endfacet
  facet normal -9.352998e-01 -3.383661e-01 1.035499e-01
    outer loop
      vertex -1.740217e+00 -3.698945e-01 1.989044e-01
      vertex -1.667268e+00 -5.417283e-01 2.963065e-01
      vertex -1.729992e+00 -3.677212e-01 2.983566e-01
    endloop
  endfacet
  facet normal -9.285884e-01 -3.365689e-01 1.563485e-01
    outer loop
      vertex -1.729992e+00 -3.677212e-01 2.983566e-01
      vertex -1.667268e+00 -5.417283e-01 2.963065e-01
      vertex -1.652391e+00 -5.368942e-01 3.950753e-01
    endloop
  endfacet
  facet normal -9.251153e-01 -3.654221e-01 1.030941e-01
    outer loop
      vertex -1.729992e+00 -3.677212e-01 2.983566e-01
      vertex -1.652391e+00 -5.368942e-01 3.950753e-01
      vertex -1.719768e+00 -3.655480e-01 3.978088e-01
    endloop
  endfacet
  facet normal -9.463115e-01 -2.496604e-01 2.053391e-01
    outer loop
      vertex -1.771413e+00 -5.755670e-01 -3.950753e-01
      vertex -1.720357e+00 -7.659521e-01 -3.912590e-01
      vertex -1.701363e+00 -7.574955e-01 -2.934443e-01
    endloop
  endfacet
  facet normal -9.478796e-01 -2.776203e-01 1.563692e-01
    outer loop
      vertex -1.771413e+00 -5.755670e-01 -3.950753e-01
      vertex -1.701363e+00 -7.574955e-01 -2.934443e-01
      vertex -1.756535e+00 -5.707329e-01 -2.963065e-01
    endloop
  endfacet
  facet normal -9.392910e-01 -2.743208e-01 2.061079e-01
    outer loop
      vertex -1.756535e+00 -5.707329e-01 -2.963065e-01
      vertex -1.701363e+00 -7.574955e-01 -2.934443e-01
      vertex -1.682369e+00 -7.490390e-01 -1.956295e-01
    endloop
  endfacet
  facet normal -9.401517e-01 -3.027262e-01 1.564339e-01
    outer loop
      vertex -1.756535e+00 -5.707329e-01 -2.963065e-01
      vertex -1.682369e+00 -7.490390e-01 -1.956295e-01
      vertex -1.741657e+00 -5.658988e-01 -1.975377e-01
    endloop
  endfacet
  facet normal -9.314607e-01 -2.993884e-01 2.067546e-01
    outer loop
      vertex -1.741657e+00 -5.658988e-01 -1.975377e-01
      vertex -1.682369e+00 -7.490390e-01 -1.956295e-01
      vertex -1.663376e+00 -7.405825e-01 -9.781476e-02
    endloop
  endfacet
  facet normal -9.315752e-01 -3.281926e-01 1.563884e-01
    outer loop
      vertex -1.741657e+00 -5.658988e-01 -1.975377e-01
      vertex -1.663376e+00 -7.405825e-01 -9.781476e-02
      vertex -1.726780e+00 -5.610647e-01 -9.876883e-02
    endloop
  endfacet
  facet normal -9.227856e-01 -3.248178e-01 2.072685e-01
    outer loop
      vertex -1.726780e+00 -5.610647e-01 -9.876883e-02
      vertex -1.663376e+00 -7.405825e-01 -9.781476e-02
      vertex -1.644382e+00 -7.321260e-01 0.000000e+00
    endloop
  endfacet
  facet normal -9.221174e-01 -3.539677e-01 1.562253e-01
    outer loop
      vertex -1.726780e+00 -5.610647e-01 -9.876883e-02
      vertex -1.644382e+00 -7.321260e-01 0.000000e+00
      vertex -1.711902e+00 -5.562306e-01 0.000000e+00
    endloop
  endfacet
  facet normal -9.132335e-01 -3.505575e-01 2.076390e-01
    outer loop
      vertex -1.711902e+00 -5.562306e-01 0.000000e+00
      vertex -1.644382e+00 -7.321260e-01 0.000000e+00
      vertex -1.625388e+00 -7.236694e-01 9.781476e-02
    endloop
  endfacet
  facet normal -9.117500e-01 -3.799941e-01 1.559375e-01
    outer loop
      vertex -1.711902e+00 -5.562306e-01 0.000000e+00
      vertex -1.625388e+00 -7.236694e-01 9.781476e-02
      vertex -1.697024e+00 -5.513965e-01 9.876883e-02
    endloop
  endfacet
  facet normal -9.027767e-01 -3.765503e-01 2.078557e-01
    outer loop
      vertex -1.697024e+00 -5.513965e-01 9.876883e-02
      vertex -1.625388e+00 -7.236694e-01 9.781476e-02
      vertex -1.606394e+00 -7.152129e-01 1.956295e-01
    endloop
  endfacet
  facet normal -9.004492e-01 -4.062085e-01 1.555182e-01
    outer loop
      vertex -1.697024e+00 -5.513965e-01 9.876883e-02
      vertex -1.606394e+00 -7.152129e-01 1.956295e-01
      vertex -1.682146e+00 -5.465624e-01 1.975377e-01
    endloop
  endfacet
  facet normal -8.913921e-01 -4.027332e-01 2.079087e-01
    outer loop
      vertex -1.682146e+00 -5.465624e-01 1.975377e-01
      vertex -1.606394e+00 -7.152129e-01 1.956295e-01
      vertex -1.587401e+00 -7.067564e-01 2.934443e-01
    endloop
  endfacet
  facet normal -8.881970e-01 -4.325425e-01 1.549615e-01
    outer loop
      vertex -1.682146e+00 -5.465624e-01 1.975377e-01
      vertex -1.587401e+00 -7.067564e-01 2.934443e-01
      vertex -1.667268e+00 -5.417283e-01 2.963065e-01
    endloop
  endfacet
  facet normal -8.790623e-01 -4.290378e-01 2.077886e-01
    outer loop
      vertex -1.667268e+00 -5.417283e-01 2.963065e-01
      vertex -1.587401e+00 -7.067564e-01 2.934443e-01
      vertex -1.568407e+00 -6.982998e-01 3.912590e-01
    endloop
  endfacet
  facet normal -8.749819e-01 -4.589225e-01 1.542620e-01
    outer loop
      vertex -1.667268e+00 -5.417283e-01 2.963065e-01
      vertex -1.568407e+00 -6.982998e-01 3.912590e-01
      vertex -1.652391e+00 -5.368942e-01 3.950753e-01
    endloop
  endfacet
  facet normal -9.039335e-01 -3.428233e-01 2.556881e-01
    outer loop
      vertex -1.720357e+00 -7.659521e-01 -3.912590e-01
      vertex -1.648503e+00 -9.517638e-01 -3.863703e-01
      vertex -1.626089e+00 -9.388229e-01 -2.897777e-01
    endloop
  endfacet
  facet normal -9.048961e-01 -3.714450e-01 2.078259e-01
    outer loop
      vertex -1.720357e+00 -7.659521e-01 -3.912590e-01
      vertex -1.626089e+00 -9.388229e-01 -2.897777e-01
      vertex -1.701363e+00 -7.574955e-01 -2.934443e-01
    endloop
  endfacet
  facet normal -8.944794e-01 -3.661341e-01 2.566173e-01
    outer loop
      vertex -1.701363e+00 -7.574955e-01 -2.934443e-01
      vertex -1.626089e+00 -9.388229e-01 -2.897777e-01
      vertex -1.603675e+00 -9.258819e-01 -1.931852e-01
    endloop
  endfacet
  facet normal -8.947234e-01 -3.952761e-01 2.079109e-01
    outer loop
      vertex -1.701363e+00 -7.574955e-01 -2.934443e-01
      vertex -1.603675e+00 -9.258819e-01 -1.931852e-01
      vertex -1.682369e+00 -7.490390e-01 -1.956295e-01
    endloop
  endfacet
  facet normal -8.841548e-01 -3.898890e-01 2.574041e-01
    outer loop
      vertex -1.682369e+00 -7.490390e-01 -1.956295e-01
      vertex -1.603675e+00 -9.258819e-01 -1.931852e-01
      vertex -1.581260e+00 -9.129410e-01 -9.659258e-02
    endloop
  endfacet
  facet normal -8.836342e-01 -4.195090e-01 2.078526e-01
    outer loop
      vertex -1.682369e+00 -7.490390e-01 -1.956295e-01
      vertex -1.581260e+00 -9.129410e-01 -9.659258e-02
      vertex -1.663376e+00 -7.405825e-01 -9.781476e-02
    endloop
  endfacet
  facet normal -8.729169e-01 -4.140472e-01 2.580329e-01
    outer loop
      vertex -1.663376e+00 -7.405825e-01 -9.781476e-02
      vertex -1.581260e+00 -9.129410e-01 -9.659258e-02
      vertex -1.558846e+00 -9.000000e-01 0.000000e+00
    endloop
  endfacet
  facet normal -8.715875e-01 -4.440960e-01 2.076390e-01
    outer loop
      vertex -1.663376e+00 -7.405825e-01 -9.781476e-02
      vertex -1.558846e+00 -9.000000e-01 0.000000e+00
      vertex -1.644382e+00 -7.321260e-01 0.000000e+00
    endloop
  endfacet
  facet normal -8.607252e-01 -4.385614e-01 2.584881e-01
    outer loop
      vertex -1.644382e+00 -7.321260e-01 0.000000e+00
      vertex -1.558846e+00 -9.000000e-01 0.000000e+00
      vertex -1.536431e+00 -8.870590e-01 9.659258e-02
    endloop
  endfacet
  facet normal -8.585454e-01 -4.689818e-01 2.072580e-01
    outer loop
      vertex -1.644382e+00 -7.321260e-01 0.000000e+00
      vertex -1.536431e+00 -8.870590e-01 9.659258e-02
      vertex -1.625388e+00 -7.236694e-01 9.781476e-02
    endloop
  endfacet
  facet normal -8.475427e-01 -4.633766e-01 2.587537e-01
    outer loop
      vertex -1.625388e+00 -7.236694e-01 9.781476e-02
      vertex -1.536431e+00 -8.870590e-01 9.659258e-02
      vertex -1.514017e+00 -8.741181e-01 1.931852e-01
    endloop
  endfacet
  facet normal -8.444745e-01 -4.941040e-01 2.066977e-01
    outer loop
      vertex -1.625388e+00 -7.236694e-01 9.781476e-02
      vertex -1.514017e+00 -8.741181e-01 1.931852e-01
      vertex -1.606394e+00 -7.152129e-01 1.956295e-01
    endloop
  endfacet
  facet normal -8.333370e-01 -4.884310e-01 2.588139e-01
    outer loop
      vertex -1.606394e+00 -7.152129e-01 1.956295e-01
      vertex -1.514017e+00 -8.741181e-01 1.931852e-01
      vertex -1.491603e+00 -8.611771e-01 2.897777e-01
    endloop
  endfacet
  facet normal -8.293472e-01 -5.193932e-01 2.059466e-01
    outer loop
      vertex -1.606394e+00 -7.152129e-01 1.956295e-01
      vertex -1.491603e+00 -8.611771e-01 2.897777e-01
      vertex -1.587401e+00 -7.067564e-01 2.934443e-01
    endloop
  endfacet
  facet normal -8.180811e-01 -5.136554e-01 2.586532e-01
    outer loop
      vertex -1.587401e+00 -7.067564e-01 2.934443e-01
      vertex -1.491603e+00 -8.611771e-01 2.897777e-01
      vertex -1.469188e+00 -8.482362e-01 3.863703e-01
    endloop
  endfacet
  facet normal -8.131421e-01 -5.447728e-01 2.049941e-01
    outer loop
      vertex -1.587401e+00 -7.067564e-01 2.934443e-01
      vertex -1.469188e+00 -8.482362e-01 3.863703e-01
      vertex -1.568407e+00 -6.982998e-01 3.912590e-01
    endloop
  endfacet
  facet normal -8.503980e-01 -4.284550e-01 3.053680e-01
    outer loop
      vertex -1.648503e+00 -9.517638e-01 -3.863703e-01
      vertex -1.556231e+00 -1.130668e+00 -3.804226e-01
      vertex -1.531231e+00 -1.112504e+00 -2.853170e-01
    endloop
  endfacet
  facet normal -8.505343e-01 -4.578857e-01 2.587122e-01
    outer loop
      vertex -1.648503e+00 -9.517638e-01 -3.863703e-01
      vertex -1.531231e+00 -1.112504e+00 -2.853170e-01
      vertex -1.626089e+00 -9.388229e-01 -2.897777e-01
    endloop
  endfacet
  facet normal -8.386987e-01 -4.501956e-01 3.064447e-01
    outer loop
      vertex -1.626089e+00 -9.388229e-01 -2.897777e-01
      vertex -1.531231e+00 -1.112504e+00 -2.853170e-01
      vertex -1.506231e+00 -1.094341e+00 -1.902113e-01
    endloop
  endfacet
  facet normal -8.380936e-01 -4.802212e-01 2.588178e-01
    outer loop
      vertex -1.626089e+00 -9.388229e-01 -2.897777e-01
      vertex -1.506231e+00 -1.094341e+00 -1.902113e-01
      vertex -1.603675e+00 -9.258819e-01 -1.931852e-01
    endloop
  endfacet
  facet normal -8.260548e-01 -4.724005e-01 3.073618e-01
    outer loop
      vertex -1.603675e+00 -9.258819e-01 -1.931852e-01
      vertex -1.506231e+00 -1.094341e+00 -1.902113e-01
      vertex -1.481231e+00 -1.076177e+00 -9.510565e-02
    endloop
  endfacet
  facet normal -8.246552e-01 -5.029839e-01 2.587490e-01
    outer loop
      vertex -1.603675e+00 -9.258819e-01 -1.931852e-01
      vertex -1.481231e+00 -1.076177e+00 -9.510565e-02
      vertex -1.581260e+00 -9.129410e-01 -9.659258e-02
    endloop
  endfacet
  facet normal -8.124144e-01 -4.950334e-01 3.080987e-01
    outer loop
      vertex -1.581260e+00 -9.129410e-01 -9.659258e-02
      vertex -1.481231e+00 -1.076177e+00 -9.510565e-02
      vertex -1.456231e+00 -1.058013e+00 0.000000e+00
    endloop
  endfacet
  facet normal -8.101679e-01 -5.261292e-01 2.584881e-01
    outer loop
      vertex -1.581260e+00 -9.129410e-01 -9.659258e-02
      vertex -1.456231e+00 -1.058013e+00 0.000000e+00
      vertex -1.558846e+00 -9.000000e-01 0.000000e+00
    endloop
  endfacet
  facet normal -7.977274e-01 -5.180503e-01 3.086339e-01
    outer loop
      vertex -1.558846e+00 -9.000000e-01 0.000000e+00
      vertex -1.456231e+00 -1.058013e+00 0.000000e+00
      vertex -1.431231e+00 -1.039850e+00 9.510565e-02
    endloop
  endfacet
  facet normal -7.945835e-01 -5.496039e-01 2.580167e-01
    outer loop
      vertex -1.558846e+00 -9.000000e-01 0.000000e+00
      vertex -1.431231e+00 -1.039850e+00 9.510565e-02
      vertex -1.536431e+00 -8.870590e-01 9.659258e-02
    endloop
  endfacet
  facet normal -7.819467e-01 -5.413987e-01 3.089448e-01
    outer loop
      vertex -1.536431e+00 -8.870590e-01 9.659258e-02
      vertex -1.431231e+00 -1.039850e+00 9.510565e-02
      vertex -1.406231e+00 -1.021686e+00 1.902113e-01
    endloop
  endfacet
  facet normal -7.778577e-01 -5.733461e-01 2.573163e-01
    outer loop
      vertex -1.536431e+00 -8.870590e-01 9.659258e-02
      vertex -1.406231e+00 -1.021686e+00 1.902113e-01
      vertex -1.514017e+00 -8.741181e-01 1.931852e-01
    endloop
  endfacet
  facet normal -7.650288e-01 -5.650174e-01 3.090085e-01
    outer loop
      vertex -1.514017e+00 -8.741181e-01 1.931852e-01
      vertex -1.406231e+00 -1.021686e+00 1.902113e-01
      vertex -1.381231e+00 -1.003523e+00 2.853170e-01
    endloop
  endfacet
  facet normal -7.599512e-01 -5.972851e-01 2.563683e-01
    outer loop
      vertex -1.514017e+00 -8.741181e-01 1.931852e-01
      vertex -1.381231e+00 -1.003523e+00 2.853170e-01
      vertex -1.491603e+00 -8.611771e-01 2.897777e-01
    endloop
  endfacet
  facet normal -7.469359e-01 -5.888365e-01 3.088015e-01
    outer loop
      vertex -1.491603e+00 -8.611771e-01 2.897777e-01
      vertex -1.381231e+00 -1.003523e+00 2.853170e-01
      vertex -1.356231e+00 -9.853592e-01 3.804226e-01
    endloop
  endfacet
  facet normal -7.408317e-01 -6.213410e-01 2.551545e-01
    outer loop
      vertex -1.491603e+00 -8.611771e-01 2.897777e-01
      vertex -1.356231e+00 -9.853592e-01 3.804226e-01
      vertex -1.469188e+00 -8.482362e-01 3.863703e-01
    endloop
  endfacet
  facet normal -7.870265e-01 -5.050751e-01 3.542435e-01
    outer loop
      vertex -1.556231e+00 -1.130668e+00 -3.804226e-01
      vertex -1.444188e+00 -1.300353e+00 -3.734322e-01
      vertex -1.417556e+00 -1.276374e+00 -2.800741e-01
    endloop
  endfacet
  facet normal -7.860806e-01 -5.354115e-01 3.088880e-01
    outer loop
      vertex -1.556231e+00 -1.130668e+00 -3.804226e-01
      vertex -1.417556e+00 -1.276374e+00 -2.800741e-01
      vertex -1.531231e+00 -1.112504e+00 -2.853170e-01
    endloop
  endfacet
  facet normal -7.732891e-01 -5.250483e-01 3.554549e-01
    outer loop
      vertex -1.531231e+00 -1.112504e+00 -2.853170e-01
      vertex -1.417556e+00 -1.276374e+00 -2.800741e-01
      vertex -1.390925e+00 -1.252394e+00 -1.867161e-01
    endloop
  endfacet
  facet normal -7.715662e-01 -5.560533e-01 3.090149e-01
    outer loop
      vertex -1.531231e+00 -1.112504e+00 -2.853170e-01
      vertex -1.390925e+00 -1.252394e+00 -1.867161e-01
      vertex -1.506231e+00 -1.094341e+00 -1.902113e-01
    endloop
  endfacet
  facet normal -7.585226e-01 -5.454876e-01 3.564924e-01
    outer loop
      vertex -1.506231e+00 -1.094341e+00 -1.902113e-01
      vertex -1.390925e+00 -1.252394e+00 -1.867161e-01
      vertex -1.364293e+00 -1.228415e+00 -9.335804e-02
    endloop
  endfacet
  facet normal -7.559621e-01 -5.771294e-01 3.089383e-01
    outer loop
      vertex -1.506231e+00 -1.094341e+00 -1.902113e-01
      vertex -1.364293e+00 -1.228415e+00 -9.335804e-02
      vertex -1.481231e+00 -1.076177e+00 -9.510565e-02
    endloop
  endfacet
  facet normal -7.426651e-01 -5.663601e-01 3.573301e-01
    outer loop
      vertex -1.481231e+00 -1.076177e+00 -9.510565e-02
      vertex -1.364293e+00 -1.228415e+00 -9.335804e-02
      vertex -1.337661e+00 -1.204435e+00 0.000000e+00
    endloop
  endfacet
  facet normal -7.392064e-01 -5.985975e-01 3.086339e-01
    outer loop
      vertex -1.481231e+00 -1.076177e+00 -9.510565e-02
      vertex -1.337661e+00 -1.204435e+00 0.000000e+00
      vertex -1.456231e+00 -1.058013e+00 0.000000e+00
    endloop
  endfacet
  facet normal -7.256559e-01 -5.876246e-01 3.579398e-01
    outer loop
      vertex -1.456231e+00 -1.058013e+00 0.000000e+00
      vertex -1.337661e+00 -1.204435e+00 0.000000e+00
      vertex -1.311029e+00 -1.180456e+00 9.335804e-02
    endloop
  endfacet
  facet normal -7.212389e-01 -6.204061e-01 3.080759e-01
    outer loop
      vertex -1.456231e+00 -1.058013e+00 0.000000e+00
      vertex -1.311029e+00 -1.180456e+00 9.335804e-02
      vertex -1.431231e+00 -1.039850e+00 9.510565e-02
    endloop
  endfacet
  facet normal -7.074359e-01 -6.092302e-01 3.582917e-01
    outer loop
      vertex -1.431231e+00 -1.039850e+00 9.510565e-02
      vertex -1.311029e+00 -1.180456e+00 9.335804e-02
      vertex -1.284397e+00 -1.156476e+00 1.867161e-01
    endloop
  endfacet
  facet normal -7.020027e-01 -6.424930e-01 3.072376e-01
    outer loop
      vertex -1.431231e+00 -1.039850e+00 9.510565e-02
      vertex -1.284397e+00 -1.156476e+00 1.867161e-01
      vertex -1.406231e+00 -1.021686e+00 1.902113e-01
    endloop
  endfacet
  facet normal -6.879495e-01 -6.311161e-01 3.583544e-01
    outer loop
      vertex -1.406231e+00 -1.021686e+00 1.902113e-01
      vertex -1.284397e+00 -1.156476e+00 1.867161e-01
      vertex -1.257765e+00 -1.132497e+00 2.800741e-01
    endloop
  endfacet
  facet normal -6.814457e-01 -6.647856e-01 3.060913e-01
    outer loop
      vertex -1.406231e+00 -1.021686e+00 1.902113e-01
      vertex -1.257765e+00 -1.132497e+00 2.800741e-01
      vertex -1.381231e+00 -1.003523e+00 2.853170e-01
    endloop
  endfacet
  facet normal -6.671461e-01 -6.532106e-01 3.580950e-01
    outer loop
      vertex -1.381231e+00 -1.003523e+00 2.853170e-01
      vertex -1.257765e+00 -1.132497e+00 2.800741e-01
      vertex -1.231133e+00 -1.108517e+00 3.734322e-01
    endloop
  endfacet
  facet normal -6.595226e-01 -6.871995e-01 3.046092e-01
    outer loop
      vertex -1.381231e+00 -1.003523e+00 2.853170e-01
      vertex -1.231133e+00 -1.108517e+00 3.734322e-01
      vertex -1.356231e+00 -9.853592e-01 3.804226e-01
    endloop
  endfacet
  facet normal -7.153444e-01 -5.714303e-01 4.021814e-01
    outer loop
      vertex -1.444188e+00 -1.300353e+00 -3.734322e-01
      vertex -1.313299e+00 -1.458566e+00 -3.654182e-01
      vertex -1.286083e+00 -1.428340e+00 -2.740636e-01
    endloop
  endfacet
  facet normal -7.130351e-01 -6.027130e-01 3.582150e-01
    outer loop
      vertex -1.444188e+00 -1.300353e+00 -3.734322e-01
      vertex -1.286083e+00 -1.428340e+00 -2.740636e-01
      vertex -1.417556e+00 -1.276374e+00 -2.800741e-01
    endloop
  endfacet
  facet normal -6.997917e-01 -5.894637e-01 4.035147e-01
    outer loop
      vertex -1.417556e+00 -1.276374e+00 -2.800741e-01
      vertex -1.286083e+00 -1.428340e+00 -2.740636e-01
      vertex -1.258867e+00 -1.398114e+00 -1.827091e-01
    endloop
  endfacet
  facet normal -6.966559e-01 -6.214864e-01 3.583646e-01
    outer loop
      vertex -1.417556e+00 -1.276374e+00 -2.800741e-01
      vertex -1.258867e+00 -1.398114e+00 -1.827091e-01
      vertex -1.390925e+00 -1.252394e+00 -1.867161e-01
    endloop
  endfacet
  facet normal -6.831186e-01 -6.079451e-01 4.046625e-01
    outer loop
      vertex -1.390925e+00 -1.252394e+00 -1.867161e-01
      vertex -1.258867e+00 -1.398114e+00 -1.827091e-01
      vertex -1.231651e+00 -1.367887e+00 -9.135455e-02
    endloop
  endfacet
  facet normal -6.790879e-01 -6.406813e-01 3.582834e-01
    outer loop
      vertex -1.390925e+00 -1.252394e+00 -1.867161e-01
      vertex -1.231651e+00 -1.367887e+00 -9.135455e-02
      vertex -1.364293e+00 -1.228415e+00 -9.335804e-02
    endloop
  endfacet
  facet normal -6.652526e-01 -6.268440e-01 4.055930e-01
    outer loop
      vertex -1.364293e+00 -1.228415e+00 -9.335804e-02
      vertex -1.231651e+00 -1.367887e+00 -9.135455e-02
      vertex -1.204435e+00 -1.337661e+00 0.000000e+00
    endloop
  endfacet
  facet normal -6.602572e-01 -6.602572e-01 3.579398e-01
    outer loop
      vertex -1.364293e+00 -1.228415e+00 -9.335804e-02
      vertex -1.204435e+00 -1.337661e+00 0.000000e+00
      vertex -1.337661e+00 -1.204435e+00 0.000000e+00
    endloop
  endfacet
  facet normal -6.461206e-01 -6.461206e-01 4.062713e-01
    outer loop
      vertex -1.337661e+00 -1.204435e+00 0.000000e+00
      vertex -1.204435e+00 -1.337661e+00 0.000000e+00
      vertex -1.177219e+00 -1.307434e+00 9.135455e-02
    endloop
  endfacet
  facet normal -6.400905e-01 -6.801626e-01 3.572997e-01
    outer loop
      vertex -1.337661e+00 -1.204435e+00 0.000000e+00
      vertex -1.177219e+00 -1.307434e+00 9.135455e-02
      vertex -1.311029e+00 -1.180456e+00 9.335804e-02
    endloop
  endfacet
  facet normal -6.256506e-01 -6.657247e-01 4.066594e-01
    outer loop
      vertex -1.311029e+00 -1.180456e+00 9.335804e-02
      vertex -1.177219e+00 -1.307434e+00 9.135455e-02
      vertex -1.150003e+00 -1.277208e+00 1.827091e-01
    endloop
  endfacet
  facet normal -6.185169e-01 -7.003343e-01 3.563267e-01
    outer loop
      vertex -1.311029e+00 -1.180456e+00 9.335804e-02
      vertex -1.150003e+00 -1.277208e+00 1.827091e-01
      vertex -1.284397e+00 -1.156476e+00 1.867161e-01
    endloop
  endfacet
  facet normal -6.037732e-01 -6.855946e-01 4.067161e-01
    outer loop
      vertex -1.284397e+00 -1.156476e+00 1.867161e-01
      vertex -1.150003e+00 -1.277208e+00 1.827091e-01
      vertex -1.122787e+00 -1.246981e+00 2.740636e-01
    endloop
  endfacet
  facet normal -5.954697e-01 -7.206965e-01 3.549822e-01
    outer loop
      vertex -1.284397e+00 -1.156476e+00 1.867161e-01
      vertex -1.122787e+00 -1.246981e+00 2.740636e-01
      vertex -1.257765e+00 -1.132497e+00 2.800741e-01
    endloop
  endfacet
  facet normal -5.804231e-01 -7.056559e-01 4.063973e-01
    outer loop
      vertex -1.257765e+00 -1.132497e+00 2.800741e-01
      vertex -1.122787e+00 -1.246981e+00 2.740636e-01
      vertex -1.095571e+00 -1.216755e+00 3.654182e-01
    endloop
  endfacet
  facet normal -5.708890e-01 -7.411593e-01 3.532261e-01
    outer loop
      vertex -1.257765e+00 -1.132497e+00 2.800741e-01
      vertex -1.095571e+00 -1.216755e+00 3.654182e-01
      vertex -1.231133e+00 -1.108517e+00 3.734322e-01
    endloop
  endfacet
  facet normal -6.370427e-01 -6.265223e-01 4.490506e-01
    outer loop
      vertex -1.313299e+00 -1.458566e+00 -3.654182e-01
      vertex -1.164753e+00 -1.603145e+00 -3.564026e-01
      vertex -1.138068e+00 -1.566416e+00 -2.673020e-01
    endloop
  endfacet
  facet normal -6.330741e-01 -6.587323e-01 4.065574e-01
    outer loop
      vertex -1.313299e+00 -1.458566e+00 -3.654182e-01
      vertex -1.138068e+00 -1.566416e+00 -2.673020e-01
      vertex -1.286083e+00 -1.428340e+00 -2.740636e-01
    endloop
  endfacet
  facet normal -6.199103e-01 -6.424695e-01 4.504933e-01
    outer loop
      vertex -1.286083e+00 -1.428340e+00 -2.740636e-01
      vertex -1.138068e+00 -1.566416e+00 -2.673020e-01
      vertex -1.111383e+00 -1.529688e+00 -1.782013e-01
    endloop
  endfacet
  facet normal -6.150510e-01 -6.754864e-01 4.067314e-01
    outer loop
      vertex -1.286083e+00 -1.428340e+00 -2.740636e-01
      vertex -1.111383e+00 -1.529688e+00 -1.782013e-01
      vertex -1.258867e+00 -1.398114e+00 -1.827091e-01
    endloop
  endfacet
  facet normal -6.015634e-01 -6.588259e-01 4.517409e-01
    outer loop
      vertex -1.258867e+00 -1.398114e+00 -1.827091e-01
      vertex -1.111383e+00 -1.529688e+00 -1.782013e-01
      vertex -1.084698e+00 -1.492959e+00 -8.910065e-02
    endloop
  endfacet
  facet normal -5.957363e-01 -6.926289e-01 4.066491e-01
    outer loop
      vertex -1.258867e+00 -1.398114e+00 -1.827091e-01
      vertex -1.084698e+00 -1.492959e+00 -8.910065e-02
      vertex -1.231651e+00 -1.367887e+00 -9.135455e-02
    endloop
  endfacet
  facet normal -5.819177e-01 -6.755619e-01 4.527560e-01
    outer loop
      vertex -1.231651e+00 -1.367887e+00 -9.135455e-02
      vertex -1.084698e+00 -1.492959e+00 -8.910065e-02
      vertex -1.058013e+00 -1.456231e+00 0.000000e+00
    endloop
  endfacet
  facet normal -5.750431e-01 -7.101191e-01 4.062713e-01
    outer loop
      vertex -1.231651e+00 -1.367887e+00 -9.135455e-02
      vertex -1.058013e+00 -1.456231e+00 0.000000e+00
      vertex -1.204435e+00 -1.337661e+00 0.000000e+00
    endloop
  endfacet
  facet normal -5.608869e-01 -6.926377e-01 4.534963e-01
    outer loop
      vertex -1.204435e+00 -1.337661e+00 0.000000e+00
      vertex -1.058013e+00 -1.456231e+00 0.000000e+00
      vertex -1.031329e+00 -1.419502e+00 8.910065e-02
    endloop
  endfacet
  facet normal -5.528839e-01 -7.279045e-01 4.055544e-01
    outer loop
      vertex -1.204435e+00 -1.337661e+00 0.000000e+00
      vertex -1.031329e+00 -1.419502e+00 8.910065e-02
      vertex -1.177219e+00 -1.307434e+00 9.135455e-02
    endloop
  endfacet
  facet normal -5.383848e-01 -7.100021e-01 4.539150e-01
    outer loop
      vertex -1.177219e+00 -1.307434e+00 9.135455e-02
      vertex -1.031329e+00 -1.419502e+00 8.910065e-02
      vertex -1.004644e+00 -1.382773e+00 1.782013e-01
    endloop
  endfacet
  facet normal -5.291725e-01 -7.459195e-01 4.044510e-01
    outer loop
      vertex -1.177219e+00 -1.307434e+00 9.135455e-02
      vertex -1.004644e+00 -1.382773e+00 1.782013e-01
      vertex -1.150003e+00 -1.277208e+00 1.827091e-01
    endloop
  endfacet
  facet normal -5.143263e-01 -7.275910e-01 4.539601e-01
    outer loop
      vertex -1.150003e+00 -1.277208e+00 1.827091e-01
      vertex -1.004644e+00 -1.382773e+00 1.782013e-01
      vertex -9.779588e-01 -1.346045e+00 2.673020e-01
    endloop
  endfacet
  facet normal -5.038261e-01 -7.640831e-01 4.029097e-01
    outer loop
      vertex -1.150003e+00 -1.277208e+00 1.827091e-01
      vertex -9.779588e-01 -1.346045e+00 2.673020e-01
      vertex -1.122787e+00 -1.246981e+00 2.740636e-01
    endloop
  endfacet
  facet normal -4.886304e-01 -7.453255e-01 4.535749e-01
    outer loop
      vertex -1.122787e+00 -1.246981e+00 2.740636e-01
      vertex -9.779588e-01 -1.346045e+00 2.673020e-01
      vertex -9.512739e-01 -1.309316e+00 3.564026e-01
    endloop
  endfacet
  facet normal -4.767683e-01 -7.822984e-01 4.008756e-01
    outer loop
      vertex -1.122787e+00 -1.246981e+00 2.740636e-01
      vertex -9.512739e-01 -1.309316e+00 3.564026e-01
      vertex -1.095571e+00 -1.216755e+00 3.654182e-01
    endloop
  endfacet
  facet normal -5.539363e-01 -6.696299e-01 4.947226e-01
    outer loop
      vertex -1.164753e+00 -1.603145e+00 -3.564026e-01
      vertex -1.000000e+00 -1.732051e+00 -3.464102e-01
      vertex -9.750000e-01 -1.688750e+00 -2.598076e-01
    endloop
  endfacet
  facet normal -5.480083e-01 -7.026870e-01 4.537818e-01
    outer loop
      vertex -1.164753e+00 -1.603145e+00 -3.564026e-01
      vertex -9.750000e-01 -1.688750e+00 -2.598076e-01
      vertex -1.138068e+00 -1.566416e+00 -2.673020e-01
    endloop
  endfacet
  facet normal -5.354698e-01 -6.833709e-01 4.962623e-01
    outer loop
      vertex -1.138068e+00 -1.566416e+00 -2.673020e-01
      vertex -9.750000e-01 -1.688750e+00 -2.598076e-01
      vertex -9.500000e-01 -1.645448e+00 -1.732051e-01
    endloop
  endfacet
  facet normal -5.285716e-01 -7.172950e-01 4.539823e-01
    outer loop
      vertex -1.138068e+00 -1.566416e+00 -2.673020e-01
      vertex -9.500000e-01 -1.645448e+00 -1.732051e-01
      vertex -1.111383e+00 -1.529688e+00 -1.782013e-01
    endloop
  endfacet
  facet normal -5.156956e-01 -6.974618e-01 4.975994e-01
    outer loop
      vertex -1.111383e+00 -1.529688e+00 -1.782013e-01
      vertex -9.500000e-01 -1.645448e+00 -1.732051e-01
      vertex -9.250000e-01 -1.602147e+00 -8.660254e-02
    endloop
  endfacet
  facet normal -5.077404e-01 -7.322375e-01 4.539030e-01
    outer loop
      vertex -1.111383e+00 -1.529688e+00 -1.782013e-01
      vertex -9.250000e-01 -1.602147e+00 -8.660254e-02
      vertex -1.084698e+00 -1.492959e+00 -8.910065e-02
    endloop
  endfacet
  facet normal -4.945166e-01 -7.118716e-01 4.986904e-01
    outer loop
      vertex -1.084698e+00 -1.492959e+00 -8.910065e-02
      vertex -9.250000e-01 -1.602147e+00 -8.660254e-02
      vertex -9.000000e-01 -1.558846e+00 0.000000e+00
    endloop
  endfacet
  facet normal -4.854140e-01 -7.474720e-01 4.534963e-01
    outer loop
      vertex -1.084698e+00 -1.492959e+00 -8.910065e-02
      vertex -9.000000e-01 -1.558846e+00 0.000000e+00
      vertex -1.058013e+00 -1.456231e+00 0.000000e+00
    endloop
  endfacet
  facet normal -4.718328e-01 -7.265588e-01 4.994858e-01
    outer loop
      vertex -1.058013e+00 -1.456231e+00 0.000000e+00
      vertex -9.000000e-01 -1.558846e+00 0.000000e+00
      vertex -8.750000e-01 -1.515544e+00 8.660254e-02
    endloop
  endfacet
  facet normal -4.614897e-01 -7.629431e-01 4.527086e-01
    outer loop
      vertex -1.058013e+00 -1.456231e+00 0.000000e+00
      vertex -8.750000e-01 -1.515544e+00 8.660254e-02
      vertex -1.031329e+00 -1.419502e+00 8.910065e-02
    endloop
  endfacet
  facet normal -4.475424e-01 -7.414693e-01 4.999290e-01
    outer loop
      vertex -1.031329e+00 -1.419502e+00 8.910065e-02
      vertex -8.750000e-01 -1.515544e+00 8.660254e-02
      vertex -8.500000e-01 -1.472243e+00 1.732051e-01
    endloop
  endfacet
  facet normal -4.358649e-01 -7.785804e-01 4.514802e-01
    outer loop
      vertex -1.031329e+00 -1.419502e+00 8.910065e-02
      vertex -8.500000e-01 -1.472243e+00 1.732051e-01
      vertex -1.004644e+00 -1.382773e+00 1.782013e-01
    endloop
  endfacet
  facet normal -4.215439e-01 -7.565344e-01 4.999564e-01
    outer loop
      vertex -1.004644e+00 -1.382773e+00 1.782013e-01
      vertex -8.500000e-01 -1.472243e+00 1.732051e-01
      vertex -8.250000e-01 -1.428942e+00 2.598076e-01
    endloop
  endfacet
  facet normal -4.084392e-01 -7.942965e-01 4.497448e-01
    outer loop
      vertex -1.004644e+00 -1.382773e+00 1.782013e-01
      vertex -8.250000e-01 -1.428942e+00 2.598076e-01
      vertex -9.779588e-01 -1.346045e+00 2.673020e-01
    endloop
  endfacet
  facet normal -3.937384e-01 -7.716689e-01 4.994969e-01
    outer loop
      vertex -9.779588e-01 -1.346045e+00 2.673020e-01
      vertex -8.250000e-01 -1.428942e+00 2.598076e-01
      vertex -8.000000e-01 -1.385641e+00 3.464102e-01
    endloop
  endfacet
  facet normal -3.791185e-01 -8.099847e-01 4.474304e-01
    outer loop
      vertex -9.779588e-01 -1.346045e+00 2.673020e-01
      vertex -8.000000e-01 -1.385641e+00 3.464102e-01
      vertex -9.512739e-01 -1.309316e+00 3.564026e-01
    endloop
  endfacet
  facet normal -4.679184e-01 -7.003243e-01 5.390717e-01
    outer loop
      vertex -1.000000e+00 -1.732051e+00 -3.464102e-01
      vertex -8.207358e-01 -1.843403e+00 -3.354682e-01
      vertex -7.985834e-01 -1.793648e+00 -2.516012e-01
    endloop
  endfacet
  facet normal -4.597381e-01 -7.340863e-01 4.997581e-01
    outer loop
      vertex -1.000000e+00 -1.732051e+00 -3.464102e-01
      vertex -7.985834e-01 -1.793648e+00 -2.516012e-01
      vertex -9.750000e-01 -1.688750e+00 -2.598076e-01
    endloop
  endfacet
  facet normal -4.483708e-01 -7.117661e-01 5.406965e-01
    outer loop
      vertex -9.750000e-01 -1.688750e+00 -2.598076e-01
      vertex -7.985834e-01 -1.793648e+00 -2.516012e-01
      vertex -7.764309e-01 -1.743892e+00 -1.677341e-01
    endloop
  endfacet
  facet normal -4.391253e-01 -7.464459e-01 4.999875e-01
    outer loop
      vertex -9.750000e-01 -1.688750e+00 -2.598076e-01
      vertex -7.764309e-01 -1.743892e+00 -1.677341e-01
      vertex -9.500000e-01 -1.645448e+00 -1.732051e-01
    endloop
  endfacet
  facet normal -4.274263e-01 -7.234782e-01 5.421126e-01
    outer loop
      vertex -9.500000e-01 -1.645448e+00 -1.732051e-01
      vertex -7.764309e-01 -1.743892e+00 -1.677341e-01
      vertex -7.542784e-01 -1.694137e+00 -8.386706e-02
    endloop
  endfacet
  facet normal -4.170182e-01 -7.590654e-01 4.999155e-01
    outer loop
      vertex -9.500000e-01 -1.645448e+00 -1.732051e-01
      vertex -7.542784e-01 -1.694137e+00 -8.386706e-02
      vertex -9.250000e-01 -1.602147e+00 -8.660254e-02
    endloop
  endfacet
  facet normal -4.049753e-01 -7.354263e-01 5.432708e-01
    outer loop
      vertex -9.250000e-01 -1.602147e+00 -8.660254e-02
      vertex -7.542784e-01 -1.694137e+00 -8.386706e-02
      vertex -7.321260e-01 -1.644382e+00 0.000000e+00
    endloop
  endfacet
  facet normal -3.933020e-01 -7.718986e-01 4.994858e-01
    outer loop
      vertex -9.250000e-01 -1.602147e+00 -8.660254e-02
      vertex -7.321260e-01 -1.644382e+00 0.000000e+00
      vertex -9.000000e-01 -1.558846e+00 0.000000e+00
    endloop
  endfacet
  facet normal -3.809032e-01 -7.475647e-01 5.441137e-01
    outer loop
      vertex -9.000000e-01 -1.558846e+00 0.000000e+00
      vertex -7.321260e-01 -1.644382e+00 0.000000e+00
      vertex -7.099735e-01 -1.594627e+00 8.386706e-02
    endloop
  endfacet
  facet normal -3.678582e-01 -7.848850e-01 4.986340e-01
    outer loop
      vertex -9.000000e-01 -1.558846e+00 0.000000e+00
      vertex -7.099735e-01 -1.594627e+00 8.386706e-02
      vertex -8.750000e-01 -1.515544e+00 8.660254e-02
    endloop
  endfacet
  facet normal -3.550921e-01 -7.598340e-01 5.445749e-01
    outer loop
      vertex -8.750000e-01 -1.515544e+00 8.660254e-02
      vertex -7.099735e-01 -1.594627e+00 8.386706e-02
      vertex -6.878210e-01 -1.544871e+00 1.677341e-01
    endloop
  endfacet
  facet normal -3.405669e-01 -7.979474e-01 4.972869e-01
    outer loop
      vertex -8.750000e-01 -1.515544e+00 8.660254e-02
      vertex -6.878210e-01 -1.544871e+00 1.677341e-01
      vertex -8.500000e-01 -1.472243e+00 1.732051e-01
    endloop
  endfacet
  facet normal -3.274227e-01 -7.721587e-01 5.445782e-01
    outer loop
      vertex -8.500000e-01 -1.472243e+00 1.732051e-01
      vertex -6.878210e-01 -1.544871e+00 1.677341e-01
      vertex -6.656686e-01 -1.495116e+00 2.516012e-01
    endloop
  endfacet
  facet normal -3.113093e-01 -8.109891e-01 4.953618e-01
    outer loop
      vertex -8.500000e-01 -1.472243e+00 1.732051e-01
      vertex -6.656686e-01 -1.495116e+00 2.516012e-01
      vertex -8.250000e-01 -1.428942e+00 2.598076e-01
    endloop
  endfacet
  facet normal -2.977776e-01 -7.844443e-01 5.440364e-01
    outer loop
      vertex -8.250000e-01 -1.428942e+00 2.598076e-01
      vertex -6.656686e-01 -1.495116e+00 2.516012e-01
      vertex -6.435161e-01 -1.445361e+00 3.354682e-01
    endloop
  endfacet
  facet normal -2.799720e-01 -8.238913e-01 4.927666e-01
    outer loop
      vertex -8.250000e-01 -1.428942e+00 2.598076e-01
      vertex -6.435161e-01 -1.445361e+00 3.354682e-01
      vertex -8.000000e-01 -1.385641e+00 3.464102e-01
    endloop
  endfacet
  facet normal -3.809146e-01 -7.184764e-01 5.819757e-01
    outer loop
      vertex -8.207358e-01 -1.843403e+00 -3.354682e-01
      vertex -6.288848e-01 -1.935509e+00 -3.236068e-01
      vertex -6.107213e-01 -1.879607e+00 -2.427051e-01
    endloop
  endfacet
  facet normal -3.702065e-01 -7.527416e-01 5.443595e-01
    outer loop
      vertex -8.207358e-01 -1.843403e+00 -3.354682e-01
      vertex -6.107213e-01 -1.879607e+00 -2.427051e-01
      vertex -7.985834e-01 -1.793648e+00 -2.516012e-01
    endloop
  endfacet
  facet normal -3.605429e-01 -7.275532e-01 5.836738e-01
    outer loop
      vertex -7.985834e-01 -1.793648e+00 -2.516012e-01
      vertex -6.107213e-01 -1.879607e+00 -2.427051e-01
      vertex -5.925577e-01 -1.823705e+00 -1.618034e-01
    endloop
  endfacet
  facet normal -3.486597e-01 -7.627746e-01 5.446204e-01
    outer loop
      vertex -7.985834e-01 -1.793648e+00 -2.516012e-01
      vertex -5.925577e-01 -1.823705e+00 -1.618034e-01
      vertex -7.764309e-01 -1.743892e+00 -1.677341e-01
    endloop
  endfacet
  facet normal -3.386932e-01 -7.368014e-01 5.851586e-01
    outer loop
      vertex -7.764309e-01 -1.743892e+00 -1.677341e-01
      vertex -5.925577e-01 -1.823705e+00 -1.618034e-01
      vertex -5.743942e-01 -1.767803e+00 -8.090170e-02
    endloop
  endfacet
  facet normal -3.255255e-01 -7.729730e-01 5.445602e-01
    outer loop
      vertex -7.764309e-01 -1.743892e+00 -1.677341e-01
      vertex -5.743942e-01 -1.767803e+00 -8.090170e-02
      vertex -7.542784e-01 -1.694137e+00 -8.386706e-02
    endloop
  endfacet
  facet normal -3.152430e-01 -7.461811e-01 5.863749e-01
    outer loop
      vertex -7.542784e-01 -1.694137e+00 -8.386706e-02
      vertex -5.743942e-01 -1.767803e+00 -8.090170e-02
      vertex -5.562306e-01 -1.711902e+00 0.000000e+00
    endloop
  endfacet
  facet normal -3.006748e-01 -7.832847e-01 5.441137e-01
    outer loop
      vertex -7.542784e-01 -1.694137e+00 -8.386706e-02
      vertex -5.562306e-01 -1.711902e+00 0.000000e+00
      vertex -7.321260e-01 -1.644382e+00 0.000000e+00
    endloop
  endfacet
  facet normal -2.900630e-01 -7.556401e-01 5.872576e-01
    outer loop
      vertex -7.321260e-01 -1.644382e+00 0.000000e+00
      vertex -5.562306e-01 -1.711902e+00 0.000000e+00
      vertex -5.380670e-01 -1.656000e+00 8.090170e-02
    endloop
  endfacet
  facet normal -2.739730e-01 -7.936416e-01 5.432051e-01
    outer loop
      vertex -7.321260e-01 -1.644382e+00 0.000000e+00
      vertex -5.380670e-01 -1.656000e+00 8.090170e-02
      vertex -7.099735e-01 -1.594627e+00 8.386706e-02
    endloop
  endfacet
  facet normal -2.630190e-01 -7.651108e-01 5.877300e-01
    outer loop
      vertex -7.099735e-01 -1.594627e+00 8.386706e-02
      vertex -5.380670e-01 -1.656000e+00 8.090170e-02
      vertex -5.199035e-01 -1.600098e+00 1.618034e-01
    endloop
  endfacet
  facet normal -2.452823e-01 -8.039572e-01 5.417467e-01
    outer loop
      vertex -7.099735e-01 -1.594627e+00 8.386706e-02
      vertex -5.199035e-01 -1.600098e+00 1.618034e-01
      vertex -6.878210e-01 -1.544871e+00 1.677341e-01
    endloop
  endfacet
  facet normal -2.339735e-01 -7.745079e-01 5.877022e-01
    outer loop
      vertex -6.878210e-01 -1.544871e+00 1.677341e-01
      vertex -5.199035e-01 -1.600098e+00 1.618034e-01
      vertex -5.017399e-01 -1.544197e+00 2.427051e-01
    endloop
  endfacet
  facet normal -2.144650e-01 -8.141229e-01 5.396376e-01
    outer loop
      vertex -6.878210e-01 -1.544871e+00 1.677341e-01
      vertex -5.017399e-01 -1.544197e+00 2.427051e-01
      vertex -6.656686e-01 -1.495116e+00 2.516012e-01
    endloop
  endfacet
  facet normal -2.027898e-01 -7.837252e-01 5.870699e-01
    outer loop
      vertex -6.656686e-01 -1.495116e+00 2.516012e-01
      vertex -5.017399e-01 -1.544197e+00 2.427051e-01
      vertex -4.835763e-01 -1.488295e+00 3.236068e-01
    endloop
  endfacet
  facet normal -1.813879e-01 -8.240047e-01 5.367632e-01
    outer loop
      vertex -6.656686e-01 -1.495116e+00 2.516012e-01
      vertex -4.835763e-01 -1.488295e+00 3.236068e-01
      vertex -6.435161e-01 -1.445361e+00 3.354682e-01
    endloop
  endfacet
  facet normal -2.948350e-01 -7.242581e-01 6.233158e-01
    outer loop
      vertex -6.288848e-01 -1.935509e+00 -3.236068e-01
      vertex -4.265783e-01 -2.006893e+00 -3.108584e-01
      vertex -4.134940e-01 -1.945336e+00 -2.331438e-01
    endloop
  endfacet
  facet normal -2.813515e-01 -7.587678e-01 5.874630e-01
    outer loop
      vertex -6.288848e-01 -1.935509e+00 -3.236068e-01
      vertex -4.134940e-01 -1.945336e+00 -2.331438e-01
      vertex -6.107213e-01 -1.879607e+00 -2.427051e-01
    endloop
  endfacet
  facet normal -2.738978e-01 -7.309308e-01 6.250761e-01
    outer loop
      vertex -6.107213e-01 -1.879607e+00 -2.427051e-01
      vertex -4.134940e-01 -1.945336e+00 -2.331438e-01
      vertex -4.004097e-01 -1.883779e+00 -1.554292e-01
    endloop
  endfacet
  facet normal -2.591156e-01 -7.664199e-01 5.877582e-01
    outer loop
      vertex -6.107213e-01 -1.879607e+00 -2.427051e-01
      vertex -4.004097e-01 -1.883779e+00 -1.554292e-01
      vertex -5.925577e-01 -1.823705e+00 -1.618034e-01
    endloop
  endfacet
  facet normal -2.514126e-01 -7.376584e-01 6.266193e-01
    outer loop
      vertex -5.925577e-01 -1.823705e+00 -1.618034e-01
      vertex -4.004097e-01 -1.883779e+00 -1.554292e-01
      vertex -3.873254e-01 -1.822223e+00 -7.771460e-02
    endloop
  endfacet
  facet normal -2.352089e-01 -7.741244e-01 5.877145e-01
    outer loop
      vertex -5.925577e-01 -1.823705e+00 -1.618034e-01
      vertex -3.873254e-01 -1.822223e+00 -7.771460e-02
      vertex -5.743942e-01 -1.767803e+00 -8.090170e-02
    endloop
  endfacet
  facet normal -2.272443e-01 -7.443930e-01 6.278846e-01
    outer loop
      vertex -5.743942e-01 -1.767803e+00 -8.090170e-02
      vertex -3.873254e-01 -1.822223e+00 -7.771460e-02
      vertex -3.742410e-01 -1.760666e+00 0.000000e+00
    endloop
  endfacet
  facet normal -2.094882e-01 -7.818204e-01 5.872576e-01
    outer loop
      vertex -5.743942e-01 -1.767803e+00 -8.090170e-02
      vertex -3.742410e-01 -1.760666e+00 0.000000e+00
      vertex -5.562306e-01 -1.711902e+00 0.000000e+00
    endloop
  endfacet
  facet normal -2.012494e-01 -7.510728e-01 6.287991e-01
    outer loop
      vertex -5.562306e-01 -1.711902e+00 0.000000e+00
      vertex -3.742410e-01 -1.760666e+00 0.000000e+00
      vertex -3.611567e-01 -1.699109e+00 7.771460e-02
    endloop
  endfacet
  facet normal -1.818029e-01 -7.894301e-01 5.863001e-01
    outer loop
      vertex -5.562306e-01 -1.711902e+00 0.000000e+00
      vertex -3.611567e-01 -1.699109e+00 7.771460e-02
      vertex -5.380670e-01 -1.656000e+00 8.090170e-02
    endloop
  endfacet
  facet normal -1.732773e-01 -7.576197e-01 6.292753e-01
    outer loop
      vertex -5.380670e-01 -1.656000e+00 8.090170e-02
      vertex -3.611567e-01 -1.699109e+00 7.771460e-02
      vertex -3.480724e-01 -1.637552e+00 1.554292e-01
    endloop
  endfacet
  facet normal -1.519977e-01 -7.968547e-01 5.847387e-01
    outer loop
      vertex -5.380670e-01 -1.656000e+00 8.090170e-02
      vertex -3.480724e-01 -1.637552e+00 1.554292e-01
      vertex -5.199035e-01 -1.600098e+00 1.618034e-01
    endloop
  endfacet
  facet normal -1.431726e-01 -7.639354e-01 6.292093e-01
    outer loop
      vertex -5.199035e-01 -1.600098e+00 1.618034e-01
      vertex -3.480724e-01 -1.637552e+00 1.554292e-01
      vertex -3.349881e-01 -1.575995e+00 2.331438e-01
    endloop
  endfacet
  facet normal -1.199155e-01 -8.039708e-01 5.824528e-01
    outer loop
      vertex -5.199035e-01 -1.600098e+00 1.618034e-01
      vertex -3.349881e-01 -1.575995e+00 2.331438e-01
      vertex -5.017399e-01 -1.544197e+00 2.427051e-01
    endloop
  endfacet
  facet normal -1.107790e-01 -7.698980e-01 6.284784e-01
    outer loop
      vertex -5.017399e-01 -1.544197e+00 2.427051e-01
      vertex -3.349881e-01 -1.575995e+00 2.331438e-01
      vertex -3.219038e-01 -1.514438e+00 3.108584e-01
    endloop
  endfacet
  facet normal -8.540332e-02 -8.106259e-01 5.793030e-01
    outer loop
      vertex -5.017399e-01 -1.544197e+00 2.427051e-01
      vertex -3.219038e-01 -1.514438e+00 3.108584e-01
      vertex -4.835763e-01 -1.488295e+00 3.236068e-01
    endloop
  endfacet
  facet normal -2.115276e-01 -7.181344e-01 6.629774e-01
    outer loop
      vertex -4.265783e-01 -2.006893e+00 -3.108584e-01
      vertex -2.161285e-01 -2.056325e+00 -2.972579e-01
      vertex -2.091342e-01 -1.989779e+00 -2.229434e-01
    endloop
  endfacet
  facet normal -1.950588e-01 -7.525786e-01 6.289495e-01
    outer loop
      vertex -4.265783e-01 -2.006893e+00 -3.108584e-01
      vertex -2.091342e-01 -1.989779e+00 -2.229434e-01
      vertex -4.134940e-01 -1.945336e+00 -2.331438e-01
    endloop
  endfacet
  facet normal -1.902826e-01 -7.223905e-01 6.647891e-01
    outer loop
      vertex -4.134940e-01 -1.945336e+00 -2.331438e-01
      vertex -2.091342e-01 -1.989779e+00 -2.229434e-01
      vertex -2.021399e-01 -1.923232e+00 -1.486290e-01
    endloop
  endfacet
  facet normal -1.723791e-01 -7.578190e-01 6.292819e-01
    outer loop
      vertex -4.134940e-01 -1.945336e+00 -2.331438e-01
      vertex -2.021399e-01 -1.923232e+00 -1.486290e-01
      vertex -4.004097e-01 -1.883779e+00 -1.554292e-01
    endloop
  endfacet
  facet normal -1.674332e-01 -7.265693e-01 6.663806e-01
    outer loop
      vertex -4.004097e-01 -1.883779e+00 -1.554292e-01
      vertex -2.021399e-01 -1.923232e+00 -1.486290e-01
      vertex -1.951456e-01 -1.856686e+00 -7.431448e-02
    endloop
  endfacet
  facet normal -1.479578e-01 -7.629816e-01 6.292595e-01
    outer loop
      vertex -4.004097e-01 -1.883779e+00 -1.554292e-01
      vertex -1.951456e-01 -1.856686e+00 -7.431448e-02
      vertex -3.873254e-01 -1.822223e+00 -7.771460e-02
    endloop
  endfacet
  facet normal -1.428329e-01 -7.306124e-01 6.676857e-01
    outer loop
      vertex -3.873254e-01 -1.822223e+00 -7.771460e-02
      vertex -1.951456e-01 -1.856686e+00 -7.431448e-02
      vertex -1.881512e-01 -1.790139e+00 0.000000e+00
    endloop
  endfacet
  facet normal -1.216384e-01 -7.679947e-01 6.287991e-01
    outer loop
      vertex -3.873254e-01 -1.822223e+00 -7.771460e-02
      vertex -1.881512e-01 -1.790139e+00 0.000000e+00
      vertex -3.742410e-01 -1.760666e+00 0.000000e+00
    endloop
  endfacet
  facet normal -1.163248e-01 -7.344460e-01 6.686237e-01
    outer loop
      vertex -3.742410e-01 -1.760666e+00 0.000000e+00
      vertex -1.881512e-01 -1.790139e+00 0.000000e+00
      vertex -1.811569e-01 -1.723593e+00 7.431448e-02
    endloop
  endfacet
  facet normal -9.325500e-02 -7.727675e-01 6.278008e-01
    outer loop
      vertex -3.742410e-01 -1.760666e+00 0.000000e+00
      vertex -1.811569e-01 -1.723593e+00 7.431448e-02
      vertex -3.611567e-01 -1.699109e+00 7.771460e-02
    endloop
  endfacet
  facet normal -8.774277e-02 -7.379779e-01 6.690963e-01
    outer loop
      vertex -3.611567e-01 -1.699109e+00 7.771460e-02
      vertex -1.811569e-01 -1.723593e+00 7.431448e-02
      vertex -1.741626e-01 -1.657046e+00 1.486290e-01
    endloop
  endfacet
  facet normal -6.263489e-02 -7.771863e-01 6.261456e-01
    outer loop
      vertex -3.611567e-01 -1.699109e+00 7.771460e-02
      vertex -1.741626e-01 -1.657046e+00 1.486290e-01
      vertex -3.480724e-01 -1.637552e+00 1.554292e-01
    endloop
  endfacet
  facet normal -5.691400e-02 -7.410937e-01 6.689850e-01
    outer loop
      vertex -3.480724e-01 -1.637552e+00 1.554292e-01
      vertex -1.741626e-01 -1.657046e+00 1.486290e-01
      vertex -1.671683e-01 -1.590500e+00 2.229434e-01
    endloop
  endfacet
  facet normal -2.960247e-02 -7.811096e-01 6.236918e-01
    outer loop
      vertex -3.480724e-01 -1.637552e+00 1.554292e-01
      vertex -1.671683e-01 -1.590500e+00 2.229434e-01
      vertex -3.349881e-01 -1.575995e+00 2.331438e-01
    endloop
  endfacet
  facet normal -2.366302e-02 -7.436528e-01 6.681471e-01
    outer loop
      vertex -3.349881e-01 -1.575995e+00 2.331438e-01
      vertex -1.671683e-01 -1.590500e+00 2.229434e-01
      vertex -1.601740e-01 -1.523953e+00 2.972579e-01
    endloop
  endfacet
  facet normal 6.014742e-03 -7.843634e-01 6.202724e-01
    outer loop
      vertex -3.349881e-01 -1.575995e+00 2.331438e-01
      vertex -1.601740e-01 -1.523953e+00 2.972579e-01
      vertex -3.219038e-01 -1.514438e+00 3.108584e-01
    endloop
  endfacet
  facet normal -1.327338e-01 -7.008501e-01 7.008501e-01
    outer loop
      vertex -2.161285e-01 -2.056325e+00 -2.972579e-01
      vertex -3.826120e-16 -2.082843e+00 -2.828427e-01
      vertex -3.696227e-16 -2.012132e+00 -2.121320e-01
    endloop
  endfacet
  facet normal -1.131157e-01 -7.348735e-01 6.687045e-01
    outer loop
      vertex -2.161285e-01 -2.056325e+00 -2.972579e-01
      vertex -3.696227e-16 -2.012132e+00 -2.121320e-01
      vertex -2.091342e-01 -1.989779e+00 -2.229434e-01
    endloop
  endfacet
  facet normal -1.114347e-01 -7.027028e-01 7.027028e-01
    outer loop
      vertex -2.091342e-01 -1.989779e+00 -2.229434e-01
      vertex -3.696227e-16 -2.012132e+00 -2.121320e-01
      vertex -3.566333e-16 -1.941421e+00 -1.414214e-01
    endloop
  endfacet
  facet normal -9.023615e-02 -7.376945e-01 6.690772e-01
    outer loop
      vertex -2.091342e-01 -1.989779e+00 -2.229434e-01
      vertex -3.566333e-16 -1.941421e+00 -1.414214e-01
      vertex -2.021399e-01 -1.923232e+00 -1.486290e-01
    endloop
  endfacet
  facet normal -8.849130e-02 -7.043328e-01 7.043328e-01
    outer loop
      vertex -2.021399e-01 -1.923232e+00 -1.486290e-01
      vertex -3.566333e-16 -1.941421e+00 -1.414214e-01
      vertex -3.436440e-16 -1.870711e+00 -7.071068e-02
    endloop
  endfacet
  facet normal -6.555958e-02 -7.402922e-01 6.690810e-01
    outer loop
      vertex -2.021399e-01 -1.923232e+00 -1.486290e-01
      vertex -3.436440e-16 -1.870711e+00 -7.071068e-02
      vertex -1.951456e-01 -1.856686e+00 -7.431448e-02
    endloop
  endfacet
  facet normal -6.374691e-02 -7.056686e-01 7.056686e-01
    outer loop
      vertex -1.951456e-01 -1.856686e+00 -7.431448e-02
      vertex -3.436440e-16 -1.870711e+00 -7.071068e-02
      vertex -3.306546e-16 -1.800000e+00 0.000000e+00
    endloop
  endfacet
  facet normal -3.891707e-02 -7.425819e-01 6.686237e-01
    outer loop
      vertex -1.951456e-01 -1.856686e+00 -7.431448e-02
      vertex -3.306546e-16 -1.800000e+00 0.000000e+00
      vertex -1.881512e-01 -1.790139e+00 0.000000e+00
    endloop
  endfacet
  facet normal -3.703248e-02 -7.066218e-01 7.066218e-01
    outer loop
      vertex -1.881512e-01 -1.790139e+00 0.000000e+00
      vertex -3.306546e-16 -1.800000e+00 0.000000e+00
      vertex -3.176653e-16 -1.729289e+00 7.071068e-02
    endloop
  endfacet
  facet normal -1.012857e-02 -7.444571e-01 6.675934e-01
    outer loop
      vertex -1.881512e-01 -1.790139e+00 0.000000e+00
      vertex -3.176653e-16 -1.729289e+00 7.071068e-02
      vertex -1.811569e-01 -1.723593e+00 7.431448e-02
    endloop
  endfacet
  facet normal -8.167776e-03 -7.070832e-01 7.070832e-01
    outer loop
      vertex -1.811569e-01 -1.723593e+00 7.431448e-02
      vertex -3.176653e-16 -1.729289e+00 7.071068e-02
      vertex -3.046760e-16 -1.658579e+00 1.414214e-01
    endloop
  endfacet
  facet normal 2.099472e-02 -7.457863e-01 6.658544e-01
    outer loop
      vertex -1.811569e-01 -1.723593e+00 7.431448e-02
      vertex -3.046760e-16 -1.658579e+00 1.414214e-01
      vertex -1.741626e-01 -1.657046e+00 1.486290e-01
    endloop
  endfacet
  facet normal 2.303610e-02 -7.069191e-01 7.069191e-01
    outer loop
      vertex -1.741626e-01 -1.657046e+00 1.486290e-01
      vertex -3.046760e-16 -1.658579e+00 1.414214e-01
      vertex -2.916866e-16 -1.587868e+00 2.121320e-01
    endloop
  endfacet
  facet normal 5.464604e-02 -7.464066e-01 6.632427e-01
    outer loop
      vertex -1.741626e-01 -1.657046e+00 1.486290e-01
      vertex -2.916866e-16 -1.587868e+00 2.121320e-01
      vertex -1.671683e-01 -1.590500e+00 2.229434e-01
    endloop
  endfacet
  facet normal 5.677244e-02 -7.059663e-01 7.059663e-01
    outer loop
      vertex -1.671683e-01 -1.590500e+00 2.229434e-01
      vertex -2.916866e-16 -1.587868e+00 2.121320e-01
      vertex -2.786973e-16 -1.517157e+00 2.828427e-01
    endloop
  endfacet
  facet normal 9.101629e-02 -7.461191e-01 6.595622e-01
    outer loop
      vertex -1.671683e-01 -1.590500e+00 2.229434e-01
      vertex -2.786973e-16 -1.517157e+00 2.828427e-01
      vertex -1.601740e-01 -1.523953e+00 2.972579e-01
    endloop
  endfacet
  facet normal -6.004524e-02 -6.734084e-01 7.368281e-01
    outer loop
      vertex -3.826120e-16 -2.082843e+00 -2.828427e-01
      vertex 2.192231e-01 -2.085769e+00 -2.676522e-01
      vertex 2.114552e-01 -2.011862e+00 -2.007392e-01
    endloop
  endfacet
  facet normal -3.716754e-02 -7.066182e-01 7.066182e-01
    outer loop
      vertex -3.826120e-16 -2.082843e+00 -2.828427e-01
      vertex 2.114552e-01 -2.011862e+00 -2.007392e-01
      vertex -3.696227e-16 -2.012132e+00 -2.121320e-01
    endloop
  endfacet
  facet normal -3.893983e-02 -6.728956e-01 7.387118e-01
    outer loop
      vertex -3.696227e-16 -2.012132e+00 -2.121320e-01
      vertex 2.114552e-01 -2.011862e+00 -2.007392e-01
      vertex 2.036872e-01 -1.937954e+00 -1.338261e-01
    endloop
  endfacet
  facet normal -1.432919e-02 -7.070342e-01 7.070342e-01
    outer loop
      vertex -3.696227e-16 -2.012132e+00 -2.121320e-01
      vertex 2.036872e-01 -1.937954e+00 -1.338261e-01
      vertex -3.566333e-16 -1.941421e+00 -1.414214e-01
    endloop
  endfacet
  facet normal -1.616855e-02 -6.720042e-01 7.403708e-01
    outer loop
      vertex -3.566333e-16 -1.941421e+00 -1.414214e-01
      vertex 2.036872e-01 -1.937954e+00 -1.338261e-01
      vertex 1.959192e-01 -1.864047e+00 -6.691306e-02
    endloop
  endfacet
  facet normal 1.034431e-02 -7.070689e-01 7.070689e-01
    outer loop
      vertex -3.566333e-16 -1.941421e+00 -1.414214e-01
      vertex 1.959192e-01 -1.864047e+00 -6.691306e-02
      vertex -3.436440e-16 -1.870711e+00 -7.071068e-02
    endloop
  endfacet
  facet normal 8.433671e-03 -6.706475e-01 7.417283e-01
    outer loop
      vertex -3.436440e-16 -1.870711e+00 -7.071068e-02
      vertex 1.959192e-01 -1.864047e+00 -6.691306e-02
      vertex 1.881512e-01 -1.790139e+00 0.000000e+00
    endloop
  endfacet
  facet normal 3.703248e-02 -7.066218e-01 7.066218e-01
    outer loop
      vertex -3.436440e-16 -1.870711e+00 -7.071068e-02
      vertex 1.881512e-01 -1.790139e+00 0.000000e+00
      vertex -3.306546e-16 -1.800000e+00 0.000000e+00
    endloop
  endfacet
  facet normal 3.504611e-02 -6.687196e-01 7.426883e-01
    outer loop
      vertex -3.306546e-16 -1.800000e+00 0.000000e+00
      vertex 1.881512e-01 -1.790139e+00 0.000000e+00
      vertex 1.803833e-01 -1.716232e+00 6.691306e-02
    endloop
  endfacet
  facet normal 6.592791e-02 -7.055684e-01 7.055684e-01
    outer loop
      vertex -3.306546e-16 -1.800000e+00 0.000000e+00
      vertex 1.803833e-01 -1.716232e+00 6.691306e-02
      vertex -3.176653e-16 -1.729289e+00 7.071068e-02
    endloop
  endfacet
  facet normal 6.386114e-02 -6.660917e-01 7.431309e-01
    outer loop
      vertex -3.176653e-16 -1.729289e+00 7.071068e-02
      vertex 1.803833e-01 -1.716232e+00 6.691306e-02
      vertex 1.726153e-01 -1.642325e+00 1.338261e-01
    endloop
  endfacet
  facet normal 9.723381e-02 -7.037562e-01 7.037562e-01
    outer loop
      vertex -3.176653e-16 -1.729289e+00 7.071068e-02
      vertex 1.726153e-01 -1.642325e+00 1.338261e-01
      vertex -3.046760e-16 -1.658579e+00 1.414214e-01
    endloop
  endfacet
  facet normal 9.508179e-02 -6.626075e-01 7.429070e-01
    outer loop
      vertex -3.046760e-16 -1.658579e+00 1.414214e-01
      vertex 1.726153e-01 -1.642325e+00 1.338261e-01
      vertex 1.648473e-01 -1.568417e+00 2.007392e-01
    endloop
  endfacet
  facet normal 1.311594e-01 -7.009983e-01 7.009983e-01
    outer loop
      vertex -3.046760e-16 -1.658579e+00 1.414214e-01
      vertex 1.648473e-01 -1.568417e+00 2.007392e-01
      vertex -2.916866e-16 -1.587868e+00 2.121320e-01
    endloop
  endfacet
  facet normal 1.289172e-01 -6.580777e-01 7.418316e-01
    outer loop
      vertex -2.916866e-16 -1.587868e+00 2.121320e-01
      vertex 1.648473e-01 -1.568417e+00 2.007392e-01
      vertex 1.570793e-01 -1.494510e+00 2.676522e-01
    endloop
  endfacet
  facet normal 1.679122e-01 -6.970672e-01 6.970672e-01
    outer loop
      vertex -2.916866e-16 -1.587868e+00 2.121320e-01
      vertex 1.570793e-01 -1.494510e+00 2.676522e-01
      vertex -2.786973e-16 -1.517157e+00 2.828427e-01
    endloop
  endfacet
  facet normal 5.133586e-03 -6.370437e-01 7.708106e-01
    outer loop
      vertex 2.192231e-01 -2.085769e+00 -2.676522e-01
      vertex 4.388721e-01 -2.064731e+00 -2.517282e-01
      vertex 4.227144e-01 -1.988715e+00 -1.887961e-01
    endloop
  endfacet
  facet normal 3.132126e-02 -6.690182e-01 7.425858e-01
    outer loop
      vertex 2.192231e-01 -2.085769e+00 -2.676522e-01
      vertex 4.227144e-01 -1.988715e+00 -1.887961e-01
      vertex 2.114552e-01 -2.011862e+00 -2.007392e-01
    endloop
  endfacet
  facet normal 2.580599e-02 -6.342271e-01 7.727160e-01
    outer loop
      vertex 2.114552e-01 -2.011862e+00 -2.007392e-01
      vertex 4.227144e-01 -1.988715e+00 -1.887961e-01
      vertex 4.065566e-01 -1.912698e+00 -1.258641e-01
    endloop
  endfacet
  facet normal 5.388240e-02 -6.670655e-01 7.430480e-01
    outer loop
      vertex 2.114552e-01 -2.011862e+00 -2.007392e-01
      vertex 4.065566e-01 -1.912698e+00 -1.258641e-01
      vertex 2.036872e-01 -1.937954e+00 -1.338261e-01
    endloop
  endfacet
  facet normal 4.814585e-02 -6.308683e-01 7.743947e-01
    outer loop
      vertex 2.036872e-01 -1.937954e+00 -1.338261e-01
      vertex 4.065566e-01 -1.912698e+00 -1.258641e-01
      vertex 3.903988e-01 -1.836682e+00 -6.293204e-02
    endloop
  endfacet
  facet normal 7.829739e-02 -6.645632e-01 7.431186e-01
    outer loop
      vertex 2.036872e-01 -1.937954e+00 -1.338261e-01
      vertex 3.903988e-01 -1.836682e+00 -6.293204e-02
      vertex 1.959192e-01 -1.864047e+00 -6.691306e-02
    endloop
  endfacet
  facet normal 7.232447e-02 -6.268635e-01 7.757650e-01
    outer loop
      vertex 1.959192e-01 -1.864047e+00 -6.691306e-02
      vertex 3.903988e-01 -1.836682e+00 -6.293204e-02
      vertex 3.742410e-01 -1.760666e+00 0.000000e+00
    endloop
  endfacet
  facet normal 1.047543e-01 -6.613929e-01 7.426883e-01
    outer loop
      vertex 1.959192e-01 -1.864047e+00 -6.691306e-02
      vertex 3.742410e-01 -1.760666e+00 0.000000e+00
      vertex 1.881512e-01 -1.790139e+00 0.000000e+00
    endloop
  endfacet
  facet normal 9.852893e-02 -6.220872e-01 7.767236e-01
    outer loop
      vertex 1.881512e-01 -1.790139e+00 0.000000e+00
      vertex 3.742410e-01 -1.760666e+00 0.000000e+00
      vertex 3.580833e-01 -1.684649e+00 6.293204e-02
    endloop
  endfacet
  facet normal 1.334563e-01 -6.574099e-01 7.416210e-01
    outer loop
      vertex 1.881512e-01 -1.790139e+00 0.000000e+00
      vertex 3.580833e-01 -1.684649e+00 6.293204e-02
      vertex 1.803833e-01 -1.716232e+00 6.691306e-02
    endloop
  endfacet
  facet normal 1.269612e-01 -6.163883e-01 7.771398e-01
    outer loop
      vertex 1.803833e-01 -1.716232e+00 6.691306e-02
      vertex 3.580833e-01 -1.684649e+00 6.293204e-02
      vertex 3.419255e-01 -1.608633e+00 1.258641e-01
    endloop
  endfacet
  facet normal 1.646186e-01 -6.524379e-01 7.397469e-01
    outer loop
      vertex 1.803833e-01 -1.716232e+00 6.691306e-02
      vertex 3.419255e-01 -1.608633e+00 1.258641e-01
      vertex 1.726153e-01 -1.642325e+00 1.338261e-01
    endloop
  endfacet
  facet normal 1.578359e-01 -6.095848e-01 7.768489e-01
    outer loop
      vertex 1.726153e-01 -1.642325e+00 1.338261e-01
      vertex 3.419255e-01 -1.608633e+00 1.258641e-01
      vertex 3.257677e-01 -1.532617e+00 1.887961e-01
    endloop
  endfacet
  facet normal 1.984641e-01 -6.462629e-01 7.368556e-01
    outer loop
      vertex 1.726153e-01 -1.642325e+00 1.338261e-01
      vertex 3.257677e-01 -1.532617e+00 1.887961e-01
      vertex 1.648473e-01 -1.568417e+00 2.007392e-01
    endloop
  endfacet
  facet normal 1.913750e-01 -6.014583e-01 7.756439e-01
    outer loop
      vertex 1.648473e-01 -1.568417e+00 2.007392e-01
      vertex 3.257677e-01 -1.532617e+00 1.887961e-01
      vertex 3.096100e-01 -1.456600e+00 2.517282e-01
    endloop
  endfacet
  facet normal 2.352146e-01 -6.386263e-01 7.326872e-01
    outer loop
      vertex 1.648473e-01 -1.568417e+00 2.007392e-01
      vertex 3.096100e-01 -1.456600e+00 2.517282e-01
      vertex 1.570793e-01 -1.494510e+00 2.676522e-01
    endloop
  endfacet
  facet normal 6.161948e-02 -5.931884e-01 8.027020e-01
    outer loop
      vertex 4.388721e-01 -2.064731e+00 -2.517282e-01
      vertex 6.562306e-01 -2.019670e+00 -2.351141e-01
      vertex 6.312306e-01 -1.942728e+00 -1.763356e-01
    endloop
  endfacet
  facet normal 9.110281e-02 -6.234869e-01 7.765078e-01
    outer loop
      vertex 4.388721e-01 -2.064731e+00 -2.517282e-01
      vertex 6.312306e-01 -1.942728e+00 -1.763356e-01
      vertex 4.227144e-01 -1.988715e+00 -1.887961e-01
    endloop
  endfacet
  facet normal 8.163000e-02 -5.881520e-01 8.046203e-01
    outer loop
      vertex 4.227144e-01 -1.988715e+00 -1.887961e-01
      vertex 6.312306e-01 -1.942728e+00 -1.763356e-01
      vertex 6.062306e-01 -1.865786e+00 -1.175571e-01
    endloop
  endfacet
  facet normal 1.131571e-01 -6.192226e-01 7.770192e-01
    outer loop
      vertex 4.227144e-01 -1.988715e+00 -1.887961e-01
      vertex 6.062306e-01 -1.865786e+00 -1.175571e-01
      vertex 4.065566e-01 -1.912698e+00 -1.258641e-01
    endloop
  endfacet
  facet normal 1.032885e-01 -5.824054e-01 8.063098e-01
    outer loop
      vertex 4.065566e-01 -1.912698e+00 -1.258641e-01
      vertex 6.062306e-01 -1.865786e+00 -1.175571e-01
      vertex 5.812306e-01 -1.788844e+00 -5.877853e-02
    endloop
  endfacet
  facet normal 1.370631e-01 -6.142331e-01 7.771302e-01
    outer loop
      vertex 4.065566e-01 -1.912698e+00 -1.258641e-01
      vertex 5.812306e-01 -1.788844e+00 -5.877853e-02
      vertex 3.903988e-01 -1.836682e+00 -6.293204e-02
    endloop
  endfacet
  facet normal 1.267700e-01 -5.758258e-01 8.076843e-01
    outer loop
      vertex 3.903988e-01 -1.836682e+00 -6.293204e-02
      vertex 5.812306e-01 -1.788844e+00 -5.877853e-02
      vertex 5.562306e-01 -1.711902e+00 0.000000e+00
    endloop
  endfacet
  facet normal 1.630150e-01 -6.083802e-01 7.767236e-01
    outer loop
      vertex 3.903988e-01 -1.836682e+00 -6.293204e-02
      vertex 5.562306e-01 -1.711902e+00 0.000000e+00
      vertex 3.742410e-01 -1.760666e+00 0.000000e+00
    endloop
  endfacet
  facet normal 1.522666e-01 -5.682666e-01 8.086334e-01
    outer loop
      vertex 3.742410e-01 -1.760666e+00 0.000000e+00
      vertex 5.562306e-01 -1.711902e+00 0.000000e+00
      vertex 5.312306e-01 -1.634960e+00 5.877853e-02
    endloop
  endfacet
  facet normal 1.912237e-01 -6.014967e-01 7.756515e-01
    outer loop
      vertex 3.742410e-01 -1.760666e+00 0.000000e+00
      vertex 5.312306e-01 -1.634960e+00 5.877853e-02
      vertex 3.580833e-01 -1.684649e+00 6.293204e-02
    endloop
  endfacet
  facet normal 1.799867e-01 -5.595518e-01 8.090158e-01
    outer loop
      vertex 3.580833e-01 -1.684649e+00 6.293204e-02
      vertex 5.312306e-01 -1.634960e+00 5.877853e-02
      vertex 5.062306e-01 -1.558018e+00 1.175571e-01
    endloop
  endfacet
  facet normal 2.219139e-01 -5.933803e-01 7.737273e-01
    outer loop
      vertex 3.580833e-01 -1.684649e+00 6.293204e-02
      vertex 5.062306e-01 -1.558018e+00 1.175571e-01
      vertex 3.419255e-01 -1.608633e+00 1.258641e-01
    endloop
  endfacet
  facet normal 2.101531e-01 -5.494716e-01 8.086511e-01
    outer loop
      vertex 3.419255e-01 -1.608633e+00 1.258641e-01
      vertex 5.062306e-01 -1.558018e+00 1.175571e-01
      vertex 4.812306e-01 -1.481075e+00 1.763356e-01
    endloop
  endfacet
  facet normal 2.553191e-01 -5.837875e-01 7.707168e-01
    outer loop
      vertex 3.419255e-01 -1.608633e+00 1.258641e-01
      vertex 4.812306e-01 -1.481075e+00 1.763356e-01
      vertex 3.257677e-01 -1.532617e+00 1.887961e-01
    endloop
  endfacet
  facet normal 2.429976e-01 -5.377754e-01 8.073102e-01
    outer loop
      vertex 3.257677e-01 -1.532617e+00 1.887961e-01
      vertex 4.812306e-01 -1.481075e+00 1.763356e-01
      vertex 4.562306e-01 -1.404133e+00 2.351141e-01
    endloop
  endfacet
  facet normal 2.916724e-01 -5.724256e-01 7.663264e-01
    outer loop
      vertex 3.257677e-01 -1.532617e+00 1.887961e-01
      vertex 4.562306e-01 -1.404133e+00 2.351141e-01
      vertex 3.096100e-01 -1.456600e+00 2.517282e-01
    endloop
  endfacet
  facet normal 1.084783e-01 -5.434353e-01 8.324125e-01
    outer loop
      vertex 6.562306e-01 -2.019670e+00 -2.351141e-01
      vertex 8.685732e-01 -1.950847e+00 -2.178556e-01
      vertex 8.344614e-01 -1.874231e+00 -1.633917e-01
    endloop
  endfacet
  facet normal 1.411750e-01 -5.716084e-01 8.082904e-01
    outer loop
      vertex 6.562306e-01 -2.019670e+00 -2.351141e-01
      vertex 8.344614e-01 -1.874231e+00 -1.633917e-01
      vertex 6.312306e-01 -1.942728e+00 -1.763356e-01
    endloop
  endfacet
  facet normal 1.276104e-01 -5.362839e-01 8.343351e-01
    outer loop
      vertex 6.312306e-01 -1.942728e+00 -1.763356e-01
      vertex 8.344614e-01 -1.874231e+00 -1.633917e-01
      vertex 8.003496e-01 -1.797615e+00 -1.089278e-01
    endloop
  endfacet
  facet normal 1.625008e-01 -5.651097e-01 8.088539e-01
    outer loop
      vertex 6.312306e-01 -1.942728e+00 -1.763356e-01
      vertex 8.003496e-01 -1.797615e+00 -1.089278e-01
      vertex 6.062306e-01 -1.865786e+00 -1.175571e-01
    endloop
  endfacet
  facet normal 1.483494e-01 -5.282530e-01 8.360270e-01
    outer loop
      vertex 6.062306e-01 -1.865786e+00 -1.175571e-01
      vertex 8.003496e-01 -1.797615e+00 -1.089278e-01
      vertex 7.662378e-01 -1.720998e+00 -5.446390e-02
    endloop
  endfacet
  facet normal 1.856540e-01 -5.577058e-01 8.090098e-01
    outer loop
      vertex 6.062306e-01 -1.865786e+00 -1.175571e-01
      vertex 7.662378e-01 -1.720998e+00 -5.446390e-02
      vertex 5.812306e-01 -1.788844e+00 -5.877853e-02
    endloop
  endfacet
  facet normal 1.708712e-01 -5.191999e-01 8.373975e-01
    outer loop
      vertex 5.812306e-01 -1.788844e+00 -5.877853e-02
      vertex 7.662378e-01 -1.720998e+00 -5.446390e-02
      vertex 7.321260e-01 -1.644382e+00 0.000000e+00
    endloop
  endfacet
  facet normal 2.108325e-01 -5.492373e-01 8.086334e-01
    outer loop
      vertex 5.812306e-01 -1.788844e+00 -5.877853e-02
      vertex 7.321260e-01 -1.644382e+00 0.000000e+00
      vertex 5.562306e-01 -1.711902e+00 0.000000e+00
    endloop
  endfacet
  facet normal 1.953695e-01 -5.089548e-01 8.383291e-01
    outer loop
      vertex 5.562306e-01 -1.711902e+00 0.000000e+00
      vertex 7.321260e-01 -1.644382e+00 0.000000e+00
      vertex 6.980142e-01 -1.567765e+00 5.446390e-02
    endloop
  endfacet
  facet normal 2.382516e-01 -5.395126e-01 8.075657e-01
    outer loop
      vertex 5.562306e-01 -1.711902e+00 0.000000e+00
      vertex 6.980142e-01 -1.567765e+00 5.446390e-02
      vertex 5.312306e-01 -1.634960e+00 5.877853e-02
    endloop
  endfacet
  facet normal 2.220559e-01 -4.973159e-01 8.386704e-01
    outer loop
      vertex 5.312306e-01 -1.634960e+00 5.877853e-02
      vertex 6.980142e-01 -1.567765e+00 5.446390e-02
      vertex 6.639023e-01 -1.491149e+00 1.089278e-01
    endloop
  endfacet
  facet normal 2.681423e-01 -5.283016e-01 8.056036e-01
    outer loop
      vertex 5.312306e-01 -1.634960e+00 5.877853e-02
      vertex 6.639023e-01 -1.491149e+00 1.089278e-01
      vertex 5.062306e-01 -1.558018e+00 1.175571e-01
    endloop
  endfacet
  facet normal 2.511576e-01 -4.840429e-01 8.382257e-01
    outer loop
      vertex 5.062306e-01 -1.558018e+00 1.175571e-01
      vertex 6.639023e-01 -1.491149e+00 1.089278e-01
      vertex 6.297905e-01 -1.414533e+00 1.633917e-01
    endloop
  endfacet
  facet normal 3.007453e-01 -5.153289e-01 8.024889e-01
    outer loop
      vertex 5.062306e-01 -1.558018e+00 1.175571e-01
      vertex 6.297905e-01 -1.414533e+00 1.633917e-01
      vertex 4.812306e-01 -1.481075e+00 1.763356e-01
    endloop
  endfacet
  facet normal 2.829117e-01 -4.688513e-01 8.367434e-01
    outer loop
      vertex 4.812306e-01 -1.481075e+00 1.763356e-01
      vertex 6.297905e-01 -1.414533e+00 1.633917e-01
      vertex 5.956787e-01 -1.337916e+00 2.178556e-01
    endloop
  endfacet
  facet normal 3.363012e-01 -5.002661e-01 7.978943e-01
    outer loop
      vertex 4.812306e-01 -1.481075e+00 1.763356e-01
      vertex 5.956787e-01 -1.337916e+00 2.178556e-01
      vertex 4.562306e-01 -1.404133e+00 2.351141e-01
    endloop
  endfacet
  facet normal 1.450463e-01 -4.894959e-01 8.598577e-01
    outer loop
      vertex 8.685732e-01 -1.950847e+00 -2.178556e-01
      vertex 1.073205e+00 -1.858846e+00 -2.000000e-01
      vertex 1.029904e+00 -1.783846e+00 -1.500000e-01
    endloop
  endfacet
  facet normal 1.808045e-01 -5.150961e-01 8.378459e-01
    outer loop
      vertex 8.685732e-01 -1.950847e+00 -2.178556e-01
      vertex 1.029904e+00 -1.783846e+00 -1.500000e-01
      vertex 8.344614e-01 -1.874231e+00 -1.633917e-01
    endloop
  endfacet
  facet normal 1.630976e-01 -4.803536e-01 8.617770e-01
    outer loop
      vertex 8.344614e-01 -1.874231e+00 -1.633917e-01
      vertex 1.029904e+00 -1.783846e+00 -1.500000e-01
      vertex 9.866025e-01 -1.708846e+00 -1.000000e-01
    endloop
  endfacet
  facet normal 2.011896e-01 -5.064593e-01 8.384639e-01
    outer loop
      vertex 8.344614e-01 -1.874231e+00 -1.633917e-01
      vertex 9.866025e-01 -1.708846e+00 -1.000000e-01
      vertex 8.003496e-01 -1.797615e+00 -1.089278e-01
    endloop
  endfacet
  facet normal 1.826930e-01 -4.701643e-01 8.634632e-01
    outer loop
      vertex 8.003496e-01 -1.797615e+00 -1.089278e-01
      vertex 9.866025e-01 -1.708846e+00 -1.000000e-01
      vertex 9.433013e-01 -1.633846e+00 -5.000000e-02
    endloop
  endfacet
  facet normal 2.233552e-01 -4.967363e-01 8.386689e-01
    outer loop
      vertex 8.003496e-01 -1.797615e+00 -1.089278e-01
      vertex 9.433013e-01 -1.633846e+00 -5.000000e-02
      vertex 7.662378e-01 -1.720998e+00 -5.446390e-02
    endloop
  endfacet
  facet normal 2.040059e-01 -4.587648e-01 8.648216e-01
    outer loop
      vertex 7.662378e-01 -1.720998e+00 -5.446390e-02
      vertex 9.433013e-01 -1.633846e+00 -5.000000e-02
      vertex 9.000000e-01 -1.558846e+00 0.000000e+00
    endloop
  endfacet
  facet normal 2.474995e-01 -4.857451e-01 8.383291e-01
    outer loop
      vertex 7.662378e-01 -1.720998e+00 -5.446390e-02
      vertex 9.000000e-01 -1.558846e+00 0.000000e+00
      vertex 7.321260e-01 -1.644382e+00 0.000000e+00
    endloop
  endfacet
  facet normal 2.272288e-01 -4.459616e-01 8.657282e-01
    outer loop
      vertex 7.321260e-01 -1.644382e+00 0.000000e+00
      vertex 9.000000e-01 -1.558846e+00 0.000000e+00
      vertex 8.566987e-01 -1.483846e+00 5.000000e-02
    endloop
  endfacet
  facet normal 2.738393e-01 -4.732684e-01 8.372748e-01
    outer loop
      vertex 7.321260e-01 -1.644382e+00 0.000000e+00
      vertex 8.566987e-01 -1.483846e+00 5.000000e-02
      vertex 6.980142e-01 -1.567765e+00 5.446390e-02
    endloop
  endfacet
  facet normal 2.525722e-01 -4.315251e-01 8.660216e-01
    outer loop
      vertex 6.980142e-01 -1.567765e+00 5.446390e-02
      vertex 8.566987e-01 -1.483846e+00 5.000000e-02
      vertex 8.133975e-01 -1.408846e+00 1.000000e-01
    endloop
  endfacet
  facet normal 3.026077e-01 -4.590468e-01 8.352871e-01
    outer loop
      vertex 6.980142e-01 -1.567765e+00 5.446390e-02
      vertex 8.133975e-01 -1.408846e+00 1.000000e-01
      vertex 6.639023e-01 -1.491149e+00 1.089278e-01
    endloop
  endfacet
  facet normal 2.802632e-01 -4.151840e-01 8.654911e-01
    outer loop
      vertex 6.639023e-01 -1.491149e+00 1.089278e-01
      vertex 8.133975e-01 -1.408846e+00 1.000000e-01
      vertex 7.700962e-01 -1.333846e+00 1.500000e-01
    endloop
  endfacet
  facet normal 3.340489e-01 -4.427717e-01 8.320845e-01
    outer loop
      vertex 6.639023e-01 -1.491149e+00 1.089278e-01
      vertex 7.700962e-01 -1.333846e+00 1.500000e-01
      vertex 6.297905e-01 -1.414533e+00 1.633917e-01
    endloop
  endfacet
  facet normal 3.105401e-01 -3.966181e-01 8.638628e-01
    outer loop
      vertex 6.297905e-01 -1.414533e+00 1.633917e-01
      vertex 7.700962e-01 -1.333846e+00 1.500000e-01
      vertex 7.267949e-01 -1.258846e+00 2.000000e-01
    endloop
  endfacet
  facet normal 3.684070e-01 -4.240774e-01 8.273057e-01
    outer loop
      vertex 6.297905e-01 -1.414533e+00 1.633917e-01
      vertex 7.267949e-01 -1.258846e+00 2.000000e-01
      vertex 5.956787e-01 -1.337916e+00 2.178556e-01
    endloop
  endfacet
  facet normal 1.709455e-01 -4.331556e-01 8.849598e-01
    outer loop
      vertex 1.073205e+00 -1.858846e+00 -2.000000e-01
      vertex 1.267502e+00 -1.744566e+00 -1.815962e-01
      vertex 1.215130e+00 -1.672482e+00 -1.361971e-01
    endloop
  endfacet
  facet normal 2.095437e-01 -4.557482e-01 8.650925e-01
    outer loop
      vertex 1.073205e+00 -1.858846e+00 -2.000000e-01
      vertex 1.215130e+00 -1.672482e+00 -1.361971e-01
      vertex 1.029904e+00 -1.783846e+00 -1.500000e-01
    endloop
  endfacet
  facet normal 1.877290e-01 -4.221638e-01 8.868684e-01
    outer loop
      vertex 1.029904e+00 -1.783846e+00 -1.500000e-01
      vertex 1.215130e+00 -1.672482e+00 -1.361971e-01
      vertex 1.162758e+00 -1.600398e+00 -9.079810e-02
    endloop
  endfacet
  facet normal 2.287865e-01 -4.450883e-01 8.657674e-01
    outer loop
      vertex 1.029904e+00 -1.783846e+00 -1.500000e-01
      vertex 1.162758e+00 -1.600398e+00 -9.079810e-02
      vertex 9.866025e-01 -1.708846e+00 -1.000000e-01
    endloop
  endfacet
  facet normal 2.059724e-01 -4.099628e-01 8.885414e-01
    outer loop
      vertex 9.866025e-01 -1.708846e+00 -1.000000e-01
      vertex 1.162758e+00 -1.600398e+00 -9.079810e-02
      vertex 1.110386e+00 -1.528315e+00 -4.539905e-02
    endloop
  endfacet
  facet normal 2.497401e-01 -4.331627e-01 8.660254e-01
    outer loop
      vertex 9.866025e-01 -1.708846e+00 -1.000000e-01
      vertex 1.110386e+00 -1.528315e+00 -4.539905e-02
      vertex 9.433013e-01 -1.633846e+00 -5.000000e-02
    endloop
  endfacet
  facet normal 2.258439e-01 -3.963685e-01 8.898801e-01
    outer loop
      vertex 9.433013e-01 -1.633846e+00 -5.000000e-02
      vertex 1.110386e+00 -1.528315e+00 -4.539905e-02
      vertex 1.058013e+00 -1.456231e+00 0.000000e+00
    endloop
  endfacet
  facet normal 2.725997e-01 -4.197667e-01 8.657282e-01
    outer loop
      vertex 9.433013e-01 -1.633846e+00 -5.000000e-02
      vertex 1.058013e+00 -1.456231e+00 0.000000e+00
      vertex 9.000000e-01 -1.558846e+00 0.000000e+00
    endloop
  endfacet
  facet normal 2.475302e-01 -3.811631e-01 8.907544e-01
    outer loop
      vertex 9.000000e-01 -1.558846e+00 0.000000e+00
      vertex 1.058013e+00 -1.456231e+00 0.000000e+00
      vertex 1.005641e+00 -1.384147e+00 4.539905e-02
    endloop
  endfacet
  facet normal 2.975796e-01 -4.046565e-01 8.646962e-01
    outer loop
      vertex 9.000000e-01 -1.558846e+00 0.000000e+00
      vertex 1.005641e+00 -1.384147e+00 4.539905e-02
      vertex 8.566987e-01 -1.483846e+00 5.000000e-02
    endloop
  endfacet
  facet normal 2.712372e-01 -3.640895e-01 8.909934e-01
    outer loop
      vertex 8.566987e-01 -1.483846e+00 5.000000e-02
      vertex 1.005641e+00 -1.384147e+00 4.539905e-02
      vertex 9.532694e-01 -1.312063e+00 9.079810e-02
    endloop
  endfacet
  facet normal 3.249114e-01 -3.875426e-01 8.626954e-01
    outer loop
      vertex 8.566987e-01 -1.483846e+00 5.000000e-02
      vertex 9.532694e-01 -1.312063e+00 9.079810e-02
      vertex 8.133975e-01 -1.408846e+00 1.000000e-01
    endloop
  endfacet
  facet normal 2.971874e-01 -3.448441e-01 8.903719e-01
    outer loop
      vertex 8.133975e-01 -1.408846e+00 1.000000e-01
      vertex 9.532694e-01 -1.312063e+00 9.079810e-02
      vertex 9.008973e-01 -1.239979e+00 1.361971e-01
    endloop
  endfacet
  facet normal 3.548380e-01 -3.680820e-01 8.594217e-01
    outer loop
      vertex 8.133975e-01 -1.408846e+00 1.000000e-01
      vertex 9.008973e-01 -1.239979e+00 1.361971e-01
      vertex 7.700962e-01 -1.333846e+00 1.500000e-01
    endloop
  endfacet
  facet normal 3.256150e-01 -3.230708e-01 8.885945e-01
    outer loop
      vertex 7.700962e-01 -1.333846e+00 1.500000e-01
      vertex 9.008973e-01 -1.239979e+00 1.361971e-01
      vertex 8.485253e-01 -1.167895e+00 1.815962e-01
    endloop
  endfacet
  facet normal 3.876026e-01 -3.458713e-01 8.544807e-01
    outer loop
      vertex 7.700962e-01 -1.333846e+00 1.500000e-01
      vertex 8.485253e-01 -1.167895e+00 1.815962e-01
      vertex 7.267949e-01 -1.258846e+00 2.000000e-01
    endloop
  endfacet
  facet normal 1.860905e-01 -3.762276e-01 9.076470e-01
    outer loop
      vertex 1.267502e+00 -1.744566e+00 -1.815962e-01
      vertex 1.448948e+00 -1.609219e+00 -1.626947e-01
      vertex 1.387819e+00 -1.541330e+00 -1.220210e-01
    endloop
  endfacet
  facet normal 2.272392e-01 -3.954019e-01 8.899549e-01
    outer loop
      vertex 1.267502e+00 -1.744566e+00 -1.815962e-01
      vertex 1.387819e+00 -1.541330e+00 -1.220210e-01
      vertex 1.215130e+00 -1.672482e+00 -1.361971e-01
    endloop
  endfacet
  facet normal 2.014361e-01 -3.635434e-01 9.095382e-01
    outer loop
      vertex 1.215130e+00 -1.672482e+00 -1.361971e-01
      vertex 1.387819e+00 -1.541330e+00 -1.220210e-01
      vertex 1.326691e+00 -1.473440e+00 -8.134733e-02
    endloop
  endfacet
  facet normal 2.451505e-01 -3.828507e-01 8.906888e-01
    outer loop
      vertex 1.215130e+00 -1.672482e+00 -1.361971e-01
      vertex 1.326691e+00 -1.473440e+00 -8.134733e-02
      vertex 1.162758e+00 -1.600398e+00 -9.079810e-02
    endloop
  endfacet
  facet normal 2.181370e-01 -3.494960e-01 9.111909e-01
    outer loop
      vertex 1.162758e+00 -1.600398e+00 -9.079810e-02
      vertex 1.326691e+00 -1.473440e+00 -8.134733e-02
      vertex 1.265563e+00 -1.405550e+00 -4.067366e-02
    endloop
  endfacet
  facet normal 2.646800e-01 -3.688598e-01 8.910033e-01
    outer loop
      vertex 1.162758e+00 -1.600398e+00 -9.079810e-02
      vertex 1.265563e+00 -1.405550e+00 -4.067366e-02
      vertex 1.110386e+00 -1.528315e+00 -4.539905e-02
    endloop
  endfacet
  facet normal 2.363526e-01 -3.338806e-01 9.125027e-01
    outer loop
      vertex 1.110386e+00 -1.528315e+00 -4.539905e-02
      vertex 1.265563e+00 -1.405550e+00 -4.067366e-02
      vertex 1.204435e+00 -1.337661e+00 0.000000e+00
    endloop
  endfacet
  facet normal 2.860166e-01 -3.532011e-01 8.907544e-01
    outer loop
      vertex 1.110386e+00 -1.528315e+00 -4.539905e-02
      vertex 1.204435e+00 -1.337661e+00 0.000000e+00
      vertex 1.058013e+00 -1.456231e+00 0.000000e+00
    endloop
  endfacet
  facet normal 2.562607e-01 -3.164556e-01 9.133380e-01
    outer loop
      vertex 1.058013e+00 -1.456231e+00 0.000000e+00
      vertex 1.204435e+00 -1.337661e+00 0.000000e+00
      vertex 1.143307e+00 -1.269771e+00 4.067366e-02
    endloop
  endfacet
  facet normal 3.093685e-01 -3.356044e-01 8.897532e-01
    outer loop
      vertex 1.058013e+00 -1.456231e+00 0.000000e+00
      vertex 1.143307e+00 -1.269771e+00 4.067366e-02
      vertex 1.005641e+00 -1.384147e+00 4.539905e-02
    endloop
  endfacet
  facet normal 2.780579e-01 -2.969364e-01 9.135166e-01
    outer loop
      vertex 1.005641e+00 -1.384147e+00 4.539905e-02
      vertex 1.143307e+00 -1.269771e+00 4.067366e-02
      vertex 1.082179e+00 -1.201881e+00 8.134733e-02
    endloop
  endfacet
  facet normal 3.349611e-01 -3.157497e-01 8.877517e-01
    outer loop
      vertex 1.005641e+00 -1.384147e+00 4.539905e-02
      vertex 1.082179e+00 -1.201881e+00 8.134733e-02
      vertex 9.532694e-01 -1.312063e+00 9.079810e-02
    endloop
  endfacet
  facet normal 3.019574e-01 -2.749877e-01 9.127998e-01
    outer loop
      vertex 9.532694e-01 -1.312063e+00 9.079810e-02
      vertex 1.082179e+00 -1.201881e+00 8.134733e-02
      vertex 1.021051e+00 -1.133992e+00 1.220210e-01
    endloop
  endfacet
  facet normal 3.630316e-01 -2.932598e-01 8.844245e-01
    outer loop
      vertex 9.532694e-01 -1.312063e+00 9.079810e-02
      vertex 1.021051e+00 -1.133992e+00 1.220210e-01
      vertex 9.008973e-01 -1.239979e+00 1.361971e-01
    endloop
  endfacet
  facet normal 3.281843e-01 -2.502175e-01 9.108712e-01
    outer loop
      vertex 9.008973e-01 -1.239979e+00 1.361971e-01
      vertex 1.021051e+00 -1.133992e+00 1.220210e-01
      vertex 9.599226e-01 -1.066102e+00 1.626947e-01
    endloop
  endfacet
  facet normal 3.938176e-01 -2.676934e-01 8.793452e-01
    outer loop
      vertex 9.008973e-01 -1.239979e+00 1.361971e-01
      vertex 9.599226e-01 -1.066102e+00 1.626947e-01
      vertex 8.485253e-01 -1.167895e+00 1.815962e-01
    endloop
  endfacet
  facet normal 1.906890e-01 -3.205059e-01 9.278543e-01
    outer loop
      vertex 1.448948e+00 -1.609219e+00 -1.626947e-01
      vertex 1.615175e+00 -1.454310e+00 -1.433472e-01
      vertex 1.545796e+00 -1.391841e+00 -1.075104e-01
    endloop
  endfacet
  facet normal 2.340342e-01 -3.358853e-01 9.123645e-01
    outer loop
      vertex 1.448948e+00 -1.609219e+00 -1.626947e-01
      vertex 1.545796e+00 -1.391841e+00 -1.075104e-01
      vertex 1.387819e+00 -1.541330e+00 -1.220210e-01
    endloop
  endfacet
  facet normal 2.044445e-01 -3.063002e-01 9.297218e-01
    outer loop
      vertex 1.387819e+00 -1.541330e+00 -1.220210e-01
      vertex 1.545796e+00 -1.391841e+00 -1.075104e-01
      vertex 1.476418e+00 -1.329373e+00 -7.167359e-02
    endloop
  endfacet
  facet normal 2.504380e-01 -3.215914e-01 9.131592e-01
    outer loop
      vertex 1.387819e+00 -1.541330e+00 -1.220210e-01
      vertex 1.476418e+00 -1.329373e+00 -7.167359e-02
      vertex 1.326691e+00 -1.473440e+00 -8.134733e-02
    endloop
  endfacet
  facet normal 2.194315e-01 -2.905882e-01 9.313476e-01
    outer loop
      vertex 1.326691e+00 -1.473440e+00 -8.134733e-02
      vertex 1.476418e+00 -1.329373e+00 -7.167359e-02
      vertex 1.407039e+00 -1.266904e+00 -3.583679e-02
    endloop
  endfacet
  facet normal 2.683454e-01 -3.056916e-01 9.135334e-01
    outer loop
      vertex 1.326691e+00 -1.473440e+00 -8.134733e-02
      vertex 1.407039e+00 -1.266904e+00 -3.583679e-02
      vertex 1.265563e+00 -1.405550e+00 -4.067366e-02
    endloop
  endfacet
  facet normal 2.357974e-01 -2.731454e-01 9.326260e-01
    outer loop
      vertex 1.265563e+00 -1.405550e+00 -4.067366e-02
      vertex 1.407039e+00 -1.266904e+00 -3.583679e-02
      vertex 1.337661e+00 -1.204435e+00 0.000000e+00
    endloop
  endfacet
  facet normal 2.879355e-01 -2.879355e-01 9.133380e-01
    outer loop
      vertex 1.265563e+00 -1.405550e+00 -4.067366e-02
      vertex 1.337661e+00 -1.204435e+00 0.000000e+00
      vertex 1.204435e+00 -1.337661e+00 0.000000e+00
    endloop
  endfacet
  facet normal 2.537074e-01 -2.537074e-01 9.334158e-01
    outer loop
      vertex 1.204435e+00 -1.337661e+00 0.000000e+00
      vertex 1.337661e+00 -1.204435e+00 0.000000e+00
      vertex 1.268282e+00 -1.141966e+00 3.583679e-02
    endloop
  endfacet
  facet normal 3.094063e-01 -2.680267e-01 9.123757e-01
    outer loop
      vertex 1.204435e+00 -1.337661e+00 0.000000e+00
      vertex 1.268282e+00 -1.141966e+00 3.583679e-02
      vertex 1.143307e+00 -1.269771e+00 4.067366e-02
    endloop
  endfacet
  facet normal 2.733446e-01 -2.319629e-01 9.335288e-01
    outer loop
      vertex 1.143307e+00 -1.269771e+00 4.067366e-02
      vertex 1.268282e+00 -1.141966e+00 3.583679e-02
      vertex 1.198904e+00 -1.079498e+00 7.167359e-02
    endloop
  endfacet
  facet normal 3.329726e-01 -2.456153e-01 9.103858e-01
    outer loop
      vertex 1.143307e+00 -1.269771e+00 4.067366e-02
      vertex 1.198904e+00 -1.079498e+00 7.167359e-02
      vertex 1.082179e+00 -1.201881e+00 8.134733e-02
    endloop
  endfacet
  facet normal 2.949083e-01 -2.075461e-01 9.327131e-01
    outer loop
      vertex 1.082179e+00 -1.201881e+00 8.134733e-02
      vertex 1.198904e+00 -1.079498e+00 7.167359e-02
      vertex 1.129525e+00 -1.017029e+00 1.075104e-01
    endloop
  endfacet
  facet normal 3.588612e-01 -2.202903e-01 9.070230e-01
    outer loop
      vertex 1.082179e+00 -1.201881e+00 8.134733e-02
      vertex 1.129525e+00 -1.017029e+00 1.075104e-01
      vertex 1.021051e+00 -1.133992e+00 1.220210e-01
    endloop
  endfacet
  facet normal 3.186090e-01 -1.800303e-01 9.306328e-01
    outer loop
      vertex 1.021051e+00 -1.133992e+00 1.220210e-01
      vertex 1.129525e+00 -1.017029e+00 1.075104e-01
      vertex 1.060147e+00 -9.545602e-01 1.433472e-01
    endloop
  endfacet
  facet normal 3.872993e-01 -1.915738e-01 9.018308e-01
    outer loop
      vertex 1.021051e+00 -1.133992e+00 1.220210e-01
      vertex 1.060147e+00 -9.545602e-01 1.433472e-01
      vertex 9.599226e-01 -1.066102e+00 1.626947e-01
    endloop
  endfacet
  facet normal 1.852345e-01 -2.677191e-01 9.455235e-01
    outer loop
      vertex 1.615175e+00 -1.454310e+00 -1.433472e-01
      vertex 1.763999e+00 -1.281620e+00 -1.236068e-01
      vertex 1.687057e+00 -1.225719e+00 -9.270510e-02
    endloop
  endfacet
  facet normal 2.303624e-01 -2.789714e-01 9.322597e-01
    outer loop
      vertex 1.615175e+00 -1.454310e+00 -1.433472e-01
      vertex 1.687057e+00 -1.225719e+00 -9.270510e-02
      vertex 1.545796e+00 -1.391841e+00 -1.075104e-01
    endloop
  endfacet
  facet normal 1.972665e-01 -2.521746e-01 9.473616e-01
    outer loop
      vertex 1.545796e+00 -1.391841e+00 -1.075104e-01
      vertex 1.687057e+00 -1.225719e+00 -9.270510e-02
      vertex 1.610115e+00 -1.169817e+00 -6.180340e-02
    endloop
  endfacet
  facet normal 2.450974e-01 -2.630982e-01 9.331166e-01
    outer loop
      vertex 1.545796e+00 -1.391841e+00 -1.075104e-01
      vertex 1.610115e+00 -1.169817e+00 -6.180340e-02
      vertex 1.476418e+00 -1.329373e+00 -7.167359e-02
    endloop
  endfacet
  facet normal 2.103885e-01 -2.349942e-01 9.489544e-01
    outer loop
      vertex 1.476418e+00 -1.329373e+00 -7.167359e-02
      vertex 1.610115e+00 -1.169817e+00 -6.180340e-02
      vertex 1.533173e+00 -1.113915e+00 -3.090170e-02
    endloop
  endfacet
  facet normal 2.612004e-01 -2.454645e-01 9.335532e-01
    outer loop
      vertex 1.476418e+00 -1.329373e+00 -7.167359e-02
      vertex 1.533173e+00 -1.113915e+00 -3.090170e-02
      vertex 1.407039e+00 -1.266904e+00 -3.583679e-02
    endloop
  endfacet
  facet normal 2.247331e-01 -2.159353e-01 9.501931e-01
    outer loop
      vertex 1.407039e+00 -1.266904e+00 -3.583679e-02
      vertex 1.533173e+00 -1.113915e+00 -3.090170e-02
      vertex 1.456231e+00 -1.058013e+00 0.000000e+00
    endloop
  endfacet
  facet normal 2.788372e-01 -2.257979e-01 9.334158e-01
    outer loop
      vertex 1.407039e+00 -1.266904e+00 -3.583679e-02
      vertex 1.456231e+00 -1.058013e+00 0.000000e+00
      vertex 1.337661e+00 -1.204435e+00 0.000000e+00
    endloop
  endfacet
  facet normal 2.404494e-01 -1.947120e-01 9.509318e-01
    outer loop
      vertex 1.337661e+00 -1.204435e+00 0.000000e+00
      vertex 1.456231e+00 -1.058013e+00 0.000000e+00
      vertex 1.379289e+00 -1.002112e+00 3.090170e-02
    endloop
  endfacet
  facet normal 2.981917e-01 -2.037773e-01 9.325001e-01
    outer loop
      vertex 1.337661e+00 -1.204435e+00 0.000000e+00
      vertex 1.379289e+00 -1.002112e+00 3.090170e-02
      vertex 1.268282e+00 -1.141966e+00 3.583679e-02
    endloop
  endfacet
  facet normal 2.577028e-01 -1.709883e-01 9.509744e-01
    outer loop
      vertex 1.268282e+00 -1.141966e+00 3.583679e-02
      vertex 1.379289e+00 -1.002112e+00 3.090170e-02
      vertex 1.302346e+00 -9.462101e-01 6.180340e-02
    endloop
  endfacet
  facet normal 3.194639e-01 -1.790242e-01 9.305338e-01
    outer loop
      vertex 1.268282e+00 -1.141966e+00 3.583679e-02
      vertex 1.302346e+00 -9.462101e-01 6.180340e-02
      vertex 1.198904e+00 -1.079498e+00 7.167359e-02
    endloop
  endfacet
  facet normal 2.766740e-01 -1.443697e-01 9.500573e-01
    outer loop
      vertex 1.198904e+00 -1.079498e+00 7.167359e-02
      vertex 1.302346e+00 -9.462101e-01 6.180340e-02
      vertex 1.225404e+00 -8.903084e-01 9.270510e-02
    endloop
  endfacet
  facet normal 3.428651e-01 -1.510953e-01 9.271536e-01
    outer loop
      vertex 1.198904e+00 -1.079498e+00 7.167359e-02
      vertex 1.225404e+00 -8.903084e-01 9.270510e-02
      vertex 1.129525e+00 -1.017029e+00 1.075104e-01
    endloop
  endfacet
  facet normal 2.975544e-01 -1.143970e-01 9.478263e-01
    outer loop
      vertex 1.129525e+00 -1.017029e+00 1.075104e-01
      vertex 1.225404e+00 -8.903084e-01 9.270510e-02
      vertex 1.148462e+00 -8.344067e-01 1.236068e-01
    endloop
  endfacet
  facet normal 3.686073e-01 -1.194776e-01 9.218751e-01
    outer loop
      vertex 1.129525e+00 -1.017029e+00 1.075104e-01
      vertex 1.148462e+00 -8.344067e-01 1.236068e-01
      vertex 1.060147e+00 -9.545602e-01 1.433472e-01
    endloop
  endfacet
  facet normal 1.704915e-01 -2.194858e-01 9.606033e-01
    outer loop
      vertex 1.763999e+00 -1.281620e+00 -1.236068e-01
      vertex 1.893452e+00 -1.093185e+00 -1.035276e-01
      vertex 1.809801e+00 -1.044889e+00 -7.764571e-02
    endloop
  endfacet
  facet normal 2.169352e-01 -2.263324e-01 9.495856e-01
    outer loop
      vertex 1.763999e+00 -1.281620e+00 -1.236068e-01
      vertex 1.809801e+00 -1.044889e+00 -7.764571e-02
      vertex 1.687057e+00 -1.225719e+00 -9.270510e-02
    endloop
  endfacet
  facet normal 1.806860e-01 -2.027949e-01 9.624068e-01
    outer loop
      vertex 1.687057e+00 -1.225719e+00 -9.270510e-02
      vertex 1.809801e+00 -1.044889e+00 -7.764571e-02
      vertex 1.726149e+00 -9.965926e-01 -5.176381e-02
    endloop
  endfacet
  facet normal 2.298557e-01 -2.090574e-01 9.505058e-01
    outer loop
      vertex 1.687057e+00 -1.225719e+00 -9.270510e-02
      vertex 1.726149e+00 -9.965926e-01 -5.176381e-02
      vertex 1.610115e+00 -1.169817e+00 -6.180340e-02
    endloop
  endfacet
  facet normal 1.918134e-01 -1.843546e-01 9.639611e-01
    outer loop
      vertex 1.610115e+00 -1.169817e+00 -6.180340e-02
      vertex 1.726149e+00 -9.965926e-01 -5.176381e-02
      vertex 1.642497e+00 -9.482963e-01 -2.588190e-02
    endloop
  endfacet
  facet normal 2.439893e-01 -1.898812e-01 9.510070e-01
    outer loop
      vertex 1.610115e+00 -1.169817e+00 -6.180340e-02
      vertex 1.642497e+00 -9.482963e-01 -2.588190e-02
      vertex 1.533173e+00 -1.113915e+00 -3.090170e-02
    endloop
  endfacet
  facet normal 2.039888e-01 -1.639058e-01 9.651546e-01
    outer loop
      vertex 1.533173e+00 -1.113915e+00 -3.090170e-02
      vertex 1.642497e+00 -9.482963e-01 -2.588190e-02
      vertex 1.558846e+00 -9.000000e-01 0.000000e+00
    endloop
  endfacet
  facet normal 2.594851e-01 -1.685116e-01 9.509318e-01
    outer loop
      vertex 1.533173e+00 -1.113915e+00 -3.090170e-02
      vertex 1.558846e+00 -9.000000e-01 0.000000e+00
      vertex 1.456231e+00 -1.058013e+00 0.000000e+00
    endloop
  endfacet
  facet normal 2.173418e-01 -1.411434e-01 9.658370e-01
    outer loop
      vertex 1.456231e+00 -1.058013e+00 0.000000e+00
      vertex 1.558846e+00 -9.000000e-01 0.000000e+00
      vertex 1.475194e+00 -8.517037e-01 2.588190e-02
    endloop
  endfacet
  facet normal 2.765088e-01 -1.446039e-01 9.500698e-01
    outer loop
      vertex 1.456231e+00 -1.058013e+00 0.000000e+00
      vertex 1.475194e+00 -8.517037e-01 2.588190e-02
      vertex 1.379289e+00 -1.002112e+00 3.090170e-02
    endloop
  endfacet
  facet normal 2.320166e-01 -1.157089e-01 9.658052e-01
    outer loop
      vertex 1.379289e+00 -1.002112e+00 3.090170e-02
      vertex 1.475194e+00 -8.517037e-01 2.588190e-02
      vertex 1.391542e+00 -8.034074e-01 5.176381e-02
    endloop
  endfacet
  facet normal 2.952415e-01 -1.177531e-01 9.481385e-01
    outer loop
      vertex 1.379289e+00 -1.002112e+00 3.090170e-02
      vertex 1.391542e+00 -8.034074e-01 5.176381e-02
      vertex 1.302346e+00 -9.462101e-01 6.180340e-02
    endloop
  endfacet
  facet normal 2.481710e-01 -8.718204e-02 9.647852e-01
    outer loop
      vertex 1.302346e+00 -9.462101e-01 6.180340e-02
      vertex 1.391542e+00 -8.034074e-01 5.176381e-02
      vertex 1.307891e+00 -7.551111e-01 7.764571e-02
    endloop
  endfacet
  facet normal 3.158744e-01 -8.748615e-02 9.447590e-01
    outer loop
      vertex 1.302346e+00 -9.462101e-01 6.180340e-02
      vertex 1.307891e+00 -7.551111e-01 7.764571e-02
      vertex 1.225404e+00 -8.903084e-01 9.270510e-02
    endloop
  endfacet
  facet normal 2.659724e-01 -5.507426e-02 9.624061e-01
    outer loop
      vertex 1.225404e+00 -8.903084e-01 9.270510e-02
      vertex 1.307891e+00 -7.551111e-01 7.764571e-02
      vertex 1.224239e+00 -7.068148e-01 1.035276e-01
    endloop
  endfacet
  facet normal 3.385995e-01 -5.325750e-02 9.394222e-01
    outer loop
      vertex 1.225404e+00 -8.903084e-01 9.270510e-02
      vertex 1.224239e+00 -7.068148e-01 1.035276e-01
      vertex 1.148462e+00 -8.344067e-01 1.236068e-01
    endloop
  endfacet
  facet normal 1.474746e-01 -1.772727e-01 9.730496e-01
    outer loop
      vertex 1.893452e+00 -1.093185e+00 -1.035276e-01
      vertex 2.001815e+00 -8.912653e-01 -8.316468e-02
      vertex 1.912457e+00 -8.514805e-01 -6.237351e-02
    endloop
  endfacet
  facet normal 1.947213e-01 -1.794969e-01 9.642948e-01
    outer loop
      vertex 1.893452e+00 -1.093185e+00 -1.035276e-01
      vertex 1.912457e+00 -8.514805e-01 -6.237351e-02
      vertex 1.809801e+00 -1.044889e+00 -7.764571e-02
    endloop
  endfacet
  facet normal 1.557375e-01 -1.596360e-01 9.748139e-01
    outer loop
      vertex 1.809801e+00 -1.044889e+00 -7.764571e-02
      vertex 1.912457e+00 -8.514805e-01 -6.237351e-02
      vertex 1.823098e+00 -8.116957e-01 -4.158234e-02
    endloop
  endfacet
  facet normal 2.056990e-01 -1.610104e-01 9.652790e-01
    outer loop
      vertex 1.809801e+00 -1.044889e+00 -7.764571e-02
      vertex 1.823098e+00 -8.116957e-01 -4.158234e-02
      vertex 1.726149e+00 -9.965926e-01 -5.176381e-02
    endloop
  endfacet
  facet normal 1.647629e-01 -1.401541e-01 9.763247e-01
    outer loop
      vertex 1.726149e+00 -9.965926e-01 -5.176381e-02
      vertex 1.823098e+00 -8.116957e-01 -4.158234e-02
      vertex 1.733740e+00 -7.719108e-01 -2.079117e-02
    endloop
  endfacet
  facet normal 2.177169e-01 -1.404988e-01 9.658465e-01
    outer loop
      vertex 1.726149e+00 -9.965926e-01 -5.176381e-02
      vertex 1.733740e+00 -7.719108e-01 -2.079117e-02
      vertex 1.642497e+00 -9.482963e-01 -2.588190e-02
    endloop
  endfacet
  facet normal 1.746459e-01 -1.185540e-01 9.774680e-01
    outer loop
      vertex 1.642497e+00 -9.482963e-01 -2.588190e-02
      vertex 1.733740e+00 -7.719108e-01 -2.079117e-02
      vertex 1.644382e+00 -7.321260e-01 0.000000e+00
    endloop
  endfacet
  facet normal 2.309047e-01 -1.176518e-01 9.658370e-01
    outer loop
      vertex 1.642497e+00 -9.482963e-01 -2.588190e-02
      vertex 1.644382e+00 -7.321260e-01 0.000000e+00
      vertex 1.558846e+00 -9.000000e-01 0.000000e+00
    endloop
  endfacet
  facet normal 1.854939e-01 -9.451386e-02 9.780895e-01
    outer loop
      vertex 1.558846e+00 -9.000000e-01 0.000000e+00
      vertex 1.644382e+00 -7.321260e-01 0.000000e+00
      vertex 1.555024e+00 -6.923411e-01 2.079117e-02
    endloop
  endfacet
  facet normal 2.454065e-01 -9.210407e-02 9.650350e-01
    outer loop
      vertex 1.558846e+00 -9.000000e-01 0.000000e+00
      vertex 1.555024e+00 -6.923411e-01 2.079117e-02
      vertex 1.475194e+00 -8.517037e-01 2.588190e-02
    endloop
  endfacet
  facet normal 1.974264e-01 -6.765586e-02 9.779803e-01
    outer loop
      vertex 1.475194e+00 -8.517037e-01 2.588190e-02
      vertex 1.555024e+00 -6.923411e-01 2.079117e-02
      vertex 1.465665e+00 -6.525563e-01 4.158234e-02
    endloop
  endfacet
  facet normal 2.613802e-01 -6.342661e-02 9.631498e-01
    outer loop
      vertex 1.475194e+00 -8.517037e-01 2.588190e-02
      vertex 1.465665e+00 -6.525563e-01 4.158234e-02
      vertex 1.391542e+00 -8.034074e-01 5.176381e-02
    endloop
  endfacet
  facet normal 2.105746e-01 -3.753741e-02 9.768568e-01
    outer loop
      vertex 1.391542e+00 -8.034074e-01 5.176381e-02
      vertex 1.465665e+00 -6.525563e-01 4.158234e-02
      vertex 1.376307e+00 -6.127714e-01 6.237351e-02
    endloop
  endfacet
  facet normal 2.789928e-01 -3.111963e-02 9.597888e-01
    outer loop
      vertex 1.391542e+00 -8.034074e-01 5.176381e-02
      vertex 1.376307e+00 -6.127714e-01 6.237351e-02
      vertex 1.307891e+00 -7.551111e-01 7.764571e-02
    endloop
  endfacet
  facet normal 2.250777e-01 -3.644488e-03 9.743340e-01
    outer loop
      vertex 1.307891e+00 -7.551111e-01 7.764571e-02
      vertex 1.376307e+00 -6.127714e-01 6.237351e-02
      vertex 1.286949e+00 -5.729866e-01 8.316468e-02
    endloop
  endfacet
  facet normal 2.984119e-01 5.391376e-03 9.544220e-01
    outer loop
      vertex 1.307891e+00 -7.551111e-01 7.764571e-02
      vertex 1.286949e+00 -5.729866e-01 8.316468e-02
      vertex 1.224239e+00 -7.068148e-01 1.035276e-01
    endloop
  endfacet
  facet normal 1.174204e-01 -1.423574e-01 9.828259e-01
    outer loop
      vertex 2.001815e+00 -8.912653e-01 -8.316468e-02
      vertex 2.087641e+00 -6.783156e-01 -6.257379e-02
      vertex 1.993706e+00 -6.477943e-01 -4.693034e-02
    endloop
  endfacet
  facet normal 1.649208e-01 -1.398113e-01 9.763472e-01
    outer loop
      vertex 2.001815e+00 -8.912653e-01 -8.316468e-02
      vertex 1.993706e+00 -6.477943e-01 -4.693034e-02
      vertex 1.912457e+00 -8.514805e-01 -6.237351e-02
    endloop
  endfacet
  facet normal 1.236778e-01 -1.239813e-01 9.845468e-01
    outer loop
      vertex 1.912457e+00 -8.514805e-01 -6.237351e-02
      vertex 1.993706e+00 -6.477943e-01 -4.693034e-02
      vertex 1.899771e+00 -6.172731e-01 -3.128689e-02
    endloop
  endfacet
  facet normal 1.738451e-01 -1.203149e-01 9.773956e-01
    outer loop
      vertex 1.912457e+00 -8.514805e-01 -6.237351e-02
      vertex 1.899771e+00 -6.172731e-01 -3.128689e-02
      vertex 1.823098e+00 -8.116957e-01 -4.158234e-02
    endloop
  endfacet
  facet normal 1.305164e-01 -1.036839e-01 9.860097e-01
    outer loop
      vertex 1.823098e+00 -8.116957e-01 -4.158234e-02
      vertex 1.899771e+00 -6.172731e-01 -3.128689e-02
      vertex 1.805836e+00 -5.867518e-01 -1.564345e-02
    endloop
  endfacet
  facet normal 1.836214e-01 -9.868860e-02 9.780305e-01
    outer loop
      vertex 1.823098e+00 -8.116957e-01 -4.158234e-02
      vertex 1.805836e+00 -5.867518e-01 -1.564345e-02
      vertex 1.733740e+00 -7.719108e-01 -2.079117e-02
    endloop
  endfacet
  facet normal 1.380095e-01 -8.118052e-02 9.870983e-01
    outer loop
      vertex 1.733740e+00 -7.719108e-01 -2.079117e-02
      vertex 1.805836e+00 -5.867518e-01 -1.564345e-02
      vertex 1.711902e+00 -5.562306e-01 0.000000e+00
    endloop
  endfacet
  facet normal 1.943571e-01 -7.460671e-02 9.780895e-01
    outer loop
      vertex 1.733740e+00 -7.719108e-01 -2.079117e-02
      vertex 1.711902e+00 -5.562306e-01 0.000000e+00
      vertex 1.644382e+00 -7.321260e-01 0.000000e+00
    endloop
  endfacet
  facet normal 1.462397e-01 -5.613615e-02 9.876551e-01
    outer loop
      vertex 1.644382e+00 -7.321260e-01 0.000000e+00
      vertex 1.711902e+00 -5.562306e-01 0.000000e+00
      vertex 1.617967e+00 -5.257093e-01 1.564345e-02
    endloop
  endfacet
  facet normal 2.061717e-01 -4.768599e-02 9.773532e-01
    outer loop
      vertex 1.644382e+00 -7.321260e-01 0.000000e+00
      vertex 1.617967e+00 -5.257093e-01 1.564345e-02
      vertex 1.555024e+00 -6.923411e-01 2.079117e-02
    endloop
  endfacet
  facet normal 1.552992e-01 -2.815702e-02 9.874661e-01
    outer loop
      vertex 1.555024e+00 -6.923411e-01 2.079117e-02
      vertex 1.617967e+00 -5.257093e-01 1.564345e-02
      vertex 1.524032e+00 -4.951881e-01 3.128689e-02
    endloop
  endfacet
  facet normal 2.191960e-01 -1.747705e-02 9.755243e-01
    outer loop
      vertex 1.555024e+00 -6.923411e-01 2.079117e-02
      vertex 1.524032e+00 -4.951881e-01 3.128689e-02
      vertex 1.465665e+00 -6.525563e-01 4.158234e-02
    endloop
  endfacet
  facet normal 1.652892e-01 3.217700e-03 9.862399e-01
    outer loop
      vertex 1.465665e+00 -6.525563e-01 4.158234e-02
      vertex 1.524032e+00 -4.951881e-01 3.128689e-02
      vertex 1.430097e+00 -4.646668e-01 4.693034e-02
    endloop
  endfacet
  facet normal 2.335691e-01 1.654286e-02 9.721995e-01
    outer loop
      vertex 1.465665e+00 -6.525563e-01 4.158234e-02
      vertex 1.430097e+00 -4.646668e-01 4.693034e-02
      vertex 1.376307e+00 -6.127714e-01 6.237351e-02
    endloop
  endfacet
  facet normal 1.763174e-01 3.852278e-02 9.835793e-01
    outer loop
      vertex 1.376307e+00 -6.127714e-01 6.237351e-02
      vertex 1.430097e+00 -4.646668e-01 4.693034e-02
      vertex 1.336163e+00 -4.341456e-01 6.257379e-02
    endloop
  endfacet
  facet normal 2.494302e-01 5.497293e-02 9.668312e-01
    outer loop
      vertex 1.376307e+00 -6.127714e-01 6.237351e-02
      vertex 1.336163e+00 -4.341456e-01 6.257379e-02
      vertex 1.286949e+00 -5.729866e-01 8.316468e-02
    endloop
  endfacet
  facet normal 8.175436e-02 -1.157951e-01 9.899029e-01
    outer loop
      vertex 2.087641e+00 -6.783156e-01 -6.257379e-02
      vertex 2.149781e+00 -4.569501e-01 -4.181139e-02
      vertex 2.052502e+00 -4.362729e-01 -3.135854e-02
    endloop
  endfacet
  facet normal 1.289325e-01 -1.084054e-01 9.857102e-01
    outer loop
      vertex 2.087641e+00 -6.783156e-01 -6.257379e-02
      vertex 2.052502e+00 -4.362729e-01 -3.135854e-02
      vertex 1.993706e+00 -6.477943e-01 -4.693034e-02
    endloop
  endfacet
  facet normal 8.595259e-02 -9.689014e-02 9.915768e-01
    outer loop
      vertex 1.993706e+00 -6.477943e-01 -4.693034e-02
      vertex 2.052502e+00 -4.362729e-01 -3.135854e-02
      vertex 1.955224e+00 -4.155956e-01 -2.090569e-02
    endloop
  endfacet
  facet normal 1.357119e-01 -8.811067e-02 9.868226e-01
    outer loop
      vertex 1.993706e+00 -6.477943e-01 -4.693034e-02
      vertex 1.955224e+00 -4.155956e-01 -2.090569e-02
      vertex 1.899771e+00 -6.172731e-01 -3.128689e-02
    endloop
  endfacet
  facet normal 9.054274e-02 -7.600852e-02 9.929878e-01
    outer loop
      vertex 1.899771e+00 -6.172731e-01 -3.128689e-02
      vertex 1.955224e+00 -4.155956e-01 -2.090569e-02
      vertex 1.857945e+00 -3.949183e-01 -1.045285e-02
    endloop
  endfacet
  facet normal 1.431423e-01 -6.560234e-02 9.875255e-01
    outer loop
      vertex 1.899771e+00 -6.172731e-01 -3.128689e-02
      vertex 1.857945e+00 -3.949183e-01 -1.045285e-02
      vertex 1.805836e+00 -5.867518e-01 -1.564345e-02
    endloop
  endfacet
  facet normal 9.557443e-02 -5.285705e-02 9.940179e-01
    outer loop
      vertex 1.805836e+00 -5.867518e-01 -1.564345e-02
      vertex 1.857945e+00 -3.949183e-01 -1.045285e-02
      vertex 1.760666e+00 -3.742410e-01 0.000000e+00
    endloop
  endfacet
  facet normal 1.513064e-01 -4.054242e-02 9.876551e-01
    outer loop
      vertex 1.805836e+00 -5.867518e-01 -1.564345e-02
      vertex 1.760666e+00 -3.742410e-01 0.000000e+00
      vertex 1.711902e+00 -5.562306e-01 0.000000e+00
    endloop
  endfacet
  facet normal 1.011038e-01 -2.709068e-02 9.945070e-01
    outer loop
      vertex 1.711902e+00 -5.562306e-01 0.000000e+00
      vertex 1.760666e+00 -3.742410e-01 0.000000e+00
      vertex 1.663387e+00 -3.535638e-01 1.045285e-02
    endloop
  endfacet
  facet normal 1.602962e-01 -1.253329e-02 9.869894e-01
    outer loop
      vertex 1.711902e+00 -5.562306e-01 0.000000e+00
      vertex 1.663387e+00 -3.535638e-01 1.045285e-02
      vertex 1.617967e+00 -5.257093e-01 1.564345e-02
    endloop
  endfacet
  facet normal 1.071936e-01 1.696109e-03 9.942367e-01
    outer loop
      vertex 1.617967e+00 -5.257093e-01 1.564345e-02
      vertex 1.663387e+00 -3.535638e-01 1.045285e-02
      vertex 1.566108e+00 -3.328865e-01 2.090569e-02
    endloop
  endfacet
  facet normal 1.702129e-01 1.889088e-02 9.852262e-01
    outer loop
      vertex 1.617967e+00 -5.257093e-01 1.564345e-02
      vertex 1.566108e+00 -3.328865e-01 2.090569e-02
      vertex 1.524032e+00 -4.951881e-01 3.128689e-02
    endloop
  endfacet
  facet normal 1.139126e-01 3.397780e-02 9.929096e-01
    outer loop
      vertex 1.524032e+00 -4.951881e-01 3.128689e-02
      vertex 1.566108e+00 -3.328865e-01 2.090569e-02
      vertex 1.468829e+00 -3.122092e-01 3.135854e-02
    endloop
  endfacet
  facet normal 1.811638e-01 5.427125e-02 9.819543e-01
    outer loop
      vertex 1.524032e+00 -4.951881e-01 3.128689e-02
      vertex 1.468829e+00 -3.122092e-01 3.135854e-02
      vertex 1.430097e+00 -4.646668e-01 4.693034e-02
    endloop
  endfacet
  facet normal 1.213343e-01 7.030467e-02 9.901188e-01
    outer loop
      vertex 1.430097e+00 -4.646668e-01 4.693034e-02
      vertex 1.468829e+00 -3.122092e-01 3.135854e-02
      vertex 1.371550e+00 -2.915320e-01 4.181139e-02
    endloop
  endfacet
  facet normal 1.932566e-01 9.422671e-02 9.766131e-01
    outer loop
      vertex 1.430097e+00 -4.646668e-01 4.693034e-02
      vertex 1.371550e+00 -2.915320e-01 4.181139e-02
      vertex 1.336163e+00 -4.341456e-01 6.257379e-02
    endloop
  endfacet
  facet normal 4.205258e-02 -9.839129e-02 9.942589e-01
    outer loop
      vertex 2.149781e+00 -4.569501e-01 -4.181139e-02
      vertex 2.187403e+00 -2.299053e-01 -2.093438e-02
      vertex 2.088087e+00 -2.194668e-01 -1.570079e-02
    endloop
  endfacet
  facet normal 8.831659e-02 -8.616375e-02 9.923588e-01
    outer loop
      vertex 2.149781e+00 -4.569501e-01 -4.181139e-02
      vertex 2.088087e+00 -2.194668e-01 -1.570079e-02
      vertex 2.052502e+00 -4.362729e-01 -3.135854e-02
    endloop
  endfacet
  facet normal 4.415833e-02 -7.917048e-02 9.958826e-01
    outer loop
      vertex 2.052502e+00 -4.362729e-01 -3.135854e-02
      vertex 2.088087e+00 -2.194668e-01 -1.570079e-02
      vertex 1.988771e+00 -2.090283e-01 -1.046719e-02
    endloop
  endfacet
  facet normal 9.287963e-02 -6.529061e-02 9.935344e-01
    outer loop
      vertex 2.052502e+00 -4.362729e-01 -3.135854e-02
      vertex 1.988771e+00 -2.090283e-01 -1.046719e-02
      vertex 1.955224e+00 -4.155956e-01 -2.090569e-02
    endloop
  endfacet
  facet normal 4.646127e-02 -5.793919e-02 9.972384e-01
    outer loop
      vertex 1.955224e+00 -4.155956e-01 -2.090569e-02
      vertex 1.988771e+00 -2.090283e-01 -1.046719e-02
      vertex 1.889455e+00 -1.985898e-01 -5.233596e-03
    endloop
  endfacet
  facet normal 9.788264e-02 -4.214302e-02 9.943053e-01
    outer loop
      vertex 1.955224e+00 -4.155956e-01 -2.090569e-02
      vertex 1.889455e+00 -1.985898e-01 -5.233596e-03
      vertex 1.857945e+00 -3.949183e-01 -1.045285e-02
    endloop
  endfacet
  facet normal 4.898649e-02 -3.439892e-02 9.982069e-01
    outer loop
      vertex 1.857945e+00 -3.949183e-01 -1.045285e-02
      vertex 1.889455e+00 -1.985898e-01 -5.233596e-03
      vertex 1.790139e+00 -1.881512e-01 0.000000e+00
    endloop
  endfacet
  facet normal 1.033817e-01 -1.637405e-02 9.945070e-01
    outer loop
      vertex 1.857945e+00 -3.949183e-01 -1.045285e-02
      vertex 1.790139e+00 -1.881512e-01 0.000000e+00
      vertex 1.760666e+00 -3.742410e-01 0.000000e+00
    endloop
  endfacet
  facet normal 5.176236e-02 -8.198352e-03 9.986258e-01
    outer loop
      vertex 1.760666e+00 -3.742410e-01 0.000000e+00
      vertex 1.790139e+00 -1.881512e-01 0.000000e+00
      vertex 1.690824e+00 -1.777127e-01 5.233596e-03
    endloop
  endfacet
  facet normal 1.094394e-01 1.242434e-02 9.939158e-01
    outer loop
      vertex 1.760666e+00 -3.742410e-01 0.000000e+00
      vertex 1.690824e+00 -1.777127e-01 5.233596e-03
      vertex 1.663387e+00 -3.535638e-01 1.045285e-02
    endloop
  endfacet
  facet normal 5.482061e-02 2.107546e-02 9.982738e-01
    outer loop
      vertex 1.663387e+00 -3.535638e-01 1.045285e-02
      vertex 1.690824e+00 -1.777127e-01 5.233596e-03
      vertex 1.591508e+00 -1.672742e-01 1.046719e-02
    endloop
  endfacet
  facet normal 1.161247e-01 4.472988e-02 9.922269e-01
    outer loop
      vertex 1.663387e+00 -3.535638e-01 1.045285e-02
      vertex 1.591508e+00 -1.672742e-01 1.046719e-02
      vertex 1.566108e+00 -3.328865e-01 2.090569e-02
    endloop
  endfacet
  facet normal 5.819611e-02 5.390565e-02 9.968487e-01
    outer loop
      vertex 1.566108e+00 -3.328865e-01 2.090569e-02
      vertex 1.591508e+00 -1.672742e-01 1.046719e-02
      vertex 1.492192e+00 -1.568357e-01 1.570079e-02
    endloop
  endfacet
  facet normal 1.235106e-01 8.109705e-02 9.890240e-01
    outer loop
      vertex 1.566108e+00 -3.328865e-01 2.090569e-02
      vertex 1.492192e+00 -1.568357e-01 1.570079e-02
      vertex 1.468829e+00 -3.122092e-01 3.135854e-02
    endloop
  endfacet
  facet normal 6.192593e-02 9.085238e-02 9.939371e-01
    outer loop
      vertex 1.468829e+00 -3.122092e-01 3.135854e-02
      vertex 1.492192e+00 -1.568357e-01 1.570079e-02
      vertex 1.392876e+00 -1.463971e-01 2.093438e-02
    endloop
  endfacet
  facet normal 1.316706e-01 1.221589e-01 9.837378e-01
    outer loop
      vertex 1.468829e+00 -3.122092e-01 3.135854e-02
      vertex 1.392876e+00 -1.463971e-01 2.093438e-02
      vertex 1.371550e+00 -2.915320e-01 4.181139e-02
    endloop
  endfacet
  facet normal 0.000000e+00 -9.068138e-02 9.958800e-01
    outer loop
      vertex 2.187403e+00 -2.299053e-01 -2.093438e-02
      vertex 2.200000e+00 0.000000e+00 0.000000e+00
      vertex 2.100000e+00 0.000000e+00 0.000000e+00
    endloop
  endfacet
  facet normal 4.475365e-02 -7.370343e-02 9.962755e-01
    outer loop
      vertex 2.187403e+00 -2.299053e-01 -2.093438e-02
      vertex 2.100000e+00 0.000000e+00 0.000000e+00
      vertex 2.088087e+00 -2.194668e-01 -1.570079e-02
    endloop
  endfacet
  facet normal 0.000000e+00 -7.135823e-02 9.974508e-01
    outer loop
      vertex 2.088087e+00 -2.194668e-01 -1.570079e-02
      vertex 2.100000e+00 0.000000e+00 0.000000e+00
      vertex 2.000000e+00 0.000000e+00 0.000000e+00
    endloop
  endfacet
  facet normal 4.704970e-02 -5.247841e-02 9.975131e-01
    outer loop
      vertex 2.088087e+00 -2.194668e-01 -1.570079e-02
      vertex 2.000000e+00 0.000000e+00 0.000000e+00
      vertex 1.988771e+00 -2.090283e-01 -1.046719e-02
    endloop
  endfacet
  facet normal 0.000000e+00 -5.001281e-02 9.987486e-01
    outer loop
      vertex 1.988771e+00 -2.090283e-01 -1.046719e-02
      vertex 2.000000e+00 0.000000e+00 0.000000e+00
      vertex 1.900000e+00 0.000000e+00 0.000000e+00
    endloop
  endfacet
  facet normal 4.956762e-02 -2.894229e-02 9.983513e-01
    outer loop
      vertex 1.988771e+00 -2.090283e-01 -1.046719e-02
      vertex 1.900000e+00 0.000000e+00 0.000000e+00
      vertex 1.889455e+00 -1.985898e-01 -5.233596e-03
    endloop
  endfacet
  facet normal 0.000000e+00 -2.634466e-02 9.996529e-01
    outer loop
      vertex 1.889455e+00 -1.985898e-01 -5.233596e-03
      vertex 1.900000e+00 0.000000e+00 0.000000e+00
      vertex 1.800000e+00 0.000000e+00 0.000000e+00
    endloop
  endfacet
  facet normal 5.233576e-02 -2.742801e-03 9.986258e-01
    outer loop
      vertex 1.889455e+00 -1.985898e-01 -5.233596e-03
      vertex 1.800000e+00 0.000000e+00 0.000000e+00
      vertex 1.790139e+00 -1.881512e-01 0.000000e+00
    endloop
  endfacet
  facet normal -0.000000e+00 0.000000e+00 1.000000e+00
    outer loop
      vertex 1.790139e+00 -1.881512e-01 0.000000e+00
      vertex 1.800000e+00 0.000000e+00 0.000000e+00
      vertex 1.700000e+00 0.000000e+00 -0.000000e+00
    endloop
  endfacet
  facet normal 5.538585e-02 2.653423e-02 9.981124e-01
    outer loop
      vertex 1.790139e+00 -1.881512e-01 0.000000e+00
      vertex 1.700000e+00 0.000000e+00 -0.000000e+00
      vertex 1.690824e+00 -1.777127e-01 5.233596e-03
    endloop
  endfacet
  facet normal 0.000000e+00 2.943699e-02 9.995666e-01
    outer loop
      vertex 1.690824e+00 -1.777127e-01 5.233596e-03
      vertex 1.700000e+00 0.000000e+00 -0.000000e+00
      vertex 1.600000e+00 0.000000e+00 -0.000000e+00
    endloop
  endfacet
  facet normal 5.875271e-02 5.937355e-02 9.965053e-01
    outer loop
      vertex 1.690824e+00 -1.777127e-01 5.233596e-03
      vertex 1.600000e+00 0.000000e+00 -0.000000e+00
      vertex 1.591508e+00 -1.672742e-01 1.046719e-02
    endloop
  endfacet
  facet normal 0.000000e+00 6.245290e-02 9.980479e-01
    outer loop
      vertex 1.591508e+00 -1.672742e-01 1.046719e-02
      vertex 1.600000e+00 0.000000e+00 -0.000000e+00
      vertex 1.500000e+00 0.000000e+00 -0.000000e+00
    endloop
  endfacet
  facet normal 6.247340e-02 9.633737e-02 9.933862e-01
    outer loop
      vertex 1.591508e+00 -1.672742e-01 1.046719e-02
      vertex 1.500000e+00 0.000000e+00 -0.000000e+00
      vertex 1.492192e+00 -1.568357e-01 1.570079e-02
    endloop
  endfacet
  facet normal 0.000000e+00 9.961189e-02 9.950264e-01
    outer loop
      vertex 1.492192e+00 -1.568357e-01 1.570079e-02
      vertex 1.500000e+00 0.000000e+00 -0.000000e+00
      vertex 1.400000e+00 0.000000e+00 -0.000000e+00
    endloop
  endfacet
  facet normal 6.658513e-02 1.380670e-01 9.881821e-01
    outer loop
      vertex 1.492192e+00 -1.568357e-01 1.570079e-02
      vertex 1.400000e+00 0.000000e+00 -0.000000e+00
      vertex 1.392876e+00 -1.463971e-01 2.093438e-02
    endloop
  endfacet
endsolid Mobius_Strip_Parametric_Surface
