solid Superquadric_s1_0.5_s2_0.5
  facet normal 7.699293e-03 1.682823e-04 9.999703e-01
    outer loop
      vertex -1.173766e-08 -1.298934e-16 -1.500000e+00
      vertex -4.696153e-01 -5.196940e-09 -1.496384e+00
      vertex -4.650817e-01 -2.074245e-01 -1.496384e+00
    endloop
  endfacet
  facet normal 7.699293e-03 1.682823e-04 9.999703e-01
    outer loop
      vertex -1.173766e-08 -1.298934e-16 -1.500000e+00
      vertex -4.650817e-01 -2.074245e-01 -1.496384e+00
      vertex -1.162435e-08 -5.184413e-09 -1.500000e+00
    endloop
  endfacet
  facet normal 7.242032e-03 1.193588e-03 9.999731e-01
    outer loop
      vertex -1.162435e-08 -5.184413e-09 -1.500000e+00
      vertex -4.650817e-01 -2.074245e-01 -1.496384e+00
      vertex -4.513879e-01 -2.905107e-01 -1.496384e+00
    endloop
  endfacet
  facet normal 7.242032e-03 1.193588e-03 9.999731e-01
    outer loop
      vertex -1.162435e-08 -5.184413e-09 -1.500000e+00
      vertex -4.513879e-01 -2.905107e-01 -1.496384e+00
      vertex -1.128208e-08 -7.261085e-09 -1.500000e+00
    endloop
  endfacet
  facet normal 6.405565e-03 2.493309e-03 9.999764e-01
    outer loop
      vertex -1.128208e-08 -7.261085e-09 -1.500000e+00
      vertex -4.513879e-01 -2.905107e-01 -1.496384e+00
      vertex -4.282185e-01 -3.500352e-01 -1.496384e+00
    endloop
  endfacet
  facet normal 0.000000e+00 1.000000e+00 0.000000e+00
    outer loop
      vertex -1.128208e-08 -7.261085e-09 -1.500000e+00
      vertex -4.282185e-01 -3.500352e-01 -1.496384e+00
      vertex -1.070298e-08 -8.748854e-09 -1.500000e+00
    endloop
  endfacet
  facet normal 5.253909e-03 3.902220e-03 9.999786e-01
    outer loop
      vertex -1.070298e-08 -8.748854e-09 -1.500000e+00
      vertex -4.282185e-01 -3.500352e-01 -1.496384e+00
      vertex -3.948979e-01 -3.948979e-01 -1.496384e+00
    endloop
  endfacet
  facet normal 0.000000e+00 1.000000e+00 0.000000e+00
    outer loop
      vertex -1.070298e-08 -8.748854e-09 -1.500000e+00
      vertex -3.948979e-01 -3.948979e-01 -1.496384e+00
      vertex -9.870160e-09 -9.870160e-09 -1.500000e+00
    endloop
  endfacet
  facet normal 3.902220e-03 5.253909e-03 9.999786e-01
    outer loop
      vertex -9.870160e-09 -9.870160e-09 -1.500000e+00
      vertex -3.948979e-01 -3.948979e-01 -1.496384e+00
      vertex -3.500352e-01 -4.282185e-01 -1.496384e+00
    endloop
  endfacet
  facet normal 0.000000e+00 1.000000e+00 0.000000e+00
    outer loop
      vertex -9.870160e-09 -9.870160e-09 -1.500000e+00
      vertex -3.500352e-01 -4.282185e-01 -1.496384e+00
      vertex -8.748854e-09 -1.070298e-08 -1.500000e+00
    endloop
  endfacet
  facet normal 2.493309e-03 6.405565e-03 9.999764e-01
    outer loop
      vertex -8.748854e-09 -1.070298e-08 -1.500000e+00
      vertex -3.500352e-01 -4.282185e-01 -1.496384e+00
      vertex -2.905107e-01 -4.513879e-01 -1.496384e+00
    endloop
  endfacet
  facet normal 0.000000e+00 1.000000e+00 0.000000e+00
    outer loop
      vertex -8.748854e-09 -1.070298e-08 -1.500000e+00
      vertex -2.905107e-01 -4.513879e-01 -1.496384e+00
      vertex -7.261085e-09 -1.128208e-08 -1.500000e+00
    endloop
  endfacet
  facet normal 1.193588e-03 7.242032e-03 9.999731e-01
    outer loop
      vertex -7.261085e-09 -1.128208e-08 -1.500000e+00
      vertex -2.905107e-01 -4.513879e-01 -1.496384e+00
      vertex -2.074245e-01 -4.650817e-01 -1.496384e+00
    endloop
  endfacet
  facet normal 1.193588e-03 7.242032e-03 9.999731e-01
    outer loop
      vertex -7.261085e-09 -1.128208e-08 -1.500000e+00
      vertex -2.074245e-01 -4.650817e-01 -1.496384e+00
      vertex -5.184413e-09 -1.162435e-08 -1.500000e+00
    endloop
  endfacet
  facet normal 1.682823e-04 7.699293e-03 9.999703e-01
    outer loop
      vertex -5.184413e-09 -1.162435e-08 -1.500000e+00
      vertex -2.074245e-01 -4.650817e-01 -1.496384e+00
      vertex 3.674791e-09 -4.696153e-01 -1.496384e+00
    endloop
  endfacet
  facet normal 1.682823e-04 7.699293e-03 9.999703e-01
    outer loop
      vertex -5.184413e-09 -1.162435e-08 -1.500000e+00
      vertex 3.674791e-09 -4.696153e-01 -1.496384e+00
      vertex 9.184851e-17 -1.173766e-08 -1.500000e+00
    endloop
  endfacet
  facet normal -1.682823e-04 7.699293e-03 9.999703e-01
    outer loop
      vertex 9.184851e-17 -1.173766e-08 -1.500000e+00
      vertex 3.674791e-09 -4.696153e-01 -1.496384e+00
      vertex 2.074245e-01 -4.650817e-01 -1.496384e+00
    endloop
  endfacet
  facet normal -1.682823e-04 7.699293e-03 9.999703e-01
    outer loop
      vertex 9.184851e-17 -1.173766e-08 -1.500000e+00
      vertex 2.074245e-01 -4.650817e-01 -1.496384e+00
      vertex 5.184413e-09 -1.162435e-08 -1.500000e+00
    endloop
  endfacet
  facet normal -1.193588e-03 7.242032e-03 9.999731e-01
    outer loop
      vertex 5.184413e-09 -1.162435e-08 -1.500000e+00
      vertex 2.074245e-01 -4.650817e-01 -1.496384e+00
      vertex 2.905107e-01 -4.513879e-01 -1.496384e+00
    endloop
  endfacet
  facet normal -1.193588e-03 7.242032e-03 9.999731e-01
    outer loop
      vertex 5.184413e-09 -1.162435e-08 -1.500000e+00
      vertex 2.905107e-01 -4.513879e-01 -1.496384e+00
      vertex 7.261085e-09 -1.128208e-08 -1.500000e+00
    endloop
  endfacet
  facet normal -2.493309e-03 6.405565e-03 9.999764e-01
    outer loop
      vertex 7.261085e-09 -1.128208e-08 -1.500000e+00
      vertex 2.905107e-01 -4.513879e-01 -1.496384e+00
      vertex 3.500352e-01 -4.282185e-01 -1.496384e+00
    endloop
  endfacet
  facet normal 0.000000e+00 1.000000e+00 0.000000e+00
    outer loop
      vertex 7.261085e-09 -1.128208e-08 -1.500000e+00
      vertex 3.500352e-01 -4.282185e-01 -1.496384e+00
      vertex 8.748854e-09 -1.070298e-08 -1.500000e+00
    endloop
  endfacet
  facet normal -3.902220e-03 5.253909e-03 9.999786e-01
    outer loop
      vertex 8.748854e-09 -1.070298e-08 -1.500000e+00
      vertex 3.500352e-01 -4.282185e-01 -1.496384e+00
      vertex 3.948979e-01 -3.948979e-01 -1.496384e+00
    endloop
  endfacet
  facet normal 0.000000e+00 1.000000e+00 0.000000e+00
    outer loop
      vertex 8.748854e-09 -1.070298e-08 -1.500000e+00
      vertex 3.948979e-01 -3.948979e-01 -1.496384e+00
      vertex 9.870160e-09 -9.870160e-09 -1.500000e+00
    endloop
  endfacet
  facet normal -5.253909e-03 3.902220e-03 9.999786e-01
    outer loop
      vertex 9.870160e-09 -9.870160e-09 -1.500000e+00
      vertex 3.948979e-01 -3.948979e-01 -1.496384e+00
      vertex 4.282185e-01 -3.500352e-01 -1.496384e+00
    endloop
  endfacet
  facet normal 0.000000e+00 1.000000e+00 0.000000e+00
    outer loop
      vertex 9.870160e-09 -9.870160e-09 -1.500000e+00
      vertex 4.282185e-01 -3.500352e-01 -1.496384e+00
      vertex 1.070298e-08 -8.748854e-09 -1.500000e+00
    endloop
  endfacet
  facet normal -6.405565e-03 2.493309e-03 9.999764e-01
    outer loop
      vertex 1.070298e-08 -8.748854e-09 -1.500000e+00
      vertex 4.282185e-01 -3.500352e-01 -1.496384e+00
      vertex 4.513879e-01 -2.905107e-01 -1.496384e+00
    endloop
  endfacet
  facet normal 0.000000e+00 1.000000e+00 0.000000e+00
    outer loop
      vertex 1.070298e-08 -8.748854e-09 -1.500000e+00
      vertex 4.513879e-01 -2.905107e-01 -1.496384e+00
      vertex 1.128208e-08 -7.261085e-09 -1.500000e+00
    endloop
  endfacet
  facet normal -7.242032e-03 1.193588e-03 9.999731e-01
    outer loop
      vertex 1.128208e-08 -7.261085e-09 -1.500000e+00
      vertex 4.513879e-01 -2.905107e-01 -1.496384e+00
      vertex 4.650817e-01 -2.074245e-01 -1.496384e+00
    endloop
  endfacet
  facet normal -7.242032e-03 1.193588e-03 9.999731e-01
    outer loop
      vertex 1.128208e-08 -7.261085e-09 -1.500000e+00
      vertex 4.650817e-01 -2.074245e-01 -1.496384e+00
      vertex 1.162435e-08 -5.184413e-09 -1.500000e+00
    endloop
  endfacet
  facet normal -7.699293e-03 1.682823e-04 9.999703e-01
    outer loop
      vertex 1.162435e-08 -5.184413e-09 -1.500000e+00
      vertex 4.650817e-01 -2.074245e-01 -1.496384e+00
      vertex 4.696153e-01 0.000000e+00 -1.496384e+00
    endloop
  endfacet
  facet normal -7.699293e-03 1.682823e-04 9.999703e-01
    outer loop
      vertex 1.162435e-08 -5.184413e-09 -1.500000e+00
      vertex 4.696153e-01 0.000000e+00 -1.496384e+00
      vertex 1.173766e-08 0.000000e+00 -1.500000e+00
    endloop
  endfacet
  facet normal -7.699293e-03 -1.682823e-04 9.999703e-01
    outer loop
      vertex 1.173766e-08 0.000000e+00 -1.500000e+00
      vertex 4.696153e-01 0.000000e+00 -1.496384e+00
      vertex 4.650817e-01 2.074245e-01 -1.496384e+00
    endloop
  endfacet
  facet normal -7.699293e-03 -1.682823e-04 9.999703e-01
    outer loop
      vertex 1.173766e-08 0.000000e+00 -1.500000e+00
      vertex 4.650817e-01 2.074245e-01 -1.496384e+00
      vertex 1.162435e-08 5.184413e-09 -1.500000e+00
    endloop
  endfacet
  facet normal -7.242032e-03 -1.193588e-03 9.999731e-01
    outer loop
      vertex 1.162435e-08 5.184413e-09 -1.500000e+00
      vertex 4.650817e-01 2.074245e-01 -1.496384e+00
      vertex 4.513879e-01 2.905107e-01 -1.496384e+00
    endloop
  endfacet
  facet normal -7.242032e-03 -1.193588e-03 9.999731e-01
    outer loop
      vertex 1.162435e-08 5.184413e-09 -1.500000e+00
      vertex 4.513879e-01 2.905107e-01 -1.496384e+00
      vertex 1.128208e-08 7.261085e-09 -1.500000e+00
    endloop
  endfacet
  facet normal -6.405565e-03 -2.493309e-03 9.999764e-01
    outer loop
      vertex 1.128208e-08 7.261085e-09 -1.500000e+00
      vertex 4.513879e-01 2.905107e-01 -1.496384e+00
      vertex 4.282185e-01 3.500352e-01 -1.496384e+00
    endloop
  endfacet
  facet normal 0.000000e+00 1.000000e+00 0.000000e+00
    outer loop
      vertex 1.128208e-08 7.261085e-09 -1.500000e+00
      vertex 4.282185e-01 3.500352e-01 -1.496384e+00
      vertex 1.070298e-08 8.748854e-09 -1.500000e+00
    endloop
  endfacet
  facet normal -5.253909e-03 -3.902220e-03 9.999786e-01
    outer loop
      vertex 1.070298e-08 8.748854e-09 -1.500000e+00
      vertex 4.282185e-01 3.500352e-01 -1.496384e+00
      vertex 3.948979e-01 3.948979e-01 -1.496384e+00
    endloop
  endfacet
  facet normal 0.000000e+00 1.000000e+00 0.000000e+00
    outer loop
      vertex 1.070298e-08 8.748854e-09 -1.500000e+00
      vertex 3.948979e-01 3.948979e-01 -1.496384e+00
      vertex 9.870160e-09 9.870160e-09 -1.500000e+00
    endloop
  endfacet
  facet normal -3.902220e-03 -5.253909e-03 9.999786e-01
    outer loop
      vertex 9.870160e-09 9.870160e-09 -1.500000e+00
      vertex 3.948979e-01 3.948979e-01 -1.496384e+00
      vertex 3.500352e-01 4.282185e-01 -1.496384e+00
    endloop
  endfacet
  facet normal 0.000000e+00 1.000000e+00 0.000000e+00
    outer loop
      vertex 9.870160e-09 9.870160e-09 -1.500000e+00
      vertex 3.500352e-01 4.282185e-01 -1.496384e+00
      vertex 8.748854e-09 1.070298e-08 -1.500000e+00
    endloop
  endfacet
  facet normal -2.493309e-03 -6.405565e-03 9.999764e-01
    outer loop
      vertex 8.748854e-09 1.070298e-08 -1.500000e+00
      vertex 3.500352e-01 4.282185e-01 -1.496384e+00
      vertex 2.905107e-01 4.513879e-01 -1.496384e+00
    endloop
  endfacet
  facet normal 0.000000e+00 1.000000e+00 0.000000e+00
    outer loop
      vertex 8.748854e-09 1.070298e-08 -1.500000e+00
      vertex 2.905107e-01 4.513879e-01 -1.496384e+00
      vertex 7.261085e-09 1.128208e-08 -1.500000e+00
    endloop
  endfacet
  facet normal -1.193588e-03 -7.242032e-03 9.999731e-01
    outer loop
      vertex 7.261085e-09 1.128208e-08 -1.500000e+00
      vertex 2.905107e-01 4.513879e-01 -1.496384e+00
      vertex 2.074245e-01 4.650817e-01 -1.496384e+00
    endloop
  endfacet
  facet normal -1.193588e-03 -7.242032e-03 9.999731e-01
    outer loop
      vertex 7.261085e-09 1.128208e-08 -1.500000e+00
      vertex 2.074245e-01 4.650817e-01 -1.496384e+00
      vertex 5.184413e-09 1.162435e-08 -1.500000e+00
    endloop
  endfacet
  facet normal -1.682823e-04 -7.699293e-03 9.999703e-01
    outer loop
      vertex 5.184413e-09 1.162435e-08 -1.500000e+00
      vertex 2.074245e-01 4.650817e-01 -1.496384e+00
      vertex 3.674791e-09 4.696153e-01 -1.496384e+00
    endloop
  endfacet
  facet normal -1.682823e-04 -7.699293e-03 9.999703e-01
    outer loop
      vertex 5.184413e-09 1.162435e-08 -1.500000e+00
      vertex 3.674791e-09 4.696153e-01 -1.496384e+00
      vertex 9.184851e-17 1.173766e-08 -1.500000e+00
    endloop
  endfacet
  facet normal 1.682823e-04 -7.699293e-03 9.999703e-01
    outer loop
      vertex 9.184851e-17 1.173766e-08 -1.500000e+00
      vertex 3.674791e-09 4.696153e-01 -1.496384e+00
      vertex -2.074245e-01 4.650817e-01 -1.496384e+00
    endloop
  endfacet
  facet normal 1.682823e-04 -7.699293e-03 9.999703e-01
    outer loop
      vertex 9.184851e-17 1.173766e-08 -1.500000e+00
      vertex -2.074245e-01 4.650817e-01 -1.496384e+00
      vertex -5.184413e-09 1.162435e-08 -1.500000e+00
    endloop
  endfacet
  facet normal 1.193588e-03 -7.242032e-03 9.999731e-01
    outer loop
      vertex -5.184413e-09 1.162435e-08 -1.500000e+00
      vertex -2.074245e-01 4.650817e-01 -1.496384e+00
      vertex -2.905107e-01 4.513879e-01 -1.496384e+00
    endloop
  endfacet
  facet normal 1.193588e-03 -7.242032e-03 9.999731e-01
    outer loop
      vertex -5.184413e-09 1.162435e-08 -1.500000e+00
      vertex -2.905107e-01 4.513879e-01 -1.496384e+00
      vertex -7.261085e-09 1.128208e-08 -1.500000e+00
    endloop
  endfacet
  facet normal 2.493309e-03 -6.405565e-03 9.999764e-01
    outer loop
      vertex -7.261085e-09 1.128208e-08 -1.500000e+00
      vertex -2.905107e-01 4.513879e-01 -1.496384e+00
      vertex -3.500352e-01 4.282185e-01 -1.496384e+00
    endloop
  endfacet
  facet normal 0.000000e+00 1.000000e+00 0.000000e+00
    outer loop
      vertex -7.261085e-09 1.128208e-08 -1.500000e+00
      vertex -3.500352e-01 4.282185e-01 -1.496384e+00
      vertex -8.748854e-09 1.070298e-08 -1.500000e+00
    endloop
  endfacet
  facet normal 3.902220e-03 -5.253909e-03 9.999786e-01
    outer loop
      vertex -8.748854e-09 1.070298e-08 -1.500000e+00
      vertex -3.500352e-01 4.282185e-01 -1.496384e+00
      vertex -3.948979e-01 3.948979e-01 -1.496384e+00
    endloop
  endfacet
  facet normal 0.000000e+00 1.000000e+00 0.000000e+00
    outer loop
      vertex -8.748854e-09 1.070298e-08 -1.500000e+00
      vertex -3.948979e-01 3.948979e-01 -1.496384e+00
      vertex -9.870160e-09 9.870160e-09 -1.500000e+00
    endloop
  endfacet
  facet normal 5.253909e-03 -3.902220e-03 9.999786e-01
    outer loop
      vertex -9.870160e-09 9.870160e-09 -1.500000e+00
      vertex -3.948979e-01 3.948979e-01 -1.496384e+00
      vertex -4.282185e-01 3.500352e-01 -1.496384e+00
    endloop
  endfacet
  facet normal 0.000000e+00 1.000000e+00 0.000000e+00
    outer loop
      vertex -9.870160e-09 9.870160e-09 -1.500000e+00
      vertex -4.282185e-01 3.500352e-01 -1.496384e+00
      vertex -1.070298e-08 8.748854e-09 -1.500000e+00
    endloop
  endfacet
  facet normal 6.405565e-03 -2.493309e-03 9.999764e-01
    outer loop
      vertex -1.070298e-08 8.748854e-09 -1.500000e+00
      vertex -4.282185e-01 3.500352e-01 -1.496384e+00
      vertex -4.513879e-01 2.905107e-01 -1.496384e+00
    endloop
  endfacet
  facet normal 0.000000e+00 1.000000e+00 0.000000e+00
    outer loop
      vertex -1.070298e-08 8.748854e-09 -1.500000e+00
      vertex -4.513879e-01 2.905107e-01 -1.496384e+00
      vertex -1.128208e-08 7.261085e-09 -1.500000e+00
    endloop
  endfacet
  facet normal 7.242032e-03 -1.193588e-03 9.999731e-01
    outer loop
      vertex -1.128208e-08 7.261085e-09 -1.500000e+00
      vertex -4.513879e-01 2.905107e-01 -1.496384e+00
      vertex -4.650817e-01 2.074245e-01 -1.496384e+00
    endloop
  endfacet
  facet normal 7.242032e-03 -1.193588e-03 9.999731e-01
    outer loop
      vertex -1.128208e-08 7.261085e-09 -1.500000e+00
      vertex -4.650817e-01 2.074245e-01 -1.496384e+00
      vertex -1.162435e-08 5.184413e-09 -1.500000e+00
    endloop
  endfacet
  facet normal 7.699293e-03 -1.682823e-04 9.999703e-01
    outer loop
      vertex -1.162435e-08 5.184413e-09 -1.500000e+00
      vertex -4.650817e-01 2.074245e-01 -1.496384e+00
      vertex -4.696153e-01 -5.196940e-09 -1.496384e+00
    endloop
  endfacet
  facet normal 7.699293e-03 -1.682823e-04 9.999703e-01
    outer loop
      vertex -1.162435e-08 5.184413e-09 -1.500000e+00
      vertex -4.696153e-01 -5.196940e-09 -1.496384e+00
      vertex -1.173766e-08 -1.298934e-16 -1.500000e+00
    endloop
  endfacet
  facet normal 5.623015e-02 1.229014e-03 9.984171e-01
    outer loop
      vertex -4.696153e-01 -5.196940e-09 -1.496384e+00
      vertex -6.625355e-01 -7.331866e-09 -1.485519e+00
      vertex -6.561394e-01 -2.926355e-01 -1.485519e+00
    endloop
  endfacet
  facet normal 5.623015e-02 1.229014e-03 9.984171e-01
    outer loop
      vertex -4.696153e-01 -5.196940e-09 -1.496384e+00
      vertex -6.561394e-01 -2.926355e-01 -1.485519e+00
      vertex -4.650817e-01 -2.074245e-01 -1.496384e+00
    endloop
  endfacet
  facet normal 5.289817e-02 8.718357e-03 9.985619e-01
    outer loop
      vertex -4.650817e-01 -2.074245e-01 -1.496384e+00
      vertex -6.561394e-01 -2.926355e-01 -1.485519e+00
      vertex -6.368201e-01 -4.098538e-01 -1.485519e+00
    endloop
  endfacet
  facet normal 5.289817e-02 8.718357e-03 9.985619e-01
    outer loop
      vertex -4.650817e-01 -2.074245e-01 -1.496384e+00
      vertex -6.368201e-01 -4.098538e-01 -1.485519e+00
      vertex -4.513879e-01 -2.905107e-01 -1.496384e+00
    endloop
  endfacet
  facet normal 4.679646e-02 1.821510e-02 9.987384e-01
    outer loop
      vertex -4.513879e-01 -2.905107e-01 -1.496384e+00
      vertex -6.368201e-01 -4.098538e-01 -1.485519e+00
      vertex -6.041327e-01 -4.938313e-01 -1.485519e+00
    endloop
  endfacet
  facet normal 4.679646e-02 1.821510e-02 9.987384e-01
    outer loop
      vertex -4.513879e-01 -2.905107e-01 -1.496384e+00
      vertex -6.041327e-01 -4.938313e-01 -1.485519e+00
      vertex -4.282185e-01 -3.500352e-01 -1.496384e+00
    endloop
  endfacet
  facet normal 3.838737e-02 2.851133e-02 9.988561e-01
    outer loop
      vertex -4.282185e-01 -3.500352e-01 -1.496384e+00
      vertex -6.041327e-01 -4.938313e-01 -1.485519e+00
      vertex -5.571237e-01 -5.571237e-01 -1.485519e+00
    endloop
  endfacet
  facet normal 3.838737e-02 2.851133e-02 9.988561e-01
    outer loop
      vertex -4.282185e-01 -3.500352e-01 -1.496384e+00
      vertex -5.571237e-01 -5.571237e-01 -1.485519e+00
      vertex -3.948979e-01 -3.948979e-01 -1.496384e+00
    endloop
  endfacet
  facet normal 2.851133e-02 3.838737e-02 9.988561e-01
    outer loop
      vertex -3.948979e-01 -3.948979e-01 -1.496384e+00
      vertex -5.571237e-01 -5.571237e-01 -1.485519e+00
      vertex -4.938313e-01 -6.041327e-01 -1.485519e+00
    endloop
  endfacet
  facet normal 2.851133e-02 3.838737e-02 9.988561e-01
    outer loop
      vertex -3.948979e-01 -3.948979e-01 -1.496384e+00
      vertex -4.938313e-01 -6.041327e-01 -1.485519e+00
      vertex -3.500352e-01 -4.282185e-01 -1.496384e+00
    endloop
  endfacet
  facet normal 1.821510e-02 4.679646e-02 9.987384e-01
    outer loop
      vertex -3.500352e-01 -4.282185e-01 -1.496384e+00
      vertex -4.938313e-01 -6.041327e-01 -1.485519e+00
      vertex -4.098538e-01 -6.368201e-01 -1.485519e+00
    endloop
  endfacet
  facet normal 1.821510e-02 4.679646e-02 9.987384e-01
    outer loop
      vertex -3.500352e-01 -4.282185e-01 -1.496384e+00
      vertex -4.098538e-01 -6.368201e-01 -1.485519e+00
      vertex -2.905107e-01 -4.513879e-01 -1.496384e+00
    endloop
  endfacet
  facet normal 8.718357e-03 5.289817e-02 9.985619e-01
    outer loop
      vertex -2.905107e-01 -4.513879e-01 -1.496384e+00
      vertex -4.098538e-01 -6.368201e-01 -1.485519e+00
      vertex -2.926355e-01 -6.561394e-01 -1.485519e+00
    endloop
  endfacet
  facet normal 8.718357e-03 5.289817e-02 9.985619e-01
    outer loop
      vertex -2.905107e-01 -4.513879e-01 -1.496384e+00
      vertex -2.926355e-01 -6.561394e-01 -1.485519e+00
      vertex -2.074245e-01 -4.650817e-01 -1.496384e+00
    endloop
  endfacet
  facet normal 1.229014e-03 5.623015e-02 9.984171e-01
    outer loop
      vertex -2.074245e-01 -4.650817e-01 -1.496384e+00
      vertex -2.926355e-01 -6.561394e-01 -1.485519e+00
      vertex 5.184413e-09 -6.625355e-01 -1.485519e+00
    endloop
  endfacet
  facet normal 1.229014e-03 5.623015e-02 9.984171e-01
    outer loop
      vertex -2.074245e-01 -4.650817e-01 -1.496384e+00
      vertex 5.184413e-09 -6.625355e-01 -1.485519e+00
      vertex 3.674791e-09 -4.696153e-01 -1.496384e+00
    endloop
  endfacet
  facet normal -1.229014e-03 5.623015e-02 9.984171e-01
    outer loop
      vertex 3.674791e-09 -4.696153e-01 -1.496384e+00
      vertex 5.184413e-09 -6.625355e-01 -1.485519e+00
      vertex 2.926355e-01 -6.561394e-01 -1.485519e+00
    endloop
  endfacet
  facet normal -1.229014e-03 5.623015e-02 9.984171e-01
    outer loop
      vertex 3.674791e-09 -4.696153e-01 -1.496384e+00
      vertex 2.926355e-01 -6.561394e-01 -1.485519e+00
      vertex 2.074245e-01 -4.650817e-01 -1.496384e+00
    endloop
  endfacet
  facet normal -8.718357e-03 5.289817e-02 9.985619e-01
    outer loop
      vertex 2.074245e-01 -4.650817e-01 -1.496384e+00
      vertex 2.926355e-01 -6.561394e-01 -1.485519e+00
      vertex 4.098538e-01 -6.368201e-01 -1.485519e+00
    endloop
  endfacet
  facet normal -8.718357e-03 5.289817e-02 9.985619e-01
    outer loop
      vertex 2.074245e-01 -4.650817e-01 -1.496384e+00
      vertex 4.098538e-01 -6.368201e-01 -1.485519e+00
      vertex 2.905107e-01 -4.513879e-01 -1.496384e+00
    endloop
  endfacet
  facet normal -1.821510e-02 4.679646e-02 9.987384e-01
    outer loop
      vertex 2.905107e-01 -4.513879e-01 -1.496384e+00
      vertex 4.098538e-01 -6.368201e-01 -1.485519e+00
      vertex 4.938313e-01 -6.041327e-01 -1.485519e+00
    endloop
  endfacet
  facet normal -1.821510e-02 4.679646e-02 9.987384e-01
    outer loop
      vertex 2.905107e-01 -4.513879e-01 -1.496384e+00
      vertex 4.938313e-01 -6.041327e-01 -1.485519e+00
      vertex 3.500352e-01 -4.282185e-01 -1.496384e+00
    endloop
  endfacet
  facet normal -2.851133e-02 3.838737e-02 9.988561e-01
    outer loop
      vertex 3.500352e-01 -4.282185e-01 -1.496384e+00
      vertex 4.938313e-01 -6.041327e-01 -1.485519e+00
      vertex 5.571237e-01 -5.571237e-01 -1.485519e+00
    endloop
  endfacet
  facet normal -2.851133e-02 3.838737e-02 9.988561e-01
    outer loop
      vertex 3.500352e-01 -4.282185e-01 -1.496384e+00
      vertex 5.571237e-01 -5.571237e-01 -1.485519e+00
      vertex 3.948979e-01 -3.948979e-01 -1.496384e+00
    endloop
  endfacet
  facet normal -3.838737e-02 2.851133e-02 9.988561e-01
    outer loop
      vertex 3.948979e-01 -3.948979e-01 -1.496384e+00
      vertex 5.571237e-01 -5.571237e-01 -1.485519e+00
      vertex 6.041327e-01 -4.938313e-01 -1.485519e+00
    endloop
  endfacet
  facet normal -3.838737e-02 2.851133e-02 9.988561e-01
    outer loop
      vertex 3.948979e-01 -3.948979e-01 -1.496384e+00
      vertex 6.041327e-01 -4.938313e-01 -1.485519e+00
      vertex 4.282185e-01 -3.500352e-01 -1.496384e+00
    endloop
  endfacet
  facet normal -4.679646e-02 1.821510e-02 9.987384e-01
    outer loop
      vertex 4.282185e-01 -3.500352e-01 -1.496384e+00
      vertex 6.041327e-01 -4.938313e-01 -1.485519e+00
      vertex 6.368201e-01 -4.098538e-01 -1.485519e+00
    endloop
  endfacet
  facet normal -4.679646e-02 1.821510e-02 9.987384e-01
    outer loop
      vertex 4.282185e-01 -3.500352e-01 -1.496384e+00
      vertex 6.368201e-01 -4.098538e-01 -1.485519e+00
      vertex 4.513879e-01 -2.905107e-01 -1.496384e+00
    endloop
  endfacet
  facet normal -5.289817e-02 8.718357e-03 9.985619e-01
    outer loop
      vertex 4.513879e-01 -2.905107e-01 -1.496384e+00
      vertex 6.368201e-01 -4.098538e-01 -1.485519e+00
      vertex 6.561394e-01 -2.926355e-01 -1.485519e+00
    endloop
  endfacet
  facet normal -5.289817e-02 8.718357e-03 9.985619e-01
    outer loop
      vertex 4.513879e-01 -2.905107e-01 -1.496384e+00
      vertex 6.561394e-01 -2.926355e-01 -1.485519e+00
      vertex 4.650817e-01 -2.074245e-01 -1.496384e+00
    endloop
  endfacet
  facet normal -5.623015e-02 1.229014e-03 9.984171e-01
    outer loop
      vertex 4.650817e-01 -2.074245e-01 -1.496384e+00
      vertex 6.561394e-01 -2.926355e-01 -1.485519e+00
      vertex 6.625355e-01 0.000000e+00 -1.485519e+00
    endloop
  endfacet
  facet normal -5.623015e-02 1.229014e-03 9.984171e-01
    outer loop
      vertex 4.650817e-01 -2.074245e-01 -1.496384e+00
      vertex 6.625355e-01 0.000000e+00 -1.485519e+00
      vertex 4.696153e-01 0.000000e+00 -1.496384e+00
    endloop
  endfacet
  facet normal -5.623015e-02 -1.229014e-03 9.984171e-01
    outer loop
      vertex 4.696153e-01 0.000000e+00 -1.496384e+00
      vertex 6.625355e-01 0.000000e+00 -1.485519e+00
      vertex 6.561394e-01 2.926355e-01 -1.485519e+00
    endloop
  endfacet
  facet normal -5.623015e-02 -1.229014e-03 9.984171e-01
    outer loop
      vertex 4.696153e-01 0.000000e+00 -1.496384e+00
      vertex 6.561394e-01 2.926355e-01 -1.485519e+00
      vertex 4.650817e-01 2.074245e-01 -1.496384e+00
    endloop
  endfacet
  facet normal -5.289817e-02 -8.718357e-03 9.985619e-01
    outer loop
      vertex 4.650817e-01 2.074245e-01 -1.496384e+00
      vertex 6.561394e-01 2.926355e-01 -1.485519e+00
      vertex 6.368201e-01 4.098538e-01 -1.485519e+00
    endloop
  endfacet
  facet normal -5.289817e-02 -8.718357e-03 9.985619e-01
    outer loop
      vertex 4.650817e-01 2.074245e-01 -1.496384e+00
      vertex 6.368201e-01 4.098538e-01 -1.485519e+00
      vertex 4.513879e-01 2.905107e-01 -1.496384e+00
    endloop
  endfacet
  facet normal -4.679646e-02 -1.821510e-02 9.987384e-01
    outer loop
      vertex 4.513879e-01 2.905107e-01 -1.496384e+00
      vertex 6.368201e-01 4.098538e-01 -1.485519e+00
      vertex 6.041327e-01 4.938313e-01 -1.485519e+00
    endloop
  endfacet
  facet normal -4.679646e-02 -1.821510e-02 9.987384e-01
    outer loop
      vertex 4.513879e-01 2.905107e-01 -1.496384e+00
      vertex 6.041327e-01 4.938313e-01 -1.485519e+00
      vertex 4.282185e-01 3.500352e-01 -1.496384e+00
    endloop
  endfacet
  facet normal -3.838737e-02 -2.851133e-02 9.988561e-01
    outer loop
      vertex 4.282185e-01 3.500352e-01 -1.496384e+00
      vertex 6.041327e-01 4.938313e-01 -1.485519e+00
      vertex 5.571237e-01 5.571237e-01 -1.485519e+00
    endloop
  endfacet
  facet normal -3.838737e-02 -2.851133e-02 9.988561e-01
    outer loop
      vertex 4.282185e-01 3.500352e-01 -1.496384e+00
      vertex 5.571237e-01 5.571237e-01 -1.485519e+00
      vertex 3.948979e-01 3.948979e-01 -1.496384e+00
    endloop
  endfacet
  facet normal -2.851133e-02 -3.838737e-02 9.988561e-01
    outer loop
      vertex 3.948979e-01 3.948979e-01 -1.496384e+00
      vertex 5.571237e-01 5.571237e-01 -1.485519e+00
      vertex 4.938313e-01 6.041327e-01 -1.485519e+00
    endloop
  endfacet
  facet normal -2.851133e-02 -3.838737e-02 9.988561e-01
    outer loop
      vertex 3.948979e-01 3.948979e-01 -1.496384e+00
      vertex 4.938313e-01 6.041327e-01 -1.485519e+00
      vertex 3.500352e-01 4.282185e-01 -1.496384e+00
    endloop
  endfacet
  facet normal -1.821510e-02 -4.679646e-02 9.987384e-01
    outer loop
      vertex 3.500352e-01 4.282185e-01 -1.496384e+00
      vertex 4.938313e-01 6.041327e-01 -1.485519e+00
      vertex 4.098538e-01 6.368201e-01 -1.485519e+00
    endloop
  endfacet
  facet normal -1.821510e-02 -4.679646e-02 9.987384e-01
    outer loop
      vertex 3.500352e-01 4.282185e-01 -1.496384e+00
      vertex 4.098538e-01 6.368201e-01 -1.485519e+00
      vertex 2.905107e-01 4.513879e-01 -1.496384e+00
    endloop
  endfacet
  facet normal -8.718357e-03 -5.289817e-02 9.985619e-01
    outer loop
      vertex 2.905107e-01 4.513879e-01 -1.496384e+00
      vertex 4.098538e-01 6.368201e-01 -1.485519e+00
      vertex 2.926355e-01 6.561394e-01 -1.485519e+00
    endloop
  endfacet
  facet normal -8.718357e-03 -5.289817e-02 9.985619e-01
    outer loop
      vertex 2.905107e-01 4.513879e-01 -1.496384e+00
      vertex 2.926355e-01 6.561394e-01 -1.485519e+00
      vertex 2.074245e-01 4.650817e-01 -1.496384e+00
    endloop
  endfacet
  facet normal -1.229014e-03 -5.623015e-02 9.984171e-01
    outer loop
      vertex 2.074245e-01 4.650817e-01 -1.496384e+00
      vertex 2.926355e-01 6.561394e-01 -1.485519e+00
      vertex 5.184413e-09 6.625355e-01 -1.485519e+00
    endloop
  endfacet
  facet normal -1.229014e-03 -5.623015e-02 9.984171e-01
    outer loop
      vertex 2.074245e-01 4.650817e-01 -1.496384e+00
      vertex 5.184413e-09 6.625355e-01 -1.485519e+00
      vertex 3.674791e-09 4.696153e-01 -1.496384e+00
    endloop
  endfacet
  facet normal 1.229014e-03 -5.623015e-02 9.984171e-01
    outer loop
      vertex 3.674791e-09 4.696153e-01 -1.496384e+00
      vertex 5.184413e-09 6.625355e-01 -1.485519e+00
      vertex -2.926355e-01 6.561394e-01 -1.485519e+00
    endloop
  endfacet
  facet normal 1.229014e-03 -5.623015e-02 9.984171e-01
    outer loop
      vertex 3.674791e-09 4.696153e-01 -1.496384e+00
      vertex -2.926355e-01 6.561394e-01 -1.485519e+00
      vertex -2.074245e-01 4.650817e-01 -1.496384e+00
    endloop
  endfacet
  facet normal 8.718357e-03 -5.289817e-02 9.985619e-01
    outer loop
      vertex -2.074245e-01 4.650817e-01 -1.496384e+00
      vertex -2.926355e-01 6.561394e-01 -1.485519e+00
      vertex -4.098538e-01 6.368201e-01 -1.485519e+00
    endloop
  endfacet
  facet normal 8.718357e-03 -5.289817e-02 9.985619e-01
    outer loop
      vertex -2.074245e-01 4.650817e-01 -1.496384e+00
      vertex -4.098538e-01 6.368201e-01 -1.485519e+00
      vertex -2.905107e-01 4.513879e-01 -1.496384e+00
    endloop
  endfacet
  facet normal 1.821510e-02 -4.679646e-02 9.987384e-01
    outer loop
      vertex -2.905107e-01 4.513879e-01 -1.496384e+00
      vertex -4.098538e-01 6.368201e-01 -1.485519e+00
      vertex -4.938313e-01 6.041327e-01 -1.485519e+00
    endloop
  endfacet
  facet normal 1.821510e-02 -4.679646e-02 9.987384e-01
    outer loop
      vertex -2.905107e-01 4.513879e-01 -1.496384e+00
      vertex -4.938313e-01 6.041327e-01 -1.485519e+00
      vertex -3.500352e-01 4.282185e-01 -1.496384e+00
    endloop
  endfacet
  facet normal 2.851133e-02 -3.838737e-02 9.988561e-01
    outer loop
      vertex -3.500352e-01 4.282185e-01 -1.496384e+00
      vertex -4.938313e-01 6.041327e-01 -1.485519e+00
      vertex -5.571237e-01 5.571237e-01 -1.485519e+00
    endloop
  endfacet
  facet normal 2.851133e-02 -3.838737e-02 9.988561e-01
    outer loop
      vertex -3.500352e-01 4.282185e-01 -1.496384e+00
      vertex -5.571237e-01 5.571237e-01 -1.485519e+00
      vertex -3.948979e-01 3.948979e-01 -1.496384e+00
    endloop
  endfacet
  facet normal 3.838737e-02 -2.851133e-02 9.988561e-01
    outer loop
      vertex -3.948979e-01 3.948979e-01 -1.496384e+00
      vertex -5.571237e-01 5.571237e-01 -1.485519e+00
      vertex -6.041327e-01 4.938313e-01 -1.485519e+00
    endloop
  endfacet
  facet normal 3.838737e-02 -2.851133e-02 9.988561e-01
    outer loop
      vertex -3.948979e-01 3.948979e-01 -1.496384e+00
      vertex -6.041327e-01 4.938313e-01 -1.485519e+00
      vertex -4.282185e-01 3.500352e-01 -1.496384e+00
    endloop
  endfacet
  facet normal 4.679646e-02 -1.821510e-02 9.987384e-01
    outer loop
      vertex -4.282185e-01 3.500352e-01 -1.496384e+00
      vertex -6.041327e-01 4.938313e-01 -1.485519e+00
      vertex -6.368201e-01 4.098538e-01 -1.485519e+00
    endloop
  endfacet
  facet normal 4.679646e-02 -1.821510e-02 9.987384e-01
    outer loop
      vertex -4.282185e-01 3.500352e-01 -1.496384e+00
      vertex -6.368201e-01 4.098538e-01 -1.485519e+00
      vertex -4.513879e-01 2.905107e-01 -1.496384e+00
    endloop
  endfacet
  facet normal 5.289817e-02 -8.718357e-03 9.985619e-01
    outer loop
      vertex -4.513879e-01 2.905107e-01 -1.496384e+00
      vertex -6.368201e-01 4.098538e-01 -1.485519e+00
      vertex -6.561394e-01 2.926355e-01 -1.485519e+00
    endloop
  endfacet
  facet normal 5.289817e-02 -8.718357e-03 9.985619e-01
    outer loop
      vertex -4.513879e-01 2.905107e-01 -1.496384e+00
      vertex -6.561394e-01 2.926355e-01 -1.485519e+00
      vertex -4.650817e-01 2.074245e-01 -1.496384e+00
    endloop
  endfacet
  facet normal 5.623015e-02 -1.229014e-03 9.984171e-01
    outer loop
      vertex -4.650817e-01 2.074245e-01 -1.496384e+00
      vertex -6.561394e-01 2.926355e-01 -1.485519e+00
      vertex -6.625355e-01 -7.331866e-09 -1.485519e+00
    endloop
  endfacet
  facet normal 5.623015e-02 -1.229014e-03 9.984171e-01
    outer loop
      vertex -4.650817e-01 2.074245e-01 -1.496384e+00
      vertex -6.625355e-01 -7.331866e-09 -1.485519e+00
      vertex -4.696153e-01 -5.196940e-09 -1.496384e+00
    endloop
  endfacet
  facet normal 1.237974e-01 2.705822e-03 9.923038e-01
    outer loop
      vertex -6.625355e-01 -7.331866e-09 -1.485519e+00
      vertex -8.081711e-01 -8.943525e-09 -1.467350e+00
      vertex -8.003690e-01 -3.569613e-01 -1.467350e+00
    endloop
  endfacet
  facet normal 1.237974e-01 2.705822e-03 9.923038e-01
    outer loop
      vertex -6.625355e-01 -7.331866e-09 -1.485519e+00
      vertex -8.003690e-01 -3.569613e-01 -1.467350e+00
      vertex -6.561394e-01 -2.926355e-01 -1.485519e+00
    endloop
  endfacet
  facet normal 1.165267e-01 1.920523e-02 9.930019e-01
    outer loop
      vertex -6.561394e-01 -2.926355e-01 -1.485519e+00
      vertex -8.003690e-01 -3.569613e-01 -1.467350e+00
      vertex -7.768032e-01 -4.999461e-01 -1.467350e+00
    endloop
  endfacet
  facet normal 1.165267e-01 1.920523e-02 9.930019e-01
    outer loop
      vertex -6.561394e-01 -2.926355e-01 -1.485519e+00
      vertex -7.768032e-01 -4.999461e-01 -1.467350e+00
      vertex -6.368201e-01 -4.098538e-01 -1.485519e+00
    endloop
  endfacet
  facet normal 1.031558e-01 4.015248e-02 9.938544e-01
    outer loop
      vertex -6.368201e-01 -4.098538e-01 -1.485519e+00
      vertex -7.768032e-01 -4.999461e-01 -1.467350e+00
      vertex -7.369305e-01 -6.023831e-01 -1.467350e+00
    endloop
  endfacet
  facet normal 1.031558e-01 4.015248e-02 9.938544e-01
    outer loop
      vertex -6.368201e-01 -4.098538e-01 -1.485519e+00
      vertex -7.369305e-01 -6.023831e-01 -1.467350e+00
      vertex -6.041327e-01 -4.938313e-01 -1.485519e+00
    endloop
  endfacet
  facet normal 8.465776e-02 6.287761e-02 9.944242e-01
    outer loop
      vertex -6.041327e-01 -4.938313e-01 -1.485519e+00
      vertex -7.369305e-01 -6.023831e-01 -1.467350e+00
      vertex -6.795882e-01 -6.795882e-01 -1.467350e+00
    endloop
  endfacet
  facet normal 8.465776e-02 6.287761e-02 9.944242e-01
    outer loop
      vertex -6.041327e-01 -4.938313e-01 -1.485519e+00
      vertex -6.795882e-01 -6.795882e-01 -1.467350e+00
      vertex -5.571237e-01 -5.571237e-01 -1.485519e+00
    endloop
  endfacet
  facet normal 6.287761e-02 8.465776e-02 9.944242e-01
    outer loop
      vertex -5.571237e-01 -5.571237e-01 -1.485519e+00
      vertex -6.795882e-01 -6.795882e-01 -1.467350e+00
      vertex -6.023831e-01 -7.369305e-01 -1.467350e+00
    endloop
  endfacet
  facet normal 6.287761e-02 8.465776e-02 9.944242e-01
    outer loop
      vertex -5.571237e-01 -5.571237e-01 -1.485519e+00
      vertex -6.023831e-01 -7.369305e-01 -1.467350e+00
      vertex -4.938313e-01 -6.041327e-01 -1.485519e+00
    endloop
  endfacet
  facet normal 4.015248e-02 1.031558e-01 9.938544e-01
    outer loop
      vertex -4.938313e-01 -6.041327e-01 -1.485519e+00
      vertex -6.023831e-01 -7.369305e-01 -1.467350e+00
      vertex -4.999461e-01 -7.768032e-01 -1.467350e+00
    endloop
  endfacet
  facet normal 4.015248e-02 1.031558e-01 9.938544e-01
    outer loop
      vertex -4.938313e-01 -6.041327e-01 -1.485519e+00
      vertex -4.999461e-01 -7.768032e-01 -1.467350e+00
      vertex -4.098538e-01 -6.368201e-01 -1.485519e+00
    endloop
  endfacet
  facet normal 1.920523e-02 1.165267e-01 9.930019e-01
    outer loop
      vertex -4.098538e-01 -6.368201e-01 -1.485519e+00
      vertex -4.999461e-01 -7.768032e-01 -1.467350e+00
      vertex -3.569613e-01 -8.003690e-01 -1.467350e+00
    endloop
  endfacet
  facet normal 1.920523e-02 1.165267e-01 9.930019e-01
    outer loop
      vertex -4.098538e-01 -6.368201e-01 -1.485519e+00
      vertex -3.569613e-01 -8.003690e-01 -1.467350e+00
      vertex -2.926355e-01 -6.561394e-01 -1.485519e+00
    endloop
  endfacet
  facet normal 2.705822e-03 1.237974e-01 9.923038e-01
    outer loop
      vertex -2.926355e-01 -6.561394e-01 -1.485519e+00
      vertex -3.569613e-01 -8.003690e-01 -1.467350e+00
      vertex 6.324027e-09 -8.081711e-01 -1.467350e+00
    endloop
  endfacet
  facet normal 2.705822e-03 1.237974e-01 9.923038e-01
    outer loop
      vertex -2.926355e-01 -6.561394e-01 -1.485519e+00
      vertex 6.324027e-09 -8.081711e-01 -1.467350e+00
      vertex 5.184413e-09 -6.625355e-01 -1.485519e+00
    endloop
  endfacet
  facet normal -2.705822e-03 1.237974e-01 9.923038e-01
    outer loop
      vertex 5.184413e-09 -6.625355e-01 -1.485519e+00
      vertex 6.324027e-09 -8.081711e-01 -1.467350e+00
      vertex 3.569613e-01 -8.003690e-01 -1.467350e+00
    endloop
  endfacet
  facet normal -2.705822e-03 1.237974e-01 9.923038e-01
    outer loop
      vertex 5.184413e-09 -6.625355e-01 -1.485519e+00
      vertex 3.569613e-01 -8.003690e-01 -1.467350e+00
      vertex 2.926355e-01 -6.561394e-01 -1.485519e+00
    endloop
  endfacet
  facet normal -1.920523e-02 1.165267e-01 9.930019e-01
    outer loop
      vertex 2.926355e-01 -6.561394e-01 -1.485519e+00
      vertex 3.569613e-01 -8.003690e-01 -1.467350e+00
      vertex 4.999461e-01 -7.768032e-01 -1.467350e+00
    endloop
  endfacet
  facet normal -1.920523e-02 1.165267e-01 9.930019e-01
    outer loop
      vertex 2.926355e-01 -6.561394e-01 -1.485519e+00
      vertex 4.999461e-01 -7.768032e-01 -1.467350e+00
      vertex 4.098538e-01 -6.368201e-01 -1.485519e+00
    endloop
  endfacet
  facet normal -4.015248e-02 1.031558e-01 9.938544e-01
    outer loop
      vertex 4.098538e-01 -6.368201e-01 -1.485519e+00
      vertex 4.999461e-01 -7.768032e-01 -1.467350e+00
      vertex 6.023831e-01 -7.369305e-01 -1.467350e+00
    endloop
  endfacet
  facet normal -4.015248e-02 1.031558e-01 9.938544e-01
    outer loop
      vertex 4.098538e-01 -6.368201e-01 -1.485519e+00
      vertex 6.023831e-01 -7.369305e-01 -1.467350e+00
      vertex 4.938313e-01 -6.041327e-01 -1.485519e+00
    endloop
  endfacet
  facet normal -6.287761e-02 8.465776e-02 9.944242e-01
    outer loop
      vertex 4.938313e-01 -6.041327e-01 -1.485519e+00
      vertex 6.023831e-01 -7.369305e-01 -1.467350e+00
      vertex 6.795882e-01 -6.795882e-01 -1.467350e+00
    endloop
  endfacet
  facet normal -6.287761e-02 8.465776e-02 9.944242e-01
    outer loop
      vertex 4.938313e-01 -6.041327e-01 -1.485519e+00
      vertex 6.795882e-01 -6.795882e-01 -1.467350e+00
      vertex 5.571237e-01 -5.571237e-01 -1.485519e+00
    endloop
  endfacet
  facet normal -8.465776e-02 6.287761e-02 9.944242e-01
    outer loop
      vertex 5.571237e-01 -5.571237e-01 -1.485519e+00
      vertex 6.795882e-01 -6.795882e-01 -1.467350e+00
      vertex 7.369305e-01 -6.023831e-01 -1.467350e+00
    endloop
  endfacet
  facet normal -8.465776e-02 6.287761e-02 9.944242e-01
    outer loop
      vertex 5.571237e-01 -5.571237e-01 -1.485519e+00
      vertex 7.369305e-01 -6.023831e-01 -1.467350e+00
      vertex 6.041327e-01 -4.938313e-01 -1.485519e+00
    endloop
  endfacet
  facet normal -1.031558e-01 4.015248e-02 9.938544e-01
    outer loop
      vertex 6.041327e-01 -4.938313e-01 -1.485519e+00
      vertex 7.369305e-01 -6.023831e-01 -1.467350e+00
      vertex 7.768032e-01 -4.999461e-01 -1.467350e+00
    endloop
  endfacet
  facet normal -1.031558e-01 4.015248e-02 9.938544e-01
    outer loop
      vertex 6.041327e-01 -4.938313e-01 -1.485519e+00
      vertex 7.768032e-01 -4.999461e-01 -1.467350e+00
      vertex 6.368201e-01 -4.098538e-01 -1.485519e+00
    endloop
  endfacet
  facet normal -1.165267e-01 1.920523e-02 9.930019e-01
    outer loop
      vertex 6.368201e-01 -4.098538e-01 -1.485519e+00
      vertex 7.768032e-01 -4.999461e-01 -1.467350e+00
      vertex 8.003690e-01 -3.569613e-01 -1.467350e+00
    endloop
  endfacet
  facet normal -1.165267e-01 1.920523e-02 9.930019e-01
    outer loop
      vertex 6.368201e-01 -4.098538e-01 -1.485519e+00
      vertex 8.003690e-01 -3.569613e-01 -1.467350e+00
      vertex 6.561394e-01 -2.926355e-01 -1.485519e+00
    endloop
  endfacet
  facet normal -1.237974e-01 2.705822e-03 9.923038e-01
    outer loop
      vertex 6.561394e-01 -2.926355e-01 -1.485519e+00
      vertex 8.003690e-01 -3.569613e-01 -1.467350e+00
      vertex 8.081711e-01 0.000000e+00 -1.467350e+00
    endloop
  endfacet
  facet normal -1.237974e-01 2.705822e-03 9.923038e-01
    outer loop
      vertex 6.561394e-01 -2.926355e-01 -1.485519e+00
      vertex 8.081711e-01 0.000000e+00 -1.467350e+00
      vertex 6.625355e-01 0.000000e+00 -1.485519e+00
    endloop
  endfacet
  facet normal -1.237974e-01 -2.705822e-03 9.923038e-01
    outer loop
      vertex 6.625355e-01 0.000000e+00 -1.485519e+00
      vertex 8.081711e-01 0.000000e+00 -1.467350e+00
      vertex 8.003690e-01 3.569613e-01 -1.467350e+00
    endloop
  endfacet
  facet normal -1.237974e-01 -2.705822e-03 9.923038e-01
    outer loop
      vertex 6.625355e-01 0.000000e+00 -1.485519e+00
      vertex 8.003690e-01 3.569613e-01 -1.467350e+00
      vertex 6.561394e-01 2.926355e-01 -1.485519e+00
    endloop
  endfacet
  facet normal -1.165267e-01 -1.920523e-02 9.930019e-01
    outer loop
      vertex 6.561394e-01 2.926355e-01 -1.485519e+00
      vertex 8.003690e-01 3.569613e-01 -1.467350e+00
      vertex 7.768032e-01 4.999461e-01 -1.467350e+00
    endloop
  endfacet
  facet normal -1.165267e-01 -1.920523e-02 9.930019e-01
    outer loop
      vertex 6.561394e-01 2.926355e-01 -1.485519e+00
      vertex 7.768032e-01 4.999461e-01 -1.467350e+00
      vertex 6.368201e-01 4.098538e-01 -1.485519e+00
    endloop
  endfacet
  facet normal -1.031558e-01 -4.015248e-02 9.938544e-01
    outer loop
      vertex 6.368201e-01 4.098538e-01 -1.485519e+00
      vertex 7.768032e-01 4.999461e-01 -1.467350e+00
      vertex 7.369305e-01 6.023831e-01 -1.467350e+00
    endloop
  endfacet
  facet normal -1.031558e-01 -4.015248e-02 9.938544e-01
    outer loop
      vertex 6.368201e-01 4.098538e-01 -1.485519e+00
      vertex 7.369305e-01 6.023831e-01 -1.467350e+00
      vertex 6.041327e-01 4.938313e-01 -1.485519e+00
    endloop
  endfacet
  facet normal -8.465776e-02 -6.287761e-02 9.944242e-01
    outer loop
      vertex 6.041327e-01 4.938313e-01 -1.485519e+00
      vertex 7.369305e-01 6.023831e-01 -1.467350e+00
      vertex 6.795882e-01 6.795882e-01 -1.467350e+00
    endloop
  endfacet
  facet normal -8.465776e-02 -6.287761e-02 9.944242e-01
    outer loop
      vertex 6.041327e-01 4.938313e-01 -1.485519e+00
      vertex 6.795882e-01 6.795882e-01 -1.467350e+00
      vertex 5.571237e-01 5.571237e-01 -1.485519e+00
    endloop
  endfacet
  facet normal -6.287761e-02 -8.465776e-02 9.944242e-01
    outer loop
      vertex 5.571237e-01 5.571237e-01 -1.485519e+00
      vertex 6.795882e-01 6.795882e-01 -1.467350e+00
      vertex 6.023831e-01 7.369305e-01 -1.467350e+00
    endloop
  endfacet
  facet normal -6.287761e-02 -8.465776e-02 9.944242e-01
    outer loop
      vertex 5.571237e-01 5.571237e-01 -1.485519e+00
      vertex 6.023831e-01 7.369305e-01 -1.467350e+00
      vertex 4.938313e-01 6.041327e-01 -1.485519e+00
    endloop
  endfacet
  facet normal -4.015248e-02 -1.031558e-01 9.938544e-01
    outer loop
      vertex 4.938313e-01 6.041327e-01 -1.485519e+00
      vertex 6.023831e-01 7.369305e-01 -1.467350e+00
      vertex 4.999461e-01 7.768032e-01 -1.467350e+00
    endloop
  endfacet
  facet normal -4.015248e-02 -1.031558e-01 9.938544e-01
    outer loop
      vertex 4.938313e-01 6.041327e-01 -1.485519e+00
      vertex 4.999461e-01 7.768032e-01 -1.467350e+00
      vertex 4.098538e-01 6.368201e-01 -1.485519e+00
    endloop
  endfacet
  facet normal -1.920523e-02 -1.165267e-01 9.930019e-01
    outer loop
      vertex 4.098538e-01 6.368201e-01 -1.485519e+00
      vertex 4.999461e-01 7.768032e-01 -1.467350e+00
      vertex 3.569613e-01 8.003690e-01 -1.467350e+00
    endloop
  endfacet
  facet normal -1.920523e-02 -1.165267e-01 9.930019e-01
    outer loop
      vertex 4.098538e-01 6.368201e-01 -1.485519e+00
      vertex 3.569613e-01 8.003690e-01 -1.467350e+00
      vertex 2.926355e-01 6.561394e-01 -1.485519e+00
    endloop
  endfacet
  facet normal -2.705822e-03 -1.237974e-01 9.923038e-01
    outer loop
      vertex 2.926355e-01 6.561394e-01 -1.485519e+00
      vertex 3.569613e-01 8.003690e-01 -1.467350e+00
      vertex 6.324027e-09 8.081711e-01 -1.467350e+00
    endloop
  endfacet
  facet normal -2.705822e-03 -1.237974e-01 9.923038e-01
    outer loop
      vertex 2.926355e-01 6.561394e-01 -1.485519e+00
      vertex 6.324027e-09 8.081711e-01 -1.467350e+00
      vertex 5.184413e-09 6.625355e-01 -1.485519e+00
    endloop
  endfacet
  facet normal 2.705822e-03 -1.237974e-01 9.923038e-01
    outer loop
      vertex 5.184413e-09 6.625355e-01 -1.485519e+00
      vertex 6.324027e-09 8.081711e-01 -1.467350e+00
      vertex -3.569613e-01 8.003690e-01 -1.467350e+00
    endloop
  endfacet
  facet normal 2.705822e-03 -1.237974e-01 9.923038e-01
    outer loop
      vertex 5.184413e-09 6.625355e-01 -1.485519e+00
      vertex -3.569613e-01 8.003690e-01 -1.467350e+00
      vertex -2.926355e-01 6.561394e-01 -1.485519e+00
    endloop
  endfacet
  facet normal 1.920523e-02 -1.165267e-01 9.930019e-01
    outer loop
      vertex -2.926355e-01 6.561394e-01 -1.485519e+00
      vertex -3.569613e-01 8.003690e-01 -1.467350e+00
      vertex -4.999461e-01 7.768032e-01 -1.467350e+00
    endloop
  endfacet
  facet normal 1.920523e-02 -1.165267e-01 9.930019e-01
    outer loop
      vertex -2.926355e-01 6.561394e-01 -1.485519e+00
      vertex -4.999461e-01 7.768032e-01 -1.467350e+00
      vertex -4.098538e-01 6.368201e-01 -1.485519e+00
    endloop
  endfacet
  facet normal 4.015248e-02 -1.031558e-01 9.938544e-01
    outer loop
      vertex -4.098538e-01 6.368201e-01 -1.485519e+00
      vertex -4.999461e-01 7.768032e-01 -1.467350e+00
      vertex -6.023831e-01 7.369305e-01 -1.467350e+00
    endloop
  endfacet
  facet normal 4.015248e-02 -1.031558e-01 9.938544e-01
    outer loop
      vertex -4.098538e-01 6.368201e-01 -1.485519e+00
      vertex -6.023831e-01 7.369305e-01 -1.467350e+00
      vertex -4.938313e-01 6.041327e-01 -1.485519e+00
    endloop
  endfacet
  facet normal 6.287761e-02 -8.465776e-02 9.944242e-01
    outer loop
      vertex -4.938313e-01 6.041327e-01 -1.485519e+00
      vertex -6.023831e-01 7.369305e-01 -1.467350e+00
      vertex -6.795882e-01 6.795882e-01 -1.467350e+00
    endloop
  endfacet
  facet normal 6.287761e-02 -8.465776e-02 9.944242e-01
    outer loop
      vertex -4.938313e-01 6.041327e-01 -1.485519e+00
      vertex -6.795882e-01 6.795882e-01 -1.467350e+00
      vertex -5.571237e-01 5.571237e-01 -1.485519e+00
    endloop
  endfacet
  facet normal 8.465776e-02 -6.287761e-02 9.944242e-01
    outer loop
      vertex -5.571237e-01 5.571237e-01 -1.485519e+00
      vertex -6.795882e-01 6.795882e-01 -1.467350e+00
      vertex -7.369305e-01 6.023831e-01 -1.467350e+00
    endloop
  endfacet
  facet normal 8.465776e-02 -6.287761e-02 9.944242e-01
    outer loop
      vertex -5.571237e-01 5.571237e-01 -1.485519e+00
      vertex -7.369305e-01 6.023831e-01 -1.467350e+00
      vertex -6.041327e-01 4.938313e-01 -1.485519e+00
    endloop
  endfacet
  facet normal 1.031558e-01 -4.015248e-02 9.938544e-01
    outer loop
      vertex -6.041327e-01 4.938313e-01 -1.485519e+00
      vertex -7.369305e-01 6.023831e-01 -1.467350e+00
      vertex -7.768032e-01 4.999461e-01 -1.467350e+00
    endloop
  endfacet
  facet normal 1.031558e-01 -4.015248e-02 9.938544e-01
    outer loop
      vertex -6.041327e-01 4.938313e-01 -1.485519e+00
      vertex -7.768032e-01 4.999461e-01 -1.467350e+00
      vertex -6.368201e-01 4.098538e-01 -1.485519e+00
    endloop
  endfacet
  facet normal 1.165267e-01 -1.920523e-02 9.930019e-01
    outer loop
      vertex -6.368201e-01 4.098538e-01 -1.485519e+00
      vertex -7.768032e-01 4.999461e-01 -1.467350e+00
      vertex -8.003690e-01 3.569613e-01 -1.467350e+00
    endloop
  endfacet
  facet normal 1.165267e-01 -1.920523e-02 9.930019e-01
    outer loop
      vertex -6.368201e-01 4.098538e-01 -1.485519e+00
      vertex -8.003690e-01 3.569613e-01 -1.467350e+00
      vertex -6.561394e-01 2.926355e-01 -1.485519e+00
    endloop
  endfacet
  facet normal 1.237974e-01 -2.705822e-03 9.923038e-01
    outer loop
      vertex -6.561394e-01 2.926355e-01 -1.485519e+00
      vertex -8.003690e-01 3.569613e-01 -1.467350e+00
      vertex -8.081711e-01 -8.943525e-09 -1.467350e+00
    endloop
  endfacet
  facet normal 1.237974e-01 -2.705822e-03 9.923038e-01
    outer loop
      vertex -6.561394e-01 2.926355e-01 -1.485519e+00
      vertex -8.081711e-01 -8.943525e-09 -1.467350e+00
      vertex -6.625355e-01 -7.331866e-09 -1.485519e+00
    endloop
  endfacet
  facet normal 2.088194e-01 4.564134e-03 9.779436e-01
    outer loop
      vertex -8.081711e-01 -8.943525e-09 -1.467350e+00
      vertex -9.279212e-01 -1.026872e-08 -1.441780e+00
      vertex -9.189631e-01 -4.098538e-01 -1.441780e+00
    endloop
  endfacet
  facet normal 2.088194e-01 4.564134e-03 9.779436e-01
    outer loop
      vertex -8.081711e-01 -8.943525e-09 -1.467350e+00
      vertex -9.189631e-01 -4.098538e-01 -1.441780e+00
      vertex -8.003690e-01 -3.569613e-01 -1.467350e+00
    endloop
  endfacet
  facet normal 1.968110e-01 3.243719e-02 9.799047e-01
    outer loop
      vertex -8.003690e-01 -3.569613e-01 -1.467350e+00
      vertex -9.189631e-01 -4.098538e-01 -1.441780e+00
      vertex -8.919053e-01 -5.740251e-01 -1.441780e+00
    endloop
  endfacet
  facet normal 1.968110e-01 3.243719e-02 9.799047e-01
    outer loop
      vertex -8.003690e-01 -3.569613e-01 -1.467350e+00
      vertex -8.919053e-01 -5.740251e-01 -1.441780e+00
      vertex -7.768032e-01 -4.999461e-01 -1.467350e+00
    endloop
  endfacet
  facet normal 1.745058e-01 6.792481e-02 9.823105e-01
    outer loop
      vertex -7.768032e-01 -4.999461e-01 -1.467350e+00
      vertex -8.919053e-01 -5.740251e-01 -1.441780e+00
      vertex -8.461245e-01 -6.916408e-01 -1.441780e+00
    endloop
  endfacet
  facet normal 1.745058e-01 6.792481e-02 9.823105e-01
    outer loop
      vertex -7.768032e-01 -4.999461e-01 -1.467350e+00
      vertex -8.461245e-01 -6.916408e-01 -1.441780e+00
      vertex -7.369305e-01 -6.023831e-01 -1.467350e+00
    endloop
  endfacet
  facet normal 1.433663e-01 1.064820e-01 9.839246e-01
    outer loop
      vertex -7.369305e-01 -6.023831e-01 -1.467350e+00
      vertex -8.461245e-01 -6.916408e-01 -1.441780e+00
      vertex -7.802856e-01 -7.802856e-01 -1.441780e+00
    endloop
  endfacet
  facet normal 1.433663e-01 1.064820e-01 9.839246e-01
    outer loop
      vertex -7.369305e-01 -6.023831e-01 -1.467350e+00
      vertex -7.802856e-01 -7.802856e-01 -1.441780e+00
      vertex -6.795882e-01 -6.795882e-01 -1.467350e+00
    endloop
  endfacet
  facet normal 1.064820e-01 1.433663e-01 9.839246e-01
    outer loop
      vertex -6.795882e-01 -6.795882e-01 -1.467350e+00
      vertex -7.802856e-01 -7.802856e-01 -1.441780e+00
      vertex -6.916408e-01 -8.461245e-01 -1.441780e+00
    endloop
  endfacet
  facet normal 1.064820e-01 1.433663e-01 9.839246e-01
    outer loop
      vertex -6.795882e-01 -6.795882e-01 -1.467350e+00
      vertex -6.916408e-01 -8.461245e-01 -1.441780e+00
      vertex -6.023831e-01 -7.369305e-01 -1.467350e+00
    endloop
  endfacet
  facet normal 6.792481e-02 1.745058e-01 9.823105e-01
    outer loop
      vertex -6.023831e-01 -7.369305e-01 -1.467350e+00
      vertex -6.916408e-01 -8.461245e-01 -1.441780e+00
      vertex -5.740251e-01 -8.919053e-01 -1.441780e+00
    endloop
  endfacet
  facet normal 6.792481e-02 1.745058e-01 9.823105e-01
    outer loop
      vertex -6.023831e-01 -7.369305e-01 -1.467350e+00
      vertex -5.740251e-01 -8.919053e-01 -1.441780e+00
      vertex -4.999461e-01 -7.768032e-01 -1.467350e+00
    endloop
  endfacet
  facet normal 3.243719e-02 1.968110e-01 9.799047e-01
    outer loop
      vertex -4.999461e-01 -7.768032e-01 -1.467350e+00
      vertex -5.740251e-01 -8.919053e-01 -1.441780e+00
      vertex -4.098538e-01 -9.189631e-01 -1.441780e+00
    endloop
  endfacet
  facet normal 3.243719e-02 1.968110e-01 9.799047e-01
    outer loop
      vertex -4.999461e-01 -7.768032e-01 -1.467350e+00
      vertex -4.098538e-01 -9.189631e-01 -1.441780e+00
      vertex -3.569613e-01 -8.003690e-01 -1.467350e+00
    endloop
  endfacet
  facet normal 4.564134e-03 2.088194e-01 9.779436e-01
    outer loop
      vertex -3.569613e-01 -8.003690e-01 -1.467350e+00
      vertex -4.098538e-01 -9.189631e-01 -1.441780e+00
      vertex 7.261085e-09 -9.279212e-01 -1.441780e+00
    endloop
  endfacet
  facet normal 4.564134e-03 2.088194e-01 9.779436e-01
    outer loop
      vertex -3.569613e-01 -8.003690e-01 -1.467350e+00
      vertex 7.261085e-09 -9.279212e-01 -1.441780e+00
      vertex 6.324027e-09 -8.081711e-01 -1.467350e+00
    endloop
  endfacet
  facet normal -4.564134e-03 2.088194e-01 9.779436e-01
    outer loop
      vertex 6.324027e-09 -8.081711e-01 -1.467350e+00
      vertex 7.261085e-09 -9.279212e-01 -1.441780e+00
      vertex 4.098538e-01 -9.189631e-01 -1.441780e+00
    endloop
  endfacet
  facet normal -4.564134e-03 2.088194e-01 9.779436e-01
    outer loop
      vertex 6.324027e-09 -8.081711e-01 -1.467350e+00
      vertex 4.098538e-01 -9.189631e-01 -1.441780e+00
      vertex 3.569613e-01 -8.003690e-01 -1.467350e+00
    endloop
  endfacet
  facet normal -3.243719e-02 1.968110e-01 9.799047e-01
    outer loop
      vertex 3.569613e-01 -8.003690e-01 -1.467350e+00
      vertex 4.098538e-01 -9.189631e-01 -1.441780e+00
      vertex 5.740251e-01 -8.919053e-01 -1.441780e+00
    endloop
  endfacet
  facet normal -3.243719e-02 1.968110e-01 9.799047e-01
    outer loop
      vertex 3.569613e-01 -8.003690e-01 -1.467350e+00
      vertex 5.740251e-01 -8.919053e-01 -1.441780e+00
      vertex 4.999461e-01 -7.768032e-01 -1.467350e+00
    endloop
  endfacet
  facet normal -6.792481e-02 1.745058e-01 9.823105e-01
    outer loop
      vertex 4.999461e-01 -7.768032e-01 -1.467350e+00
      vertex 5.740251e-01 -8.919053e-01 -1.441780e+00
      vertex 6.916408e-01 -8.461245e-01 -1.441780e+00
    endloop
  endfacet
  facet normal -6.792481e-02 1.745058e-01 9.823105e-01
    outer loop
      vertex 4.999461e-01 -7.768032e-01 -1.467350e+00
      vertex 6.916408e-01 -8.461245e-01 -1.441780e+00
      vertex 6.023831e-01 -7.369305e-01 -1.467350e+00
    endloop
  endfacet
  facet normal -1.064820e-01 1.433663e-01 9.839246e-01
    outer loop
      vertex 6.023831e-01 -7.369305e-01 -1.467350e+00
      vertex 6.916408e-01 -8.461245e-01 -1.441780e+00
      vertex 7.802856e-01 -7.802856e-01 -1.441780e+00
    endloop
  endfacet
  facet normal -1.064820e-01 1.433663e-01 9.839246e-01
    outer loop
      vertex 6.023831e-01 -7.369305e-01 -1.467350e+00
      vertex 7.802856e-01 -7.802856e-01 -1.441780e+00
      vertex 6.795882e-01 -6.795882e-01 -1.467350e+00
    endloop
  endfacet
  facet normal -1.433663e-01 1.064820e-01 9.839246e-01
    outer loop
      vertex 6.795882e-01 -6.795882e-01 -1.467350e+00
      vertex 7.802856e-01 -7.802856e-01 -1.441780e+00
      vertex 8.461245e-01 -6.916408e-01 -1.441780e+00
    endloop
  endfacet
  facet normal -1.433663e-01 1.064820e-01 9.839246e-01
    outer loop
      vertex 6.795882e-01 -6.795882e-01 -1.467350e+00
      vertex 8.461245e-01 -6.916408e-01 -1.441780e+00
      vertex 7.369305e-01 -6.023831e-01 -1.467350e+00
    endloop
  endfacet
  facet normal -1.745058e-01 6.792481e-02 9.823105e-01
    outer loop
      vertex 7.369305e-01 -6.023831e-01 -1.467350e+00
      vertex 8.461245e-01 -6.916408e-01 -1.441780e+00
      vertex 8.919053e-01 -5.740251e-01 -1.441780e+00
    endloop
  endfacet
  facet normal -1.745058e-01 6.792481e-02 9.823105e-01
    outer loop
      vertex 7.369305e-01 -6.023831e-01 -1.467350e+00
      vertex 8.919053e-01 -5.740251e-01 -1.441780e+00
      vertex 7.768032e-01 -4.999461e-01 -1.467350e+00
    endloop
  endfacet
  facet normal -1.968110e-01 3.243719e-02 9.799047e-01
    outer loop
      vertex 7.768032e-01 -4.999461e-01 -1.467350e+00
      vertex 8.919053e-01 -5.740251e-01 -1.441780e+00
      vertex 9.189631e-01 -4.098538e-01 -1.441780e+00
    endloop
  endfacet
  facet normal -1.968110e-01 3.243719e-02 9.799047e-01
    outer loop
      vertex 7.768032e-01 -4.999461e-01 -1.467350e+00
      vertex 9.189631e-01 -4.098538e-01 -1.441780e+00
      vertex 8.003690e-01 -3.569613e-01 -1.467350e+00
    endloop
  endfacet
  facet normal -2.088194e-01 4.564134e-03 9.779436e-01
    outer loop
      vertex 8.003690e-01 -3.569613e-01 -1.467350e+00
      vertex 9.189631e-01 -4.098538e-01 -1.441780e+00
      vertex 9.279212e-01 0.000000e+00 -1.441780e+00
    endloop
  endfacet
  facet normal -2.088194e-01 4.564134e-03 9.779436e-01
    outer loop
      vertex 8.003690e-01 -3.569613e-01 -1.467350e+00
      vertex 9.279212e-01 0.000000e+00 -1.441780e+00
      vertex 8.081711e-01 0.000000e+00 -1.467350e+00
    endloop
  endfacet
  facet normal -2.088194e-01 -4.564134e-03 9.779436e-01
    outer loop
      vertex 8.081711e-01 0.000000e+00 -1.467350e+00
      vertex 9.279212e-01 0.000000e+00 -1.441780e+00
      vertex 9.189631e-01 4.098538e-01 -1.441780e+00
    endloop
  endfacet
  facet normal -2.088194e-01 -4.564134e-03 9.779436e-01
    outer loop
      vertex 8.081711e-01 0.000000e+00 -1.467350e+00
      vertex 9.189631e-01 4.098538e-01 -1.441780e+00
      vertex 8.003690e-01 3.569613e-01 -1.467350e+00
    endloop
  endfacet
  facet normal -1.968110e-01 -3.243719e-02 9.799047e-01
    outer loop
      vertex 8.003690e-01 3.569613e-01 -1.467350e+00
      vertex 9.189631e-01 4.098538e-01 -1.441780e+00
      vertex 8.919053e-01 5.740251e-01 -1.441780e+00
    endloop
  endfacet
  facet normal -1.968110e-01 -3.243719e-02 9.799047e-01
    outer loop
      vertex 8.003690e-01 3.569613e-01 -1.467350e+00
      vertex 8.919053e-01 5.740251e-01 -1.441780e+00
      vertex 7.768032e-01 4.999461e-01 -1.467350e+00
    endloop
  endfacet
  facet normal -1.745058e-01 -6.792481e-02 9.823105e-01
    outer loop
      vertex 7.768032e-01 4.999461e-01 -1.467350e+00
      vertex 8.919053e-01 5.740251e-01 -1.441780e+00
      vertex 8.461245e-01 6.916408e-01 -1.441780e+00
    endloop
  endfacet
  facet normal -1.745058e-01 -6.792481e-02 9.823105e-01
    outer loop
      vertex 7.768032e-01 4.999461e-01 -1.467350e+00
      vertex 8.461245e-01 6.916408e-01 -1.441780e+00
      vertex 7.369305e-01 6.023831e-01 -1.467350e+00
    endloop
  endfacet
  facet normal -1.433663e-01 -1.064820e-01 9.839246e-01
    outer loop
      vertex 7.369305e-01 6.023831e-01 -1.467350e+00
      vertex 8.461245e-01 6.916408e-01 -1.441780e+00
      vertex 7.802856e-01 7.802856e-01 -1.441780e+00
    endloop
  endfacet
  facet normal -1.433663e-01 -1.064820e-01 9.839246e-01
    outer loop
      vertex 7.369305e-01 6.023831e-01 -1.467350e+00
      vertex 7.802856e-01 7.802856e-01 -1.441780e+00
      vertex 6.795882e-01 6.795882e-01 -1.467350e+00
    endloop
  endfacet
  facet normal -1.064820e-01 -1.433663e-01 9.839246e-01
    outer loop
      vertex 6.795882e-01 6.795882e-01 -1.467350e+00
      vertex 7.802856e-01 7.802856e-01 -1.441780e+00
      vertex 6.916408e-01 8.461245e-01 -1.441780e+00
    endloop
  endfacet
  facet normal -1.064820e-01 -1.433663e-01 9.839246e-01
    outer loop
      vertex 6.795882e-01 6.795882e-01 -1.467350e+00
      vertex 6.916408e-01 8.461245e-01 -1.441780e+00
      vertex 6.023831e-01 7.369305e-01 -1.467350e+00
    endloop
  endfacet
  facet normal -6.792481e-02 -1.745058e-01 9.823105e-01
    outer loop
      vertex 6.023831e-01 7.369305e-01 -1.467350e+00
      vertex 6.916408e-01 8.461245e-01 -1.441780e+00
      vertex 5.740251e-01 8.919053e-01 -1.441780e+00
    endloop
  endfacet
  facet normal -6.792481e-02 -1.745058e-01 9.823105e-01
    outer loop
      vertex 6.023831e-01 7.369305e-01 -1.467350e+00
      vertex 5.740251e-01 8.919053e-01 -1.441780e+00
      vertex 4.999461e-01 7.768032e-01 -1.467350e+00
    endloop
  endfacet
  facet normal -3.243719e-02 -1.968110e-01 9.799047e-01
    outer loop
      vertex 4.999461e-01 7.768032e-01 -1.467350e+00
      vertex 5.740251e-01 8.919053e-01 -1.441780e+00
      vertex 4.098538e-01 9.189631e-01 -1.441780e+00
    endloop
  endfacet
  facet normal -3.243719e-02 -1.968110e-01 9.799047e-01
    outer loop
      vertex 4.999461e-01 7.768032e-01 -1.467350e+00
      vertex 4.098538e-01 9.189631e-01 -1.441780e+00
      vertex 3.569613e-01 8.003690e-01 -1.467350e+00
    endloop
  endfacet
  facet normal -4.564134e-03 -2.088194e-01 9.779436e-01
    outer loop
      vertex 3.569613e-01 8.003690e-01 -1.467350e+00
      vertex 4.098538e-01 9.189631e-01 -1.441780e+00
      vertex 7.261085e-09 9.279212e-01 -1.441780e+00
    endloop
  endfacet
  facet normal -4.564134e-03 -2.088194e-01 9.779436e-01
    outer loop
      vertex 3.569613e-01 8.003690e-01 -1.467350e+00
      vertex 7.261085e-09 9.279212e-01 -1.441780e+00
      vertex 6.324027e-09 8.081711e-01 -1.467350e+00
    endloop
  endfacet
  facet normal 4.564134e-03 -2.088194e-01 9.779436e-01
    outer loop
      vertex 6.324027e-09 8.081711e-01 -1.467350e+00
      vertex 7.261085e-09 9.279212e-01 -1.441780e+00
      vertex -4.098538e-01 9.189631e-01 -1.441780e+00
    endloop
  endfacet
  facet normal 4.564134e-03 -2.088194e-01 9.779436e-01
    outer loop
      vertex 6.324027e-09 8.081711e-01 -1.467350e+00
      vertex -4.098538e-01 9.189631e-01 -1.441780e+00
      vertex -3.569613e-01 8.003690e-01 -1.467350e+00
    endloop
  endfacet
  facet normal 3.243719e-02 -1.968110e-01 9.799047e-01
    outer loop
      vertex -3.569613e-01 8.003690e-01 -1.467350e+00
      vertex -4.098538e-01 9.189631e-01 -1.441780e+00
      vertex -5.740251e-01 8.919053e-01 -1.441780e+00
    endloop
  endfacet
  facet normal 3.243719e-02 -1.968110e-01 9.799047e-01
    outer loop
      vertex -3.569613e-01 8.003690e-01 -1.467350e+00
      vertex -5.740251e-01 8.919053e-01 -1.441780e+00
      vertex -4.999461e-01 7.768032e-01 -1.467350e+00
    endloop
  endfacet
  facet normal 6.792481e-02 -1.745058e-01 9.823105e-01
    outer loop
      vertex -4.999461e-01 7.768032e-01 -1.467350e+00
      vertex -5.740251e-01 8.919053e-01 -1.441780e+00
      vertex -6.916408e-01 8.461245e-01 -1.441780e+00
    endloop
  endfacet
  facet normal 6.792481e-02 -1.745058e-01 9.823105e-01
    outer loop
      vertex -4.999461e-01 7.768032e-01 -1.467350e+00
      vertex -6.916408e-01 8.461245e-01 -1.441780e+00
      vertex -6.023831e-01 7.369305e-01 -1.467350e+00
    endloop
  endfacet
  facet normal 1.064820e-01 -1.433663e-01 9.839246e-01
    outer loop
      vertex -6.023831e-01 7.369305e-01 -1.467350e+00
      vertex -6.916408e-01 8.461245e-01 -1.441780e+00
      vertex -7.802856e-01 7.802856e-01 -1.441780e+00
    endloop
  endfacet
  facet normal 1.064820e-01 -1.433663e-01 9.839246e-01
    outer loop
      vertex -6.023831e-01 7.369305e-01 -1.467350e+00
      vertex -7.802856e-01 7.802856e-01 -1.441780e+00
      vertex -6.795882e-01 6.795882e-01 -1.467350e+00
    endloop
  endfacet
  facet normal 1.433663e-01 -1.064820e-01 9.839246e-01
    outer loop
      vertex -6.795882e-01 6.795882e-01 -1.467350e+00
      vertex -7.802856e-01 7.802856e-01 -1.441780e+00
      vertex -8.461245e-01 6.916408e-01 -1.441780e+00
    endloop
  endfacet
  facet normal 1.433663e-01 -1.064820e-01 9.839246e-01
    outer loop
      vertex -6.795882e-01 6.795882e-01 -1.467350e+00
      vertex -8.461245e-01 6.916408e-01 -1.441780e+00
      vertex -7.369305e-01 6.023831e-01 -1.467350e+00
    endloop
  endfacet
  facet normal 1.745058e-01 -6.792481e-02 9.823105e-01
    outer loop
      vertex -7.369305e-01 6.023831e-01 -1.467350e+00
      vertex -8.461245e-01 6.916408e-01 -1.441780e+00
      vertex -8.919053e-01 5.740251e-01 -1.441780e+00
    endloop
  endfacet
  facet normal 1.745058e-01 -6.792481e-02 9.823105e-01
    outer loop
      vertex -7.369305e-01 6.023831e-01 -1.467350e+00
      vertex -8.919053e-01 5.740251e-01 -1.441780e+00
      vertex -7.768032e-01 4.999461e-01 -1.467350e+00
    endloop
  endfacet
  facet normal 1.968110e-01 -3.243719e-02 9.799047e-01
    outer loop
      vertex -7.768032e-01 4.999461e-01 -1.467350e+00
      vertex -8.919053e-01 5.740251e-01 -1.441780e+00
      vertex -9.189631e-01 4.098538e-01 -1.441780e+00
    endloop
  endfacet
  facet normal 1.968110e-01 -3.243719e-02 9.799047e-01
    outer loop
      vertex -7.768032e-01 4.999461e-01 -1.467350e+00
      vertex -9.189631e-01 4.098538e-01 -1.441780e+00
      vertex -8.003690e-01 3.569613e-01 -1.467350e+00
    endloop
  endfacet
  facet normal 2.088194e-01 -4.564134e-03 9.779436e-01
    outer loop
      vertex -8.003690e-01 3.569613e-01 -1.467350e+00
      vertex -9.189631e-01 4.098538e-01 -1.441780e+00
      vertex -9.279212e-01 -1.026872e-08 -1.441780e+00
    endloop
  endfacet
  facet normal 2.088194e-01 -4.564134e-03 9.779436e-01
    outer loop
      vertex -8.003690e-01 3.569613e-01 -1.467350e+00
      vertex -9.279212e-01 -1.026872e-08 -1.441780e+00
      vertex -8.081711e-01 -8.943525e-09 -1.467350e+00
    endloop
  endfacet
  facet normal 3.089510e-01 6.752696e-03 9.510540e-01
    outer loop
      vertex -9.279212e-01 -1.026872e-08 -1.441780e+00
      vertex -1.029875e+00 -1.139698e-08 -1.408660e+00
      vertex -1.019933e+00 -4.548858e-01 -1.408660e+00
    endloop
  endfacet
  facet normal 3.089510e-01 6.752696e-03 9.510540e-01
    outer loop
      vertex -9.279212e-01 -1.026872e-08 -1.441780e+00
      vertex -1.019933e+00 -4.548858e-01 -1.408660e+00
      vertex -9.189631e-01 -4.098538e-01 -1.441780e+00
    endloop
  endfacet
  facet normal 2.918818e-01 4.810621e-02 9.552438e-01
    outer loop
      vertex -9.189631e-01 -4.098538e-01 -1.441780e+00
      vertex -1.019933e+00 -4.548858e-01 -1.408660e+00
      vertex -9.899020e-01 -6.370953e-01 -1.408660e+00
    endloop
  endfacet
  facet normal 2.918818e-01 4.810621e-02 9.552438e-01
    outer loop
      vertex -9.189631e-01 -4.098538e-01 -1.441780e+00
      vertex -9.899020e-01 -6.370953e-01 -1.408660e+00
      vertex -8.919053e-01 -5.740251e-01 -1.441780e+00
    endloop
  endfacet
  facet normal 2.595685e-01 1.010347e-01 9.604250e-01
    outer loop
      vertex -8.919053e-01 -5.740251e-01 -1.441780e+00
      vertex -9.899020e-01 -6.370953e-01 -1.408660e+00
      vertex -9.390911e-01 -7.676337e-01 -1.408660e+00
    endloop
  endfacet
  facet normal 2.595685e-01 1.010347e-01 9.604250e-01
    outer loop
      vertex -8.919053e-01 -5.740251e-01 -1.441780e+00
      vertex -9.390911e-01 -7.676337e-01 -1.408660e+00
      vertex -8.461245e-01 -6.916408e-01 -1.441780e+00
    endloop
  endfacet
  facet normal 2.136765e-01 1.587033e-01 9.639272e-01
    outer loop
      vertex -8.461245e-01 -6.916408e-01 -1.441780e+00
      vertex -9.390911e-01 -7.676337e-01 -1.408660e+00
      vertex -8.660183e-01 -8.660183e-01 -1.408660e+00
    endloop
  endfacet
  facet normal 2.136765e-01 1.587033e-01 9.639272e-01
    outer loop
      vertex -8.461245e-01 -6.916408e-01 -1.441780e+00
      vertex -8.660183e-01 -8.660183e-01 -1.408660e+00
      vertex -7.802856e-01 -7.802856e-01 -1.441780e+00
    endloop
  endfacet
  facet normal 1.587033e-01 2.136765e-01 9.639272e-01
    outer loop
      vertex -7.802856e-01 -7.802856e-01 -1.441780e+00
      vertex -8.660183e-01 -8.660183e-01 -1.408660e+00
      vertex -7.676337e-01 -9.390911e-01 -1.408660e+00
    endloop
  endfacet
  facet normal 1.587033e-01 2.136765e-01 9.639272e-01
    outer loop
      vertex -7.802856e-01 -7.802856e-01 -1.441780e+00
      vertex -7.676337e-01 -9.390911e-01 -1.408660e+00
      vertex -6.916408e-01 -8.461245e-01 -1.441780e+00
    endloop
  endfacet
  facet normal 1.010347e-01 2.595685e-01 9.604250e-01
    outer loop
      vertex -6.916408e-01 -8.461245e-01 -1.441780e+00
      vertex -7.676337e-01 -9.390911e-01 -1.408660e+00
      vertex -6.370953e-01 -9.899020e-01 -1.408660e+00
    endloop
  endfacet
  facet normal 1.010347e-01 2.595685e-01 9.604250e-01
    outer loop
      vertex -6.916408e-01 -8.461245e-01 -1.441780e+00
      vertex -6.370953e-01 -9.899020e-01 -1.408660e+00
      vertex -5.740251e-01 -8.919053e-01 -1.441780e+00
    endloop
  endfacet
  facet normal 4.810621e-02 2.918818e-01 9.552438e-01
    outer loop
      vertex -5.740251e-01 -8.919053e-01 -1.441780e+00
      vertex -6.370953e-01 -9.899020e-01 -1.408660e+00
      vertex -4.548858e-01 -1.019933e+00 -1.408660e+00
    endloop
  endfacet
  facet normal 4.810621e-02 2.918818e-01 9.552438e-01
    outer loop
      vertex -5.740251e-01 -8.919053e-01 -1.441780e+00
      vertex -4.548858e-01 -1.019933e+00 -1.408660e+00
      vertex -4.098538e-01 -9.189631e-01 -1.441780e+00
    endloop
  endfacet
  facet normal 6.752696e-03 3.089510e-01 9.510540e-01
    outer loop
      vertex -4.098538e-01 -9.189631e-01 -1.441780e+00
      vertex -4.548858e-01 -1.019933e+00 -1.408660e+00
      vertex 8.058885e-09 -1.029875e+00 -1.408660e+00
    endloop
  endfacet
  facet normal 6.752696e-03 3.089510e-01 9.510540e-01
    outer loop
      vertex -4.098538e-01 -9.189631e-01 -1.441780e+00
      vertex 8.058885e-09 -1.029875e+00 -1.408660e+00
      vertex 7.261085e-09 -9.279212e-01 -1.441780e+00
    endloop
  endfacet
  facet normal -6.752696e-03 3.089510e-01 9.510540e-01
    outer loop
      vertex 7.261085e-09 -9.279212e-01 -1.441780e+00
      vertex 8.058885e-09 -1.029875e+00 -1.408660e+00
      vertex 4.548858e-01 -1.019933e+00 -1.408660e+00
    endloop
  endfacet
  facet normal -6.752696e-03 3.089510e-01 9.510540e-01
    outer loop
      vertex 7.261085e-09 -9.279212e-01 -1.441780e+00
      vertex 4.548858e-01 -1.019933e+00 -1.408660e+00
      vertex 4.098538e-01 -9.189631e-01 -1.441780e+00
    endloop
  endfacet
  facet normal -4.810621e-02 2.918818e-01 9.552438e-01
    outer loop
      vertex 4.098538e-01 -9.189631e-01 -1.441780e+00
      vertex 4.548858e-01 -1.019933e+00 -1.408660e+00
      vertex 6.370953e-01 -9.899020e-01 -1.408660e+00
    endloop
  endfacet
  facet normal -4.810621e-02 2.918818e-01 9.552438e-01
    outer loop
      vertex 4.098538e-01 -9.189631e-01 -1.441780e+00
      vertex 6.370953e-01 -9.899020e-01 -1.408660e+00
      vertex 5.740251e-01 -8.919053e-01 -1.441780e+00
    endloop
  endfacet
  facet normal -1.010347e-01 2.595685e-01 9.604250e-01
    outer loop
      vertex 5.740251e-01 -8.919053e-01 -1.441780e+00
      vertex 6.370953e-01 -9.899020e-01 -1.408660e+00
      vertex 7.676337e-01 -9.390911e-01 -1.408660e+00
    endloop
  endfacet
  facet normal -1.010347e-01 2.595685e-01 9.604250e-01
    outer loop
      vertex 5.740251e-01 -8.919053e-01 -1.441780e+00
      vertex 7.676337e-01 -9.390911e-01 -1.408660e+00
      vertex 6.916408e-01 -8.461245e-01 -1.441780e+00
    endloop
  endfacet
  facet normal -1.587033e-01 2.136765e-01 9.639272e-01
    outer loop
      vertex 6.916408e-01 -8.461245e-01 -1.441780e+00
      vertex 7.676337e-01 -9.390911e-01 -1.408660e+00
      vertex 8.660183e-01 -8.660183e-01 -1.408660e+00
    endloop
  endfacet
  facet normal -1.587033e-01 2.136765e-01 9.639272e-01
    outer loop
      vertex 6.916408e-01 -8.461245e-01 -1.441780e+00
      vertex 8.660183e-01 -8.660183e-01 -1.408660e+00
      vertex 7.802856e-01 -7.802856e-01 -1.441780e+00
    endloop
  endfacet
  facet normal -2.136765e-01 1.587033e-01 9.639272e-01
    outer loop
      vertex 7.802856e-01 -7.802856e-01 -1.441780e+00
      vertex 8.660183e-01 -8.660183e-01 -1.408660e+00
      vertex 9.390911e-01 -7.676337e-01 -1.408660e+00
    endloop
  endfacet
  facet normal -2.136765e-01 1.587033e-01 9.639272e-01
    outer loop
      vertex 7.802856e-01 -7.802856e-01 -1.441780e+00
      vertex 9.390911e-01 -7.676337e-01 -1.408660e+00
      vertex 8.461245e-01 -6.916408e-01 -1.441780e+00
    endloop
  endfacet
  facet normal -2.595685e-01 1.010347e-01 9.604250e-01
    outer loop
      vertex 8.461245e-01 -6.916408e-01 -1.441780e+00
      vertex 9.390911e-01 -7.676337e-01 -1.408660e+00
      vertex 9.899020e-01 -6.370953e-01 -1.408660e+00
    endloop
  endfacet
  facet normal -2.595685e-01 1.010347e-01 9.604250e-01
    outer loop
      vertex 8.461245e-01 -6.916408e-01 -1.441780e+00
      vertex 9.899020e-01 -6.370953e-01 -1.408660e+00
      vertex 8.919053e-01 -5.740251e-01 -1.441780e+00
    endloop
  endfacet
  facet normal -2.918818e-01 4.810621e-02 9.552438e-01
    outer loop
      vertex 8.919053e-01 -5.740251e-01 -1.441780e+00
      vertex 9.899020e-01 -6.370953e-01 -1.408660e+00
      vertex 1.019933e+00 -4.548858e-01 -1.408660e+00
    endloop
  endfacet
  facet normal -2.918818e-01 4.810621e-02 9.552438e-01
    outer loop
      vertex 8.919053e-01 -5.740251e-01 -1.441780e+00
      vertex 1.019933e+00 -4.548858e-01 -1.408660e+00
      vertex 9.189631e-01 -4.098538e-01 -1.441780e+00
    endloop
  endfacet
  facet normal -3.089510e-01 6.752696e-03 9.510540e-01
    outer loop
      vertex 9.189631e-01 -4.098538e-01 -1.441780e+00
      vertex 1.019933e+00 -4.548858e-01 -1.408660e+00
      vertex 1.029875e+00 0.000000e+00 -1.408660e+00
    endloop
  endfacet
  facet normal -3.089510e-01 6.752696e-03 9.510540e-01
    outer loop
      vertex 9.189631e-01 -4.098538e-01 -1.441780e+00
      vertex 1.029875e+00 0.000000e+00 -1.408660e+00
      vertex 9.279212e-01 0.000000e+00 -1.441780e+00
    endloop
  endfacet
  facet normal -3.089510e-01 -6.752696e-03 9.510540e-01
    outer loop
      vertex 9.279212e-01 0.000000e+00 -1.441780e+00
      vertex 1.029875e+00 0.000000e+00 -1.408660e+00
      vertex 1.019933e+00 4.548858e-01 -1.408660e+00
    endloop
  endfacet
  facet normal -3.089510e-01 -6.752696e-03 9.510540e-01
    outer loop
      vertex 9.279212e-01 0.000000e+00 -1.441780e+00
      vertex 1.019933e+00 4.548858e-01 -1.408660e+00
      vertex 9.189631e-01 4.098538e-01 -1.441780e+00
    endloop
  endfacet
  facet normal -2.918818e-01 -4.810621e-02 9.552438e-01
    outer loop
      vertex 9.189631e-01 4.098538e-01 -1.441780e+00
      vertex 1.019933e+00 4.548858e-01 -1.408660e+00
      vertex 9.899020e-01 6.370953e-01 -1.408660e+00
    endloop
  endfacet
  facet normal -2.918818e-01 -4.810621e-02 9.552438e-01
    outer loop
      vertex 9.189631e-01 4.098538e-01 -1.441780e+00
      vertex 9.899020e-01 6.370953e-01 -1.408660e+00
      vertex 8.919053e-01 5.740251e-01 -1.441780e+00
    endloop
  endfacet
  facet normal -2.595685e-01 -1.010347e-01 9.604250e-01
    outer loop
      vertex 8.919053e-01 5.740251e-01 -1.441780e+00
      vertex 9.899020e-01 6.370953e-01 -1.408660e+00
      vertex 9.390911e-01 7.676337e-01 -1.408660e+00
    endloop
  endfacet
  facet normal -2.595685e-01 -1.010347e-01 9.604250e-01
    outer loop
      vertex 8.919053e-01 5.740251e-01 -1.441780e+00
      vertex 9.390911e-01 7.676337e-01 -1.408660e+00
      vertex 8.461245e-01 6.916408e-01 -1.441780e+00
    endloop
  endfacet
  facet normal -2.136765e-01 -1.587033e-01 9.639272e-01
    outer loop
      vertex 8.461245e-01 6.916408e-01 -1.441780e+00
      vertex 9.390911e-01 7.676337e-01 -1.408660e+00
      vertex 8.660183e-01 8.660183e-01 -1.408660e+00
    endloop
  endfacet
  facet normal -2.136765e-01 -1.587033e-01 9.639272e-01
    outer loop
      vertex 8.461245e-01 6.916408e-01 -1.441780e+00
      vertex 8.660183e-01 8.660183e-01 -1.408660e+00
      vertex 7.802856e-01 7.802856e-01 -1.441780e+00
    endloop
  endfacet
  facet normal -1.587033e-01 -2.136765e-01 9.639272e-01
    outer loop
      vertex 7.802856e-01 7.802856e-01 -1.441780e+00
      vertex 8.660183e-01 8.660183e-01 -1.408660e+00
      vertex 7.676337e-01 9.390911e-01 -1.408660e+00
    endloop
  endfacet
  facet normal -1.587033e-01 -2.136765e-01 9.639272e-01
    outer loop
      vertex 7.802856e-01 7.802856e-01 -1.441780e+00
      vertex 7.676337e-01 9.390911e-01 -1.408660e+00
      vertex 6.916408e-01 8.461245e-01 -1.441780e+00
    endloop
  endfacet
  facet normal -1.010347e-01 -2.595685e-01 9.604250e-01
    outer loop
      vertex 6.916408e-01 8.461245e-01 -1.441780e+00
      vertex 7.676337e-01 9.390911e-01 -1.408660e+00
      vertex 6.370953e-01 9.899020e-01 -1.408660e+00
    endloop
  endfacet
  facet normal -1.010347e-01 -2.595685e-01 9.604250e-01
    outer loop
      vertex 6.916408e-01 8.461245e-01 -1.441780e+00
      vertex 6.370953e-01 9.899020e-01 -1.408660e+00
      vertex 5.740251e-01 8.919053e-01 -1.441780e+00
    endloop
  endfacet
  facet normal -4.810621e-02 -2.918818e-01 9.552438e-01
    outer loop
      vertex 5.740251e-01 8.919053e-01 -1.441780e+00
      vertex 6.370953e-01 9.899020e-01 -1.408660e+00
      vertex 4.548858e-01 1.019933e+00 -1.408660e+00
    endloop
  endfacet
  facet normal -4.810621e-02 -2.918818e-01 9.552438e-01
    outer loop
      vertex 5.740251e-01 8.919053e-01 -1.441780e+00
      vertex 4.548858e-01 1.019933e+00 -1.408660e+00
      vertex 4.098538e-01 9.189631e-01 -1.441780e+00
    endloop
  endfacet
  facet normal -6.752696e-03 -3.089510e-01 9.510540e-01
    outer loop
      vertex 4.098538e-01 9.189631e-01 -1.441780e+00
      vertex 4.548858e-01 1.019933e+00 -1.408660e+00
      vertex 8.058885e-09 1.029875e+00 -1.408660e+00
    endloop
  endfacet
  facet normal -6.752696e-03 -3.089510e-01 9.510540e-01
    outer loop
      vertex 4.098538e-01 9.189631e-01 -1.441780e+00
      vertex 8.058885e-09 1.029875e+00 -1.408660e+00
      vertex 7.261085e-09 9.279212e-01 -1.441780e+00
    endloop
  endfacet
  facet normal 6.752696e-03 -3.089510e-01 9.510540e-01
    outer loop
      vertex 7.261085e-09 9.279212e-01 -1.441780e+00
      vertex 8.058885e-09 1.029875e+00 -1.408660e+00
      vertex -4.548858e-01 1.019933e+00 -1.408660e+00
    endloop
  endfacet
  facet normal 6.752696e-03 -3.089510e-01 9.510540e-01
    outer loop
      vertex 7.261085e-09 9.279212e-01 -1.441780e+00
      vertex -4.548858e-01 1.019933e+00 -1.408660e+00
      vertex -4.098538e-01 9.189631e-01 -1.441780e+00
    endloop
  endfacet
  facet normal 4.810621e-02 -2.918818e-01 9.552438e-01
    outer loop
      vertex -4.098538e-01 9.189631e-01 -1.441780e+00
      vertex -4.548858e-01 1.019933e+00 -1.408660e+00
      vertex -6.370953e-01 9.899020e-01 -1.408660e+00
    endloop
  endfacet
  facet normal 4.810621e-02 -2.918818e-01 9.552438e-01
    outer loop
      vertex -4.098538e-01 9.189631e-01 -1.441780e+00
      vertex -6.370953e-01 9.899020e-01 -1.408660e+00
      vertex -5.740251e-01 8.919053e-01 -1.441780e+00
    endloop
  endfacet
  facet normal 1.010347e-01 -2.595685e-01 9.604250e-01
    outer loop
      vertex -5.740251e-01 8.919053e-01 -1.441780e+00
      vertex -6.370953e-01 9.899020e-01 -1.408660e+00
      vertex -7.676337e-01 9.390911e-01 -1.408660e+00
    endloop
  endfacet
  facet normal 1.010347e-01 -2.595685e-01 9.604250e-01
    outer loop
      vertex -5.740251e-01 8.919053e-01 -1.441780e+00
      vertex -7.676337e-01 9.390911e-01 -1.408660e+00
      vertex -6.916408e-01 8.461245e-01 -1.441780e+00
    endloop
  endfacet
  facet normal 1.587033e-01 -2.136765e-01 9.639272e-01
    outer loop
      vertex -6.916408e-01 8.461245e-01 -1.441780e+00
      vertex -7.676337e-01 9.390911e-01 -1.408660e+00
      vertex -8.660183e-01 8.660183e-01 -1.408660e+00
    endloop
  endfacet
  facet normal 1.587033e-01 -2.136765e-01 9.639272e-01
    outer loop
      vertex -6.916408e-01 8.461245e-01 -1.441780e+00
      vertex -8.660183e-01 8.660183e-01 -1.408660e+00
      vertex -7.802856e-01 7.802856e-01 -1.441780e+00
    endloop
  endfacet
  facet normal 2.136765e-01 -1.587033e-01 9.639272e-01
    outer loop
      vertex -7.802856e-01 7.802856e-01 -1.441780e+00
      vertex -8.660183e-01 8.660183e-01 -1.408660e+00
      vertex -9.390911e-01 7.676337e-01 -1.408660e+00
    endloop
  endfacet
  facet normal 2.136765e-01 -1.587033e-01 9.639272e-01
    outer loop
      vertex -7.802856e-01 7.802856e-01 -1.441780e+00
      vertex -9.390911e-01 7.676337e-01 -1.408660e+00
      vertex -8.461245e-01 6.916408e-01 -1.441780e+00
    endloop
  endfacet
  facet normal 2.595685e-01 -1.010347e-01 9.604250e-01
    outer loop
      vertex -8.461245e-01 6.916408e-01 -1.441780e+00
      vertex -9.390911e-01 7.676337e-01 -1.408660e+00
      vertex -9.899020e-01 6.370953e-01 -1.408660e+00
    endloop
  endfacet
  facet normal 2.595685e-01 -1.010347e-01 9.604250e-01
    outer loop
      vertex -8.461245e-01 6.916408e-01 -1.441780e+00
      vertex -9.899020e-01 6.370953e-01 -1.408660e+00
      vertex -8.919053e-01 5.740251e-01 -1.441780e+00
    endloop
  endfacet
  facet normal 2.918818e-01 -4.810621e-02 9.552438e-01
    outer loop
      vertex -8.919053e-01 5.740251e-01 -1.441780e+00
      vertex -9.899020e-01 6.370953e-01 -1.408660e+00
      vertex -1.019933e+00 4.548858e-01 -1.408660e+00
    endloop
  endfacet
  facet normal 2.918818e-01 -4.810621e-02 9.552438e-01
    outer loop
      vertex -8.919053e-01 5.740251e-01 -1.441780e+00
      vertex -1.019933e+00 4.548858e-01 -1.408660e+00
      vertex -9.189631e-01 4.098538e-01 -1.441780e+00
    endloop
  endfacet
  facet normal 3.089510e-01 -6.752696e-03 9.510540e-01
    outer loop
      vertex -9.189631e-01 4.098538e-01 -1.441780e+00
      vertex -1.019933e+00 4.548858e-01 -1.408660e+00
      vertex -1.029875e+00 -1.139698e-08 -1.408660e+00
    endloop
  endfacet
  facet normal 3.089510e-01 -6.752696e-03 9.510540e-01
    outer loop
      vertex -9.189631e-01 4.098538e-01 -1.441780e+00
      vertex -1.029875e+00 -1.139698e-08 -1.408660e+00
      vertex -9.279212e-01 -1.026872e-08 -1.441780e+00
    endloop
  endfacet
  facet normal 4.206519e-01 9.194126e-03 9.071755e-01
    outer loop
      vertex -1.029875e+00 -1.139698e-08 -1.408660e+00
      vertex -1.118049e+00 -1.237275e-08 -1.367774e+00
      vertex -1.107255e+00 -4.938313e-01 -1.367774e+00
    endloop
  endfacet
  facet normal 4.206519e-01 9.194126e-03 9.071755e-01
    outer loop
      vertex -1.029875e+00 -1.139698e-08 -1.408660e+00
      vertex -1.107255e+00 -4.938313e-01 -1.367774e+00
      vertex -1.019933e+00 -4.548858e-01 -1.408660e+00
    endloop
  endfacet
  facet normal 3.989181e-01 6.574727e-02 9.146265e-01
    outer loop
      vertex -1.019933e+00 -4.548858e-01 -1.408660e+00
      vertex -1.107255e+00 -4.938313e-01 -1.367774e+00
      vertex -1.074653e+00 -6.916408e-01 -1.367774e+00
    endloop
  endfacet
  facet normal 3.989181e-01 6.574727e-02 9.146265e-01
    outer loop
      vertex -1.019933e+00 -4.548858e-01 -1.408660e+00
      vertex -1.074653e+00 -6.916408e-01 -1.367774e+00
      vertex -9.899020e-01 -6.370953e-01 -1.408660e+00
    endloop
  endfacet
  facet normal 3.564415e-01 1.387416e-01 9.239590e-01
    outer loop
      vertex -9.899020e-01 -6.370953e-01 -1.408660e+00
      vertex -1.074653e+00 -6.916408e-01 -1.367774e+00
      vertex -1.019492e+00 -8.333553e-01 -1.367774e+00
    endloop
  endfacet
  facet normal 3.564415e-01 1.387416e-01 9.239590e-01
    outer loop
      vertex -9.899020e-01 -6.370953e-01 -1.408660e+00
      vertex -1.019492e+00 -8.333553e-01 -1.367774e+00
      vertex -9.390911e-01 -7.676337e-01 -1.408660e+00
    endloop
  endfacet
  facet normal 2.943763e-01 2.186412e-01 9.303433e-01
    outer loop
      vertex -9.390911e-01 -7.676337e-01 -1.408660e+00
      vertex -1.019492e+00 -8.333553e-01 -1.367774e+00
      vertex -9.401632e-01 -9.401632e-01 -1.367774e+00
    endloop
  endfacet
  facet normal 2.943763e-01 2.186412e-01 9.303433e-01
    outer loop
      vertex -9.390911e-01 -7.676337e-01 -1.408660e+00
      vertex -9.401632e-01 -9.401632e-01 -1.367774e+00
      vertex -8.660183e-01 -8.660183e-01 -1.408660e+00
    endloop
  endfacet
  facet normal 2.186412e-01 2.943763e-01 9.303433e-01
    outer loop
      vertex -8.660183e-01 -8.660183e-01 -1.408660e+00
      vertex -9.401632e-01 -9.401632e-01 -1.367774e+00
      vertex -8.333553e-01 -1.019492e+00 -1.367774e+00
    endloop
  endfacet
  facet normal 2.186412e-01 2.943763e-01 9.303433e-01
    outer loop
      vertex -8.660183e-01 -8.660183e-01 -1.408660e+00
      vertex -8.333553e-01 -1.019492e+00 -1.367774e+00
      vertex -7.676337e-01 -9.390911e-01 -1.408660e+00
    endloop
  endfacet
  facet normal 1.387416e-01 3.564415e-01 9.239590e-01
    outer loop
      vertex -7.676337e-01 -9.390911e-01 -1.408660e+00
      vertex -8.333553e-01 -1.019492e+00 -1.367774e+00
      vertex -6.916408e-01 -1.074653e+00 -1.367774e+00
    endloop
  endfacet
  facet normal 1.387416e-01 3.564415e-01 9.239590e-01
    outer loop
      vertex -7.676337e-01 -9.390911e-01 -1.408660e+00
      vertex -6.916408e-01 -1.074653e+00 -1.367774e+00
      vertex -6.370953e-01 -9.899020e-01 -1.408660e+00
    endloop
  endfacet
  facet normal 6.574727e-02 3.989181e-01 9.146265e-01
    outer loop
      vertex -6.370953e-01 -9.899020e-01 -1.408660e+00
      vertex -6.916408e-01 -1.074653e+00 -1.367774e+00
      vertex -4.938313e-01 -1.107255e+00 -1.367774e+00
    endloop
  endfacet
  facet normal 6.574727e-02 3.989181e-01 9.146265e-01
    outer loop
      vertex -6.370953e-01 -9.899020e-01 -1.408660e+00
      vertex -4.938313e-01 -1.107255e+00 -1.367774e+00
      vertex -4.548858e-01 -1.019933e+00 -1.408660e+00
    endloop
  endfacet
  facet normal 9.194125e-03 4.206519e-01 9.071755e-01
    outer loop
      vertex -4.548858e-01 -1.019933e+00 -1.408660e+00
      vertex -4.938313e-01 -1.107255e+00 -1.367774e+00
      vertex 8.748854e-09 -1.118049e+00 -1.367774e+00
    endloop
  endfacet
  facet normal 9.194125e-03 4.206519e-01 9.071755e-01
    outer loop
      vertex -4.548858e-01 -1.019933e+00 -1.408660e+00
      vertex 8.748854e-09 -1.118049e+00 -1.367774e+00
      vertex 8.058885e-09 -1.029875e+00 -1.408660e+00
    endloop
  endfacet
  facet normal -9.194126e-03 4.206519e-01 9.071755e-01
    outer loop
      vertex 8.058885e-09 -1.029875e+00 -1.408660e+00
      vertex 8.748854e-09 -1.118049e+00 -1.367774e+00
      vertex 4.938313e-01 -1.107255e+00 -1.367774e+00
    endloop
  endfacet
  facet normal -9.194126e-03 4.206519e-01 9.071755e-01
    outer loop
      vertex 8.058885e-09 -1.029875e+00 -1.408660e+00
      vertex 4.938313e-01 -1.107255e+00 -1.367774e+00
      vertex 4.548858e-01 -1.019933e+00 -1.408660e+00
    endloop
  endfacet
  facet normal -6.574727e-02 3.989181e-01 9.146265e-01
    outer loop
      vertex 4.548858e-01 -1.019933e+00 -1.408660e+00
      vertex 4.938313e-01 -1.107255e+00 -1.367774e+00
      vertex 6.916408e-01 -1.074653e+00 -1.367774e+00
    endloop
  endfacet
  facet normal -6.574727e-02 3.989181e-01 9.146265e-01
    outer loop
      vertex 4.548858e-01 -1.019933e+00 -1.408660e+00
      vertex 6.916408e-01 -1.074653e+00 -1.367774e+00
      vertex 6.370953e-01 -9.899020e-01 -1.408660e+00
    endloop
  endfacet
  facet normal -1.387416e-01 3.564415e-01 9.239590e-01
    outer loop
      vertex 6.370953e-01 -9.899020e-01 -1.408660e+00
      vertex 6.916408e-01 -1.074653e+00 -1.367774e+00
      vertex 8.333553e-01 -1.019492e+00 -1.367774e+00
    endloop
  endfacet
  facet normal -1.387416e-01 3.564415e-01 9.239590e-01
    outer loop
      vertex 6.370953e-01 -9.899020e-01 -1.408660e+00
      vertex 8.333553e-01 -1.019492e+00 -1.367774e+00
      vertex 7.676337e-01 -9.390911e-01 -1.408660e+00
    endloop
  endfacet
  facet normal -2.186412e-01 2.943763e-01 9.303433e-01
    outer loop
      vertex 7.676337e-01 -9.390911e-01 -1.408660e+00
      vertex 8.333553e-01 -1.019492e+00 -1.367774e+00
      vertex 9.401632e-01 -9.401632e-01 -1.367774e+00
    endloop
  endfacet
  facet normal -2.186412e-01 2.943763e-01 9.303433e-01
    outer loop
      vertex 7.676337e-01 -9.390911e-01 -1.408660e+00
      vertex 9.401632e-01 -9.401632e-01 -1.367774e+00
      vertex 8.660183e-01 -8.660183e-01 -1.408660e+00
    endloop
  endfacet
  facet normal -2.943763e-01 2.186412e-01 9.303433e-01
    outer loop
      vertex 8.660183e-01 -8.660183e-01 -1.408660e+00
      vertex 9.401632e-01 -9.401632e-01 -1.367774e+00
      vertex 1.019492e+00 -8.333553e-01 -1.367774e+00
    endloop
  endfacet
  facet normal -2.943763e-01 2.186412e-01 9.303433e-01
    outer loop
      vertex 8.660183e-01 -8.660183e-01 -1.408660e+00
      vertex 1.019492e+00 -8.333553e-01 -1.367774e+00
      vertex 9.390911e-01 -7.676337e-01 -1.408660e+00
    endloop
  endfacet
  facet normal -3.564415e-01 1.387416e-01 9.239590e-01
    outer loop
      vertex 9.390911e-01 -7.676337e-01 -1.408660e+00
      vertex 1.019492e+00 -8.333553e-01 -1.367774e+00
      vertex 1.074653e+00 -6.916408e-01 -1.367774e+00
    endloop
  endfacet
  facet normal -3.564415e-01 1.387416e-01 9.239590e-01
    outer loop
      vertex 9.390911e-01 -7.676337e-01 -1.408660e+00
      vertex 1.074653e+00 -6.916408e-01 -1.367774e+00
      vertex 9.899020e-01 -6.370953e-01 -1.408660e+00
    endloop
  endfacet
  facet normal -3.989181e-01 6.574727e-02 9.146265e-01
    outer loop
      vertex 9.899020e-01 -6.370953e-01 -1.408660e+00
      vertex 1.074653e+00 -6.916408e-01 -1.367774e+00
      vertex 1.107255e+00 -4.938313e-01 -1.367774e+00
    endloop
  endfacet
  facet normal -3.989181e-01 6.574727e-02 9.146265e-01
    outer loop
      vertex 9.899020e-01 -6.370953e-01 -1.408660e+00
      vertex 1.107255e+00 -4.938313e-01 -1.367774e+00
      vertex 1.019933e+00 -4.548858e-01 -1.408660e+00
    endloop
  endfacet
  facet normal -4.206519e-01 9.194126e-03 9.071755e-01
    outer loop
      vertex 1.019933e+00 -4.548858e-01 -1.408660e+00
      vertex 1.107255e+00 -4.938313e-01 -1.367774e+00
      vertex 1.118049e+00 0.000000e+00 -1.367774e+00
    endloop
  endfacet
  facet normal -4.206519e-01 9.194126e-03 9.071755e-01
    outer loop
      vertex 1.019933e+00 -4.548858e-01 -1.408660e+00
      vertex 1.118049e+00 0.000000e+00 -1.367774e+00
      vertex 1.029875e+00 0.000000e+00 -1.408660e+00
    endloop
  endfacet
  facet normal -4.206519e-01 -9.194126e-03 9.071755e-01
    outer loop
      vertex 1.029875e+00 0.000000e+00 -1.408660e+00
      vertex 1.118049e+00 0.000000e+00 -1.367774e+00
      vertex 1.107255e+00 4.938313e-01 -1.367774e+00
    endloop
  endfacet
  facet normal -4.206519e-01 -9.194126e-03 9.071755e-01
    outer loop
      vertex 1.029875e+00 0.000000e+00 -1.408660e+00
      vertex 1.107255e+00 4.938313e-01 -1.367774e+00
      vertex 1.019933e+00 4.548858e-01 -1.408660e+00
    endloop
  endfacet
  facet normal -3.989181e-01 -6.574727e-02 9.146265e-01
    outer loop
      vertex 1.019933e+00 4.548858e-01 -1.408660e+00
      vertex 1.107255e+00 4.938313e-01 -1.367774e+00
      vertex 1.074653e+00 6.916408e-01 -1.367774e+00
    endloop
  endfacet
  facet normal -3.989181e-01 -6.574727e-02 9.146265e-01
    outer loop
      vertex 1.019933e+00 4.548858e-01 -1.408660e+00
      vertex 1.074653e+00 6.916408e-01 -1.367774e+00
      vertex 9.899020e-01 6.370953e-01 -1.408660e+00
    endloop
  endfacet
  facet normal -3.564415e-01 -1.387416e-01 9.239590e-01
    outer loop
      vertex 9.899020e-01 6.370953e-01 -1.408660e+00
      vertex 1.074653e+00 6.916408e-01 -1.367774e+00
      vertex 1.019492e+00 8.333553e-01 -1.367774e+00
    endloop
  endfacet
  facet normal -3.564415e-01 -1.387416e-01 9.239590e-01
    outer loop
      vertex 9.899020e-01 6.370953e-01 -1.408660e+00
      vertex 1.019492e+00 8.333553e-01 -1.367774e+00
      vertex 9.390911e-01 7.676337e-01 -1.408660e+00
    endloop
  endfacet
  facet normal -2.943763e-01 -2.186412e-01 9.303433e-01
    outer loop
      vertex 9.390911e-01 7.676337e-01 -1.408660e+00
      vertex 1.019492e+00 8.333553e-01 -1.367774e+00
      vertex 9.401632e-01 9.401632e-01 -1.367774e+00
    endloop
  endfacet
  facet normal -2.943763e-01 -2.186412e-01 9.303433e-01
    outer loop
      vertex 9.390911e-01 7.676337e-01 -1.408660e+00
      vertex 9.401632e-01 9.401632e-01 -1.367774e+00
      vertex 8.660183e-01 8.660183e-01 -1.408660e+00
    endloop
  endfacet
  facet normal -2.186412e-01 -2.943763e-01 9.303433e-01
    outer loop
      vertex 8.660183e-01 8.660183e-01 -1.408660e+00
      vertex 9.401632e-01 9.401632e-01 -1.367774e+00
      vertex 8.333553e-01 1.019492e+00 -1.367774e+00
    endloop
  endfacet
  facet normal -2.186412e-01 -2.943763e-01 9.303433e-01
    outer loop
      vertex 8.660183e-01 8.660183e-01 -1.408660e+00
      vertex 8.333553e-01 1.019492e+00 -1.367774e+00
      vertex 7.676337e-01 9.390911e-01 -1.408660e+00
    endloop
  endfacet
  facet normal -1.387416e-01 -3.564415e-01 9.239590e-01
    outer loop
      vertex 7.676337e-01 9.390911e-01 -1.408660e+00
      vertex 8.333553e-01 1.019492e+00 -1.367774e+00
      vertex 6.916408e-01 1.074653e+00 -1.367774e+00
    endloop
  endfacet
  facet normal -1.387416e-01 -3.564415e-01 9.239590e-01
    outer loop
      vertex 7.676337e-01 9.390911e-01 -1.408660e+00
      vertex 6.916408e-01 1.074653e+00 -1.367774e+00
      vertex 6.370953e-01 9.899020e-01 -1.408660e+00
    endloop
  endfacet
  facet normal -6.574727e-02 -3.989181e-01 9.146265e-01
    outer loop
      vertex 6.370953e-01 9.899020e-01 -1.408660e+00
      vertex 6.916408e-01 1.074653e+00 -1.367774e+00
      vertex 4.938313e-01 1.107255e+00 -1.367774e+00
    endloop
  endfacet
  facet normal -6.574727e-02 -3.989181e-01 9.146265e-01
    outer loop
      vertex 6.370953e-01 9.899020e-01 -1.408660e+00
      vertex 4.938313e-01 1.107255e+00 -1.367774e+00
      vertex 4.548858e-01 1.019933e+00 -1.408660e+00
    endloop
  endfacet
  facet normal -9.194126e-03 -4.206519e-01 9.071755e-01
    outer loop
      vertex 4.548858e-01 1.019933e+00 -1.408660e+00
      vertex 4.938313e-01 1.107255e+00 -1.367774e+00
      vertex 8.748854e-09 1.118049e+00 -1.367774e+00
    endloop
  endfacet
  facet normal -9.194126e-03 -4.206519e-01 9.071755e-01
    outer loop
      vertex 4.548858e-01 1.019933e+00 -1.408660e+00
      vertex 8.748854e-09 1.118049e+00 -1.367774e+00
      vertex 8.058885e-09 1.029875e+00 -1.408660e+00
    endloop
  endfacet
  facet normal 9.194125e-03 -4.206519e-01 9.071755e-01
    outer loop
      vertex 8.058885e-09 1.029875e+00 -1.408660e+00
      vertex 8.748854e-09 1.118049e+00 -1.367774e+00
      vertex -4.938313e-01 1.107255e+00 -1.367774e+00
    endloop
  endfacet
  facet normal 9.194125e-03 -4.206519e-01 9.071755e-01
    outer loop
      vertex 8.058885e-09 1.029875e+00 -1.408660e+00
      vertex -4.938313e-01 1.107255e+00 -1.367774e+00
      vertex -4.548858e-01 1.019933e+00 -1.408660e+00
    endloop
  endfacet
  facet normal 6.574727e-02 -3.989181e-01 9.146265e-01
    outer loop
      vertex -4.548858e-01 1.019933e+00 -1.408660e+00
      vertex -4.938313e-01 1.107255e+00 -1.367774e+00
      vertex -6.916408e-01 1.074653e+00 -1.367774e+00
    endloop
  endfacet
  facet normal 6.574727e-02 -3.989181e-01 9.146265e-01
    outer loop
      vertex -4.548858e-01 1.019933e+00 -1.408660e+00
      vertex -6.916408e-01 1.074653e+00 -1.367774e+00
      vertex -6.370953e-01 9.899020e-01 -1.408660e+00
    endloop
  endfacet
  facet normal 1.387416e-01 -3.564415e-01 9.239590e-01
    outer loop
      vertex -6.370953e-01 9.899020e-01 -1.408660e+00
      vertex -6.916408e-01 1.074653e+00 -1.367774e+00
      vertex -8.333553e-01 1.019492e+00 -1.367774e+00
    endloop
  endfacet
  facet normal 1.387416e-01 -3.564415e-01 9.239590e-01
    outer loop
      vertex -6.370953e-01 9.899020e-01 -1.408660e+00
      vertex -8.333553e-01 1.019492e+00 -1.367774e+00
      vertex -7.676337e-01 9.390911e-01 -1.408660e+00
    endloop
  endfacet
  facet normal 2.186412e-01 -2.943763e-01 9.303433e-01
    outer loop
      vertex -7.676337e-01 9.390911e-01 -1.408660e+00
      vertex -8.333553e-01 1.019492e+00 -1.367774e+00
      vertex -9.401632e-01 9.401632e-01 -1.367774e+00
    endloop
  endfacet
  facet normal 2.186412e-01 -2.943763e-01 9.303433e-01
    outer loop
      vertex -7.676337e-01 9.390911e-01 -1.408660e+00
      vertex -9.401632e-01 9.401632e-01 -1.367774e+00
      vertex -8.660183e-01 8.660183e-01 -1.408660e+00
    endloop
  endfacet
  facet normal 2.943763e-01 -2.186412e-01 9.303433e-01
    outer loop
      vertex -8.660183e-01 8.660183e-01 -1.408660e+00
      vertex -9.401632e-01 9.401632e-01 -1.367774e+00
      vertex -1.019492e+00 8.333553e-01 -1.367774e+00
    endloop
  endfacet
  facet normal 2.943763e-01 -2.186412e-01 9.303433e-01
    outer loop
      vertex -8.660183e-01 8.660183e-01 -1.408660e+00
      vertex -1.019492e+00 8.333553e-01 -1.367774e+00
      vertex -9.390911e-01 7.676337e-01 -1.408660e+00
    endloop
  endfacet
  facet normal 3.564415e-01 -1.387416e-01 9.239590e-01
    outer loop
      vertex -9.390911e-01 7.676337e-01 -1.408660e+00
      vertex -1.019492e+00 8.333553e-01 -1.367774e+00
      vertex -1.074653e+00 6.916408e-01 -1.367774e+00
    endloop
  endfacet
  facet normal 3.564415e-01 -1.387416e-01 9.239590e-01
    outer loop
      vertex -9.390911e-01 7.676337e-01 -1.408660e+00
      vertex -1.074653e+00 6.916408e-01 -1.367774e+00
      vertex -9.899020e-01 6.370953e-01 -1.408660e+00
    endloop
  endfacet
  facet normal 3.989181e-01 -6.574727e-02 9.146265e-01
    outer loop
      vertex -9.899020e-01 6.370953e-01 -1.408660e+00
      vertex -1.074653e+00 6.916408e-01 -1.367774e+00
      vertex -1.107255e+00 4.938313e-01 -1.367774e+00
    endloop
  endfacet
  facet normal 3.989181e-01 -6.574727e-02 9.146265e-01
    outer loop
      vertex -9.899020e-01 6.370953e-01 -1.408660e+00
      vertex -1.107255e+00 4.938313e-01 -1.367774e+00
      vertex -1.019933e+00 4.548858e-01 -1.408660e+00
    endloop
  endfacet
  facet normal 4.206519e-01 -9.194125e-03 9.071755e-01
    outer loop
      vertex -1.019933e+00 4.548858e-01 -1.408660e+00
      vertex -1.107255e+00 4.938313e-01 -1.367774e+00
      vertex -1.118049e+00 -1.237275e-08 -1.367774e+00
    endloop
  endfacet
  facet normal 4.206519e-01 -9.194125e-03 9.071755e-01
    outer loop
      vertex -1.019933e+00 4.548858e-01 -1.408660e+00
      vertex -1.118049e+00 -1.237275e-08 -1.367774e+00
      vertex -1.029875e+00 -1.139698e-08 -1.408660e+00
    endloop
  endfacet
  facet normal 5.380943e-01 1.176105e-02 8.428026e-01
    outer loop
      vertex -1.118049e+00 -1.237275e-08 -1.367774e+00
      vertex -1.194732e+00 -1.322136e-08 -1.318815e+00
      vertex -1.183198e+00 -5.277016e-01 -1.318815e+00
    endloop
  endfacet
  facet normal 5.380943e-01 1.176105e-02 8.428026e-01
    outer loop
      vertex -1.118049e+00 -1.237275e-08 -1.367774e+00
      vertex -1.183198e+00 -5.277016e-01 -1.318815e+00
      vertex -1.107255e+00 -4.938313e-01 -1.367774e+00
    endloop
  endfacet
  facet normal 5.129918e-01 8.454821e-02 8.542195e-01
    outer loop
      vertex -1.107255e+00 -4.938313e-01 -1.367774e+00
      vertex -1.183198e+00 -5.277016e-01 -1.318815e+00
      vertex -1.148360e+00 -7.390782e-01 -1.318815e+00
    endloop
  endfacet
  facet normal 5.129918e-01 8.454821e-02 8.542195e-01
    outer loop
      vertex -1.107255e+00 -4.938313e-01 -1.367774e+00
      vertex -1.148360e+00 -7.390782e-01 -1.318815e+00
      vertex -1.074653e+00 -6.916408e-01 -1.367774e+00
    endloop
  endfacet
  facet normal 4.614728e-01 1.796242e-01 8.687796e-01
    outer loop
      vertex -1.074653e+00 -6.916408e-01 -1.367774e+00
      vertex -1.148360e+00 -7.390782e-01 -1.318815e+00
      vertex -1.089416e+00 -8.905125e-01 -1.318815e+00
    endloop
  endfacet
  facet normal 4.614728e-01 1.796242e-01 8.687796e-01
    outer loop
      vertex -1.074653e+00 -6.916408e-01 -1.367774e+00
      vertex -1.089416e+00 -8.905125e-01 -1.318815e+00
      vertex -1.019492e+00 -8.333553e-01 -1.367774e+00
    endloop
  endfacet
  facet normal 3.829186e-01 2.844040e-01 8.789128e-01
    outer loop
      vertex -1.019492e+00 -8.333553e-01 -1.367774e+00
      vertex -1.089416e+00 -8.905125e-01 -1.318815e+00
      vertex -1.004646e+00 -1.004646e+00 -1.318815e+00
    endloop
  endfacet
  facet normal 3.829186e-01 2.844040e-01 8.789128e-01
    outer loop
      vertex -1.019492e+00 -8.333553e-01 -1.367774e+00
      vertex -1.004646e+00 -1.004646e+00 -1.318815e+00
      vertex -9.401632e-01 -9.401632e-01 -1.367774e+00
    endloop
  endfacet
  facet normal 2.844040e-01 3.829186e-01 8.789128e-01
    outer loop
      vertex -9.401632e-01 -9.401632e-01 -1.367774e+00
      vertex -1.004646e+00 -1.004646e+00 -1.318815e+00
      vertex -8.905125e-01 -1.089416e+00 -1.318815e+00
    endloop
  endfacet
  facet normal 2.844040e-01 3.829186e-01 8.789128e-01
    outer loop
      vertex -9.401632e-01 -9.401632e-01 -1.367774e+00
      vertex -8.905125e-01 -1.089416e+00 -1.318815e+00
      vertex -8.333553e-01 -1.019492e+00 -1.367774e+00
    endloop
  endfacet
  facet normal 1.796242e-01 4.614728e-01 8.687796e-01
    outer loop
      vertex -8.333553e-01 -1.019492e+00 -1.367774e+00
      vertex -8.905125e-01 -1.089416e+00 -1.318815e+00
      vertex -7.390782e-01 -1.148360e+00 -1.318815e+00
    endloop
  endfacet
  facet normal 1.796242e-01 4.614728e-01 8.687796e-01
    outer loop
      vertex -8.333553e-01 -1.019492e+00 -1.367774e+00
      vertex -7.390782e-01 -1.148360e+00 -1.318815e+00
      vertex -6.916408e-01 -1.074653e+00 -1.367774e+00
    endloop
  endfacet
  facet normal 8.454821e-02 5.129918e-01 8.542195e-01
    outer loop
      vertex -6.916408e-01 -1.074653e+00 -1.367774e+00
      vertex -7.390782e-01 -1.148360e+00 -1.318815e+00
      vertex -5.277016e-01 -1.183198e+00 -1.318815e+00
    endloop
  endfacet
  facet normal 8.454821e-02 5.129918e-01 8.542195e-01
    outer loop
      vertex -6.916408e-01 -1.074653e+00 -1.367774e+00
      vertex -5.277016e-01 -1.183198e+00 -1.318815e+00
      vertex -4.938313e-01 -1.107255e+00 -1.367774e+00
    endloop
  endfacet
  facet normal 1.176105e-02 5.380943e-01 8.428026e-01
    outer loop
      vertex -4.938313e-01 -1.107255e+00 -1.367774e+00
      vertex -5.277016e-01 -1.183198e+00 -1.318815e+00
      vertex 9.348910e-09 -1.194732e+00 -1.318815e+00
    endloop
  endfacet
  facet normal 1.176105e-02 5.380943e-01 8.428026e-01
    outer loop
      vertex -4.938313e-01 -1.107255e+00 -1.367774e+00
      vertex 9.348910e-09 -1.194732e+00 -1.318815e+00
      vertex 8.748854e-09 -1.118049e+00 -1.367774e+00
    endloop
  endfacet
  facet normal -1.176105e-02 5.380943e-01 8.428026e-01
    outer loop
      vertex 8.748854e-09 -1.118049e+00 -1.367774e+00
      vertex 9.348910e-09 -1.194732e+00 -1.318815e+00
      vertex 5.277016e-01 -1.183198e+00 -1.318815e+00
    endloop
  endfacet
  facet normal -1.176105e-02 5.380943e-01 8.428026e-01
    outer loop
      vertex 8.748854e-09 -1.118049e+00 -1.367774e+00
      vertex 5.277016e-01 -1.183198e+00 -1.318815e+00
      vertex 4.938313e-01 -1.107255e+00 -1.367774e+00
    endloop
  endfacet
  facet normal -8.454821e-02 5.129918e-01 8.542195e-01
    outer loop
      vertex 4.938313e-01 -1.107255e+00 -1.367774e+00
      vertex 5.277016e-01 -1.183198e+00 -1.318815e+00
      vertex 7.390782e-01 -1.148360e+00 -1.318815e+00
    endloop
  endfacet
  facet normal -8.454821e-02 5.129918e-01 8.542195e-01
    outer loop
      vertex 4.938313e-01 -1.107255e+00 -1.367774e+00
      vertex 7.390782e-01 -1.148360e+00 -1.318815e+00
      vertex 6.916408e-01 -1.074653e+00 -1.367774e+00
    endloop
  endfacet
  facet normal -1.796242e-01 4.614728e-01 8.687796e-01
    outer loop
      vertex 6.916408e-01 -1.074653e+00 -1.367774e+00
      vertex 7.390782e-01 -1.148360e+00 -1.318815e+00
      vertex 8.905125e-01 -1.089416e+00 -1.318815e+00
    endloop
  endfacet
  facet normal -1.796242e-01 4.614728e-01 8.687796e-01
    outer loop
      vertex 6.916408e-01 -1.074653e+00 -1.367774e+00
      vertex 8.905125e-01 -1.089416e+00 -1.318815e+00
      vertex 8.333553e-01 -1.019492e+00 -1.367774e+00
    endloop
  endfacet
  facet normal -2.844040e-01 3.829186e-01 8.789128e-01
    outer loop
      vertex 8.333553e-01 -1.019492e+00 -1.367774e+00
      vertex 8.905125e-01 -1.089416e+00 -1.318815e+00
      vertex 1.004646e+00 -1.004646e+00 -1.318815e+00
    endloop
  endfacet
  facet normal -2.844040e-01 3.829186e-01 8.789128e-01
    outer loop
      vertex 8.333553e-01 -1.019492e+00 -1.367774e+00
      vertex 1.004646e+00 -1.004646e+00 -1.318815e+00
      vertex 9.401632e-01 -9.401632e-01 -1.367774e+00
    endloop
  endfacet
  facet normal -3.829186e-01 2.844040e-01 8.789128e-01
    outer loop
      vertex 9.401632e-01 -9.401632e-01 -1.367774e+00
      vertex 1.004646e+00 -1.004646e+00 -1.318815e+00
      vertex 1.089416e+00 -8.905125e-01 -1.318815e+00
    endloop
  endfacet
  facet normal -3.829186e-01 2.844040e-01 8.789128e-01
    outer loop
      vertex 9.401632e-01 -9.401632e-01 -1.367774e+00
      vertex 1.089416e+00 -8.905125e-01 -1.318815e+00
      vertex 1.019492e+00 -8.333553e-01 -1.367774e+00
    endloop
  endfacet
  facet normal -4.614728e-01 1.796242e-01 8.687796e-01
    outer loop
      vertex 1.019492e+00 -8.333553e-01 -1.367774e+00
      vertex 1.089416e+00 -8.905125e-01 -1.318815e+00
      vertex 1.148360e+00 -7.390782e-01 -1.318815e+00
    endloop
  endfacet
  facet normal -4.614728e-01 1.796242e-01 8.687796e-01
    outer loop
      vertex 1.019492e+00 -8.333553e-01 -1.367774e+00
      vertex 1.148360e+00 -7.390782e-01 -1.318815e+00
      vertex 1.074653e+00 -6.916408e-01 -1.367774e+00
    endloop
  endfacet
  facet normal -5.129918e-01 8.454821e-02 8.542195e-01
    outer loop
      vertex 1.074653e+00 -6.916408e-01 -1.367774e+00
      vertex 1.148360e+00 -7.390782e-01 -1.318815e+00
      vertex 1.183198e+00 -5.277016e-01 -1.318815e+00
    endloop
  endfacet
  facet normal -5.129918e-01 8.454821e-02 8.542195e-01
    outer loop
      vertex 1.074653e+00 -6.916408e-01 -1.367774e+00
      vertex 1.183198e+00 -5.277016e-01 -1.318815e+00
      vertex 1.107255e+00 -4.938313e-01 -1.367774e+00
    endloop
  endfacet
  facet normal -5.380943e-01 1.176105e-02 8.428026e-01
    outer loop
      vertex 1.107255e+00 -4.938313e-01 -1.367774e+00
      vertex 1.183198e+00 -5.277016e-01 -1.318815e+00
      vertex 1.194732e+00 0.000000e+00 -1.318815e+00
    endloop
  endfacet
  facet normal -5.380943e-01 1.176105e-02 8.428026e-01
    outer loop
      vertex 1.107255e+00 -4.938313e-01 -1.367774e+00
      vertex 1.194732e+00 0.000000e+00 -1.318815e+00
      vertex 1.118049e+00 0.000000e+00 -1.367774e+00
    endloop
  endfacet
  facet normal -5.380943e-01 -1.176105e-02 8.428026e-01
    outer loop
      vertex 1.118049e+00 0.000000e+00 -1.367774e+00
      vertex 1.194732e+00 0.000000e+00 -1.318815e+00
      vertex 1.183198e+00 5.277016e-01 -1.318815e+00
    endloop
  endfacet
  facet normal -5.380943e-01 -1.176105e-02 8.428026e-01
    outer loop
      vertex 1.118049e+00 0.000000e+00 -1.367774e+00
      vertex 1.183198e+00 5.277016e-01 -1.318815e+00
      vertex 1.107255e+00 4.938313e-01 -1.367774e+00
    endloop
  endfacet
  facet normal -5.129918e-01 -8.454821e-02 8.542195e-01
    outer loop
      vertex 1.107255e+00 4.938313e-01 -1.367774e+00
      vertex 1.183198e+00 5.277016e-01 -1.318815e+00
      vertex 1.148360e+00 7.390782e-01 -1.318815e+00
    endloop
  endfacet
  facet normal -5.129918e-01 -8.454821e-02 8.542195e-01
    outer loop
      vertex 1.107255e+00 4.938313e-01 -1.367774e+00
      vertex 1.148360e+00 7.390782e-01 -1.318815e+00
      vertex 1.074653e+00 6.916408e-01 -1.367774e+00
    endloop
  endfacet
  facet normal -4.614728e-01 -1.796242e-01 8.687796e-01
    outer loop
      vertex 1.074653e+00 6.916408e-01 -1.367774e+00
      vertex 1.148360e+00 7.390782e-01 -1.318815e+00
      vertex 1.089416e+00 8.905125e-01 -1.318815e+00
    endloop
  endfacet
  facet normal -4.614728e-01 -1.796242e-01 8.687796e-01
    outer loop
      vertex 1.074653e+00 6.916408e-01 -1.367774e+00
      vertex 1.089416e+00 8.905125e-01 -1.318815e+00
      vertex 1.019492e+00 8.333553e-01 -1.367774e+00
    endloop
  endfacet
  facet normal -3.829186e-01 -2.844040e-01 8.789128e-01
    outer loop
      vertex 1.019492e+00 8.333553e-01 -1.367774e+00
      vertex 1.089416e+00 8.905125e-01 -1.318815e+00
      vertex 1.004646e+00 1.004646e+00 -1.318815e+00
    endloop
  endfacet
  facet normal -3.829186e-01 -2.844040e-01 8.789128e-01
    outer loop
      vertex 1.019492e+00 8.333553e-01 -1.367774e+00
      vertex 1.004646e+00 1.004646e+00 -1.318815e+00
      vertex 9.401632e-01 9.401632e-01 -1.367774e+00
    endloop
  endfacet
  facet normal -2.844040e-01 -3.829186e-01 8.789128e-01
    outer loop
      vertex 9.401632e-01 9.401632e-01 -1.367774e+00
      vertex 1.004646e+00 1.004646e+00 -1.318815e+00
      vertex 8.905125e-01 1.089416e+00 -1.318815e+00
    endloop
  endfacet
  facet normal -2.844040e-01 -3.829186e-01 8.789128e-01
    outer loop
      vertex 9.401632e-01 9.401632e-01 -1.367774e+00
      vertex 8.905125e-01 1.089416e+00 -1.318815e+00
      vertex 8.333553e-01 1.019492e+00 -1.367774e+00
    endloop
  endfacet
  facet normal -1.796242e-01 -4.614728e-01 8.687796e-01
    outer loop
      vertex 8.333553e-01 1.019492e+00 -1.367774e+00
      vertex 8.905125e-01 1.089416e+00 -1.318815e+00
      vertex 7.390782e-01 1.148360e+00 -1.318815e+00
    endloop
  endfacet
  facet normal -1.796242e-01 -4.614728e-01 8.687796e-01
    outer loop
      vertex 8.333553e-01 1.019492e+00 -1.367774e+00
      vertex 7.390782e-01 1.148360e+00 -1.318815e+00
      vertex 6.916408e-01 1.074653e+00 -1.367774e+00
    endloop
  endfacet
  facet normal -8.454821e-02 -5.129918e-01 8.542195e-01
    outer loop
      vertex 6.916408e-01 1.074653e+00 -1.367774e+00
      vertex 7.390782e-01 1.148360e+00 -1.318815e+00
      vertex 5.277016e-01 1.183198e+00 -1.318815e+00
    endloop
  endfacet
  facet normal -8.454821e-02 -5.129918e-01 8.542195e-01
    outer loop
      vertex 6.916408e-01 1.074653e+00 -1.367774e+00
      vertex 5.277016e-01 1.183198e+00 -1.318815e+00
      vertex 4.938313e-01 1.107255e+00 -1.367774e+00
    endloop
  endfacet
  facet normal -1.176105e-02 -5.380943e-01 8.428026e-01
    outer loop
      vertex 4.938313e-01 1.107255e+00 -1.367774e+00
      vertex 5.277016e-01 1.183198e+00 -1.318815e+00
      vertex 9.348910e-09 1.194732e+00 -1.318815e+00
    endloop
  endfacet
  facet normal -1.176105e-02 -5.380943e-01 8.428026e-01
    outer loop
      vertex 4.938313e-01 1.107255e+00 -1.367774e+00
      vertex 9.348910e-09 1.194732e+00 -1.318815e+00
      vertex 8.748854e-09 1.118049e+00 -1.367774e+00
    endloop
  endfacet
  facet normal 1.176105e-02 -5.380943e-01 8.428026e-01
    outer loop
      vertex 8.748854e-09 1.118049e+00 -1.367774e+00
      vertex 9.348910e-09 1.194732e+00 -1.318815e+00
      vertex -5.277016e-01 1.183198e+00 -1.318815e+00
    endloop
  endfacet
  facet normal 1.176105e-02 -5.380943e-01 8.428026e-01
    outer loop
      vertex 8.748854e-09 1.118049e+00 -1.367774e+00
      vertex -5.277016e-01 1.183198e+00 -1.318815e+00
      vertex -4.938313e-01 1.107255e+00 -1.367774e+00
    endloop
  endfacet
  facet normal 8.454821e-02 -5.129918e-01 8.542195e-01
    outer loop
      vertex -4.938313e-01 1.107255e+00 -1.367774e+00
      vertex -5.277016e-01 1.183198e+00 -1.318815e+00
      vertex -7.390782e-01 1.148360e+00 -1.318815e+00
    endloop
  endfacet
  facet normal 8.454821e-02 -5.129918e-01 8.542195e-01
    outer loop
      vertex -4.938313e-01 1.107255e+00 -1.367774e+00
      vertex -7.390782e-01 1.148360e+00 -1.318815e+00
      vertex -6.916408e-01 1.074653e+00 -1.367774e+00
    endloop
  endfacet
  facet normal 1.796242e-01 -4.614728e-01 8.687796e-01
    outer loop
      vertex -6.916408e-01 1.074653e+00 -1.367774e+00
      vertex -7.390782e-01 1.148360e+00 -1.318815e+00
      vertex -8.905125e-01 1.089416e+00 -1.318815e+00
    endloop
  endfacet
  facet normal 1.796242e-01 -4.614728e-01 8.687796e-01
    outer loop
      vertex -6.916408e-01 1.074653e+00 -1.367774e+00
      vertex -8.905125e-01 1.089416e+00 -1.318815e+00
      vertex -8.333553e-01 1.019492e+00 -1.367774e+00
    endloop
  endfacet
  facet normal 2.844040e-01 -3.829186e-01 8.789128e-01
    outer loop
      vertex -8.333553e-01 1.019492e+00 -1.367774e+00
      vertex -8.905125e-01 1.089416e+00 -1.318815e+00
      vertex -1.004646e+00 1.004646e+00 -1.318815e+00
    endloop
  endfacet
  facet normal 2.844040e-01 -3.829186e-01 8.789128e-01
    outer loop
      vertex -8.333553e-01 1.019492e+00 -1.367774e+00
      vertex -1.004646e+00 1.004646e+00 -1.318815e+00
      vertex -9.401632e-01 9.401632e-01 -1.367774e+00
    endloop
  endfacet
  facet normal 3.829186e-01 -2.844040e-01 8.789128e-01
    outer loop
      vertex -9.401632e-01 9.401632e-01 -1.367774e+00
      vertex -1.004646e+00 1.004646e+00 -1.318815e+00
      vertex -1.089416e+00 8.905125e-01 -1.318815e+00
    endloop
  endfacet
  facet normal 3.829186e-01 -2.844040e-01 8.789128e-01
    outer loop
      vertex -9.401632e-01 9.401632e-01 -1.367774e+00
      vertex -1.089416e+00 8.905125e-01 -1.318815e+00
      vertex -1.019492e+00 8.333553e-01 -1.367774e+00
    endloop
  endfacet
  facet normal 4.614728e-01 -1.796242e-01 8.687796e-01
    outer loop
      vertex -1.019492e+00 8.333553e-01 -1.367774e+00
      vertex -1.089416e+00 8.905125e-01 -1.318815e+00
      vertex -1.148360e+00 7.390782e-01 -1.318815e+00
    endloop
  endfacet
  facet normal 4.614728e-01 -1.796242e-01 8.687796e-01
    outer loop
      vertex -1.019492e+00 8.333553e-01 -1.367774e+00
      vertex -1.148360e+00 7.390782e-01 -1.318815e+00
      vertex -1.074653e+00 6.916408e-01 -1.367774e+00
    endloop
  endfacet
  facet normal 5.129918e-01 -8.454821e-02 8.542195e-01
    outer loop
      vertex -1.074653e+00 6.916408e-01 -1.367774e+00
      vertex -1.148360e+00 7.390782e-01 -1.318815e+00
      vertex -1.183198e+00 5.277016e-01 -1.318815e+00
    endloop
  endfacet
  facet normal 5.129918e-01 -8.454821e-02 8.542195e-01
    outer loop
      vertex -1.074653e+00 6.916408e-01 -1.367774e+00
      vertex -1.183198e+00 5.277016e-01 -1.318815e+00
      vertex -1.107255e+00 4.938313e-01 -1.367774e+00
    endloop
  endfacet
  facet normal 5.380943e-01 -1.176105e-02 8.428026e-01
    outer loop
      vertex -1.107255e+00 4.938313e-01 -1.367774e+00
      vertex -1.183198e+00 5.277016e-01 -1.318815e+00
      vertex -1.194732e+00 -1.322136e-08 -1.318815e+00
    endloop
  endfacet
  facet normal 5.380943e-01 -1.176105e-02 8.428026e-01
    outer loop
      vertex -1.107255e+00 4.938313e-01 -1.367774e+00
      vertex -1.194732e+00 -1.322136e-08 -1.318815e+00
      vertex -1.118049e+00 -1.237275e-08 -1.367774e+00
    endloop
  endfacet
  facet normal 6.531731e-01 1.427631e-02 7.570741e-01
    outer loop
      vertex -1.194732e+00 -1.322136e-08 -1.318815e+00
      vertex -1.261345e+00 -1.395851e-08 -1.261345e+00
      vertex -1.249168e+00 -5.571237e-01 -1.261345e+00
    endloop
  endfacet
  facet normal 6.531731e-01 1.427631e-02 7.570741e-01
    outer loop
      vertex -1.194732e+00 -1.322136e-08 -1.318815e+00
      vertex -1.249168e+00 -5.571237e-01 -1.261345e+00
      vertex -1.183198e+00 -5.277016e-01 -1.318815e+00
    endloop
  endfacet
  facet normal 6.267624e-01 1.032992e-01 7.723330e-01
    outer loop
      vertex -1.183198e+00 -5.277016e-01 -1.318815e+00
      vertex -1.249168e+00 -5.571237e-01 -1.261345e+00
      vertex -1.212387e+00 -7.802856e-01 -1.261345e+00
    endloop
  endfacet
  facet normal 6.267624e-01 1.032992e-01 7.723330e-01
    outer loop
      vertex -1.183198e+00 -5.277016e-01 -1.318815e+00
      vertex -1.212387e+00 -7.802856e-01 -1.261345e+00
      vertex -1.148360e+00 -7.390782e-01 -1.318815e+00
    endloop
  endfacet
  facet normal 5.686548e-01 2.213438e-01 7.922364e-01
    outer loop
      vertex -1.148360e+00 -7.390782e-01 -1.318815e+00
      vertex -1.212387e+00 -7.802856e-01 -1.261345e+00
      vertex -1.150157e+00 -9.401632e-01 -1.261345e+00
    endloop
  endfacet
  facet normal 5.686548e-01 2.213438e-01 7.922364e-01
    outer loop
      vertex -1.148360e+00 -7.390782e-01 -1.318815e+00
      vertex -1.150157e+00 -9.401632e-01 -1.261345e+00
      vertex -1.089416e+00 -8.905125e-01 -1.318815e+00
    endloop
  endfacet
  facet normal 4.747521e-01 3.526112e-01 8.063968e-01
    outer loop
      vertex -1.089416e+00 -8.905125e-01 -1.318815e+00
      vertex -1.150157e+00 -9.401632e-01 -1.261345e+00
      vertex -1.060660e+00 -1.060660e+00 -1.261345e+00
    endloop
  endfacet
  facet normal 4.747521e-01 3.526112e-01 8.063968e-01
    outer loop
      vertex -1.089416e+00 -8.905125e-01 -1.318815e+00
      vertex -1.060660e+00 -1.060660e+00 -1.261345e+00
      vertex -1.004646e+00 -1.004646e+00 -1.318815e+00
    endloop
  endfacet
  facet normal 3.526112e-01 4.747521e-01 8.063968e-01
    outer loop
      vertex -1.004646e+00 -1.004646e+00 -1.318815e+00
      vertex -1.060660e+00 -1.060660e+00 -1.261345e+00
      vertex -9.401632e-01 -1.150157e+00 -1.261345e+00
    endloop
  endfacet
  facet normal 3.526112e-01 4.747521e-01 8.063968e-01
    outer loop
      vertex -1.004646e+00 -1.004646e+00 -1.318815e+00
      vertex -9.401632e-01 -1.150157e+00 -1.261345e+00
      vertex -8.905125e-01 -1.089416e+00 -1.318815e+00
    endloop
  endfacet
  facet normal 2.213438e-01 5.686548e-01 7.922364e-01
    outer loop
      vertex -8.905125e-01 -1.089416e+00 -1.318815e+00
      vertex -9.401632e-01 -1.150157e+00 -1.261345e+00
      vertex -7.802856e-01 -1.212387e+00 -1.261345e+00
    endloop
  endfacet
  facet normal 2.213438e-01 5.686548e-01 7.922364e-01
    outer loop
      vertex -8.905125e-01 -1.089416e+00 -1.318815e+00
      vertex -7.802856e-01 -1.212387e+00 -1.261345e+00
      vertex -7.390782e-01 -1.148360e+00 -1.318815e+00
    endloop
  endfacet
  facet normal 1.032992e-01 6.267624e-01 7.723330e-01
    outer loop
      vertex -7.390782e-01 -1.148360e+00 -1.318815e+00
      vertex -7.802856e-01 -1.212387e+00 -1.261345e+00
      vertex -5.571237e-01 -1.249168e+00 -1.261345e+00
    endloop
  endfacet
  facet normal 1.032992e-01 6.267624e-01 7.723330e-01
    outer loop
      vertex -7.390782e-01 -1.148360e+00 -1.318815e+00
      vertex -5.571237e-01 -1.249168e+00 -1.261345e+00
      vertex -5.277016e-01 -1.183198e+00 -1.318815e+00
    endloop
  endfacet
  facet normal 1.427631e-02 6.531731e-01 7.570741e-01
    outer loop
      vertex -5.277016e-01 -1.183198e+00 -1.318815e+00
      vertex -5.571237e-01 -1.249168e+00 -1.261345e+00
      vertex 9.870160e-09 -1.261345e+00 -1.261345e+00
    endloop
  endfacet
  facet normal 1.427631e-02 6.531731e-01 7.570741e-01
    outer loop
      vertex -5.277016e-01 -1.183198e+00 -1.318815e+00
      vertex 9.870160e-09 -1.261345e+00 -1.261345e+00
      vertex 9.348910e-09 -1.194732e+00 -1.318815e+00
    endloop
  endfacet
  facet normal -1.427631e-02 6.531731e-01 7.570741e-01
    outer loop
      vertex 9.348910e-09 -1.194732e+00 -1.318815e+00
      vertex 9.870160e-09 -1.261345e+00 -1.261345e+00
      vertex 5.571237e-01 -1.249168e+00 -1.261345e+00
    endloop
  endfacet
  facet normal -1.427631e-02 6.531731e-01 7.570741e-01
    outer loop
      vertex 9.348910e-09 -1.194732e+00 -1.318815e+00
      vertex 5.571237e-01 -1.249168e+00 -1.261345e+00
      vertex 5.277016e-01 -1.183198e+00 -1.318815e+00
    endloop
  endfacet
  facet normal -1.032992e-01 6.267624e-01 7.723330e-01
    outer loop
      vertex 5.277016e-01 -1.183198e+00 -1.318815e+00
      vertex 5.571237e-01 -1.249168e+00 -1.261345e+00
      vertex 7.802856e-01 -1.212387e+00 -1.261345e+00
    endloop
  endfacet
  facet normal -1.032992e-01 6.267624e-01 7.723330e-01
    outer loop
      vertex 5.277016e-01 -1.183198e+00 -1.318815e+00
      vertex 7.802856e-01 -1.212387e+00 -1.261345e+00
      vertex 7.390782e-01 -1.148360e+00 -1.318815e+00
    endloop
  endfacet
  facet normal -2.213438e-01 5.686548e-01 7.922364e-01
    outer loop
      vertex 7.390782e-01 -1.148360e+00 -1.318815e+00
      vertex 7.802856e-01 -1.212387e+00 -1.261345e+00
      vertex 9.401632e-01 -1.150157e+00 -1.261345e+00
    endloop
  endfacet
  facet normal -2.213438e-01 5.686548e-01 7.922364e-01
    outer loop
      vertex 7.390782e-01 -1.148360e+00 -1.318815e+00
      vertex 9.401632e-01 -1.150157e+00 -1.261345e+00
      vertex 8.905125e-01 -1.089416e+00 -1.318815e+00
    endloop
  endfacet
  facet normal -3.526112e-01 4.747521e-01 8.063968e-01
    outer loop
      vertex 8.905125e-01 -1.089416e+00 -1.318815e+00
      vertex 9.401632e-01 -1.150157e+00 -1.261345e+00
      vertex 1.060660e+00 -1.060660e+00 -1.261345e+00
    endloop
  endfacet
  facet normal -3.526112e-01 4.747521e-01 8.063968e-01
    outer loop
      vertex 8.905125e-01 -1.089416e+00 -1.318815e+00
      vertex 1.060660e+00 -1.060660e+00 -1.261345e+00
      vertex 1.004646e+00 -1.004646e+00 -1.318815e+00
    endloop
  endfacet
  facet normal -4.747521e-01 3.526112e-01 8.063968e-01
    outer loop
      vertex 1.004646e+00 -1.004646e+00 -1.318815e+00
      vertex 1.060660e+00 -1.060660e+00 -1.261345e+00
      vertex 1.150157e+00 -9.401632e-01 -1.261345e+00
    endloop
  endfacet
  facet normal -4.747521e-01 3.526112e-01 8.063968e-01
    outer loop
      vertex 1.004646e+00 -1.004646e+00 -1.318815e+00
      vertex 1.150157e+00 -9.401632e-01 -1.261345e+00
      vertex 1.089416e+00 -8.905125e-01 -1.318815e+00
    endloop
  endfacet
  facet normal -5.686548e-01 2.213438e-01 7.922364e-01
    outer loop
      vertex 1.089416e+00 -8.905125e-01 -1.318815e+00
      vertex 1.150157e+00 -9.401632e-01 -1.261345e+00
      vertex 1.212387e+00 -7.802856e-01 -1.261345e+00
    endloop
  endfacet
  facet normal -5.686548e-01 2.213438e-01 7.922364e-01
    outer loop
      vertex 1.089416e+00 -8.905125e-01 -1.318815e+00
      vertex 1.212387e+00 -7.802856e-01 -1.261345e+00
      vertex 1.148360e+00 -7.390782e-01 -1.318815e+00
    endloop
  endfacet
  facet normal -6.267624e-01 1.032992e-01 7.723330e-01
    outer loop
      vertex 1.148360e+00 -7.390782e-01 -1.318815e+00
      vertex 1.212387e+00 -7.802856e-01 -1.261345e+00
      vertex 1.249168e+00 -5.571237e-01 -1.261345e+00
    endloop
  endfacet
  facet normal -6.267624e-01 1.032992e-01 7.723330e-01
    outer loop
      vertex 1.148360e+00 -7.390782e-01 -1.318815e+00
      vertex 1.249168e+00 -5.571237e-01 -1.261345e+00
      vertex 1.183198e+00 -5.277016e-01 -1.318815e+00
    endloop
  endfacet
  facet normal -6.531731e-01 1.427631e-02 7.570741e-01
    outer loop
      vertex 1.183198e+00 -5.277016e-01 -1.318815e+00
      vertex 1.249168e+00 -5.571237e-01 -1.261345e+00
      vertex 1.261345e+00 0.000000e+00 -1.261345e+00
    endloop
  endfacet
  facet normal -6.531731e-01 1.427631e-02 7.570741e-01
    outer loop
      vertex 1.183198e+00 -5.277016e-01 -1.318815e+00
      vertex 1.261345e+00 0.000000e+00 -1.261345e+00
      vertex 1.194732e+00 0.000000e+00 -1.318815e+00
    endloop
  endfacet
  facet normal -6.531731e-01 -1.427631e-02 7.570741e-01
    outer loop
      vertex 1.194732e+00 0.000000e+00 -1.318815e+00
      vertex 1.261345e+00 0.000000e+00 -1.261345e+00
      vertex 1.249168e+00 5.571237e-01 -1.261345e+00
    endloop
  endfacet
  facet normal -6.531731e-01 -1.427631e-02 7.570741e-01
    outer loop
      vertex 1.194732e+00 0.000000e+00 -1.318815e+00
      vertex 1.249168e+00 5.571237e-01 -1.261345e+00
      vertex 1.183198e+00 5.277016e-01 -1.318815e+00
    endloop
  endfacet
  facet normal -6.267624e-01 -1.032992e-01 7.723330e-01
    outer loop
      vertex 1.183198e+00 5.277016e-01 -1.318815e+00
      vertex 1.249168e+00 5.571237e-01 -1.261345e+00
      vertex 1.212387e+00 7.802856e-01 -1.261345e+00
    endloop
  endfacet
  facet normal -6.267624e-01 -1.032992e-01 7.723330e-01
    outer loop
      vertex 1.183198e+00 5.277016e-01 -1.318815e+00
      vertex 1.212387e+00 7.802856e-01 -1.261345e+00
      vertex 1.148360e+00 7.390782e-01 -1.318815e+00
    endloop
  endfacet
  facet normal -5.686548e-01 -2.213438e-01 7.922364e-01
    outer loop
      vertex 1.148360e+00 7.390782e-01 -1.318815e+00
      vertex 1.212387e+00 7.802856e-01 -1.261345e+00
      vertex 1.150157e+00 9.401632e-01 -1.261345e+00
    endloop
  endfacet
  facet normal -5.686548e-01 -2.213438e-01 7.922364e-01
    outer loop
      vertex 1.148360e+00 7.390782e-01 -1.318815e+00
      vertex 1.150157e+00 9.401632e-01 -1.261345e+00
      vertex 1.089416e+00 8.905125e-01 -1.318815e+00
    endloop
  endfacet
  facet normal -4.747521e-01 -3.526112e-01 8.063968e-01
    outer loop
      vertex 1.089416e+00 8.905125e-01 -1.318815e+00
      vertex 1.150157e+00 9.401632e-01 -1.261345e+00
      vertex 1.060660e+00 1.060660e+00 -1.261345e+00
    endloop
  endfacet
  facet normal -4.747521e-01 -3.526112e-01 8.063968e-01
    outer loop
      vertex 1.089416e+00 8.905125e-01 -1.318815e+00
      vertex 1.060660e+00 1.060660e+00 -1.261345e+00
      vertex 1.004646e+00 1.004646e+00 -1.318815e+00
    endloop
  endfacet
  facet normal -3.526112e-01 -4.747521e-01 8.063968e-01
    outer loop
      vertex 1.004646e+00 1.004646e+00 -1.318815e+00
      vertex 1.060660e+00 1.060660e+00 -1.261345e+00
      vertex 9.401632e-01 1.150157e+00 -1.261345e+00
    endloop
  endfacet
  facet normal -3.526112e-01 -4.747521e-01 8.063968e-01
    outer loop
      vertex 1.004646e+00 1.004646e+00 -1.318815e+00
      vertex 9.401632e-01 1.150157e+00 -1.261345e+00
      vertex 8.905125e-01 1.089416e+00 -1.318815e+00
    endloop
  endfacet
  facet normal -2.213438e-01 -5.686548e-01 7.922364e-01
    outer loop
      vertex 8.905125e-01 1.089416e+00 -1.318815e+00
      vertex 9.401632e-01 1.150157e+00 -1.261345e+00
      vertex 7.802856e-01 1.212387e+00 -1.261345e+00
    endloop
  endfacet
  facet normal -2.213438e-01 -5.686548e-01 7.922364e-01
    outer loop
      vertex 8.905125e-01 1.089416e+00 -1.318815e+00
      vertex 7.802856e-01 1.212387e+00 -1.261345e+00
      vertex 7.390782e-01 1.148360e+00 -1.318815e+00
    endloop
  endfacet
  facet normal -1.032992e-01 -6.267624e-01 7.723330e-01
    outer loop
      vertex 7.390782e-01 1.148360e+00 -1.318815e+00
      vertex 7.802856e-01 1.212387e+00 -1.261345e+00
      vertex 5.571237e-01 1.249168e+00 -1.261345e+00
    endloop
  endfacet
  facet normal -1.032992e-01 -6.267624e-01 7.723330e-01
    outer loop
      vertex 7.390782e-01 1.148360e+00 -1.318815e+00
      vertex 5.571237e-01 1.249168e+00 -1.261345e+00
      vertex 5.277016e-01 1.183198e+00 -1.318815e+00
    endloop
  endfacet
  facet normal -1.427631e-02 -6.531731e-01 7.570741e-01
    outer loop
      vertex 5.277016e-01 1.183198e+00 -1.318815e+00
      vertex 5.571237e-01 1.249168e+00 -1.261345e+00
      vertex 9.870160e-09 1.261345e+00 -1.261345e+00
    endloop
  endfacet
  facet normal -1.427631e-02 -6.531731e-01 7.570741e-01
    outer loop
      vertex 5.277016e-01 1.183198e+00 -1.318815e+00
      vertex 9.870160e-09 1.261345e+00 -1.261345e+00
      vertex 9.348910e-09 1.194732e+00 -1.318815e+00
    endloop
  endfacet
  facet normal 1.427631e-02 -6.531731e-01 7.570741e-01
    outer loop
      vertex 9.348910e-09 1.194732e+00 -1.318815e+00
      vertex 9.870160e-09 1.261345e+00 -1.261345e+00
      vertex -5.571237e-01 1.249168e+00 -1.261345e+00
    endloop
  endfacet
  facet normal 1.427631e-02 -6.531731e-01 7.570741e-01
    outer loop
      vertex 9.348910e-09 1.194732e+00 -1.318815e+00
      vertex -5.571237e-01 1.249168e+00 -1.261345e+00
      vertex -5.277016e-01 1.183198e+00 -1.318815e+00
    endloop
  endfacet
  facet normal 1.032992e-01 -6.267624e-01 7.723330e-01
    outer loop
      vertex -5.277016e-01 1.183198e+00 -1.318815e+00
      vertex -5.571237e-01 1.249168e+00 -1.261345e+00
      vertex -7.802856e-01 1.212387e+00 -1.261345e+00
    endloop
  endfacet
  facet normal 1.032992e-01 -6.267624e-01 7.723330e-01
    outer loop
      vertex -5.277016e-01 1.183198e+00 -1.318815e+00
      vertex -7.802856e-01 1.212387e+00 -1.261345e+00
      vertex -7.390782e-01 1.148360e+00 -1.318815e+00
    endloop
  endfacet
  facet normal 2.213438e-01 -5.686548e-01 7.922364e-01
    outer loop
      vertex -7.390782e-01 1.148360e+00 -1.318815e+00
      vertex -7.802856e-01 1.212387e+00 -1.261345e+00
      vertex -9.401632e-01 1.150157e+00 -1.261345e+00
    endloop
  endfacet
  facet normal 2.213438e-01 -5.686548e-01 7.922364e-01
    outer loop
      vertex -7.390782e-01 1.148360e+00 -1.318815e+00
      vertex -9.401632e-01 1.150157e+00 -1.261345e+00
      vertex -8.905125e-01 1.089416e+00 -1.318815e+00
    endloop
  endfacet
  facet normal 3.526112e-01 -4.747521e-01 8.063968e-01
    outer loop
      vertex -8.905125e-01 1.089416e+00 -1.318815e+00
      vertex -9.401632e-01 1.150157e+00 -1.261345e+00
      vertex -1.060660e+00 1.060660e+00 -1.261345e+00
    endloop
  endfacet
  facet normal 3.526112e-01 -4.747521e-01 8.063968e-01
    outer loop
      vertex -8.905125e-01 1.089416e+00 -1.318815e+00
      vertex -1.060660e+00 1.060660e+00 -1.261345e+00
      vertex -1.004646e+00 1.004646e+00 -1.318815e+00
    endloop
  endfacet
  facet normal 4.747521e-01 -3.526112e-01 8.063968e-01
    outer loop
      vertex -1.004646e+00 1.004646e+00 -1.318815e+00
      vertex -1.060660e+00 1.060660e+00 -1.261345e+00
      vertex -1.150157e+00 9.401632e-01 -1.261345e+00
    endloop
  endfacet
  facet normal 4.747521e-01 -3.526112e-01 8.063968e-01
    outer loop
      vertex -1.004646e+00 1.004646e+00 -1.318815e+00
      vertex -1.150157e+00 9.401632e-01 -1.261345e+00
      vertex -1.089416e+00 8.905125e-01 -1.318815e+00
    endloop
  endfacet
  facet normal 5.686548e-01 -2.213438e-01 7.922364e-01
    outer loop
      vertex -1.089416e+00 8.905125e-01 -1.318815e+00
      vertex -1.150157e+00 9.401632e-01 -1.261345e+00
      vertex -1.212387e+00 7.802856e-01 -1.261345e+00
    endloop
  endfacet
  facet normal 5.686548e-01 -2.213438e-01 7.922364e-01
    outer loop
      vertex -1.089416e+00 8.905125e-01 -1.318815e+00
      vertex -1.212387e+00 7.802856e-01 -1.261345e+00
      vertex -1.148360e+00 7.390782e-01 -1.318815e+00
    endloop
  endfacet
  facet normal 6.267624e-01 -1.032992e-01 7.723330e-01
    outer loop
      vertex -1.148360e+00 7.390782e-01 -1.318815e+00
      vertex -1.212387e+00 7.802856e-01 -1.261345e+00
      vertex -1.249168e+00 5.571237e-01 -1.261345e+00
    endloop
  endfacet
  facet normal 6.267624e-01 -1.032992e-01 7.723330e-01
    outer loop
      vertex -1.148360e+00 7.390782e-01 -1.318815e+00
      vertex -1.249168e+00 5.571237e-01 -1.261345e+00
      vertex -1.183198e+00 5.277016e-01 -1.318815e+00
    endloop
  endfacet
  facet normal 6.531731e-01 -1.427631e-02 7.570741e-01
    outer loop
      vertex -1.183198e+00 5.277016e-01 -1.318815e+00
      vertex -1.249168e+00 5.571237e-01 -1.261345e+00
      vertex -1.261345e+00 -1.395851e-08 -1.261345e+00
    endloop
  endfacet
  facet normal 6.531731e-01 -1.427631e-02 7.570741e-01
    outer loop
      vertex -1.183198e+00 5.277016e-01 -1.318815e+00
      vertex -1.261345e+00 -1.395851e-08 -1.261345e+00
      vertex -1.194732e+00 -1.322136e-08 -1.318815e+00
    endloop
  endfacet
  facet normal 7.570476e-01 1.654668e-02 6.531502e-01
    outer loop
      vertex -1.261345e+00 -1.395851e-08 -1.261345e+00
      vertex -1.318815e+00 -1.459450e-08 -1.194732e+00
      vertex -1.306083e+00 -5.825079e-01 -1.194732e+00
    endloop
  endfacet
  facet normal 7.570476e-01 1.654668e-02 6.531502e-01
    outer loop
      vertex -1.261345e+00 -1.395851e-08 -1.261345e+00
      vertex -1.306083e+00 -5.825079e-01 -1.194732e+00
      vertex -1.249168e+00 -5.571237e-01 -1.261345e+00
    endloop
  endfacet
  facet normal 7.315684e-01 1.205727e-01 6.710215e-01
    outer loop
      vertex -1.249168e+00 -5.571237e-01 -1.261345e+00
      vertex -1.306083e+00 -5.825079e-01 -1.194732e+00
      vertex -1.267627e+00 -8.158377e-01 -1.194732e+00
    endloop
  endfacet
  facet normal 7.315684e-01 1.205727e-01 6.710215e-01
    outer loop
      vertex -1.249168e+00 -5.571237e-01 -1.261345e+00
      vertex -1.267627e+00 -8.158377e-01 -1.194732e+00
      vertex -1.212387e+00 -7.802856e-01 -1.261345e+00
    endloop
  endfacet
  facet normal 6.701135e-01 2.608357e-01 6.949191e-01
    outer loop
      vertex -1.212387e+00 -7.802856e-01 -1.261345e+00
      vertex -1.267627e+00 -8.158377e-01 -1.194732e+00
      vertex -1.202561e+00 -9.829998e-01 -1.194732e+00
    endloop
  endfacet
  facet normal 6.701135e-01 2.608357e-01 6.949191e-01
    outer loop
      vertex -1.212387e+00 -7.802856e-01 -1.261345e+00
      vertex -1.202561e+00 -9.829998e-01 -1.194732e+00
      vertex -1.150157e+00 -9.401632e-01 -1.261345e+00
    endloop
  endfacet
  facet normal 5.634198e-01 4.184671e-01 7.123507e-01
    outer loop
      vertex -1.150157e+00 -9.401632e-01 -1.261345e+00
      vertex -1.202561e+00 -9.829998e-01 -1.194732e+00
      vertex -1.108987e+00 -1.108987e+00 -1.194732e+00
    endloop
  endfacet
  facet normal 5.634198e-01 4.184671e-01 7.123507e-01
    outer loop
      vertex -1.150157e+00 -9.401632e-01 -1.261345e+00
      vertex -1.108987e+00 -1.108987e+00 -1.194732e+00
      vertex -1.060660e+00 -1.060660e+00 -1.261345e+00
    endloop
  endfacet
  facet normal 4.184671e-01 5.634198e-01 7.123507e-01
    outer loop
      vertex -1.060660e+00 -1.060660e+00 -1.261345e+00
      vertex -1.108987e+00 -1.108987e+00 -1.194732e+00
      vertex -9.829998e-01 -1.202561e+00 -1.194732e+00
    endloop
  endfacet
  facet normal 4.184671e-01 5.634198e-01 7.123507e-01
    outer loop
      vertex -1.060660e+00 -1.060660e+00 -1.261345e+00
      vertex -9.829998e-01 -1.202561e+00 -1.194732e+00
      vertex -9.401632e-01 -1.150157e+00 -1.261345e+00
    endloop
  endfacet
  facet normal 2.608357e-01 6.701135e-01 6.949191e-01
    outer loop
      vertex -9.401632e-01 -1.150157e+00 -1.261345e+00
      vertex -9.829998e-01 -1.202561e+00 -1.194732e+00
      vertex -8.158377e-01 -1.267627e+00 -1.194732e+00
    endloop
  endfacet
  facet normal 2.608357e-01 6.701135e-01 6.949191e-01
    outer loop
      vertex -9.401632e-01 -1.150157e+00 -1.261345e+00
      vertex -8.158377e-01 -1.267627e+00 -1.194732e+00
      vertex -7.802856e-01 -1.212387e+00 -1.261345e+00
    endloop
  endfacet
  facet normal 1.205727e-01 7.315684e-01 6.710215e-01
    outer loop
      vertex -7.802856e-01 -1.212387e+00 -1.261345e+00
      vertex -8.158377e-01 -1.267627e+00 -1.194732e+00
      vertex -5.825079e-01 -1.306083e+00 -1.194732e+00
    endloop
  endfacet
  facet normal 1.205727e-01 7.315684e-01 6.710215e-01
    outer loop
      vertex -7.802856e-01 -1.212387e+00 -1.261345e+00
      vertex -5.825079e-01 -1.306083e+00 -1.194732e+00
      vertex -5.571237e-01 -1.249168e+00 -1.261345e+00
    endloop
  endfacet
  facet normal 1.654668e-02 7.570476e-01 6.531502e-01
    outer loop
      vertex -5.571237e-01 -1.249168e+00 -1.261345e+00
      vertex -5.825079e-01 -1.306083e+00 -1.194732e+00
      vertex 1.031987e-08 -1.318815e+00 -1.194732e+00
    endloop
  endfacet
  facet normal 1.654668e-02 7.570476e-01 6.531502e-01
    outer loop
      vertex -5.571237e-01 -1.249168e+00 -1.261345e+00
      vertex 1.031987e-08 -1.318815e+00 -1.194732e+00
      vertex 9.870160e-09 -1.261345e+00 -1.261345e+00
    endloop
  endfacet
  facet normal -1.654668e-02 7.570476e-01 6.531502e-01
    outer loop
      vertex 9.870160e-09 -1.261345e+00 -1.261345e+00
      vertex 1.031987e-08 -1.318815e+00 -1.194732e+00
      vertex 5.825079e-01 -1.306083e+00 -1.194732e+00
    endloop
  endfacet
  facet normal -1.654668e-02 7.570476e-01 6.531502e-01
    outer loop
      vertex 9.870160e-09 -1.261345e+00 -1.261345e+00
      vertex 5.825079e-01 -1.306083e+00 -1.194732e+00
      vertex 5.571237e-01 -1.249168e+00 -1.261345e+00
    endloop
  endfacet
  facet normal -1.205727e-01 7.315684e-01 6.710215e-01
    outer loop
      vertex 5.571237e-01 -1.249168e+00 -1.261345e+00
      vertex 5.825079e-01 -1.306083e+00 -1.194732e+00
      vertex 8.158377e-01 -1.267627e+00 -1.194732e+00
    endloop
  endfacet
  facet normal -1.205727e-01 7.315684e-01 6.710215e-01
    outer loop
      vertex 5.571237e-01 -1.249168e+00 -1.261345e+00
      vertex 8.158377e-01 -1.267627e+00 -1.194732e+00
      vertex 7.802856e-01 -1.212387e+00 -1.261345e+00
    endloop
  endfacet
  facet normal -2.608357e-01 6.701135e-01 6.949191e-01
    outer loop
      vertex 7.802856e-01 -1.212387e+00 -1.261345e+00
      vertex 8.158377e-01 -1.267627e+00 -1.194732e+00
      vertex 9.829998e-01 -1.202561e+00 -1.194732e+00
    endloop
  endfacet
  facet normal -2.608357e-01 6.701135e-01 6.949191e-01
    outer loop
      vertex 7.802856e-01 -1.212387e+00 -1.261345e+00
      vertex 9.829998e-01 -1.202561e+00 -1.194732e+00
      vertex 9.401632e-01 -1.150157e+00 -1.261345e+00
    endloop
  endfacet
  facet normal -4.184671e-01 5.634198e-01 7.123507e-01
    outer loop
      vertex 9.401632e-01 -1.150157e+00 -1.261345e+00
      vertex 9.829998e-01 -1.202561e+00 -1.194732e+00
      vertex 1.108987e+00 -1.108987e+00 -1.194732e+00
    endloop
  endfacet
  facet normal -4.184671e-01 5.634198e-01 7.123507e-01
    outer loop
      vertex 9.401632e-01 -1.150157e+00 -1.261345e+00
      vertex 1.108987e+00 -1.108987e+00 -1.194732e+00
      vertex 1.060660e+00 -1.060660e+00 -1.261345e+00
    endloop
  endfacet
  facet normal -5.634198e-01 4.184671e-01 7.123507e-01
    outer loop
      vertex 1.060660e+00 -1.060660e+00 -1.261345e+00
      vertex 1.108987e+00 -1.108987e+00 -1.194732e+00
      vertex 1.202561e+00 -9.829998e-01 -1.194732e+00
    endloop
  endfacet
  facet normal -5.634198e-01 4.184671e-01 7.123507e-01
    outer loop
      vertex 1.060660e+00 -1.060660e+00 -1.261345e+00
      vertex 1.202561e+00 -9.829998e-01 -1.194732e+00
      vertex 1.150157e+00 -9.401632e-01 -1.261345e+00
    endloop
  endfacet
  facet normal -6.701135e-01 2.608357e-01 6.949191e-01
    outer loop
      vertex 1.150157e+00 -9.401632e-01 -1.261345e+00
      vertex 1.202561e+00 -9.829998e-01 -1.194732e+00
      vertex 1.267627e+00 -8.158377e-01 -1.194732e+00
    endloop
  endfacet
  facet normal -6.701135e-01 2.608357e-01 6.949191e-01
    outer loop
      vertex 1.150157e+00 -9.401632e-01 -1.261345e+00
      vertex 1.267627e+00 -8.158377e-01 -1.194732e+00
      vertex 1.212387e+00 -7.802856e-01 -1.261345e+00
    endloop
  endfacet
  facet normal -7.315684e-01 1.205727e-01 6.710215e-01
    outer loop
      vertex 1.212387e+00 -7.802856e-01 -1.261345e+00
      vertex 1.267627e+00 -8.158377e-01 -1.194732e+00
      vertex 1.306083e+00 -5.825079e-01 -1.194732e+00
    endloop
  endfacet
  facet normal -7.315684e-01 1.205727e-01 6.710215e-01
    outer loop
      vertex 1.212387e+00 -7.802856e-01 -1.261345e+00
      vertex 1.306083e+00 -5.825079e-01 -1.194732e+00
      vertex 1.249168e+00 -5.571237e-01 -1.261345e+00
    endloop
  endfacet
  facet normal -7.570476e-01 1.654668e-02 6.531502e-01
    outer loop
      vertex 1.249168e+00 -5.571237e-01 -1.261345e+00
      vertex 1.306083e+00 -5.825079e-01 -1.194732e+00
      vertex 1.318815e+00 0.000000e+00 -1.194732e+00
    endloop
  endfacet
  facet normal -7.570476e-01 1.654668e-02 6.531502e-01
    outer loop
      vertex 1.249168e+00 -5.571237e-01 -1.261345e+00
      vertex 1.318815e+00 0.000000e+00 -1.194732e+00
      vertex 1.261345e+00 0.000000e+00 -1.261345e+00
    endloop
  endfacet
  facet normal -7.570476e-01 -1.654668e-02 6.531502e-01
    outer loop
      vertex 1.261345e+00 0.000000e+00 -1.261345e+00
      vertex 1.318815e+00 0.000000e+00 -1.194732e+00
      vertex 1.306083e+00 5.825079e-01 -1.194732e+00
    endloop
  endfacet
  facet normal -7.570476e-01 -1.654668e-02 6.531502e-01
    outer loop
      vertex 1.261345e+00 0.000000e+00 -1.261345e+00
      vertex 1.306083e+00 5.825079e-01 -1.194732e+00
      vertex 1.249168e+00 5.571237e-01 -1.261345e+00
    endloop
  endfacet
  facet normal -7.315684e-01 -1.205727e-01 6.710215e-01
    outer loop
      vertex 1.249168e+00 5.571237e-01 -1.261345e+00
      vertex 1.306083e+00 5.825079e-01 -1.194732e+00
      vertex 1.267627e+00 8.158377e-01 -1.194732e+00
    endloop
  endfacet
  facet normal -7.315684e-01 -1.205727e-01 6.710215e-01
    outer loop
      vertex 1.249168e+00 5.571237e-01 -1.261345e+00
      vertex 1.267627e+00 8.158377e-01 -1.194732e+00
      vertex 1.212387e+00 7.802856e-01 -1.261345e+00
    endloop
  endfacet
  facet normal -6.701135e-01 -2.608357e-01 6.949191e-01
    outer loop
      vertex 1.212387e+00 7.802856e-01 -1.261345e+00
      vertex 1.267627e+00 8.158377e-01 -1.194732e+00
      vertex 1.202561e+00 9.829998e-01 -1.194732e+00
    endloop
  endfacet
  facet normal -6.701135e-01 -2.608357e-01 6.949191e-01
    outer loop
      vertex 1.212387e+00 7.802856e-01 -1.261345e+00
      vertex 1.202561e+00 9.829998e-01 -1.194732e+00
      vertex 1.150157e+00 9.401632e-01 -1.261345e+00
    endloop
  endfacet
  facet normal -5.634198e-01 -4.184671e-01 7.123507e-01
    outer loop
      vertex 1.150157e+00 9.401632e-01 -1.261345e+00
      vertex 1.202561e+00 9.829998e-01 -1.194732e+00
      vertex 1.108987e+00 1.108987e+00 -1.194732e+00
    endloop
  endfacet
  facet normal -5.634198e-01 -4.184671e-01 7.123507e-01
    outer loop
      vertex 1.150157e+00 9.401632e-01 -1.261345e+00
      vertex 1.108987e+00 1.108987e+00 -1.194732e+00
      vertex 1.060660e+00 1.060660e+00 -1.261345e+00
    endloop
  endfacet
  facet normal -4.184671e-01 -5.634198e-01 7.123507e-01
    outer loop
      vertex 1.060660e+00 1.060660e+00 -1.261345e+00
      vertex 1.108987e+00 1.108987e+00 -1.194732e+00
      vertex 9.829998e-01 1.202561e+00 -1.194732e+00
    endloop
  endfacet
  facet normal -4.184671e-01 -5.634198e-01 7.123507e-01
    outer loop
      vertex 1.060660e+00 1.060660e+00 -1.261345e+00
      vertex 9.829998e-01 1.202561e+00 -1.194732e+00
      vertex 9.401632e-01 1.150157e+00 -1.261345e+00
    endloop
  endfacet
  facet normal -2.608357e-01 -6.701135e-01 6.949191e-01
    outer loop
      vertex 9.401632e-01 1.150157e+00 -1.261345e+00
      vertex 9.829998e-01 1.202561e+00 -1.194732e+00
      vertex 8.158377e-01 1.267627e+00 -1.194732e+00
    endloop
  endfacet
  facet normal -2.608357e-01 -6.701135e-01 6.949191e-01
    outer loop
      vertex 9.401632e-01 1.150157e+00 -1.261345e+00
      vertex 8.158377e-01 1.267627e+00 -1.194732e+00
      vertex 7.802856e-01 1.212387e+00 -1.261345e+00
    endloop
  endfacet
  facet normal -1.205727e-01 -7.315684e-01 6.710215e-01
    outer loop
      vertex 7.802856e-01 1.212387e+00 -1.261345e+00
      vertex 8.158377e-01 1.267627e+00 -1.194732e+00
      vertex 5.825079e-01 1.306083e+00 -1.194732e+00
    endloop
  endfacet
  facet normal -1.205727e-01 -7.315684e-01 6.710215e-01
    outer loop
      vertex 7.802856e-01 1.212387e+00 -1.261345e+00
      vertex 5.825079e-01 1.306083e+00 -1.194732e+00
      vertex 5.571237e-01 1.249168e+00 -1.261345e+00
    endloop
  endfacet
  facet normal -1.654668e-02 -7.570476e-01 6.531502e-01
    outer loop
      vertex 5.571237e-01 1.249168e+00 -1.261345e+00
      vertex 5.825079e-01 1.306083e+00 -1.194732e+00
      vertex 1.031987e-08 1.318815e+00 -1.194732e+00
    endloop
  endfacet
  facet normal -1.654668e-02 -7.570476e-01 6.531502e-01
    outer loop
      vertex 5.571237e-01 1.249168e+00 -1.261345e+00
      vertex 1.031987e-08 1.318815e+00 -1.194732e+00
      vertex 9.870160e-09 1.261345e+00 -1.261345e+00
    endloop
  endfacet
  facet normal 1.654668e-02 -7.570476e-01 6.531502e-01
    outer loop
      vertex 9.870160e-09 1.261345e+00 -1.261345e+00
      vertex 1.031987e-08 1.318815e+00 -1.194732e+00
      vertex -5.825079e-01 1.306083e+00 -1.194732e+00
    endloop
  endfacet
  facet normal 1.654668e-02 -7.570476e-01 6.531502e-01
    outer loop
      vertex 9.870160e-09 1.261345e+00 -1.261345e+00
      vertex -5.825079e-01 1.306083e+00 -1.194732e+00
      vertex -5.571237e-01 1.249168e+00 -1.261345e+00
    endloop
  endfacet
  facet normal 1.205727e-01 -7.315684e-01 6.710215e-01
    outer loop
      vertex -5.571237e-01 1.249168e+00 -1.261345e+00
      vertex -5.825079e-01 1.306083e+00 -1.194732e+00
      vertex -8.158377e-01 1.267627e+00 -1.194732e+00
    endloop
  endfacet
  facet normal 1.205727e-01 -7.315684e-01 6.710215e-01
    outer loop
      vertex -5.571237e-01 1.249168e+00 -1.261345e+00
      vertex -8.158377e-01 1.267627e+00 -1.194732e+00
      vertex -7.802856e-01 1.212387e+00 -1.261345e+00
    endloop
  endfacet
  facet normal 2.608357e-01 -6.701135e-01 6.949191e-01
    outer loop
      vertex -7.802856e-01 1.212387e+00 -1.261345e+00
      vertex -8.158377e-01 1.267627e+00 -1.194732e+00
      vertex -9.829998e-01 1.202561e+00 -1.194732e+00
    endloop
  endfacet
  facet normal 2.608357e-01 -6.701135e-01 6.949191e-01
    outer loop
      vertex -7.802856e-01 1.212387e+00 -1.261345e+00
      vertex -9.829998e-01 1.202561e+00 -1.194732e+00
      vertex -9.401632e-01 1.150157e+00 -1.261345e+00
    endloop
  endfacet
  facet normal 4.184671e-01 -5.634198e-01 7.123507e-01
    outer loop
      vertex -9.401632e-01 1.150157e+00 -1.261345e+00
      vertex -9.829998e-01 1.202561e+00 -1.194732e+00
      vertex -1.108987e+00 1.108987e+00 -1.194732e+00
    endloop
  endfacet
  facet normal 4.184671e-01 -5.634198e-01 7.123507e-01
    outer loop
      vertex -9.401632e-01 1.150157e+00 -1.261345e+00
      vertex -1.108987e+00 1.108987e+00 -1.194732e+00
      vertex -1.060660e+00 1.060660e+00 -1.261345e+00
    endloop
  endfacet
  facet normal 5.634198e-01 -4.184671e-01 7.123507e-01
    outer loop
      vertex -1.060660e+00 1.060660e+00 -1.261345e+00
      vertex -1.108987e+00 1.108987e+00 -1.194732e+00
      vertex -1.202561e+00 9.829998e-01 -1.194732e+00
    endloop
  endfacet
  facet normal 5.634198e-01 -4.184671e-01 7.123507e-01
    outer loop
      vertex -1.060660e+00 1.060660e+00 -1.261345e+00
      vertex -1.202561e+00 9.829998e-01 -1.194732e+00
      vertex -1.150157e+00 9.401632e-01 -1.261345e+00
    endloop
  endfacet
  facet normal 6.701135e-01 -2.608357e-01 6.949191e-01
    outer loop
      vertex -1.150157e+00 9.401632e-01 -1.261345e+00
      vertex -1.202561e+00 9.829998e-01 -1.194732e+00
      vertex -1.267627e+00 8.158377e-01 -1.194732e+00
    endloop
  endfacet
  facet normal 6.701135e-01 -2.608357e-01 6.949191e-01
    outer loop
      vertex -1.150157e+00 9.401632e-01 -1.261345e+00
      vertex -1.267627e+00 8.158377e-01 -1.194732e+00
      vertex -1.212387e+00 7.802856e-01 -1.261345e+00
    endloop
  endfacet
  facet normal 7.315684e-01 -1.205727e-01 6.710215e-01
    outer loop
      vertex -1.212387e+00 7.802856e-01 -1.261345e+00
      vertex -1.267627e+00 8.158377e-01 -1.194732e+00
      vertex -1.306083e+00 5.825079e-01 -1.194732e+00
    endloop
  endfacet
  facet normal 7.315684e-01 -1.205727e-01 6.710215e-01
    outer loop
      vertex -1.212387e+00 7.802856e-01 -1.261345e+00
      vertex -1.306083e+00 5.825079e-01 -1.194732e+00
      vertex -1.249168e+00 5.571237e-01 -1.261345e+00
    endloop
  endfacet
  facet normal 7.570476e-01 -1.654668e-02 6.531502e-01
    outer loop
      vertex -1.249168e+00 5.571237e-01 -1.261345e+00
      vertex -1.306083e+00 5.825079e-01 -1.194732e+00
      vertex -1.318815e+00 -1.459450e-08 -1.194732e+00
    endloop
  endfacet
  facet normal 7.570476e-01 -1.654668e-02 6.531502e-01
    outer loop
      vertex -1.249168e+00 5.571237e-01 -1.261345e+00
      vertex -1.318815e+00 -1.459450e-08 -1.194732e+00
      vertex -1.261345e+00 -1.395851e-08 -1.261345e+00
    endloop
  endfacet
  facet normal 8.427179e-01 1.841916e-02 5.380402e-01
    outer loop
      vertex -1.318815e+00 -1.459450e-08 -1.194732e+00
      vertex -1.367774e+00 -1.513631e-08 -1.118049e+00
      vertex -1.354570e+00 -6.041327e-01 -1.118049e+00
    endloop
  endfacet
  facet normal 8.427179e-01 1.841916e-02 5.380402e-01
    outer loop
      vertex -1.318815e+00 -1.459450e-08 -1.194732e+00
      vertex -1.354570e+00 -6.041327e-01 -1.118049e+00
      vertex -1.306083e+00 -5.825079e-01 -1.194732e+00
    endloop
  endfacet
  facet normal 8.198111e-01 1.351163e-01 5.564650e-01
    outer loop
      vertex -1.306083e+00 -5.825079e-01 -1.194732e+00
      vertex -1.354570e+00 -6.041327e-01 -1.118049e+00
      vertex -1.314686e+00 -8.461245e-01 -1.118049e+00
    endloop
  endfacet
  facet normal 8.198111e-01 1.351163e-01 5.564650e-01
    outer loop
      vertex -1.306083e+00 -5.825079e-01 -1.194732e+00
      vertex -1.314686e+00 -8.461245e-01 -1.118049e+00
      vertex -1.267627e+00 -8.158377e-01 -1.194732e+00
    endloop
  endfacet
  facet normal 7.580045e-01 2.950464e-01 5.817016e-01
    outer loop
      vertex -1.267627e+00 -8.158377e-01 -1.194732e+00
      vertex -1.314686e+00 -8.461245e-01 -1.118049e+00
      vertex -1.247204e+00 -1.019492e+00 -1.118049e+00
    endloop
  endfacet
  facet normal 7.580045e-01 2.950464e-01 5.817016e-01
    outer loop
      vertex -1.267627e+00 -8.158377e-01 -1.194732e+00
      vertex -1.247204e+00 -1.019492e+00 -1.118049e+00
      vertex -1.202561e+00 -9.829998e-01 -1.194732e+00
    endloop
  endfacet
  facet normal 6.418903e-01 4.767493e-01 6.005722e-01
    outer loop
      vertex -1.202561e+00 -9.829998e-01 -1.194732e+00
      vertex -1.247204e+00 -1.019492e+00 -1.118049e+00
      vertex -1.150157e+00 -1.150157e+00 -1.118049e+00
    endloop
  endfacet
  facet normal 6.418903e-01 4.767493e-01 6.005722e-01
    outer loop
      vertex -1.202561e+00 -9.829998e-01 -1.194732e+00
      vertex -1.150157e+00 -1.150157e+00 -1.118049e+00
      vertex -1.108987e+00 -1.108987e+00 -1.194732e+00
    endloop
  endfacet
  facet normal 4.767493e-01 6.418903e-01 6.005722e-01
    outer loop
      vertex -1.108987e+00 -1.108987e+00 -1.194732e+00
      vertex -1.150157e+00 -1.150157e+00 -1.118049e+00
      vertex -1.019492e+00 -1.247204e+00 -1.118049e+00
    endloop
  endfacet
  facet normal 4.767493e-01 6.418903e-01 6.005722e-01
    outer loop
      vertex -1.108987e+00 -1.108987e+00 -1.194732e+00
      vertex -1.019492e+00 -1.247204e+00 -1.118049e+00
      vertex -9.829998e-01 -1.202561e+00 -1.194732e+00
    endloop
  endfacet
  facet normal 2.950464e-01 7.580045e-01 5.817016e-01
    outer loop
      vertex -9.829998e-01 -1.202561e+00 -1.194732e+00
      vertex -1.019492e+00 -1.247204e+00 -1.118049e+00
      vertex -8.461245e-01 -1.314686e+00 -1.118049e+00
    endloop
  endfacet
  facet normal 2.950464e-01 7.580045e-01 5.817016e-01
    outer loop
      vertex -9.829998e-01 -1.202561e+00 -1.194732e+00
      vertex -8.461245e-01 -1.314686e+00 -1.118049e+00
      vertex -8.158377e-01 -1.267627e+00 -1.194732e+00
    endloop
  endfacet
  facet normal 1.351163e-01 8.198111e-01 5.564650e-01
    outer loop
      vertex -8.158377e-01 -1.267627e+00 -1.194732e+00
      vertex -8.461245e-01 -1.314686e+00 -1.118049e+00
      vertex -6.041327e-01 -1.354570e+00 -1.118049e+00
    endloop
  endfacet
  facet normal 1.351163e-01 8.198111e-01 5.564650e-01
    outer loop
      vertex -8.158377e-01 -1.267627e+00 -1.194732e+00
      vertex -6.041327e-01 -1.354570e+00 -1.118049e+00
      vertex -5.825079e-01 -1.306083e+00 -1.194732e+00
    endloop
  endfacet
  facet normal 1.841916e-02 8.427179e-01 5.380402e-01
    outer loop
      vertex -5.825079e-01 -1.306083e+00 -1.194732e+00
      vertex -6.041327e-01 -1.354570e+00 -1.118049e+00
      vertex 1.070298e-08 -1.367774e+00 -1.118049e+00
    endloop
  endfacet
  facet normal 1.841916e-02 8.427179e-01 5.380402e-01
    outer loop
      vertex -5.825079e-01 -1.306083e+00 -1.194732e+00
      vertex 1.070298e-08 -1.367774e+00 -1.118049e+00
      vertex 1.031987e-08 -1.318815e+00 -1.194732e+00
    endloop
  endfacet
  facet normal -1.841916e-02 8.427179e-01 5.380402e-01
    outer loop
      vertex 1.031987e-08 -1.318815e+00 -1.194732e+00
      vertex 1.070298e-08 -1.367774e+00 -1.118049e+00
      vertex 6.041327e-01 -1.354570e+00 -1.118049e+00
    endloop
  endfacet
  facet normal -1.841916e-02 8.427179e-01 5.380402e-01
    outer loop
      vertex 1.031987e-08 -1.318815e+00 -1.194732e+00
      vertex 6.041327e-01 -1.354570e+00 -1.118049e+00
      vertex 5.825079e-01 -1.306083e+00 -1.194732e+00
    endloop
  endfacet
  facet normal -1.351163e-01 8.198111e-01 5.564650e-01
    outer loop
      vertex 5.825079e-01 -1.306083e+00 -1.194732e+00
      vertex 6.041327e-01 -1.354570e+00 -1.118049e+00
      vertex 8.461245e-01 -1.314686e+00 -1.118049e+00
    endloop
  endfacet
  facet normal -1.351163e-01 8.198111e-01 5.564650e-01
    outer loop
      vertex 5.825079e-01 -1.306083e+00 -1.194732e+00
      vertex 8.461245e-01 -1.314686e+00 -1.118049e+00
      vertex 8.158377e-01 -1.267627e+00 -1.194732e+00
    endloop
  endfacet
  facet normal -2.950464e-01 7.580045e-01 5.817016e-01
    outer loop
      vertex 8.158377e-01 -1.267627e+00 -1.194732e+00
      vertex 8.461245e-01 -1.314686e+00 -1.118049e+00
      vertex 1.019492e+00 -1.247204e+00 -1.118049e+00
    endloop
  endfacet
  facet normal -2.950464e-01 7.580045e-01 5.817016e-01
    outer loop
      vertex 8.158377e-01 -1.267627e+00 -1.194732e+00
      vertex 1.019492e+00 -1.247204e+00 -1.118049e+00
      vertex 9.829998e-01 -1.202561e+00 -1.194732e+00
    endloop
  endfacet
  facet normal -4.767493e-01 6.418903e-01 6.005722e-01
    outer loop
      vertex 9.829998e-01 -1.202561e+00 -1.194732e+00
      vertex 1.019492e+00 -1.247204e+00 -1.118049e+00
      vertex 1.150157e+00 -1.150157e+00 -1.118049e+00
    endloop
  endfacet
  facet normal -4.767493e-01 6.418903e-01 6.005722e-01
    outer loop
      vertex 9.829998e-01 -1.202561e+00 -1.194732e+00
      vertex 1.150157e+00 -1.150157e+00 -1.118049e+00
      vertex 1.108987e+00 -1.108987e+00 -1.194732e+00
    endloop
  endfacet
  facet normal -6.418903e-01 4.767493e-01 6.005722e-01
    outer loop
      vertex 1.108987e+00 -1.108987e+00 -1.194732e+00
      vertex 1.150157e+00 -1.150157e+00 -1.118049e+00
      vertex 1.247204e+00 -1.019492e+00 -1.118049e+00
    endloop
  endfacet
  facet normal -6.418903e-01 4.767493e-01 6.005722e-01
    outer loop
      vertex 1.108987e+00 -1.108987e+00 -1.194732e+00
      vertex 1.247204e+00 -1.019492e+00 -1.118049e+00
      vertex 1.202561e+00 -9.829998e-01 -1.194732e+00
    endloop
  endfacet
  facet normal -7.580045e-01 2.950464e-01 5.817016e-01
    outer loop
      vertex 1.202561e+00 -9.829998e-01 -1.194732e+00
      vertex 1.247204e+00 -1.019492e+00 -1.118049e+00
      vertex 1.314686e+00 -8.461245e-01 -1.118049e+00
    endloop
  endfacet
  facet normal -7.580045e-01 2.950464e-01 5.817016e-01
    outer loop
      vertex 1.202561e+00 -9.829998e-01 -1.194732e+00
      vertex 1.314686e+00 -8.461245e-01 -1.118049e+00
      vertex 1.267627e+00 -8.158377e-01 -1.194732e+00
    endloop
  endfacet
  facet normal -8.198111e-01 1.351163e-01 5.564650e-01
    outer loop
      vertex 1.267627e+00 -8.158377e-01 -1.194732e+00
      vertex 1.314686e+00 -8.461245e-01 -1.118049e+00
      vertex 1.354570e+00 -6.041327e-01 -1.118049e+00
    endloop
  endfacet
  facet normal -8.198111e-01 1.351163e-01 5.564650e-01
    outer loop
      vertex 1.267627e+00 -8.158377e-01 -1.194732e+00
      vertex 1.354570e+00 -6.041327e-01 -1.118049e+00
      vertex 1.306083e+00 -5.825079e-01 -1.194732e+00
    endloop
  endfacet
  facet normal -8.427179e-01 1.841916e-02 5.380402e-01
    outer loop
      vertex 1.306083e+00 -5.825079e-01 -1.194732e+00
      vertex 1.354570e+00 -6.041327e-01 -1.118049e+00
      vertex 1.367774e+00 0.000000e+00 -1.118049e+00
    endloop
  endfacet
  facet normal -8.427179e-01 1.841916e-02 5.380402e-01
    outer loop
      vertex 1.306083e+00 -5.825079e-01 -1.194732e+00
      vertex 1.367774e+00 0.000000e+00 -1.118049e+00
      vertex 1.318815e+00 0.000000e+00 -1.194732e+00
    endloop
  endfacet
  facet normal -8.427179e-01 -1.841916e-02 5.380402e-01
    outer loop
      vertex 1.318815e+00 0.000000e+00 -1.194732e+00
      vertex 1.367774e+00 0.000000e+00 -1.118049e+00
      vertex 1.354570e+00 6.041327e-01 -1.118049e+00
    endloop
  endfacet
  facet normal -8.427179e-01 -1.841916e-02 5.380402e-01
    outer loop
      vertex 1.318815e+00 0.000000e+00 -1.194732e+00
      vertex 1.354570e+00 6.041327e-01 -1.118049e+00
      vertex 1.306083e+00 5.825079e-01 -1.194732e+00
    endloop
  endfacet
  facet normal -8.198111e-01 -1.351163e-01 5.564650e-01
    outer loop
      vertex 1.306083e+00 5.825079e-01 -1.194732e+00
      vertex 1.354570e+00 6.041327e-01 -1.118049e+00
      vertex 1.314686e+00 8.461245e-01 -1.118049e+00
    endloop
  endfacet
  facet normal -8.198111e-01 -1.351163e-01 5.564650e-01
    outer loop
      vertex 1.306083e+00 5.825079e-01 -1.194732e+00
      vertex 1.314686e+00 8.461245e-01 -1.118049e+00
      vertex 1.267627e+00 8.158377e-01 -1.194732e+00
    endloop
  endfacet
  facet normal -7.580045e-01 -2.950464e-01 5.817016e-01
    outer loop
      vertex 1.267627e+00 8.158377e-01 -1.194732e+00
      vertex 1.314686e+00 8.461245e-01 -1.118049e+00
      vertex 1.247204e+00 1.019492e+00 -1.118049e+00
    endloop
  endfacet
  facet normal -7.580045e-01 -2.950464e-01 5.817016e-01
    outer loop
      vertex 1.267627e+00 8.158377e-01 -1.194732e+00
      vertex 1.247204e+00 1.019492e+00 -1.118049e+00
      vertex 1.202561e+00 9.829998e-01 -1.194732e+00
    endloop
  endfacet
  facet normal -6.418903e-01 -4.767493e-01 6.005722e-01
    outer loop
      vertex 1.202561e+00 9.829998e-01 -1.194732e+00
      vertex 1.247204e+00 1.019492e+00 -1.118049e+00
      vertex 1.150157e+00 1.150157e+00 -1.118049e+00
    endloop
  endfacet
  facet normal -6.418903e-01 -4.767493e-01 6.005722e-01
    outer loop
      vertex 1.202561e+00 9.829998e-01 -1.194732e+00
      vertex 1.150157e+00 1.150157e+00 -1.118049e+00
      vertex 1.108987e+00 1.108987e+00 -1.194732e+00
    endloop
  endfacet
  facet normal -4.767493e-01 -6.418903e-01 6.005722e-01
    outer loop
      vertex 1.108987e+00 1.108987e+00 -1.194732e+00
      vertex 1.150157e+00 1.150157e+00 -1.118049e+00
      vertex 1.019492e+00 1.247204e+00 -1.118049e+00
    endloop
  endfacet
  facet normal -4.767493e-01 -6.418903e-01 6.005722e-01
    outer loop
      vertex 1.108987e+00 1.108987e+00 -1.194732e+00
      vertex 1.019492e+00 1.247204e+00 -1.118049e+00
      vertex 9.829998e-01 1.202561e+00 -1.194732e+00
    endloop
  endfacet
  facet normal -2.950464e-01 -7.580045e-01 5.817016e-01
    outer loop
      vertex 9.829998e-01 1.202561e+00 -1.194732e+00
      vertex 1.019492e+00 1.247204e+00 -1.118049e+00
      vertex 8.461245e-01 1.314686e+00 -1.118049e+00
    endloop
  endfacet
  facet normal -2.950464e-01 -7.580045e-01 5.817016e-01
    outer loop
      vertex 9.829998e-01 1.202561e+00 -1.194732e+00
      vertex 8.461245e-01 1.314686e+00 -1.118049e+00
      vertex 8.158377e-01 1.267627e+00 -1.194732e+00
    endloop
  endfacet
  facet normal -1.351163e-01 -8.198111e-01 5.564650e-01
    outer loop
      vertex 8.158377e-01 1.267627e+00 -1.194732e+00
      vertex 8.461245e-01 1.314686e+00 -1.118049e+00
      vertex 6.041327e-01 1.354570e+00 -1.118049e+00
    endloop
  endfacet
  facet normal -1.351163e-01 -8.198111e-01 5.564650e-01
    outer loop
      vertex 8.158377e-01 1.267627e+00 -1.194732e+00
      vertex 6.041327e-01 1.354570e+00 -1.118049e+00
      vertex 5.825079e-01 1.306083e+00 -1.194732e+00
    endloop
  endfacet
  facet normal -1.841916e-02 -8.427179e-01 5.380402e-01
    outer loop
      vertex 5.825079e-01 1.306083e+00 -1.194732e+00
      vertex 6.041327e-01 1.354570e+00 -1.118049e+00
      vertex 1.070298e-08 1.367774e+00 -1.118049e+00
    endloop
  endfacet
  facet normal -1.841916e-02 -8.427179e-01 5.380402e-01
    outer loop
      vertex 5.825079e-01 1.306083e+00 -1.194732e+00
      vertex 1.070298e-08 1.367774e+00 -1.118049e+00
      vertex 1.031987e-08 1.318815e+00 -1.194732e+00
    endloop
  endfacet
  facet normal 1.841916e-02 -8.427179e-01 5.380402e-01
    outer loop
      vertex 1.031987e-08 1.318815e+00 -1.194732e+00
      vertex 1.070298e-08 1.367774e+00 -1.118049e+00
      vertex -6.041327e-01 1.354570e+00 -1.118049e+00
    endloop
  endfacet
  facet normal 1.841916e-02 -8.427179e-01 5.380402e-01
    outer loop
      vertex 1.031987e-08 1.318815e+00 -1.194732e+00
      vertex -6.041327e-01 1.354570e+00 -1.118049e+00
      vertex -5.825079e-01 1.306083e+00 -1.194732e+00
    endloop
  endfacet
  facet normal 1.351163e-01 -8.198111e-01 5.564650e-01
    outer loop
      vertex -5.825079e-01 1.306083e+00 -1.194732e+00
      vertex -6.041327e-01 1.354570e+00 -1.118049e+00
      vertex -8.461245e-01 1.314686e+00 -1.118049e+00
    endloop
  endfacet
  facet normal 1.351163e-01 -8.198111e-01 5.564650e-01
    outer loop
      vertex -5.825079e-01 1.306083e+00 -1.194732e+00
      vertex -8.461245e-01 1.314686e+00 -1.118049e+00
      vertex -8.158377e-01 1.267627e+00 -1.194732e+00
    endloop
  endfacet
  facet normal 2.950464e-01 -7.580045e-01 5.817016e-01
    outer loop
      vertex -8.158377e-01 1.267627e+00 -1.194732e+00
      vertex -8.461245e-01 1.314686e+00 -1.118049e+00
      vertex -1.019492e+00 1.247204e+00 -1.118049e+00
    endloop
  endfacet
  facet normal 2.950464e-01 -7.580045e-01 5.817016e-01
    outer loop
      vertex -8.158377e-01 1.267627e+00 -1.194732e+00
      vertex -1.019492e+00 1.247204e+00 -1.118049e+00
      vertex -9.829998e-01 1.202561e+00 -1.194732e+00
    endloop
  endfacet
  facet normal 4.767493e-01 -6.418903e-01 6.005722e-01
    outer loop
      vertex -9.829998e-01 1.202561e+00 -1.194732e+00
      vertex -1.019492e+00 1.247204e+00 -1.118049e+00
      vertex -1.150157e+00 1.150157e+00 -1.118049e+00
    endloop
  endfacet
  facet normal 4.767493e-01 -6.418903e-01 6.005722e-01
    outer loop
      vertex -9.829998e-01 1.202561e+00 -1.194732e+00
      vertex -1.150157e+00 1.150157e+00 -1.118049e+00
      vertex -1.108987e+00 1.108987e+00 -1.194732e+00
    endloop
  endfacet
  facet normal 6.418903e-01 -4.767493e-01 6.005722e-01
    outer loop
      vertex -1.108987e+00 1.108987e+00 -1.194732e+00
      vertex -1.150157e+00 1.150157e+00 -1.118049e+00
      vertex -1.247204e+00 1.019492e+00 -1.118049e+00
    endloop
  endfacet
  facet normal 6.418903e-01 -4.767493e-01 6.005722e-01
    outer loop
      vertex -1.108987e+00 1.108987e+00 -1.194732e+00
      vertex -1.247204e+00 1.019492e+00 -1.118049e+00
      vertex -1.202561e+00 9.829998e-01 -1.194732e+00
    endloop
  endfacet
  facet normal 7.580045e-01 -2.950464e-01 5.817016e-01
    outer loop
      vertex -1.202561e+00 9.829998e-01 -1.194732e+00
      vertex -1.247204e+00 1.019492e+00 -1.118049e+00
      vertex -1.314686e+00 8.461245e-01 -1.118049e+00
    endloop
  endfacet
  facet normal 7.580045e-01 -2.950464e-01 5.817016e-01
    outer loop
      vertex -1.202561e+00 9.829998e-01 -1.194732e+00
      vertex -1.314686e+00 8.461245e-01 -1.118049e+00
      vertex -1.267627e+00 8.158377e-01 -1.194732e+00
    endloop
  endfacet
  facet normal 8.198111e-01 -1.351163e-01 5.564650e-01
    outer loop
      vertex -1.267627e+00 8.158377e-01 -1.194732e+00
      vertex -1.314686e+00 8.461245e-01 -1.118049e+00
      vertex -1.354570e+00 6.041327e-01 -1.118049e+00
    endloop
  endfacet
  facet normal 8.198111e-01 -1.351163e-01 5.564650e-01
    outer loop
      vertex -1.267627e+00 8.158377e-01 -1.194732e+00
      vertex -1.354570e+00 6.041327e-01 -1.118049e+00
      vertex -1.306083e+00 5.825079e-01 -1.194732e+00
    endloop
  endfacet
  facet normal 8.427179e-01 -1.841916e-02 5.380402e-01
    outer loop
      vertex -1.306083e+00 5.825079e-01 -1.194732e+00
      vertex -1.354570e+00 6.041327e-01 -1.118049e+00
      vertex -1.367774e+00 -1.513631e-08 -1.118049e+00
    endloop
  endfacet
  facet normal 8.427179e-01 -1.841916e-02 5.380402e-01
    outer loop
      vertex -1.306083e+00 5.825079e-01 -1.194732e+00
      vertex -1.367774e+00 -1.513631e-08 -1.118049e+00
      vertex -1.318815e+00 -1.459450e-08 -1.194732e+00
    endloop
  endfacet
  facet normal 9.070356e-01 1.982494e-02 4.205870e-01
    outer loop
      vertex -1.367774e+00 -1.513631e-08 -1.118049e+00
      vertex -1.408660e+00 -1.558876e-08 -1.029875e+00
      vertex -1.395061e+00 -6.221914e-01 -1.029875e+00
    endloop
  endfacet
  facet normal 9.070356e-01 1.982494e-02 4.205870e-01
    outer loop
      vertex -1.367774e+00 -1.513631e-08 -1.118049e+00
      vertex -1.395061e+00 -6.221914e-01 -1.029875e+00
      vertex -1.354570e+00 -6.041327e-01 -1.118049e+00
    endloop
  endfacet
  facet normal 8.872915e-01 1.462380e-01 4.374107e-01
    outer loop
      vertex -1.354570e+00 -6.041327e-01 -1.118049e+00
      vertex -1.395061e+00 -6.221914e-01 -1.029875e+00
      vertex -1.353985e+00 -8.714169e-01 -1.029875e+00
    endloop
  endfacet
  facet normal 8.872915e-01 1.462380e-01 4.374107e-01
    outer loop
      vertex -1.354570e+00 -6.041327e-01 -1.118049e+00
      vertex -1.353985e+00 -8.714169e-01 -1.029875e+00
      vertex -1.314686e+00 -8.461245e-01 -1.118049e+00
    endloop
  endfacet
  facet normal 8.269981e-01 3.219016e-01 4.609268e-01
    outer loop
      vertex -1.314686e+00 -8.461245e-01 -1.118049e+00
      vertex -1.353985e+00 -8.714169e-01 -1.029875e+00
      vertex -1.284486e+00 -1.049967e+00 -1.029875e+00
    endloop
  endfacet
  facet normal 8.269981e-01 3.219016e-01 4.609268e-01
    outer loop
      vertex -1.314686e+00 -8.461245e-01 -1.118049e+00
      vertex -1.284486e+00 -1.049967e+00 -1.029875e+00
      vertex -1.247204e+00 -1.019492e+00 -1.118049e+00
    endloop
  endfacet
  facet normal 7.047510e-01 5.234376e-01 4.788936e-01
    outer loop
      vertex -1.247204e+00 -1.019492e+00 -1.118049e+00
      vertex -1.284486e+00 -1.049967e+00 -1.029875e+00
      vertex -1.184537e+00 -1.184537e+00 -1.029875e+00
    endloop
  endfacet
  facet normal 7.047510e-01 5.234376e-01 4.788936e-01
    outer loop
      vertex -1.247204e+00 -1.019492e+00 -1.118049e+00
      vertex -1.184537e+00 -1.184537e+00 -1.029875e+00
      vertex -1.150157e+00 -1.150157e+00 -1.118049e+00
    endloop
  endfacet
  facet normal 5.234376e-01 7.047510e-01 4.788936e-01
    outer loop
      vertex -1.150157e+00 -1.150157e+00 -1.118049e+00
      vertex -1.184537e+00 -1.184537e+00 -1.029875e+00
      vertex -1.049967e+00 -1.284486e+00 -1.029875e+00
    endloop
  endfacet
  facet normal 5.234376e-01 7.047510e-01 4.788936e-01
    outer loop
      vertex -1.150157e+00 -1.150157e+00 -1.118049e+00
      vertex -1.049967e+00 -1.284486e+00 -1.029875e+00
      vertex -1.019492e+00 -1.247204e+00 -1.118049e+00
    endloop
  endfacet
  facet normal 3.219016e-01 8.269981e-01 4.609268e-01
    outer loop
      vertex -1.019492e+00 -1.247204e+00 -1.118049e+00
      vertex -1.049967e+00 -1.284486e+00 -1.029875e+00
      vertex -8.714169e-01 -1.353985e+00 -1.029875e+00
    endloop
  endfacet
  facet normal 3.219016e-01 8.269981e-01 4.609268e-01
    outer loop
      vertex -1.019492e+00 -1.247204e+00 -1.118049e+00
      vertex -8.714169e-01 -1.353985e+00 -1.029875e+00
      vertex -8.461245e-01 -1.314686e+00 -1.118049e+00
    endloop
  endfacet
  facet normal 1.462380e-01 8.872915e-01 4.374107e-01
    outer loop
      vertex -8.461245e-01 -1.314686e+00 -1.118049e+00
      vertex -8.714169e-01 -1.353985e+00 -1.029875e+00
      vertex -6.221914e-01 -1.395061e+00 -1.029875e+00
    endloop
  endfacet
  facet normal 1.462380e-01 8.872915e-01 4.374107e-01
    outer loop
      vertex -8.461245e-01 -1.314686e+00 -1.118049e+00
      vertex -6.221914e-01 -1.395061e+00 -1.029875e+00
      vertex -6.041327e-01 -1.354570e+00 -1.118049e+00
    endloop
  endfacet
  facet normal 1.982494e-02 9.070356e-01 4.205870e-01
    outer loop
      vertex -6.041327e-01 -1.354570e+00 -1.118049e+00
      vertex -6.221914e-01 -1.395061e+00 -1.029875e+00
      vertex 1.102292e-08 -1.408660e+00 -1.029875e+00
    endloop
  endfacet
  facet normal 1.982494e-02 9.070356e-01 4.205870e-01
    outer loop
      vertex -6.041327e-01 -1.354570e+00 -1.118049e+00
      vertex 1.102292e-08 -1.408660e+00 -1.029875e+00
      vertex 1.070298e-08 -1.367774e+00 -1.118049e+00
    endloop
  endfacet
  facet normal -1.982494e-02 9.070356e-01 4.205870e-01
    outer loop
      vertex 1.070298e-08 -1.367774e+00 -1.118049e+00
      vertex 1.102292e-08 -1.408660e+00 -1.029875e+00
      vertex 6.221914e-01 -1.395061e+00 -1.029875e+00
    endloop
  endfacet
  facet normal -1.982494e-02 9.070356e-01 4.205870e-01
    outer loop
      vertex 1.070298e-08 -1.367774e+00 -1.118049e+00
      vertex 6.221914e-01 -1.395061e+00 -1.029875e+00
      vertex 6.041327e-01 -1.354570e+00 -1.118049e+00
    endloop
  endfacet
  facet normal -1.462380e-01 8.872915e-01 4.374107e-01
    outer loop
      vertex 6.041327e-01 -1.354570e+00 -1.118049e+00
      vertex 6.221914e-01 -1.395061e+00 -1.029875e+00
      vertex 8.714169e-01 -1.353985e+00 -1.029875e+00
    endloop
  endfacet
  facet normal -1.462380e-01 8.872915e-01 4.374107e-01
    outer loop
      vertex 6.041327e-01 -1.354570e+00 -1.118049e+00
      vertex 8.714169e-01 -1.353985e+00 -1.029875e+00
      vertex 8.461245e-01 -1.314686e+00 -1.118049e+00
    endloop
  endfacet
  facet normal -3.219016e-01 8.269981e-01 4.609268e-01
    outer loop
      vertex 8.461245e-01 -1.314686e+00 -1.118049e+00
      vertex 8.714169e-01 -1.353985e+00 -1.029875e+00
      vertex 1.049967e+00 -1.284486e+00 -1.029875e+00
    endloop
  endfacet
  facet normal -3.219016e-01 8.269981e-01 4.609268e-01
    outer loop
      vertex 8.461245e-01 -1.314686e+00 -1.118049e+00
      vertex 1.049967e+00 -1.284486e+00 -1.029875e+00
      vertex 1.019492e+00 -1.247204e+00 -1.118049e+00
    endloop
  endfacet
  facet normal -5.234376e-01 7.047510e-01 4.788936e-01
    outer loop
      vertex 1.019492e+00 -1.247204e+00 -1.118049e+00
      vertex 1.049967e+00 -1.284486e+00 -1.029875e+00
      vertex 1.184537e+00 -1.184537e+00 -1.029875e+00
    endloop
  endfacet
  facet normal -5.234376e-01 7.047510e-01 4.788936e-01
    outer loop
      vertex 1.019492e+00 -1.247204e+00 -1.118049e+00
      vertex 1.184537e+00 -1.184537e+00 -1.029875e+00
      vertex 1.150157e+00 -1.150157e+00 -1.118049e+00
    endloop
  endfacet
  facet normal -7.047510e-01 5.234376e-01 4.788936e-01
    outer loop
      vertex 1.150157e+00 -1.150157e+00 -1.118049e+00
      vertex 1.184537e+00 -1.184537e+00 -1.029875e+00
      vertex 1.284486e+00 -1.049967e+00 -1.029875e+00
    endloop
  endfacet
  facet normal -7.047510e-01 5.234376e-01 4.788936e-01
    outer loop
      vertex 1.150157e+00 -1.150157e+00 -1.118049e+00
      vertex 1.284486e+00 -1.049967e+00 -1.029875e+00
      vertex 1.247204e+00 -1.019492e+00 -1.118049e+00
    endloop
  endfacet
  facet normal -8.269981e-01 3.219016e-01 4.609268e-01
    outer loop
      vertex 1.247204e+00 -1.019492e+00 -1.118049e+00
      vertex 1.284486e+00 -1.049967e+00 -1.029875e+00
      vertex 1.353985e+00 -8.714169e-01 -1.029875e+00
    endloop
  endfacet
  facet normal -8.269981e-01 3.219016e-01 4.609268e-01
    outer loop
      vertex 1.247204e+00 -1.019492e+00 -1.118049e+00
      vertex 1.353985e+00 -8.714169e-01 -1.029875e+00
      vertex 1.314686e+00 -8.461245e-01 -1.118049e+00
    endloop
  endfacet
  facet normal -8.872915e-01 1.462380e-01 4.374107e-01
    outer loop
      vertex 1.314686e+00 -8.461245e-01 -1.118049e+00
      vertex 1.353985e+00 -8.714169e-01 -1.029875e+00
      vertex 1.395061e+00 -6.221914e-01 -1.029875e+00
    endloop
  endfacet
  facet normal -8.872915e-01 1.462380e-01 4.374107e-01
    outer loop
      vertex 1.314686e+00 -8.461245e-01 -1.118049e+00
      vertex 1.395061e+00 -6.221914e-01 -1.029875e+00
      vertex 1.354570e+00 -6.041327e-01 -1.118049e+00
    endloop
  endfacet
  facet normal -9.070356e-01 1.982494e-02 4.205870e-01
    outer loop
      vertex 1.354570e+00 -6.041327e-01 -1.118049e+00
      vertex 1.395061e+00 -6.221914e-01 -1.029875e+00
      vertex 1.408660e+00 0.000000e+00 -1.029875e+00
    endloop
  endfacet
  facet normal -9.070356e-01 1.982494e-02 4.205870e-01
    outer loop
      vertex 1.354570e+00 -6.041327e-01 -1.118049e+00
      vertex 1.408660e+00 0.000000e+00 -1.029875e+00
      vertex 1.367774e+00 0.000000e+00 -1.118049e+00
    endloop
  endfacet
  facet normal -9.070356e-01 -1.982494e-02 4.205870e-01
    outer loop
      vertex 1.367774e+00 0.000000e+00 -1.118049e+00
      vertex 1.408660e+00 0.000000e+00 -1.029875e+00
      vertex 1.395061e+00 6.221914e-01 -1.029875e+00
    endloop
  endfacet
  facet normal -9.070356e-01 -1.982494e-02 4.205870e-01
    outer loop
      vertex 1.367774e+00 0.000000e+00 -1.118049e+00
      vertex 1.395061e+00 6.221914e-01 -1.029875e+00
      vertex 1.354570e+00 6.041327e-01 -1.118049e+00
    endloop
  endfacet
  facet normal -8.872915e-01 -1.462380e-01 4.374107e-01
    outer loop
      vertex 1.354570e+00 6.041327e-01 -1.118049e+00
      vertex 1.395061e+00 6.221914e-01 -1.029875e+00
      vertex 1.353985e+00 8.714169e-01 -1.029875e+00
    endloop
  endfacet
  facet normal -8.872915e-01 -1.462380e-01 4.374107e-01
    outer loop
      vertex 1.354570e+00 6.041327e-01 -1.118049e+00
      vertex 1.353985e+00 8.714169e-01 -1.029875e+00
      vertex 1.314686e+00 8.461245e-01 -1.118049e+00
    endloop
  endfacet
  facet normal -8.269981e-01 -3.219016e-01 4.609268e-01
    outer loop
      vertex 1.314686e+00 8.461245e-01 -1.118049e+00
      vertex 1.353985e+00 8.714169e-01 -1.029875e+00
      vertex 1.284486e+00 1.049967e+00 -1.029875e+00
    endloop
  endfacet
  facet normal -8.269981e-01 -3.219016e-01 4.609268e-01
    outer loop
      vertex 1.314686e+00 8.461245e-01 -1.118049e+00
      vertex 1.284486e+00 1.049967e+00 -1.029875e+00
      vertex 1.247204e+00 1.019492e+00 -1.118049e+00
    endloop
  endfacet
  facet normal -7.047510e-01 -5.234376e-01 4.788936e-01
    outer loop
      vertex 1.247204e+00 1.019492e+00 -1.118049e+00
      vertex 1.284486e+00 1.049967e+00 -1.029875e+00
      vertex 1.184537e+00 1.184537e+00 -1.029875e+00
    endloop
  endfacet
  facet normal -7.047510e-01 -5.234376e-01 4.788936e-01
    outer loop
      vertex 1.247204e+00 1.019492e+00 -1.118049e+00
      vertex 1.184537e+00 1.184537e+00 -1.029875e+00
      vertex 1.150157e+00 1.150157e+00 -1.118049e+00
    endloop
  endfacet
  facet normal -5.234376e-01 -7.047510e-01 4.788936e-01
    outer loop
      vertex 1.150157e+00 1.150157e+00 -1.118049e+00
      vertex 1.184537e+00 1.184537e+00 -1.029875e+00
      vertex 1.049967e+00 1.284486e+00 -1.029875e+00
    endloop
  endfacet
  facet normal -5.234376e-01 -7.047510e-01 4.788936e-01
    outer loop
      vertex 1.150157e+00 1.150157e+00 -1.118049e+00
      vertex 1.049967e+00 1.284486e+00 -1.029875e+00
      vertex 1.019492e+00 1.247204e+00 -1.118049e+00
    endloop
  endfacet
  facet normal -3.219016e-01 -8.269981e-01 4.609268e-01
    outer loop
      vertex 1.019492e+00 1.247204e+00 -1.118049e+00
      vertex 1.049967e+00 1.284486e+00 -1.029875e+00
      vertex 8.714169e-01 1.353985e+00 -1.029875e+00
    endloop
  endfacet
  facet normal -3.219016e-01 -8.269981e-01 4.609268e-01
    outer loop
      vertex 1.019492e+00 1.247204e+00 -1.118049e+00
      vertex 8.714169e-01 1.353985e+00 -1.029875e+00
      vertex 8.461245e-01 1.314686e+00 -1.118049e+00
    endloop
  endfacet
  facet normal -1.462380e-01 -8.872915e-01 4.374107e-01
    outer loop
      vertex 8.461245e-01 1.314686e+00 -1.118049e+00
      vertex 8.714169e-01 1.353985e+00 -1.029875e+00
      vertex 6.221914e-01 1.395061e+00 -1.029875e+00
    endloop
  endfacet
  facet normal -1.462380e-01 -8.872915e-01 4.374107e-01
    outer loop
      vertex 8.461245e-01 1.314686e+00 -1.118049e+00
      vertex 6.221914e-01 1.395061e+00 -1.029875e+00
      vertex 6.041327e-01 1.354570e+00 -1.118049e+00
    endloop
  endfacet
  facet normal -1.982494e-02 -9.070356e-01 4.205870e-01
    outer loop
      vertex 6.041327e-01 1.354570e+00 -1.118049e+00
      vertex 6.221914e-01 1.395061e+00 -1.029875e+00
      vertex 1.102292e-08 1.408660e+00 -1.029875e+00
    endloop
  endfacet
  facet normal -1.982494e-02 -9.070356e-01 4.205870e-01
    outer loop
      vertex 6.041327e-01 1.354570e+00 -1.118049e+00
      vertex 1.102292e-08 1.408660e+00 -1.029875e+00
      vertex 1.070298e-08 1.367774e+00 -1.118049e+00
    endloop
  endfacet
  facet normal 1.982494e-02 -9.070356e-01 4.205870e-01
    outer loop
      vertex 1.070298e-08 1.367774e+00 -1.118049e+00
      vertex 1.102292e-08 1.408660e+00 -1.029875e+00
      vertex -6.221914e-01 1.395061e+00 -1.029875e+00
    endloop
  endfacet
  facet normal 1.982494e-02 -9.070356e-01 4.205870e-01
    outer loop
      vertex 1.070298e-08 1.367774e+00 -1.118049e+00
      vertex -6.221914e-01 1.395061e+00 -1.029875e+00
      vertex -6.041327e-01 1.354570e+00 -1.118049e+00
    endloop
  endfacet
  facet normal 1.462380e-01 -8.872915e-01 4.374107e-01
    outer loop
      vertex -6.041327e-01 1.354570e+00 -1.118049e+00
      vertex -6.221914e-01 1.395061e+00 -1.029875e+00
      vertex -8.714169e-01 1.353985e+00 -1.029875e+00
    endloop
  endfacet
  facet normal 1.462380e-01 -8.872915e-01 4.374107e-01
    outer loop
      vertex -6.041327e-01 1.354570e+00 -1.118049e+00
      vertex -8.714169e-01 1.353985e+00 -1.029875e+00
      vertex -8.461245e-01 1.314686e+00 -1.118049e+00
    endloop
  endfacet
  facet normal 3.219016e-01 -8.269981e-01 4.609268e-01
    outer loop
      vertex -8.461245e-01 1.314686e+00 -1.118049e+00
      vertex -8.714169e-01 1.353985e+00 -1.029875e+00
      vertex -1.049967e+00 1.284486e+00 -1.029875e+00
    endloop
  endfacet
  facet normal 3.219016e-01 -8.269981e-01 4.609268e-01
    outer loop
      vertex -8.461245e-01 1.314686e+00 -1.118049e+00
      vertex -1.049967e+00 1.284486e+00 -1.029875e+00
      vertex -1.019492e+00 1.247204e+00 -1.118049e+00
    endloop
  endfacet
  facet normal 5.234376e-01 -7.047510e-01 4.788936e-01
    outer loop
      vertex -1.019492e+00 1.247204e+00 -1.118049e+00
      vertex -1.049967e+00 1.284486e+00 -1.029875e+00
      vertex -1.184537e+00 1.184537e+00 -1.029875e+00
    endloop
  endfacet
  facet normal 5.234376e-01 -7.047510e-01 4.788936e-01
    outer loop
      vertex -1.019492e+00 1.247204e+00 -1.118049e+00
      vertex -1.184537e+00 1.184537e+00 -1.029875e+00
      vertex -1.150157e+00 1.150157e+00 -1.118049e+00
    endloop
  endfacet
  facet normal 7.047510e-01 -5.234376e-01 4.788936e-01
    outer loop
      vertex -1.150157e+00 1.150157e+00 -1.118049e+00
      vertex -1.184537e+00 1.184537e+00 -1.029875e+00
      vertex -1.284486e+00 1.049967e+00 -1.029875e+00
    endloop
  endfacet
  facet normal 7.047510e-01 -5.234376e-01 4.788936e-01
    outer loop
      vertex -1.150157e+00 1.150157e+00 -1.118049e+00
      vertex -1.284486e+00 1.049967e+00 -1.029875e+00
      vertex -1.247204e+00 1.019492e+00 -1.118049e+00
    endloop
  endfacet
  facet normal 8.269981e-01 -3.219016e-01 4.609268e-01
    outer loop
      vertex -1.247204e+00 1.019492e+00 -1.118049e+00
      vertex -1.284486e+00 1.049967e+00 -1.029875e+00
      vertex -1.353985e+00 8.714169e-01 -1.029875e+00
    endloop
  endfacet
  facet normal 8.269981e-01 -3.219016e-01 4.609268e-01
    outer loop
      vertex -1.247204e+00 1.019492e+00 -1.118049e+00
      vertex -1.353985e+00 8.714169e-01 -1.029875e+00
      vertex -1.314686e+00 8.461245e-01 -1.118049e+00
    endloop
  endfacet
  facet normal 8.872915e-01 -1.462380e-01 4.374107e-01
    outer loop
      vertex -1.314686e+00 8.461245e-01 -1.118049e+00
      vertex -1.353985e+00 8.714169e-01 -1.029875e+00
      vertex -1.395061e+00 6.221914e-01 -1.029875e+00
    endloop
  endfacet
  facet normal 8.872915e-01 -1.462380e-01 4.374107e-01
    outer loop
      vertex -1.314686e+00 8.461245e-01 -1.118049e+00
      vertex -1.395061e+00 6.221914e-01 -1.029875e+00
      vertex -1.354570e+00 6.041327e-01 -1.118049e+00
    endloop
  endfacet
  facet normal 9.070356e-01 -1.982494e-02 4.205870e-01
    outer loop
      vertex -1.354570e+00 6.041327e-01 -1.118049e+00
      vertex -1.395061e+00 6.221914e-01 -1.029875e+00
      vertex -1.408660e+00 -1.558876e-08 -1.029875e+00
    endloop
  endfacet
  facet normal 9.070356e-01 -1.982494e-02 4.205870e-01
    outer loop
      vertex -1.354570e+00 6.041327e-01 -1.118049e+00
      vertex -1.408660e+00 -1.558876e-08 -1.029875e+00
      vertex -1.367774e+00 -1.513631e-08 -1.118049e+00
    endloop
  endfacet
  facet normal 9.508702e-01 2.078303e-02 3.088913e-01
    outer loop
      vertex -1.408660e+00 -1.558876e-08 -1.029875e+00
      vertex -1.441780e+00 -1.595528e-08 -9.279212e-01
      vertex -1.427861e+00 -6.368201e-01 -9.279212e-01
    endloop
  endfacet
  facet normal 9.508702e-01 2.078303e-02 3.088913e-01
    outer loop
      vertex -1.408660e+00 -1.558876e-08 -1.029875e+00
      vertex -1.427861e+00 -6.368201e-01 -9.279212e-01
      vertex -1.395061e+00 -6.221914e-01 -1.029875e+00
    endloop
  endfacet
  facet normal 9.339518e-01 1.539283e-01 3.225525e-01
    outer loop
      vertex -1.395061e+00 -6.221914e-01 -1.029875e+00
      vertex -1.427861e+00 -6.368201e-01 -9.279212e-01
      vertex -1.385819e+00 -8.919053e-01 -9.279212e-01
    endloop
  endfacet
  facet normal 9.339518e-01 1.539283e-01 3.225525e-01
    outer loop
      vertex -1.395061e+00 -6.221914e-01 -1.029875e+00
      vertex -1.385819e+00 -8.919053e-01 -9.279212e-01
      vertex -1.353985e+00 -8.714169e-01 -1.029875e+00
    endloop
  endfacet
  facet normal 8.757218e-01 3.408668e-01 3.419374e-01
    outer loop
      vertex -1.353985e+00 -8.714169e-01 -1.029875e+00
      vertex -1.385819e+00 -8.919053e-01 -9.279212e-01
      vertex -1.314686e+00 -1.074653e+00 -9.279212e-01
    endloop
  endfacet
  facet normal 8.757218e-01 3.408668e-01 3.419374e-01
    outer loop
      vertex -1.353985e+00 -8.714169e-01 -1.029875e+00
      vertex -1.314686e+00 -1.074653e+00 -9.279212e-01
      vertex -1.284486e+00 -1.049967e+00 -1.029875e+00
    endloop
  endfacet
  facet normal 7.498960e-01 5.569680e-01 3.569911e-01
    outer loop
      vertex -1.284486e+00 -1.049967e+00 -1.029875e+00
      vertex -1.314686e+00 -1.074653e+00 -9.279212e-01
      vertex -1.212387e+00 -1.212387e+00 -9.279212e-01
    endloop
  endfacet
  facet normal 7.498960e-01 5.569680e-01 3.569911e-01
    outer loop
      vertex -1.284486e+00 -1.049967e+00 -1.029875e+00
      vertex -1.212387e+00 -1.212387e+00 -9.279212e-01
      vertex -1.184537e+00 -1.184537e+00 -1.029875e+00
    endloop
  endfacet
  facet normal 5.569680e-01 7.498960e-01 3.569911e-01
    outer loop
      vertex -1.184537e+00 -1.184537e+00 -1.029875e+00
      vertex -1.212387e+00 -1.212387e+00 -9.279212e-01
      vertex -1.074653e+00 -1.314686e+00 -9.279212e-01
    endloop
  endfacet
  facet normal 5.569680e-01 7.498960e-01 3.569911e-01
    outer loop
      vertex -1.184537e+00 -1.184537e+00 -1.029875e+00
      vertex -1.074653e+00 -1.314686e+00 -9.279212e-01
      vertex -1.049967e+00 -1.284486e+00 -1.029875e+00
    endloop
  endfacet
  facet normal 3.408668e-01 8.757218e-01 3.419374e-01
    outer loop
      vertex -1.049967e+00 -1.284486e+00 -1.029875e+00
      vertex -1.074653e+00 -1.314686e+00 -9.279212e-01
      vertex -8.919053e-01 -1.385819e+00 -9.279212e-01
    endloop
  endfacet
  facet normal 3.408668e-01 8.757218e-01 3.419374e-01
    outer loop
      vertex -1.049967e+00 -1.284486e+00 -1.029875e+00
      vertex -8.919053e-01 -1.385819e+00 -9.279212e-01
      vertex -8.714169e-01 -1.353985e+00 -1.029875e+00
    endloop
  endfacet
  facet normal 1.539283e-01 9.339518e-01 3.225525e-01
    outer loop
      vertex -8.714169e-01 -1.353985e+00 -1.029875e+00
      vertex -8.919053e-01 -1.385819e+00 -9.279212e-01
      vertex -6.368201e-01 -1.427861e+00 -9.279212e-01
    endloop
  endfacet
  facet normal 1.539283e-01 9.339518e-01 3.225525e-01
    outer loop
      vertex -8.714169e-01 -1.353985e+00 -1.029875e+00
      vertex -6.368201e-01 -1.427861e+00 -9.279212e-01
      vertex -6.221914e-01 -1.395061e+00 -1.029875e+00
    endloop
  endfacet
  facet normal 2.078303e-02 9.508702e-01 3.088913e-01
    outer loop
      vertex -6.221914e-01 -1.395061e+00 -1.029875e+00
      vertex -6.368201e-01 -1.427861e+00 -9.279212e-01
      vertex 1.128208e-08 -1.441780e+00 -9.279212e-01
    endloop
  endfacet
  facet normal 2.078303e-02 9.508702e-01 3.088913e-01
    outer loop
      vertex -6.221914e-01 -1.395061e+00 -1.029875e+00
      vertex 1.128208e-08 -1.441780e+00 -9.279212e-01
      vertex 1.102292e-08 -1.408660e+00 -1.029875e+00
    endloop
  endfacet
  facet normal -2.078303e-02 9.508702e-01 3.088913e-01
    outer loop
      vertex 1.102292e-08 -1.408660e+00 -1.029875e+00
      vertex 1.128208e-08 -1.441780e+00 -9.279212e-01
      vertex 6.368201e-01 -1.427861e+00 -9.279212e-01
    endloop
  endfacet
  facet normal -2.078303e-02 9.508702e-01 3.088913e-01
    outer loop
      vertex 1.102292e-08 -1.408660e+00 -1.029875e+00
      vertex 6.368201e-01 -1.427861e+00 -9.279212e-01
      vertex 6.221914e-01 -1.395061e+00 -1.029875e+00
    endloop
  endfacet
  facet normal -1.539283e-01 9.339518e-01 3.225525e-01
    outer loop
      vertex 6.221914e-01 -1.395061e+00 -1.029875e+00
      vertex 6.368201e-01 -1.427861e+00 -9.279212e-01
      vertex 8.919053e-01 -1.385819e+00 -9.279212e-01
    endloop
  endfacet
  facet normal -1.539283e-01 9.339518e-01 3.225525e-01
    outer loop
      vertex 6.221914e-01 -1.395061e+00 -1.029875e+00
      vertex 8.919053e-01 -1.385819e+00 -9.279212e-01
      vertex 8.714169e-01 -1.353985e+00 -1.029875e+00
    endloop
  endfacet
  facet normal -3.408668e-01 8.757218e-01 3.419374e-01
    outer loop
      vertex 8.714169e-01 -1.353985e+00 -1.029875e+00
      vertex 8.919053e-01 -1.385819e+00 -9.279212e-01
      vertex 1.074653e+00 -1.314686e+00 -9.279212e-01
    endloop
  endfacet
  facet normal -3.408668e-01 8.757218e-01 3.419374e-01
    outer loop
      vertex 8.714169e-01 -1.353985e+00 -1.029875e+00
      vertex 1.074653e+00 -1.314686e+00 -9.279212e-01
      vertex 1.049967e+00 -1.284486e+00 -1.029875e+00
    endloop
  endfacet
  facet normal -5.569680e-01 7.498960e-01 3.569911e-01
    outer loop
      vertex 1.049967e+00 -1.284486e+00 -1.029875e+00
      vertex 1.074653e+00 -1.314686e+00 -9.279212e-01
      vertex 1.212387e+00 -1.212387e+00 -9.279212e-01
    endloop
  endfacet
  facet normal -5.569680e-01 7.498960e-01 3.569911e-01
    outer loop
      vertex 1.049967e+00 -1.284486e+00 -1.029875e+00
      vertex 1.212387e+00 -1.212387e+00 -9.279212e-01
      vertex 1.184537e+00 -1.184537e+00 -1.029875e+00
    endloop
  endfacet
  facet normal -7.498960e-01 5.569680e-01 3.569911e-01
    outer loop
      vertex 1.184537e+00 -1.184537e+00 -1.029875e+00
      vertex 1.212387e+00 -1.212387e+00 -9.279212e-01
      vertex 1.314686e+00 -1.074653e+00 -9.279212e-01
    endloop
  endfacet
  facet normal -7.498960e-01 5.569680e-01 3.569911e-01
    outer loop
      vertex 1.184537e+00 -1.184537e+00 -1.029875e+00
      vertex 1.314686e+00 -1.074653e+00 -9.279212e-01
      vertex 1.284486e+00 -1.049967e+00 -1.029875e+00
    endloop
  endfacet
  facet normal -8.757218e-01 3.408668e-01 3.419374e-01
    outer loop
      vertex 1.284486e+00 -1.049967e+00 -1.029875e+00
      vertex 1.314686e+00 -1.074653e+00 -9.279212e-01
      vertex 1.385819e+00 -8.919053e-01 -9.279212e-01
    endloop
  endfacet
  facet normal -8.757218e-01 3.408668e-01 3.419374e-01
    outer loop
      vertex 1.284486e+00 -1.049967e+00 -1.029875e+00
      vertex 1.385819e+00 -8.919053e-01 -9.279212e-01
      vertex 1.353985e+00 -8.714169e-01 -1.029875e+00
    endloop
  endfacet
  facet normal -9.339518e-01 1.539283e-01 3.225525e-01
    outer loop
      vertex 1.353985e+00 -8.714169e-01 -1.029875e+00
      vertex 1.385819e+00 -8.919053e-01 -9.279212e-01
      vertex 1.427861e+00 -6.368201e-01 -9.279212e-01
    endloop
  endfacet
  facet normal -9.339518e-01 1.539283e-01 3.225525e-01
    outer loop
      vertex 1.353985e+00 -8.714169e-01 -1.029875e+00
      vertex 1.427861e+00 -6.368201e-01 -9.279212e-01
      vertex 1.395061e+00 -6.221914e-01 -1.029875e+00
    endloop
  endfacet
  facet normal -9.508702e-01 2.078303e-02 3.088913e-01
    outer loop
      vertex 1.395061e+00 -6.221914e-01 -1.029875e+00
      vertex 1.427861e+00 -6.368201e-01 -9.279212e-01
      vertex 1.441780e+00 0.000000e+00 -9.279212e-01
    endloop
  endfacet
  facet normal -9.508702e-01 2.078303e-02 3.088913e-01
    outer loop
      vertex 1.395061e+00 -6.221914e-01 -1.029875e+00
      vertex 1.441780e+00 0.000000e+00 -9.279212e-01
      vertex 1.408660e+00 0.000000e+00 -1.029875e+00
    endloop
  endfacet
  facet normal -9.508702e-01 -2.078303e-02 3.088913e-01
    outer loop
      vertex 1.408660e+00 0.000000e+00 -1.029875e+00
      vertex 1.441780e+00 0.000000e+00 -9.279212e-01
      vertex 1.427861e+00 6.368201e-01 -9.279212e-01
    endloop
  endfacet
  facet normal -9.508702e-01 -2.078303e-02 3.088913e-01
    outer loop
      vertex 1.408660e+00 0.000000e+00 -1.029875e+00
      vertex 1.427861e+00 6.368201e-01 -9.279212e-01
      vertex 1.395061e+00 6.221914e-01 -1.029875e+00
    endloop
  endfacet
  facet normal -9.339518e-01 -1.539283e-01 3.225525e-01
    outer loop
      vertex 1.395061e+00 6.221914e-01 -1.029875e+00
      vertex 1.427861e+00 6.368201e-01 -9.279212e-01
      vertex 1.385819e+00 8.919053e-01 -9.279212e-01
    endloop
  endfacet
  facet normal -9.339518e-01 -1.539283e-01 3.225525e-01
    outer loop
      vertex 1.395061e+00 6.221914e-01 -1.029875e+00
      vertex 1.385819e+00 8.919053e-01 -9.279212e-01
      vertex 1.353985e+00 8.714169e-01 -1.029875e+00
    endloop
  endfacet
  facet normal -8.757218e-01 -3.408668e-01 3.419374e-01
    outer loop
      vertex 1.353985e+00 8.714169e-01 -1.029875e+00
      vertex 1.385819e+00 8.919053e-01 -9.279212e-01
      vertex 1.314686e+00 1.074653e+00 -9.279212e-01
    endloop
  endfacet
  facet normal -8.757218e-01 -3.408668e-01 3.419374e-01
    outer loop
      vertex 1.353985e+00 8.714169e-01 -1.029875e+00
      vertex 1.314686e+00 1.074653e+00 -9.279212e-01
      vertex 1.284486e+00 1.049967e+00 -1.029875e+00
    endloop
  endfacet
  facet normal -7.498960e-01 -5.569680e-01 3.569911e-01
    outer loop
      vertex 1.284486e+00 1.049967e+00 -1.029875e+00
      vertex 1.314686e+00 1.074653e+00 -9.279212e-01
      vertex 1.212387e+00 1.212387e+00 -9.279212e-01
    endloop
  endfacet
  facet normal -7.498960e-01 -5.569680e-01 3.569911e-01
    outer loop
      vertex 1.284486e+00 1.049967e+00 -1.029875e+00
      vertex 1.212387e+00 1.212387e+00 -9.279212e-01
      vertex 1.184537e+00 1.184537e+00 -1.029875e+00
    endloop
  endfacet
  facet normal -5.569680e-01 -7.498960e-01 3.569911e-01
    outer loop
      vertex 1.184537e+00 1.184537e+00 -1.029875e+00
      vertex 1.212387e+00 1.212387e+00 -9.279212e-01
      vertex 1.074653e+00 1.314686e+00 -9.279212e-01
    endloop
  endfacet
  facet normal -5.569680e-01 -7.498960e-01 3.569911e-01
    outer loop
      vertex 1.184537e+00 1.184537e+00 -1.029875e+00
      vertex 1.074653e+00 1.314686e+00 -9.279212e-01
      vertex 1.049967e+00 1.284486e+00 -1.029875e+00
    endloop
  endfacet
  facet normal -3.408668e-01 -8.757218e-01 3.419374e-01
    outer loop
      vertex 1.049967e+00 1.284486e+00 -1.029875e+00
      vertex 1.074653e+00 1.314686e+00 -9.279212e-01
      vertex 8.919053e-01 1.385819e+00 -9.279212e-01
    endloop
  endfacet
  facet normal -3.408668e-01 -8.757218e-01 3.419374e-01
    outer loop
      vertex 1.049967e+00 1.284486e+00 -1.029875e+00
      vertex 8.919053e-01 1.385819e+00 -9.279212e-01
      vertex 8.714169e-01 1.353985e+00 -1.029875e+00
    endloop
  endfacet
  facet normal -1.539283e-01 -9.339518e-01 3.225525e-01
    outer loop
      vertex 8.714169e-01 1.353985e+00 -1.029875e+00
      vertex 8.919053e-01 1.385819e+00 -9.279212e-01
      vertex 6.368201e-01 1.427861e+00 -9.279212e-01
    endloop
  endfacet
  facet normal -1.539283e-01 -9.339518e-01 3.225525e-01
    outer loop
      vertex 8.714169e-01 1.353985e+00 -1.029875e+00
      vertex 6.368201e-01 1.427861e+00 -9.279212e-01
      vertex 6.221914e-01 1.395061e+00 -1.029875e+00
    endloop
  endfacet
  facet normal -2.078303e-02 -9.508702e-01 3.088913e-01
    outer loop
      vertex 6.221914e-01 1.395061e+00 -1.029875e+00
      vertex 6.368201e-01 1.427861e+00 -9.279212e-01
      vertex 1.128208e-08 1.441780e+00 -9.279212e-01
    endloop
  endfacet
  facet normal -2.078303e-02 -9.508702e-01 3.088913e-01
    outer loop
      vertex 6.221914e-01 1.395061e+00 -1.029875e+00
      vertex 1.128208e-08 1.441780e+00 -9.279212e-01
      vertex 1.102292e-08 1.408660e+00 -1.029875e+00
    endloop
  endfacet
  facet normal 2.078303e-02 -9.508702e-01 3.088913e-01
    outer loop
      vertex 1.102292e-08 1.408660e+00 -1.029875e+00
      vertex 1.128208e-08 1.441780e+00 -9.279212e-01
      vertex -6.368201e-01 1.427861e+00 -9.279212e-01
    endloop
  endfacet
  facet normal 2.078303e-02 -9.508702e-01 3.088913e-01
    outer loop
      vertex 1.102292e-08 1.408660e+00 -1.029875e+00
      vertex -6.368201e-01 1.427861e+00 -9.279212e-01
      vertex -6.221914e-01 1.395061e+00 -1.029875e+00
    endloop
  endfacet
  facet normal 1.539283e-01 -9.339518e-01 3.225525e-01
    outer loop
      vertex -6.221914e-01 1.395061e+00 -1.029875e+00
      vertex -6.368201e-01 1.427861e+00 -9.279212e-01
      vertex -8.919053e-01 1.385819e+00 -9.279212e-01
    endloop
  endfacet
  facet normal 1.539283e-01 -9.339518e-01 3.225525e-01
    outer loop
      vertex -6.221914e-01 1.395061e+00 -1.029875e+00
      vertex -8.919053e-01 1.385819e+00 -9.279212e-01
      vertex -8.714169e-01 1.353985e+00 -1.029875e+00
    endloop
  endfacet
  facet normal 3.408668e-01 -8.757218e-01 3.419374e-01
    outer loop
      vertex -8.714169e-01 1.353985e+00 -1.029875e+00
      vertex -8.919053e-01 1.385819e+00 -9.279212e-01
      vertex -1.074653e+00 1.314686e+00 -9.279212e-01
    endloop
  endfacet
  facet normal 3.408668e-01 -8.757218e-01 3.419374e-01
    outer loop
      vertex -8.714169e-01 1.353985e+00 -1.029875e+00
      vertex -1.074653e+00 1.314686e+00 -9.279212e-01
      vertex -1.049967e+00 1.284486e+00 -1.029875e+00
    endloop
  endfacet
  facet normal 5.569680e-01 -7.498960e-01 3.569911e-01
    outer loop
      vertex -1.049967e+00 1.284486e+00 -1.029875e+00
      vertex -1.074653e+00 1.314686e+00 -9.279212e-01
      vertex -1.212387e+00 1.212387e+00 -9.279212e-01
    endloop
  endfacet
  facet normal 5.569680e-01 -7.498960e-01 3.569911e-01
    outer loop
      vertex -1.049967e+00 1.284486e+00 -1.029875e+00
      vertex -1.212387e+00 1.212387e+00 -9.279212e-01
      vertex -1.184537e+00 1.184537e+00 -1.029875e+00
    endloop
  endfacet
  facet normal 7.498960e-01 -5.569680e-01 3.569911e-01
    outer loop
      vertex -1.184537e+00 1.184537e+00 -1.029875e+00
      vertex -1.212387e+00 1.212387e+00 -9.279212e-01
      vertex -1.314686e+00 1.074653e+00 -9.279212e-01
    endloop
  endfacet
  facet normal 7.498960e-01 -5.569680e-01 3.569911e-01
    outer loop
      vertex -1.184537e+00 1.184537e+00 -1.029875e+00
      vertex -1.314686e+00 1.074653e+00 -9.279212e-01
      vertex -1.284486e+00 1.049967e+00 -1.029875e+00
    endloop
  endfacet
  facet normal 8.757218e-01 -3.408668e-01 3.419374e-01
    outer loop
      vertex -1.284486e+00 1.049967e+00 -1.029875e+00
      vertex -1.314686e+00 1.074653e+00 -9.279212e-01
      vertex -1.385819e+00 8.919053e-01 -9.279212e-01
    endloop
  endfacet
  facet normal 8.757218e-01 -3.408668e-01 3.419374e-01
    outer loop
      vertex -1.284486e+00 1.049967e+00 -1.029875e+00
      vertex -1.385819e+00 8.919053e-01 -9.279212e-01
      vertex -1.353985e+00 8.714169e-01 -1.029875e+00
    endloop
  endfacet
  facet normal 9.339518e-01 -1.539283e-01 3.225525e-01
    outer loop
      vertex -1.353985e+00 8.714169e-01 -1.029875e+00
      vertex -1.385819e+00 8.919053e-01 -9.279212e-01
      vertex -1.427861e+00 6.368201e-01 -9.279212e-01
    endloop
  endfacet
  facet normal 9.339518e-01 -1.539283e-01 3.225525e-01
    outer loop
      vertex -1.353985e+00 8.714169e-01 -1.029875e+00
      vertex -1.427861e+00 6.368201e-01 -9.279212e-01
      vertex -1.395061e+00 6.221914e-01 -1.029875e+00
    endloop
  endfacet
  facet normal 9.508702e-01 -2.078303e-02 3.088913e-01
    outer loop
      vertex -1.395061e+00 6.221914e-01 -1.029875e+00
      vertex -1.427861e+00 6.368201e-01 -9.279212e-01
      vertex -1.441780e+00 -1.595528e-08 -9.279212e-01
    endloop
  endfacet
  facet normal 9.508702e-01 -2.078303e-02 3.088913e-01
    outer loop
      vertex -1.395061e+00 6.221914e-01 -1.029875e+00
      vertex -1.441780e+00 -1.595528e-08 -9.279212e-01
      vertex -1.408660e+00 -1.558876e-08 -1.029875e+00
    endloop
  endfacet
  facet normal 9.777304e-01 2.137011e-02 2.087739e-01
    outer loop
      vertex -1.441780e+00 -1.595528e-08 -9.279212e-01
      vertex -1.467350e+00 -1.623825e-08 -8.081711e-01
      vertex -1.453184e+00 -6.481142e-01 -8.081711e-01
    endloop
  endfacet
  facet normal 9.777304e-01 2.137011e-02 2.087739e-01
    outer loop
      vertex -1.441780e+00 -1.595528e-08 -9.279212e-01
      vertex -1.453184e+00 -6.481142e-01 -8.081711e-01
      vertex -1.427861e+00 -6.368201e-01 -9.279212e-01
    endloop
  endfacet
  facet normal 9.628310e-01 1.586880e-01 2.185741e-01
    outer loop
      vertex -1.427861e+00 -6.368201e-01 -9.279212e-01
      vertex -1.453184e+00 -6.481142e-01 -8.081711e-01
      vertex -1.410397e+00 -9.077234e-01 -8.081711e-01
    endloop
  endfacet
  facet normal 9.628310e-01 1.586880e-01 2.185741e-01
    outer loop
      vertex -1.427861e+00 -6.368201e-01 -9.279212e-01
      vertex -1.410397e+00 -9.077234e-01 -8.081711e-01
      vertex -1.385819e+00 -8.919053e-01 -9.279212e-01
    endloop
  endfacet
  facet normal 9.063307e-01 3.527811e-01 2.326160e-01
    outer loop
      vertex -1.385819e+00 -8.919053e-01 -9.279212e-01
      vertex -1.410397e+00 -9.077234e-01 -8.081711e-01
      vertex -1.338002e+00 -1.093712e+00 -8.081711e-01
    endloop
  endfacet
  facet normal 9.063307e-01 3.527811e-01 2.326160e-01
    outer loop
      vertex -1.385819e+00 -8.919053e-01 -9.279212e-01
      vertex -1.338002e+00 -1.093712e+00 -8.081711e-01
      vertex -1.314686e+00 -1.074653e+00 -9.279212e-01
    endloop
  endfacet
  facet normal 7.786027e-01 5.782892e-01 2.436379e-01
    outer loop
      vertex -1.314686e+00 -1.074653e+00 -9.279212e-01
      vertex -1.338002e+00 -1.093712e+00 -8.081711e-01
      vertex -1.233889e+00 -1.233889e+00 -8.081711e-01
    endloop
  endfacet
  facet normal 7.786027e-01 5.782892e-01 2.436379e-01
    outer loop
      vertex -1.314686e+00 -1.074653e+00 -9.279212e-01
      vertex -1.233889e+00 -1.233889e+00 -8.081711e-01
      vertex -1.212387e+00 -1.212387e+00 -9.279212e-01
    endloop
  endfacet
  facet normal 5.782892e-01 7.786027e-01 2.436379e-01
    outer loop
      vertex -1.212387e+00 -1.212387e+00 -9.279212e-01
      vertex -1.233889e+00 -1.233889e+00 -8.081711e-01
      vertex -1.093712e+00 -1.338002e+00 -8.081711e-01
    endloop
  endfacet
  facet normal 5.782892e-01 7.786027e-01 2.436379e-01
    outer loop
      vertex -1.212387e+00 -1.212387e+00 -9.279212e-01
      vertex -1.093712e+00 -1.338002e+00 -8.081711e-01
      vertex -1.074653e+00 -1.314686e+00 -9.279212e-01
    endloop
  endfacet
  facet normal 3.527811e-01 9.063307e-01 2.326160e-01
    outer loop
      vertex -1.074653e+00 -1.314686e+00 -9.279212e-01
      vertex -1.093712e+00 -1.338002e+00 -8.081711e-01
      vertex -9.077234e-01 -1.410397e+00 -8.081711e-01
    endloop
  endfacet
  facet normal 3.527811e-01 9.063307e-01 2.326160e-01
    outer loop
      vertex -1.074653e+00 -1.314686e+00 -9.279212e-01
      vertex -9.077234e-01 -1.410397e+00 -8.081711e-01
      vertex -8.919053e-01 -1.385819e+00 -9.279212e-01
    endloop
  endfacet
  facet normal 1.586880e-01 9.628310e-01 2.185741e-01
    outer loop
      vertex -8.919053e-01 -1.385819e+00 -9.279212e-01
      vertex -9.077234e-01 -1.410397e+00 -8.081711e-01
      vertex -6.481142e-01 -1.453184e+00 -8.081711e-01
    endloop
  endfacet
  facet normal 1.586880e-01 9.628310e-01 2.185741e-01
    outer loop
      vertex -8.919053e-01 -1.385819e+00 -9.279212e-01
      vertex -6.481142e-01 -1.453184e+00 -8.081711e-01
      vertex -6.368201e-01 -1.427861e+00 -9.279212e-01
    endloop
  endfacet
  facet normal 2.137011e-02 9.777304e-01 2.087739e-01
    outer loop
      vertex -6.368201e-01 -1.427861e+00 -9.279212e-01
      vertex -6.481142e-01 -1.453184e+00 -8.081711e-01
      vertex 1.148217e-08 -1.467350e+00 -8.081711e-01
    endloop
  endfacet
  facet normal 2.137011e-02 9.777304e-01 2.087739e-01
    outer loop
      vertex -6.368201e-01 -1.427861e+00 -9.279212e-01
      vertex 1.148217e-08 -1.467350e+00 -8.081711e-01
      vertex 1.128208e-08 -1.441780e+00 -9.279212e-01
    endloop
  endfacet
  facet normal -2.137011e-02 9.777304e-01 2.087739e-01
    outer loop
      vertex 1.128208e-08 -1.441780e+00 -9.279212e-01
      vertex 1.148217e-08 -1.467350e+00 -8.081711e-01
      vertex 6.481142e-01 -1.453184e+00 -8.081711e-01
    endloop
  endfacet
  facet normal -2.137011e-02 9.777304e-01 2.087739e-01
    outer loop
      vertex 1.128208e-08 -1.441780e+00 -9.279212e-01
      vertex 6.481142e-01 -1.453184e+00 -8.081711e-01
      vertex 6.368201e-01 -1.427861e+00 -9.279212e-01
    endloop
  endfacet
  facet normal -1.586880e-01 9.628310e-01 2.185741e-01
    outer loop
      vertex 6.368201e-01 -1.427861e+00 -9.279212e-01
      vertex 6.481142e-01 -1.453184e+00 -8.081711e-01
      vertex 9.077234e-01 -1.410397e+00 -8.081711e-01
    endloop
  endfacet
  facet normal -1.586880e-01 9.628310e-01 2.185741e-01
    outer loop
      vertex 6.368201e-01 -1.427861e+00 -9.279212e-01
      vertex 9.077234e-01 -1.410397e+00 -8.081711e-01
      vertex 8.919053e-01 -1.385819e+00 -9.279212e-01
    endloop
  endfacet
  facet normal -3.527811e-01 9.063307e-01 2.326160e-01
    outer loop
      vertex 8.919053e-01 -1.385819e+00 -9.279212e-01
      vertex 9.077234e-01 -1.410397e+00 -8.081711e-01
      vertex 1.093712e+00 -1.338002e+00 -8.081711e-01
    endloop
  endfacet
  facet normal -3.527811e-01 9.063307e-01 2.326160e-01
    outer loop
      vertex 8.919053e-01 -1.385819e+00 -9.279212e-01
      vertex 1.093712e+00 -1.338002e+00 -8.081711e-01
      vertex 1.074653e+00 -1.314686e+00 -9.279212e-01
    endloop
  endfacet
  facet normal -5.782892e-01 7.786027e-01 2.436379e-01
    outer loop
      vertex 1.074653e+00 -1.314686e+00 -9.279212e-01
      vertex 1.093712e+00 -1.338002e+00 -8.081711e-01
      vertex 1.233889e+00 -1.233889e+00 -8.081711e-01
    endloop
  endfacet
  facet normal -5.782892e-01 7.786027e-01 2.436379e-01
    outer loop
      vertex 1.074653e+00 -1.314686e+00 -9.279212e-01
      vertex 1.233889e+00 -1.233889e+00 -8.081711e-01
      vertex 1.212387e+00 -1.212387e+00 -9.279212e-01
    endloop
  endfacet
  facet normal -7.786027e-01 5.782892e-01 2.436379e-01
    outer loop
      vertex 1.212387e+00 -1.212387e+00 -9.279212e-01
      vertex 1.233889e+00 -1.233889e+00 -8.081711e-01
      vertex 1.338002e+00 -1.093712e+00 -8.081711e-01
    endloop
  endfacet
  facet normal -7.786027e-01 5.782892e-01 2.436379e-01
    outer loop
      vertex 1.212387e+00 -1.212387e+00 -9.279212e-01
      vertex 1.338002e+00 -1.093712e+00 -8.081711e-01
      vertex 1.314686e+00 -1.074653e+00 -9.279212e-01
    endloop
  endfacet
  facet normal -9.063307e-01 3.527811e-01 2.326160e-01
    outer loop
      vertex 1.314686e+00 -1.074653e+00 -9.279212e-01
      vertex 1.338002e+00 -1.093712e+00 -8.081711e-01
      vertex 1.410397e+00 -9.077234e-01 -8.081711e-01
    endloop
  endfacet
  facet normal -9.063307e-01 3.527811e-01 2.326160e-01
    outer loop
      vertex 1.314686e+00 -1.074653e+00 -9.279212e-01
      vertex 1.410397e+00 -9.077234e-01 -8.081711e-01
      vertex 1.385819e+00 -8.919053e-01 -9.279212e-01
    endloop
  endfacet
  facet normal -9.628310e-01 1.586880e-01 2.185741e-01
    outer loop
      vertex 1.385819e+00 -8.919053e-01 -9.279212e-01
      vertex 1.410397e+00 -9.077234e-01 -8.081711e-01
      vertex 1.453184e+00 -6.481142e-01 -8.081711e-01
    endloop
  endfacet
  facet normal -9.628310e-01 1.586880e-01 2.185741e-01
    outer loop
      vertex 1.385819e+00 -8.919053e-01 -9.279212e-01
      vertex 1.453184e+00 -6.481142e-01 -8.081711e-01
      vertex 1.427861e+00 -6.368201e-01 -9.279212e-01
    endloop
  endfacet
  facet normal -9.777304e-01 2.137011e-02 2.087739e-01
    outer loop
      vertex 1.427861e+00 -6.368201e-01 -9.279212e-01
      vertex 1.453184e+00 -6.481142e-01 -8.081711e-01
      vertex 1.467350e+00 0.000000e+00 -8.081711e-01
    endloop
  endfacet
  facet normal -9.777304e-01 2.137011e-02 2.087739e-01
    outer loop
      vertex 1.427861e+00 -6.368201e-01 -9.279212e-01
      vertex 1.467350e+00 0.000000e+00 -8.081711e-01
      vertex 1.441780e+00 0.000000e+00 -9.279212e-01
    endloop
  endfacet
  facet normal -9.777304e-01 -2.137011e-02 2.087739e-01
    outer loop
      vertex 1.441780e+00 0.000000e+00 -9.279212e-01
      vertex 1.467350e+00 0.000000e+00 -8.081711e-01
      vertex 1.453184e+00 6.481142e-01 -8.081711e-01
    endloop
  endfacet
  facet normal -9.777304e-01 -2.137011e-02 2.087739e-01
    outer loop
      vertex 1.441780e+00 0.000000e+00 -9.279212e-01
      vertex 1.453184e+00 6.481142e-01 -8.081711e-01
      vertex 1.427861e+00 6.368201e-01 -9.279212e-01
    endloop
  endfacet
  facet normal -9.628310e-01 -1.586880e-01 2.185741e-01
    outer loop
      vertex 1.427861e+00 6.368201e-01 -9.279212e-01
      vertex 1.453184e+00 6.481142e-01 -8.081711e-01
      vertex 1.410397e+00 9.077234e-01 -8.081711e-01
    endloop
  endfacet
  facet normal -9.628310e-01 -1.586880e-01 2.185741e-01
    outer loop
      vertex 1.427861e+00 6.368201e-01 -9.279212e-01
      vertex 1.410397e+00 9.077234e-01 -8.081711e-01
      vertex 1.385819e+00 8.919053e-01 -9.279212e-01
    endloop
  endfacet
  facet normal -9.063307e-01 -3.527811e-01 2.326160e-01
    outer loop
      vertex 1.385819e+00 8.919053e-01 -9.279212e-01
      vertex 1.410397e+00 9.077234e-01 -8.081711e-01
      vertex 1.338002e+00 1.093712e+00 -8.081711e-01
    endloop
  endfacet
  facet normal -9.063307e-01 -3.527811e-01 2.326160e-01
    outer loop
      vertex 1.385819e+00 8.919053e-01 -9.279212e-01
      vertex 1.338002e+00 1.093712e+00 -8.081711e-01
      vertex 1.314686e+00 1.074653e+00 -9.279212e-01
    endloop
  endfacet
  facet normal -7.786027e-01 -5.782892e-01 2.436379e-01
    outer loop
      vertex 1.314686e+00 1.074653e+00 -9.279212e-01
      vertex 1.338002e+00 1.093712e+00 -8.081711e-01
      vertex 1.233889e+00 1.233889e+00 -8.081711e-01
    endloop
  endfacet
  facet normal -7.786027e-01 -5.782892e-01 2.436379e-01
    outer loop
      vertex 1.314686e+00 1.074653e+00 -9.279212e-01
      vertex 1.233889e+00 1.233889e+00 -8.081711e-01
      vertex 1.212387e+00 1.212387e+00 -9.279212e-01
    endloop
  endfacet
  facet normal -5.782892e-01 -7.786027e-01 2.436379e-01
    outer loop
      vertex 1.212387e+00 1.212387e+00 -9.279212e-01
      vertex 1.233889e+00 1.233889e+00 -8.081711e-01
      vertex 1.093712e+00 1.338002e+00 -8.081711e-01
    endloop
  endfacet
  facet normal -5.782892e-01 -7.786027e-01 2.436379e-01
    outer loop
      vertex 1.212387e+00 1.212387e+00 -9.279212e-01
      vertex 1.093712e+00 1.338002e+00 -8.081711e-01
      vertex 1.074653e+00 1.314686e+00 -9.279212e-01
    endloop
  endfacet
  facet normal -3.527811e-01 -9.063307e-01 2.326160e-01
    outer loop
      vertex 1.074653e+00 1.314686e+00 -9.279212e-01
      vertex 1.093712e+00 1.338002e+00 -8.081711e-01
      vertex 9.077234e-01 1.410397e+00 -8.081711e-01
    endloop
  endfacet
  facet normal -3.527811e-01 -9.063307e-01 2.326160e-01
    outer loop
      vertex 1.074653e+00 1.314686e+00 -9.279212e-01
      vertex 9.077234e-01 1.410397e+00 -8.081711e-01
      vertex 8.919053e-01 1.385819e+00 -9.279212e-01
    endloop
  endfacet
  facet normal -1.586880e-01 -9.628310e-01 2.185741e-01
    outer loop
      vertex 8.919053e-01 1.385819e+00 -9.279212e-01
      vertex 9.077234e-01 1.410397e+00 -8.081711e-01
      vertex 6.481142e-01 1.453184e+00 -8.081711e-01
    endloop
  endfacet
  facet normal -1.586880e-01 -9.628310e-01 2.185741e-01
    outer loop
      vertex 8.919053e-01 1.385819e+00 -9.279212e-01
      vertex 6.481142e-01 1.453184e+00 -8.081711e-01
      vertex 6.368201e-01 1.427861e+00 -9.279212e-01
    endloop
  endfacet
  facet normal -2.137011e-02 -9.777304e-01 2.087739e-01
    outer loop
      vertex 6.368201e-01 1.427861e+00 -9.279212e-01
      vertex 6.481142e-01 1.453184e+00 -8.081711e-01
      vertex 1.148217e-08 1.467350e+00 -8.081711e-01
    endloop
  endfacet
  facet normal -2.137011e-02 -9.777304e-01 2.087739e-01
    outer loop
      vertex 6.368201e-01 1.427861e+00 -9.279212e-01
      vertex 1.148217e-08 1.467350e+00 -8.081711e-01
      vertex 1.128208e-08 1.441780e+00 -9.279212e-01
    endloop
  endfacet
  facet normal 2.137011e-02 -9.777304e-01 2.087739e-01
    outer loop
      vertex 1.128208e-08 1.441780e+00 -9.279212e-01
      vertex 1.148217e-08 1.467350e+00 -8.081711e-01
      vertex -6.481142e-01 1.453184e+00 -8.081711e-01
    endloop
  endfacet
  facet normal 2.137011e-02 -9.777304e-01 2.087739e-01
    outer loop
      vertex 1.128208e-08 1.441780e+00 -9.279212e-01
      vertex -6.481142e-01 1.453184e+00 -8.081711e-01
      vertex -6.368201e-01 1.427861e+00 -9.279212e-01
    endloop
  endfacet
  facet normal 1.586880e-01 -9.628310e-01 2.185741e-01
    outer loop
      vertex -6.368201e-01 1.427861e+00 -9.279212e-01
      vertex -6.481142e-01 1.453184e+00 -8.081711e-01
      vertex -9.077234e-01 1.410397e+00 -8.081711e-01
    endloop
  endfacet
  facet normal 1.586880e-01 -9.628310e-01 2.185741e-01
    outer loop
      vertex -6.368201e-01 1.427861e+00 -9.279212e-01
      vertex -9.077234e-01 1.410397e+00 -8.081711e-01
      vertex -8.919053e-01 1.385819e+00 -9.279212e-01
    endloop
  endfacet
  facet normal 3.527811e-01 -9.063307e-01 2.326160e-01
    outer loop
      vertex -8.919053e-01 1.385819e+00 -9.279212e-01
      vertex -9.077234e-01 1.410397e+00 -8.081711e-01
      vertex -1.093712e+00 1.338002e+00 -8.081711e-01
    endloop
  endfacet
  facet normal 3.527811e-01 -9.063307e-01 2.326160e-01
    outer loop
      vertex -8.919053e-01 1.385819e+00 -9.279212e-01
      vertex -1.093712e+00 1.338002e+00 -8.081711e-01
      vertex -1.074653e+00 1.314686e+00 -9.279212e-01
    endloop
  endfacet
  facet normal 5.782892e-01 -7.786027e-01 2.436379e-01
    outer loop
      vertex -1.074653e+00 1.314686e+00 -9.279212e-01
      vertex -1.093712e+00 1.338002e+00 -8.081711e-01
      vertex -1.233889e+00 1.233889e+00 -8.081711e-01
    endloop
  endfacet
  facet normal 5.782892e-01 -7.786027e-01 2.436379e-01
    outer loop
      vertex -1.074653e+00 1.314686e+00 -9.279212e-01
      vertex -1.233889e+00 1.233889e+00 -8.081711e-01
      vertex -1.212387e+00 1.212387e+00 -9.279212e-01
    endloop
  endfacet
  facet normal 7.786027e-01 -5.782892e-01 2.436379e-01
    outer loop
      vertex -1.212387e+00 1.212387e+00 -9.279212e-01
      vertex -1.233889e+00 1.233889e+00 -8.081711e-01
      vertex -1.338002e+00 1.093712e+00 -8.081711e-01
    endloop
  endfacet
  facet normal 7.786027e-01 -5.782892e-01 2.436379e-01
    outer loop
      vertex -1.212387e+00 1.212387e+00 -9.279212e-01
      vertex -1.338002e+00 1.093712e+00 -8.081711e-01
      vertex -1.314686e+00 1.074653e+00 -9.279212e-01
    endloop
  endfacet
  facet normal 9.063307e-01 -3.527811e-01 2.326160e-01
    outer loop
      vertex -1.314686e+00 1.074653e+00 -9.279212e-01
      vertex -1.338002e+00 1.093712e+00 -8.081711e-01
      vertex -1.410397e+00 9.077234e-01 -8.081711e-01
    endloop
  endfacet
  facet normal 9.063307e-01 -3.527811e-01 2.326160e-01
    outer loop
      vertex -1.314686e+00 1.074653e+00 -9.279212e-01
      vertex -1.410397e+00 9.077234e-01 -8.081711e-01
      vertex -1.385819e+00 8.919053e-01 -9.279212e-01
    endloop
  endfacet
  facet normal 9.628310e-01 -1.586880e-01 2.185741e-01
    outer loop
      vertex -1.385819e+00 8.919053e-01 -9.279212e-01
      vertex -1.410397e+00 9.077234e-01 -8.081711e-01
      vertex -1.453184e+00 6.481142e-01 -8.081711e-01
    endloop
  endfacet
  facet normal 9.628310e-01 -1.586880e-01 2.185741e-01
    outer loop
      vertex -1.385819e+00 8.919053e-01 -9.279212e-01
      vertex -1.453184e+00 6.481142e-01 -8.081711e-01
      vertex -1.427861e+00 6.368201e-01 -9.279212e-01
    endloop
  endfacet
  facet normal 9.777304e-01 -2.137011e-02 2.087739e-01
    outer loop
      vertex -1.427861e+00 6.368201e-01 -9.279212e-01
      vertex -1.453184e+00 6.481142e-01 -8.081711e-01
      vertex -1.467350e+00 -1.623825e-08 -8.081711e-01
    endloop
  endfacet
  facet normal 9.777304e-01 -2.137011e-02 2.087739e-01
    outer loop
      vertex -1.427861e+00 6.368201e-01 -9.279212e-01
      vertex -1.467350e+00 -1.623825e-08 -8.081711e-01
      vertex -1.441780e+00 -1.595528e-08 -9.279212e-01
    endloop
  endfacet
  facet normal 9.920741e-01 2.168362e-02 1.237688e-01
    outer loop
      vertex -1.467350e+00 -1.623825e-08 -8.081711e-01
      vertex -1.485519e+00 -1.643931e-08 -6.625355e-01
      vertex -1.471178e+00 -6.561394e-01 -6.625355e-01
    endloop
  endfacet
  facet normal 9.920741e-01 2.168362e-02 1.237688e-01
    outer loop
      vertex -1.467350e+00 -1.623825e-08 -8.081711e-01
      vertex -1.471178e+00 -6.561394e-01 -6.625355e-01
      vertex -1.453184e+00 -6.481142e-01 -8.081711e-01
    endloop
  endfacet
  facet normal 9.783463e-01 1.612451e-01 1.297631e-01
    outer loop
      vertex -1.453184e+00 -6.481142e-01 -8.081711e-01
      vertex -1.471178e+00 -6.561394e-01 -6.625355e-01
      vertex -1.427861e+00 -9.189631e-01 -6.625355e-01
    endloop
  endfacet
  facet normal 9.783463e-01 1.612451e-01 1.297631e-01
    outer loop
      vertex -1.453184e+00 -6.481142e-01 -8.081711e-01
      vertex -1.427861e+00 -9.189631e-01 -6.625355e-01
      vertex -1.410397e+00 -9.077234e-01 -8.081711e-01
    endloop
  endfacet
  facet normal 9.229259e-01 3.592406e-01 1.383980e-01
    outer loop
      vertex -1.410397e+00 -9.077234e-01 -8.081711e-01
      vertex -1.427861e+00 -9.189631e-01 -6.625355e-01
      vertex -1.354570e+00 -1.107255e+00 -6.625355e-01
    endloop
  endfacet
  facet normal 9.229259e-01 3.592406e-01 1.383980e-01
    outer loop
      vertex -1.410397e+00 -9.077234e-01 -8.081711e-01
      vertex -1.354570e+00 -1.107255e+00 -6.625355e-01
      vertex -1.338002e+00 -1.093712e+00 -8.081711e-01
    endloop
  endfacet
  facet normal 7.942842e-01 5.899363e-01 1.452161e-01
    outer loop
      vertex -1.338002e+00 -1.093712e+00 -8.081711e-01
      vertex -1.354570e+00 -1.107255e+00 -6.625355e-01
      vertex -1.249168e+00 -1.249168e+00 -6.625355e-01
    endloop
  endfacet
  facet normal 7.942842e-01 5.899363e-01 1.452161e-01
    outer loop
      vertex -1.338002e+00 -1.093712e+00 -8.081711e-01
      vertex -1.249168e+00 -1.249168e+00 -6.625355e-01
      vertex -1.233889e+00 -1.233889e+00 -8.081711e-01
    endloop
  endfacet
  facet normal 5.899363e-01 7.942842e-01 1.452161e-01
    outer loop
      vertex -1.233889e+00 -1.233889e+00 -8.081711e-01
      vertex -1.249168e+00 -1.249168e+00 -6.625355e-01
      vertex -1.107255e+00 -1.354570e+00 -6.625355e-01
    endloop
  endfacet
  facet normal 5.899363e-01 7.942842e-01 1.452161e-01
    outer loop
      vertex -1.233889e+00 -1.233889e+00 -8.081711e-01
      vertex -1.107255e+00 -1.354570e+00 -6.625355e-01
      vertex -1.093712e+00 -1.338002e+00 -8.081711e-01
    endloop
  endfacet
  facet normal 3.592406e-01 9.229259e-01 1.383980e-01
    outer loop
      vertex -1.093712e+00 -1.338002e+00 -8.081711e-01
      vertex -1.107255e+00 -1.354570e+00 -6.625355e-01
      vertex -9.189631e-01 -1.427861e+00 -6.625355e-01
    endloop
  endfacet
  facet normal 3.592406e-01 9.229259e-01 1.383980e-01
    outer loop
      vertex -1.093712e+00 -1.338002e+00 -8.081711e-01
      vertex -9.189631e-01 -1.427861e+00 -6.625355e-01
      vertex -9.077234e-01 -1.410397e+00 -8.081711e-01
    endloop
  endfacet
  facet normal 1.612451e-01 9.783463e-01 1.297631e-01
    outer loop
      vertex -9.077234e-01 -1.410397e+00 -8.081711e-01
      vertex -9.189631e-01 -1.427861e+00 -6.625355e-01
      vertex -6.561394e-01 -1.471178e+00 -6.625355e-01
    endloop
  endfacet
  facet normal 1.612451e-01 9.783463e-01 1.297631e-01
    outer loop
      vertex -9.077234e-01 -1.410397e+00 -8.081711e-01
      vertex -6.561394e-01 -1.471178e+00 -6.625355e-01
      vertex -6.481142e-01 -1.453184e+00 -8.081711e-01
    endloop
  endfacet
  facet normal 2.168362e-02 9.920741e-01 1.237688e-01
    outer loop
      vertex -6.481142e-01 -1.453184e+00 -8.081711e-01
      vertex -6.561394e-01 -1.471178e+00 -6.625355e-01
      vertex 1.162435e-08 -1.485519e+00 -6.625355e-01
    endloop
  endfacet
  facet normal 2.168362e-02 9.920741e-01 1.237688e-01
    outer loop
      vertex -6.481142e-01 -1.453184e+00 -8.081711e-01
      vertex 1.162435e-08 -1.485519e+00 -6.625355e-01
      vertex 1.148217e-08 -1.467350e+00 -8.081711e-01
    endloop
  endfacet
  facet normal -2.168362e-02 9.920741e-01 1.237688e-01
    outer loop
      vertex 1.148217e-08 -1.467350e+00 -8.081711e-01
      vertex 1.162435e-08 -1.485519e+00 -6.625355e-01
      vertex 6.561394e-01 -1.471178e+00 -6.625355e-01
    endloop
  endfacet
  facet normal -2.168362e-02 9.920741e-01 1.237688e-01
    outer loop
      vertex 1.148217e-08 -1.467350e+00 -8.081711e-01
      vertex 6.561394e-01 -1.471178e+00 -6.625355e-01
      vertex 6.481142e-01 -1.453184e+00 -8.081711e-01
    endloop
  endfacet
  facet normal -1.612451e-01 9.783463e-01 1.297631e-01
    outer loop
      vertex 6.481142e-01 -1.453184e+00 -8.081711e-01
      vertex 6.561394e-01 -1.471178e+00 -6.625355e-01
      vertex 9.189631e-01 -1.427861e+00 -6.625355e-01
    endloop
  endfacet
  facet normal -1.612451e-01 9.783463e-01 1.297631e-01
    outer loop
      vertex 6.481142e-01 -1.453184e+00 -8.081711e-01
      vertex 9.189631e-01 -1.427861e+00 -6.625355e-01
      vertex 9.077234e-01 -1.410397e+00 -8.081711e-01
    endloop
  endfacet
  facet normal -3.592406e-01 9.229259e-01 1.383980e-01
    outer loop
      vertex 9.077234e-01 -1.410397e+00 -8.081711e-01
      vertex 9.189631e-01 -1.427861e+00 -6.625355e-01
      vertex 1.107255e+00 -1.354570e+00 -6.625355e-01
    endloop
  endfacet
  facet normal -3.592406e-01 9.229259e-01 1.383980e-01
    outer loop
      vertex 9.077234e-01 -1.410397e+00 -8.081711e-01
      vertex 1.107255e+00 -1.354570e+00 -6.625355e-01
      vertex 1.093712e+00 -1.338002e+00 -8.081711e-01
    endloop
  endfacet
  facet normal -5.899363e-01 7.942842e-01 1.452161e-01
    outer loop
      vertex 1.093712e+00 -1.338002e+00 -8.081711e-01
      vertex 1.107255e+00 -1.354570e+00 -6.625355e-01
      vertex 1.249168e+00 -1.249168e+00 -6.625355e-01
    endloop
  endfacet
  facet normal -5.899363e-01 7.942842e-01 1.452161e-01
    outer loop
      vertex 1.093712e+00 -1.338002e+00 -8.081711e-01
      vertex 1.249168e+00 -1.249168e+00 -6.625355e-01
      vertex 1.233889e+00 -1.233889e+00 -8.081711e-01
    endloop
  endfacet
  facet normal -7.942842e-01 5.899363e-01 1.452161e-01
    outer loop
      vertex 1.233889e+00 -1.233889e+00 -8.081711e-01
      vertex 1.249168e+00 -1.249168e+00 -6.625355e-01
      vertex 1.354570e+00 -1.107255e+00 -6.625355e-01
    endloop
  endfacet
  facet normal -7.942842e-01 5.899363e-01 1.452161e-01
    outer loop
      vertex 1.233889e+00 -1.233889e+00 -8.081711e-01
      vertex 1.354570e+00 -1.107255e+00 -6.625355e-01
      vertex 1.338002e+00 -1.093712e+00 -8.081711e-01
    endloop
  endfacet
  facet normal -9.229259e-01 3.592406e-01 1.383980e-01
    outer loop
      vertex 1.338002e+00 -1.093712e+00 -8.081711e-01
      vertex 1.354570e+00 -1.107255e+00 -6.625355e-01
      vertex 1.427861e+00 -9.189631e-01 -6.625355e-01
    endloop
  endfacet
  facet normal -9.229259e-01 3.592406e-01 1.383980e-01
    outer loop
      vertex 1.338002e+00 -1.093712e+00 -8.081711e-01
      vertex 1.427861e+00 -9.189631e-01 -6.625355e-01
      vertex 1.410397e+00 -9.077234e-01 -8.081711e-01
    endloop
  endfacet
  facet normal -9.783463e-01 1.612451e-01 1.297631e-01
    outer loop
      vertex 1.410397e+00 -9.077234e-01 -8.081711e-01
      vertex 1.427861e+00 -9.189631e-01 -6.625355e-01
      vertex 1.471178e+00 -6.561394e-01 -6.625355e-01
    endloop
  endfacet
  facet normal -9.783463e-01 1.612451e-01 1.297631e-01
    outer loop
      vertex 1.410397e+00 -9.077234e-01 -8.081711e-01
      vertex 1.471178e+00 -6.561394e-01 -6.625355e-01
      vertex 1.453184e+00 -6.481142e-01 -8.081711e-01
    endloop
  endfacet
  facet normal -9.920741e-01 2.168362e-02 1.237688e-01
    outer loop
      vertex 1.453184e+00 -6.481142e-01 -8.081711e-01
      vertex 1.471178e+00 -6.561394e-01 -6.625355e-01
      vertex 1.485519e+00 0.000000e+00 -6.625355e-01
    endloop
  endfacet
  facet normal -9.920741e-01 2.168362e-02 1.237688e-01
    outer loop
      vertex 1.453184e+00 -6.481142e-01 -8.081711e-01
      vertex 1.485519e+00 0.000000e+00 -6.625355e-01
      vertex 1.467350e+00 0.000000e+00 -8.081711e-01
    endloop
  endfacet
  facet normal -9.920741e-01 -2.168362e-02 1.237688e-01
    outer loop
      vertex 1.467350e+00 0.000000e+00 -8.081711e-01
      vertex 1.485519e+00 0.000000e+00 -6.625355e-01
      vertex 1.471178e+00 6.561394e-01 -6.625355e-01
    endloop
  endfacet
  facet normal -9.920741e-01 -2.168362e-02 1.237688e-01
    outer loop
      vertex 1.467350e+00 0.000000e+00 -8.081711e-01
      vertex 1.471178e+00 6.561394e-01 -6.625355e-01
      vertex 1.453184e+00 6.481142e-01 -8.081711e-01
    endloop
  endfacet
  facet normal -9.783463e-01 -1.612451e-01 1.297631e-01
    outer loop
      vertex 1.453184e+00 6.481142e-01 -8.081711e-01
      vertex 1.471178e+00 6.561394e-01 -6.625355e-01
      vertex 1.427861e+00 9.189631e-01 -6.625355e-01
    endloop
  endfacet
  facet normal -9.783463e-01 -1.612451e-01 1.297631e-01
    outer loop
      vertex 1.453184e+00 6.481142e-01 -8.081711e-01
      vertex 1.427861e+00 9.189631e-01 -6.625355e-01
      vertex 1.410397e+00 9.077234e-01 -8.081711e-01
    endloop
  endfacet
  facet normal -9.229259e-01 -3.592406e-01 1.383980e-01
    outer loop
      vertex 1.410397e+00 9.077234e-01 -8.081711e-01
      vertex 1.427861e+00 9.189631e-01 -6.625355e-01
      vertex 1.354570e+00 1.107255e+00 -6.625355e-01
    endloop
  endfacet
  facet normal -9.229259e-01 -3.592406e-01 1.383980e-01
    outer loop
      vertex 1.410397e+00 9.077234e-01 -8.081711e-01
      vertex 1.354570e+00 1.107255e+00 -6.625355e-01
      vertex 1.338002e+00 1.093712e+00 -8.081711e-01
    endloop
  endfacet
  facet normal -7.942842e-01 -5.899363e-01 1.452161e-01
    outer loop
      vertex 1.338002e+00 1.093712e+00 -8.081711e-01
      vertex 1.354570e+00 1.107255e+00 -6.625355e-01
      vertex 1.249168e+00 1.249168e+00 -6.625355e-01
    endloop
  endfacet
  facet normal -7.942842e-01 -5.899363e-01 1.452161e-01
    outer loop
      vertex 1.338002e+00 1.093712e+00 -8.081711e-01
      vertex 1.249168e+00 1.249168e+00 -6.625355e-01
      vertex 1.233889e+00 1.233889e+00 -8.081711e-01
    endloop
  endfacet
  facet normal -5.899363e-01 -7.942842e-01 1.452161e-01
    outer loop
      vertex 1.233889e+00 1.233889e+00 -8.081711e-01
      vertex 1.249168e+00 1.249168e+00 -6.625355e-01
      vertex 1.107255e+00 1.354570e+00 -6.625355e-01
    endloop
  endfacet
  facet normal -5.899363e-01 -7.942842e-01 1.452161e-01
    outer loop
      vertex 1.233889e+00 1.233889e+00 -8.081711e-01
      vertex 1.107255e+00 1.354570e+00 -6.625355e-01
      vertex 1.093712e+00 1.338002e+00 -8.081711e-01
    endloop
  endfacet
  facet normal -3.592406e-01 -9.229259e-01 1.383980e-01
    outer loop
      vertex 1.093712e+00 1.338002e+00 -8.081711e-01
      vertex 1.107255e+00 1.354570e+00 -6.625355e-01
      vertex 9.189631e-01 1.427861e+00 -6.625355e-01
    endloop
  endfacet
  facet normal -3.592406e-01 -9.229259e-01 1.383980e-01
    outer loop
      vertex 1.093712e+00 1.338002e+00 -8.081711e-01
      vertex 9.189631e-01 1.427861e+00 -6.625355e-01
      vertex 9.077234e-01 1.410397e+00 -8.081711e-01
    endloop
  endfacet
  facet normal -1.612451e-01 -9.783463e-01 1.297631e-01
    outer loop
      vertex 9.077234e-01 1.410397e+00 -8.081711e-01
      vertex 9.189631e-01 1.427861e+00 -6.625355e-01
      vertex 6.561394e-01 1.471178e+00 -6.625355e-01
    endloop
  endfacet
  facet normal -1.612451e-01 -9.783463e-01 1.297631e-01
    outer loop
      vertex 9.077234e-01 1.410397e+00 -8.081711e-01
      vertex 6.561394e-01 1.471178e+00 -6.625355e-01
      vertex 6.481142e-01 1.453184e+00 -8.081711e-01
    endloop
  endfacet
  facet normal -2.168362e-02 -9.920741e-01 1.237688e-01
    outer loop
      vertex 6.481142e-01 1.453184e+00 -8.081711e-01
      vertex 6.561394e-01 1.471178e+00 -6.625355e-01
      vertex 1.162435e-08 1.485519e+00 -6.625355e-01
    endloop
  endfacet
  facet normal -2.168362e-02 -9.920741e-01 1.237688e-01
    outer loop
      vertex 6.481142e-01 1.453184e+00 -8.081711e-01
      vertex 1.162435e-08 1.485519e+00 -6.625355e-01
      vertex 1.148217e-08 1.467350e+00 -8.081711e-01
    endloop
  endfacet
  facet normal 2.168362e-02 -9.920741e-01 1.237688e-01
    outer loop
      vertex 1.148217e-08 1.467350e+00 -8.081711e-01
      vertex 1.162435e-08 1.485519e+00 -6.625355e-01
      vertex -6.561394e-01 1.471178e+00 -6.625355e-01
    endloop
  endfacet
  facet normal 2.168362e-02 -9.920741e-01 1.237688e-01
    outer loop
      vertex 1.148217e-08 1.467350e+00 -8.081711e-01
      vertex -6.561394e-01 1.471178e+00 -6.625355e-01
      vertex -6.481142e-01 1.453184e+00 -8.081711e-01
    endloop
  endfacet
  facet normal 1.612451e-01 -9.783463e-01 1.297631e-01
    outer loop
      vertex -6.481142e-01 1.453184e+00 -8.081711e-01
      vertex -6.561394e-01 1.471178e+00 -6.625355e-01
      vertex -9.189631e-01 1.427861e+00 -6.625355e-01
    endloop
  endfacet
  facet normal 1.612451e-01 -9.783463e-01 1.297631e-01
    outer loop
      vertex -6.481142e-01 1.453184e+00 -8.081711e-01
      vertex -9.189631e-01 1.427861e+00 -6.625355e-01
      vertex -9.077234e-01 1.410397e+00 -8.081711e-01
    endloop
  endfacet
  facet normal 3.592406e-01 -9.229259e-01 1.383980e-01
    outer loop
      vertex -9.077234e-01 1.410397e+00 -8.081711e-01
      vertex -9.189631e-01 1.427861e+00 -6.625355e-01
      vertex -1.107255e+00 1.354570e+00 -6.625355e-01
    endloop
  endfacet
  facet normal 3.592406e-01 -9.229259e-01 1.383980e-01
    outer loop
      vertex -9.077234e-01 1.410397e+00 -8.081711e-01
      vertex -1.107255e+00 1.354570e+00 -6.625355e-01
      vertex -1.093712e+00 1.338002e+00 -8.081711e-01
    endloop
  endfacet
  facet normal 5.899363e-01 -7.942842e-01 1.452161e-01
    outer loop
      vertex -1.093712e+00 1.338002e+00 -8.081711e-01
      vertex -1.107255e+00 1.354570e+00 -6.625355e-01
      vertex -1.249168e+00 1.249168e+00 -6.625355e-01
    endloop
  endfacet
  facet normal 5.899363e-01 -7.942842e-01 1.452161e-01
    outer loop
      vertex -1.093712e+00 1.338002e+00 -8.081711e-01
      vertex -1.249168e+00 1.249168e+00 -6.625355e-01
      vertex -1.233889e+00 1.233889e+00 -8.081711e-01
    endloop
  endfacet
  facet normal 7.942842e-01 -5.899363e-01 1.452161e-01
    outer loop
      vertex -1.233889e+00 1.233889e+00 -8.081711e-01
      vertex -1.249168e+00 1.249168e+00 -6.625355e-01
      vertex -1.354570e+00 1.107255e+00 -6.625355e-01
    endloop
  endfacet
  facet normal 7.942842e-01 -5.899363e-01 1.452161e-01
    outer loop
      vertex -1.233889e+00 1.233889e+00 -8.081711e-01
      vertex -1.354570e+00 1.107255e+00 -6.625355e-01
      vertex -1.338002e+00 1.093712e+00 -8.081711e-01
    endloop
  endfacet
  facet normal 9.229259e-01 -3.592406e-01 1.383980e-01
    outer loop
      vertex -1.338002e+00 1.093712e+00 -8.081711e-01
      vertex -1.354570e+00 1.107255e+00 -6.625355e-01
      vertex -1.427861e+00 9.189631e-01 -6.625355e-01
    endloop
  endfacet
  facet normal 9.229259e-01 -3.592406e-01 1.383980e-01
    outer loop
      vertex -1.338002e+00 1.093712e+00 -8.081711e-01
      vertex -1.427861e+00 9.189631e-01 -6.625355e-01
      vertex -1.410397e+00 9.077234e-01 -8.081711e-01
    endloop
  endfacet
  facet normal 9.783463e-01 -1.612451e-01 1.297631e-01
    outer loop
      vertex -1.410397e+00 9.077234e-01 -8.081711e-01
      vertex -1.427861e+00 9.189631e-01 -6.625355e-01
      vertex -1.471178e+00 6.561394e-01 -6.625355e-01
    endloop
  endfacet
  facet normal 9.783463e-01 -1.612451e-01 1.297631e-01
    outer loop
      vertex -1.410397e+00 9.077234e-01 -8.081711e-01
      vertex -1.471178e+00 6.561394e-01 -6.625355e-01
      vertex -1.453184e+00 6.481142e-01 -8.081711e-01
    endloop
  endfacet
  facet normal 9.920741e-01 -2.168362e-02 1.237688e-01
    outer loop
      vertex -1.453184e+00 6.481142e-01 -8.081711e-01
      vertex -1.471178e+00 6.561394e-01 -6.625355e-01
      vertex -1.485519e+00 -1.643931e-08 -6.625355e-01
    endloop
  endfacet
  facet normal 9.920741e-01 -2.168362e-02 1.237688e-01
    outer loop
      vertex -1.453184e+00 6.481142e-01 -8.081711e-01
      vertex -1.485519e+00 -1.643931e-08 -6.625355e-01
      vertex -1.467350e+00 -1.623825e-08 -8.081711e-01
    endloop
  endfacet
  facet normal 9.981802e-01 2.181708e-02 5.621681e-02
    outer loop
      vertex -1.485519e+00 -1.643931e-08 -6.625355e-01
      vertex -1.496384e+00 -1.655955e-08 -4.696153e-01
      vertex -1.481938e+00 -6.609384e-01 -4.696153e-01
    endloop
  endfacet
  facet normal 9.981802e-01 2.181708e-02 5.621681e-02
    outer loop
      vertex -1.485519e+00 -1.643931e-08 -6.625355e-01
      vertex -1.481938e+00 -6.609384e-01 -4.696153e-01
      vertex -1.471178e+00 -6.561394e-01 -6.625355e-01
    endloop
  endfacet
  facet normal 9.849714e-01 1.623370e-01 5.897561e-02
    outer loop
      vertex -1.471178e+00 -6.561394e-01 -6.625355e-01
      vertex -1.481938e+00 -6.609384e-01 -4.696153e-01
      vertex -1.438304e+00 -9.256844e-01 -4.696153e-01
    endloop
  endfacet
  facet normal 9.849714e-01 1.623370e-01 5.897561e-02
    outer loop
      vertex -1.471178e+00 -6.561394e-01 -6.625355e-01
      vertex -1.438304e+00 -9.256844e-01 -4.696153e-01
      vertex -1.427861e+00 -9.189631e-01 -6.625355e-01
    endloop
  endfacet
  facet normal 9.300450e-01 3.620117e-01 6.295891e-02
    outer loop
      vertex -1.427861e+00 -9.189631e-01 -6.625355e-01
      vertex -1.438304e+00 -9.256844e-01 -4.696153e-01
      vertex -1.364477e+00 -1.115354e+00 -4.696153e-01
    endloop
  endfacet
  facet normal 9.300450e-01 3.620117e-01 6.295891e-02
    outer loop
      vertex -1.427861e+00 -9.189631e-01 -6.625355e-01
      vertex -1.364477e+00 -1.115354e+00 -4.696153e-01
      vertex -1.354570e+00 -1.107255e+00 -6.625355e-01
    endloop
  endfacet
  facet normal 8.010375e-01 5.949522e-01 6.611225e-02
    outer loop
      vertex -1.354570e+00 -1.107255e+00 -6.625355e-01
      vertex -1.364477e+00 -1.115354e+00 -4.696153e-01
      vertex -1.258304e+00 -1.258304e+00 -4.696153e-01
    endloop
  endfacet
  facet normal 8.010375e-01 5.949522e-01 6.611225e-02
    outer loop
      vertex -1.354570e+00 -1.107255e+00 -6.625355e-01
      vertex -1.258304e+00 -1.258304e+00 -4.696153e-01
      vertex -1.249168e+00 -1.249168e+00 -6.625355e-01
    endloop
  endfacet
  facet normal 5.949522e-01 8.010375e-01 6.611225e-02
    outer loop
      vertex -1.249168e+00 -1.249168e+00 -6.625355e-01
      vertex -1.258304e+00 -1.258304e+00 -4.696153e-01
      vertex -1.115354e+00 -1.364477e+00 -4.696153e-01
    endloop
  endfacet
  facet normal 5.949522e-01 8.010375e-01 6.611225e-02
    outer loop
      vertex -1.249168e+00 -1.249168e+00 -6.625355e-01
      vertex -1.115354e+00 -1.364477e+00 -4.696153e-01
      vertex -1.107255e+00 -1.354570e+00 -6.625355e-01
    endloop
  endfacet
  facet normal 3.620117e-01 9.300450e-01 6.295891e-02
    outer loop
      vertex -1.107255e+00 -1.354570e+00 -6.625355e-01
      vertex -1.115354e+00 -1.364477e+00 -4.696153e-01
      vertex -9.256844e-01 -1.438304e+00 -4.696153e-01
    endloop
  endfacet
  facet normal 3.620117e-01 9.300450e-01 6.295891e-02
    outer loop
      vertex -1.107255e+00 -1.354570e+00 -6.625355e-01
      vertex -9.256844e-01 -1.438304e+00 -4.696153e-01
      vertex -9.189631e-01 -1.427861e+00 -6.625355e-01
    endloop
  endfacet
  facet normal 1.623370e-01 9.849714e-01 5.897561e-02
    outer loop
      vertex -9.189631e-01 -1.427861e+00 -6.625355e-01
      vertex -9.256844e-01 -1.438304e+00 -4.696153e-01
      vertex -6.609384e-01 -1.481938e+00 -4.696153e-01
    endloop
  endfacet
  facet normal 1.623370e-01 9.849714e-01 5.897561e-02
    outer loop
      vertex -9.189631e-01 -1.427861e+00 -6.625355e-01
      vertex -6.609384e-01 -1.481938e+00 -4.696153e-01
      vertex -6.561394e-01 -1.471178e+00 -6.625355e-01
    endloop
  endfacet
  facet normal 2.181708e-02 9.981802e-01 5.621681e-02
    outer loop
      vertex -6.561394e-01 -1.471178e+00 -6.625355e-01
      vertex -6.609384e-01 -1.481938e+00 -4.696153e-01
      vertex 1.170937e-08 -1.496384e+00 -4.696153e-01
    endloop
  endfacet
  facet normal 2.181708e-02 9.981802e-01 5.621681e-02
    outer loop
      vertex -6.561394e-01 -1.471178e+00 -6.625355e-01
      vertex 1.170937e-08 -1.496384e+00 -4.696153e-01
      vertex 1.162435e-08 -1.485519e+00 -6.625355e-01
    endloop
  endfacet
  facet normal -2.181708e-02 9.981802e-01 5.621681e-02
    outer loop
      vertex 1.162435e-08 -1.485519e+00 -6.625355e-01
      vertex 1.170937e-08 -1.496384e+00 -4.696153e-01
      vertex 6.609384e-01 -1.481938e+00 -4.696153e-01
    endloop
  endfacet
  facet normal -2.181708e-02 9.981802e-01 5.621681e-02
    outer loop
      vertex 1.162435e-08 -1.485519e+00 -6.625355e-01
      vertex 6.609384e-01 -1.481938e+00 -4.696153e-01
      vertex 6.561394e-01 -1.471178e+00 -6.625355e-01
    endloop
  endfacet
  facet normal -1.623370e-01 9.849714e-01 5.897561e-02
    outer loop
      vertex 6.561394e-01 -1.471178e+00 -6.625355e-01
      vertex 6.609384e-01 -1.481938e+00 -4.696153e-01
      vertex 9.256844e-01 -1.438304e+00 -4.696153e-01
    endloop
  endfacet
  facet normal -1.623370e-01 9.849714e-01 5.897561e-02
    outer loop
      vertex 6.561394e-01 -1.471178e+00 -6.625355e-01
      vertex 9.256844e-01 -1.438304e+00 -4.696153e-01
      vertex 9.189631e-01 -1.427861e+00 -6.625355e-01
    endloop
  endfacet
  facet normal -3.620117e-01 9.300450e-01 6.295891e-02
    outer loop
      vertex 9.189631e-01 -1.427861e+00 -6.625355e-01
      vertex 9.256844e-01 -1.438304e+00 -4.696153e-01
      vertex 1.115354e+00 -1.364477e+00 -4.696153e-01
    endloop
  endfacet
  facet normal -3.620117e-01 9.300450e-01 6.295891e-02
    outer loop
      vertex 9.189631e-01 -1.427861e+00 -6.625355e-01
      vertex 1.115354e+00 -1.364477e+00 -4.696153e-01
      vertex 1.107255e+00 -1.354570e+00 -6.625355e-01
    endloop
  endfacet
  facet normal -5.949522e-01 8.010375e-01 6.611225e-02
    outer loop
      vertex 1.107255e+00 -1.354570e+00 -6.625355e-01
      vertex 1.115354e+00 -1.364477e+00 -4.696153e-01
      vertex 1.258304e+00 -1.258304e+00 -4.696153e-01
    endloop
  endfacet
  facet normal -5.949522e-01 8.010375e-01 6.611225e-02
    outer loop
      vertex 1.107255e+00 -1.354570e+00 -6.625355e-01
      vertex 1.258304e+00 -1.258304e+00 -4.696153e-01
      vertex 1.249168e+00 -1.249168e+00 -6.625355e-01
    endloop
  endfacet
  facet normal -8.010375e-01 5.949522e-01 6.611225e-02
    outer loop
      vertex 1.249168e+00 -1.249168e+00 -6.625355e-01
      vertex 1.258304e+00 -1.258304e+00 -4.696153e-01
      vertex 1.364477e+00 -1.115354e+00 -4.696153e-01
    endloop
  endfacet
  facet normal -8.010375e-01 5.949522e-01 6.611225e-02
    outer loop
      vertex 1.249168e+00 -1.249168e+00 -6.625355e-01
      vertex 1.364477e+00 -1.115354e+00 -4.696153e-01
      vertex 1.354570e+00 -1.107255e+00 -6.625355e-01
    endloop
  endfacet
  facet normal -9.300450e-01 3.620117e-01 6.295891e-02
    outer loop
      vertex 1.354570e+00 -1.107255e+00 -6.625355e-01
      vertex 1.364477e+00 -1.115354e+00 -4.696153e-01
      vertex 1.438304e+00 -9.256844e-01 -4.696153e-01
    endloop
  endfacet
  facet normal -9.300450e-01 3.620117e-01 6.295891e-02
    outer loop
      vertex 1.354570e+00 -1.107255e+00 -6.625355e-01
      vertex 1.438304e+00 -9.256844e-01 -4.696153e-01
      vertex 1.427861e+00 -9.189631e-01 -6.625355e-01
    endloop
  endfacet
  facet normal -9.849714e-01 1.623370e-01 5.897561e-02
    outer loop
      vertex 1.427861e+00 -9.189631e-01 -6.625355e-01
      vertex 1.438304e+00 -9.256844e-01 -4.696153e-01
      vertex 1.481938e+00 -6.609384e-01 -4.696153e-01
    endloop
  endfacet
  facet normal -9.849714e-01 1.623370e-01 5.897561e-02
    outer loop
      vertex 1.427861e+00 -9.189631e-01 -6.625355e-01
      vertex 1.481938e+00 -6.609384e-01 -4.696153e-01
      vertex 1.471178e+00 -6.561394e-01 -6.625355e-01
    endloop
  endfacet
  facet normal -9.981802e-01 2.181708e-02 5.621681e-02
    outer loop
      vertex 1.471178e+00 -6.561394e-01 -6.625355e-01
      vertex 1.481938e+00 -6.609384e-01 -4.696153e-01
      vertex 1.496384e+00 0.000000e+00 -4.696153e-01
    endloop
  endfacet
  facet normal -9.981802e-01 2.181708e-02 5.621681e-02
    outer loop
      vertex 1.471178e+00 -6.561394e-01 -6.625355e-01
      vertex 1.496384e+00 0.000000e+00 -4.696153e-01
      vertex 1.485519e+00 0.000000e+00 -6.625355e-01
    endloop
  endfacet
  facet normal -9.981802e-01 -2.181708e-02 5.621681e-02
    outer loop
      vertex 1.485519e+00 0.000000e+00 -6.625355e-01
      vertex 1.496384e+00 0.000000e+00 -4.696153e-01
      vertex 1.481938e+00 6.609384e-01 -4.696153e-01
    endloop
  endfacet
  facet normal -9.981802e-01 -2.181708e-02 5.621681e-02
    outer loop
      vertex 1.485519e+00 0.000000e+00 -6.625355e-01
      vertex 1.481938e+00 6.609384e-01 -4.696153e-01
      vertex 1.471178e+00 6.561394e-01 -6.625355e-01
    endloop
  endfacet
  facet normal -9.849714e-01 -1.623370e-01 5.897561e-02
    outer loop
      vertex 1.471178e+00 6.561394e-01 -6.625355e-01
      vertex 1.481938e+00 6.609384e-01 -4.696153e-01
      vertex 1.438304e+00 9.256844e-01 -4.696153e-01
    endloop
  endfacet
  facet normal -9.849714e-01 -1.623370e-01 5.897561e-02
    outer loop
      vertex 1.471178e+00 6.561394e-01 -6.625355e-01
      vertex 1.438304e+00 9.256844e-01 -4.696153e-01
      vertex 1.427861e+00 9.189631e-01 -6.625355e-01
    endloop
  endfacet
  facet normal -9.300450e-01 -3.620117e-01 6.295891e-02
    outer loop
      vertex 1.427861e+00 9.189631e-01 -6.625355e-01
      vertex 1.438304e+00 9.256844e-01 -4.696153e-01
      vertex 1.364477e+00 1.115354e+00 -4.696153e-01
    endloop
  endfacet
  facet normal -9.300450e-01 -3.620117e-01 6.295891e-02
    outer loop
      vertex 1.427861e+00 9.189631e-01 -6.625355e-01
      vertex 1.364477e+00 1.115354e+00 -4.696153e-01
      vertex 1.354570e+00 1.107255e+00 -6.625355e-01
    endloop
  endfacet
  facet normal -8.010375e-01 -5.949522e-01 6.611225e-02
    outer loop
      vertex 1.354570e+00 1.107255e+00 -6.625355e-01
      vertex 1.364477e+00 1.115354e+00 -4.696153e-01
      vertex 1.258304e+00 1.258304e+00 -4.696153e-01
    endloop
  endfacet
  facet normal -8.010375e-01 -5.949522e-01 6.611225e-02
    outer loop
      vertex 1.354570e+00 1.107255e+00 -6.625355e-01
      vertex 1.258304e+00 1.258304e+00 -4.696153e-01
      vertex 1.249168e+00 1.249168e+00 -6.625355e-01
    endloop
  endfacet
  facet normal -5.949522e-01 -8.010375e-01 6.611225e-02
    outer loop
      vertex 1.249168e+00 1.249168e+00 -6.625355e-01
      vertex 1.258304e+00 1.258304e+00 -4.696153e-01
      vertex 1.115354e+00 1.364477e+00 -4.696153e-01
    endloop
  endfacet
  facet normal -5.949522e-01 -8.010375e-01 6.611225e-02
    outer loop
      vertex 1.249168e+00 1.249168e+00 -6.625355e-01
      vertex 1.115354e+00 1.364477e+00 -4.696153e-01
      vertex 1.107255e+00 1.354570e+00 -6.625355e-01
    endloop
  endfacet
  facet normal -3.620117e-01 -9.300450e-01 6.295891e-02
    outer loop
      vertex 1.107255e+00 1.354570e+00 -6.625355e-01
      vertex 1.115354e+00 1.364477e+00 -4.696153e-01
      vertex 9.256844e-01 1.438304e+00 -4.696153e-01
    endloop
  endfacet
  facet normal -3.620117e-01 -9.300450e-01 6.295891e-02
    outer loop
      vertex 1.107255e+00 1.354570e+00 -6.625355e-01
      vertex 9.256844e-01 1.438304e+00 -4.696153e-01
      vertex 9.189631e-01 1.427861e+00 -6.625355e-01
    endloop
  endfacet
  facet normal -1.623370e-01 -9.849714e-01 5.897561e-02
    outer loop
      vertex 9.189631e-01 1.427861e+00 -6.625355e-01
      vertex 9.256844e-01 1.438304e+00 -4.696153e-01
      vertex 6.609384e-01 1.481938e+00 -4.696153e-01
    endloop
  endfacet
  facet normal -1.623370e-01 -9.849714e-01 5.897561e-02
    outer loop
      vertex 9.189631e-01 1.427861e+00 -6.625355e-01
      vertex 6.609384e-01 1.481938e+00 -4.696153e-01
      vertex 6.561394e-01 1.471178e+00 -6.625355e-01
    endloop
  endfacet
  facet normal -2.181708e-02 -9.981802e-01 5.621681e-02
    outer loop
      vertex 6.561394e-01 1.471178e+00 -6.625355e-01
      vertex 6.609384e-01 1.481938e+00 -4.696153e-01
      vertex 1.170937e-08 1.496384e+00 -4.696153e-01
    endloop
  endfacet
  facet normal -2.181708e-02 -9.981802e-01 5.621681e-02
    outer loop
      vertex 6.561394e-01 1.471178e+00 -6.625355e-01
      vertex 1.170937e-08 1.496384e+00 -4.696153e-01
      vertex 1.162435e-08 1.485519e+00 -6.625355e-01
    endloop
  endfacet
  facet normal 2.181708e-02 -9.981802e-01 5.621681e-02
    outer loop
      vertex 1.162435e-08 1.485519e+00 -6.625355e-01
      vertex 1.170937e-08 1.496384e+00 -4.696153e-01
      vertex -6.609384e-01 1.481938e+00 -4.696153e-01
    endloop
  endfacet
  facet normal 2.181708e-02 -9.981802e-01 5.621681e-02
    outer loop
      vertex 1.162435e-08 1.485519e+00 -6.625355e-01
      vertex -6.609384e-01 1.481938e+00 -4.696153e-01
      vertex -6.561394e-01 1.471178e+00 -6.625355e-01
    endloop
  endfacet
  facet normal 1.623370e-01 -9.849714e-01 5.897561e-02
    outer loop
      vertex -6.561394e-01 1.471178e+00 -6.625355e-01
      vertex -6.609384e-01 1.481938e+00 -4.696153e-01
      vertex -9.256844e-01 1.438304e+00 -4.696153e-01
    endloop
  endfacet
  facet normal 1.623370e-01 -9.849714e-01 5.897561e-02
    outer loop
      vertex -6.561394e-01 1.471178e+00 -6.625355e-01
      vertex -9.256844e-01 1.438304e+00 -4.696153e-01
      vertex -9.189631e-01 1.427861e+00 -6.625355e-01
    endloop
  endfacet
  facet normal 3.620117e-01 -9.300450e-01 6.295891e-02
    outer loop
      vertex -9.189631e-01 1.427861e+00 -6.625355e-01
      vertex -9.256844e-01 1.438304e+00 -4.696153e-01
      vertex -1.115354e+00 1.364477e+00 -4.696153e-01
    endloop
  endfacet
  facet normal 3.620117e-01 -9.300450e-01 6.295891e-02
    outer loop
      vertex -9.189631e-01 1.427861e+00 -6.625355e-01
      vertex -1.115354e+00 1.364477e+00 -4.696153e-01
      vertex -1.107255e+00 1.354570e+00 -6.625355e-01
    endloop
  endfacet
  facet normal 5.949522e-01 -8.010375e-01 6.611225e-02
    outer loop
      vertex -1.107255e+00 1.354570e+00 -6.625355e-01
      vertex -1.115354e+00 1.364477e+00 -4.696153e-01
      vertex -1.258304e+00 1.258304e+00 -4.696153e-01
    endloop
  endfacet
  facet normal 5.949522e-01 -8.010375e-01 6.611225e-02
    outer loop
      vertex -1.107255e+00 1.354570e+00 -6.625355e-01
      vertex -1.258304e+00 1.258304e+00 -4.696153e-01
      vertex -1.249168e+00 1.249168e+00 -6.625355e-01
    endloop
  endfacet
  facet normal 8.010375e-01 -5.949522e-01 6.611225e-02
    outer loop
      vertex -1.249168e+00 1.249168e+00 -6.625355e-01
      vertex -1.258304e+00 1.258304e+00 -4.696153e-01
      vertex -1.364477e+00 1.115354e+00 -4.696153e-01
    endloop
  endfacet
  facet normal 8.010375e-01 -5.949522e-01 6.611225e-02
    outer loop
      vertex -1.249168e+00 1.249168e+00 -6.625355e-01
      vertex -1.364477e+00 1.115354e+00 -4.696153e-01
      vertex -1.354570e+00 1.107255e+00 -6.625355e-01
    endloop
  endfacet
  facet normal 9.300450e-01 -3.620117e-01 6.295891e-02
    outer loop
      vertex -1.354570e+00 1.107255e+00 -6.625355e-01
      vertex -1.364477e+00 1.115354e+00 -4.696153e-01
      vertex -1.438304e+00 9.256844e-01 -4.696153e-01
    endloop
  endfacet
  facet normal 9.300450e-01 -3.620117e-01 6.295891e-02
    outer loop
      vertex -1.354570e+00 1.107255e+00 -6.625355e-01
      vertex -1.438304e+00 9.256844e-01 -4.696153e-01
      vertex -1.427861e+00 9.189631e-01 -6.625355e-01
    endloop
  endfacet
  facet normal 9.849714e-01 -1.623370e-01 5.897561e-02
    outer loop
      vertex -1.427861e+00 9.189631e-01 -6.625355e-01
      vertex -1.438304e+00 9.256844e-01 -4.696153e-01
      vertex -1.481938e+00 6.609384e-01 -4.696153e-01
    endloop
  endfacet
  facet normal 9.849714e-01 -1.623370e-01 5.897561e-02
    outer loop
      vertex -1.427861e+00 9.189631e-01 -6.625355e-01
      vertex -1.481938e+00 6.609384e-01 -4.696153e-01
      vertex -1.471178e+00 6.561394e-01 -6.625355e-01
    endloop
  endfacet
  facet normal 9.981802e-01 -2.181708e-02 5.621681e-02
    outer loop
      vertex -1.471178e+00 6.561394e-01 -6.625355e-01
      vertex -1.481938e+00 6.609384e-01 -4.696153e-01
      vertex -1.496384e+00 -1.655955e-08 -4.696153e-01
    endloop
  endfacet
  facet normal 9.981802e-01 -2.181708e-02 5.621681e-02
    outer loop
      vertex -1.471178e+00 6.561394e-01 -6.625355e-01
      vertex -1.496384e+00 -1.655955e-08 -4.696153e-01
      vertex -1.485519e+00 -1.643931e-08 -6.625355e-01
    endloop
  endfacet
  facet normal 9.997316e-01 2.185099e-02 7.697454e-03
    outer loop
      vertex -1.496384e+00 -1.655955e-08 -4.696153e-01
      vertex -1.500000e+00 -1.659956e-08 0.000000e+00
      vertex -1.485519e+00 -6.625355e-01 0.000000e+00
    endloop
  endfacet
  facet normal 9.997316e-01 2.185099e-02 7.697454e-03
    outer loop
      vertex -1.496384e+00 -1.655955e-08 -4.696153e-01
      vertex -1.485519e+00 -6.625355e-01 0.000000e+00
      vertex -1.481938e+00 -6.609384e-01 -4.696153e-01
    endloop
  endfacet
  facet normal 9.866566e-01 1.626148e-01 8.076465e-03
    outer loop
      vertex -1.481938e+00 -6.609384e-01 -4.696153e-01
      vertex -1.485519e+00 -6.625355e-01 0.000000e+00
      vertex -1.441780e+00 -9.279212e-01 0.000000e+00
    endloop
  endfacet
  facet normal 9.866566e-01 1.626148e-01 8.076465e-03
    outer loop
      vertex -1.481938e+00 -6.609384e-01 -4.696153e-01
      vertex -1.441780e+00 -9.279212e-01 0.000000e+00
      vertex -1.438304e+00 -9.256844e-01 -4.696153e-01
    endloop
  endfacet
  facet normal 9.318591e-01 3.627178e-01 8.624024e-03
    outer loop
      vertex -1.438304e+00 -9.256844e-01 -4.696153e-01
      vertex -1.441780e+00 -9.279212e-01 0.000000e+00
      vertex -1.367774e+00 -1.118049e+00 0.000000e+00
    endloop
  endfacet
  facet normal 9.318591e-01 3.627178e-01 8.624024e-03
    outer loop
      vertex -1.438304e+00 -9.256844e-01 -4.696153e-01
      vertex -1.367774e+00 -1.118049e+00 0.000000e+00
      vertex -1.364477e+00 -1.115354e+00 -4.696153e-01
    endloop
  endfacet
  facet normal 8.027609e-01 5.962322e-01 9.057780e-03
    outer loop
      vertex -1.364477e+00 -1.115354e+00 -4.696153e-01
      vertex -1.367774e+00 -1.118049e+00 0.000000e+00
      vertex -1.261345e+00 -1.261345e+00 0.000000e+00
    endloop
  endfacet
  facet normal 8.027609e-01 5.962322e-01 9.057780e-03
    outer loop
      vertex -1.364477e+00 -1.115354e+00 -4.696153e-01
      vertex -1.261345e+00 -1.261345e+00 0.000000e+00
      vertex -1.258304e+00 -1.258304e+00 -4.696153e-01
    endloop
  endfacet
  facet normal 5.962322e-01 8.027609e-01 9.057780e-03
    outer loop
      vertex -1.258304e+00 -1.258304e+00 -4.696153e-01
      vertex -1.261345e+00 -1.261345e+00 0.000000e+00
      vertex -1.118049e+00 -1.367774e+00 0.000000e+00
    endloop
  endfacet
  facet normal 5.962322e-01 8.027609e-01 9.057780e-03
    outer loop
      vertex -1.258304e+00 -1.258304e+00 -4.696153e-01
      vertex -1.118049e+00 -1.367774e+00 0.000000e+00
      vertex -1.115354e+00 -1.364477e+00 -4.696153e-01
    endloop
  endfacet
  facet normal 3.627178e-01 9.318591e-01 8.624024e-03
    outer loop
      vertex -1.115354e+00 -1.364477e+00 -4.696153e-01
      vertex -1.118049e+00 -1.367774e+00 0.000000e+00
      vertex -9.279212e-01 -1.441780e+00 0.000000e+00
    endloop
  endfacet
  facet normal 3.627178e-01 9.318591e-01 8.624024e-03
    outer loop
      vertex -1.115354e+00 -1.364477e+00 -4.696153e-01
      vertex -9.279212e-01 -1.441780e+00 0.000000e+00
      vertex -9.256844e-01 -1.438304e+00 -4.696153e-01
    endloop
  endfacet
  facet normal 1.626148e-01 9.866566e-01 8.076465e-03
    outer loop
      vertex -9.256844e-01 -1.438304e+00 -4.696153e-01
      vertex -9.279212e-01 -1.441780e+00 0.000000e+00
      vertex -6.625355e-01 -1.485519e+00 0.000000e+00
    endloop
  endfacet
  facet normal 1.626148e-01 9.866566e-01 8.076465e-03
    outer loop
      vertex -9.256844e-01 -1.438304e+00 -4.696153e-01
      vertex -6.625355e-01 -1.485519e+00 0.000000e+00
      vertex -6.609384e-01 -1.481938e+00 -4.696153e-01
    endloop
  endfacet
  facet normal 2.185098e-02 9.997316e-01 7.697454e-03
    outer loop
      vertex -6.609384e-01 -1.481938e+00 -4.696153e-01
      vertex -6.625355e-01 -1.485519e+00 0.000000e+00
      vertex 1.173766e-08 -1.500000e+00 0.000000e+00
    endloop
  endfacet
  facet normal 2.185098e-02 9.997316e-01 7.697454e-03
    outer loop
      vertex -6.609384e-01 -1.481938e+00 -4.696153e-01
      vertex 1.173766e-08 -1.500000e+00 0.000000e+00
      vertex 1.170937e-08 -1.496384e+00 -4.696153e-01
    endloop
  endfacet
  facet normal -2.185099e-02 9.997316e-01 7.697454e-03
    outer loop
      vertex 1.170937e-08 -1.496384e+00 -4.696153e-01
      vertex 1.173766e-08 -1.500000e+00 0.000000e+00
      vertex 6.625355e-01 -1.485519e+00 0.000000e+00
    endloop
  endfacet
  facet normal -2.185099e-02 9.997316e-01 7.697454e-03
    outer loop
      vertex 1.170937e-08 -1.496384e+00 -4.696153e-01
      vertex 6.625355e-01 -1.485519e+00 0.000000e+00
      vertex 6.609384e-01 -1.481938e+00 -4.696153e-01
    endloop
  endfacet
  facet normal -1.626148e-01 9.866566e-01 8.076465e-03
    outer loop
      vertex 6.609384e-01 -1.481938e+00 -4.696153e-01
      vertex 6.625355e-01 -1.485519e+00 0.000000e+00
      vertex 9.279212e-01 -1.441780e+00 0.000000e+00
    endloop
  endfacet
  facet normal -1.626148e-01 9.866566e-01 8.076465e-03
    outer loop
      vertex 6.609384e-01 -1.481938e+00 -4.696153e-01
      vertex 9.279212e-01 -1.441780e+00 0.000000e+00
      vertex 9.256844e-01 -1.438304e+00 -4.696153e-01
    endloop
  endfacet
  facet normal -3.627178e-01 9.318591e-01 8.624024e-03
    outer loop
      vertex 9.256844e-01 -1.438304e+00 -4.696153e-01
      vertex 9.279212e-01 -1.441780e+00 0.000000e+00
      vertex 1.118049e+00 -1.367774e+00 0.000000e+00
    endloop
  endfacet
  facet normal -3.627178e-01 9.318591e-01 8.624024e-03
    outer loop
      vertex 9.256844e-01 -1.438304e+00 -4.696153e-01
      vertex 1.118049e+00 -1.367774e+00 0.000000e+00
      vertex 1.115354e+00 -1.364477e+00 -4.696153e-01
    endloop
  endfacet
  facet normal -5.962322e-01 8.027609e-01 9.057780e-03
    outer loop
      vertex 1.115354e+00 -1.364477e+00 -4.696153e-01
      vertex 1.118049e+00 -1.367774e+00 0.000000e+00
      vertex 1.261345e+00 -1.261345e+00 0.000000e+00
    endloop
  endfacet
  facet normal -5.962322e-01 8.027609e-01 9.057780e-03
    outer loop
      vertex 1.115354e+00 -1.364477e+00 -4.696153e-01
      vertex 1.261345e+00 -1.261345e+00 0.000000e+00
      vertex 1.258304e+00 -1.258304e+00 -4.696153e-01
    endloop
  endfacet
  facet normal -8.027609e-01 5.962322e-01 9.057780e-03
    outer loop
      vertex 1.258304e+00 -1.258304e+00 -4.696153e-01
      vertex 1.261345e+00 -1.261345e+00 0.000000e+00
      vertex 1.367774e+00 -1.118049e+00 0.000000e+00
    endloop
  endfacet
  facet normal -8.027609e-01 5.962322e-01 9.057780e-03
    outer loop
      vertex 1.258304e+00 -1.258304e+00 -4.696153e-01
      vertex 1.367774e+00 -1.118049e+00 0.000000e+00
      vertex 1.364477e+00 -1.115354e+00 -4.696153e-01
    endloop
  endfacet
  facet normal -9.318591e-01 3.627178e-01 8.624024e-03
    outer loop
      vertex 1.364477e+00 -1.115354e+00 -4.696153e-01
      vertex 1.367774e+00 -1.118049e+00 0.000000e+00
      vertex 1.441780e+00 -9.279212e-01 0.000000e+00
    endloop
  endfacet
  facet normal -9.318591e-01 3.627178e-01 8.624024e-03
    outer loop
      vertex 1.364477e+00 -1.115354e+00 -4.696153e-01
      vertex 1.441780e+00 -9.279212e-01 0.000000e+00
      vertex 1.438304e+00 -9.256844e-01 -4.696153e-01
    endloop
  endfacet
  facet normal -9.866566e-01 1.626148e-01 8.076465e-03
    outer loop
      vertex 1.438304e+00 -9.256844e-01 -4.696153e-01
      vertex 1.441780e+00 -9.279212e-01 0.000000e+00
      vertex 1.485519e+00 -6.625355e-01 0.000000e+00
    endloop
  endfacet
  facet normal -9.866566e-01 1.626148e-01 8.076465e-03
    outer loop
      vertex 1.438304e+00 -9.256844e-01 -4.696153e-01
      vertex 1.485519e+00 -6.625355e-01 0.000000e+00
      vertex 1.481938e+00 -6.609384e-01 -4.696153e-01
    endloop
  endfacet
  facet normal -9.997316e-01 2.185099e-02 7.697454e-03
    outer loop
      vertex 1.481938e+00 -6.609384e-01 -4.696153e-01
      vertex 1.485519e+00 -6.625355e-01 0.000000e+00
      vertex 1.500000e+00 0.000000e+00 0.000000e+00
    endloop
  endfacet
  facet normal -9.997316e-01 2.185099e-02 7.697454e-03
    outer loop
      vertex 1.481938e+00 -6.609384e-01 -4.696153e-01
      vertex 1.500000e+00 0.000000e+00 0.000000e+00
      vertex 1.496384e+00 0.000000e+00 -4.696153e-01
    endloop
  endfacet
  facet normal -9.997316e-01 -2.185099e-02 7.697454e-03
    outer loop
      vertex 1.496384e+00 0.000000e+00 -4.696153e-01
      vertex 1.500000e+00 0.000000e+00 0.000000e+00
      vertex 1.485519e+00 6.625355e-01 0.000000e+00
    endloop
  endfacet
  facet normal -9.997316e-01 -2.185099e-02 7.697454e-03
    outer loop
      vertex 1.496384e+00 0.000000e+00 -4.696153e-01
      vertex 1.485519e+00 6.625355e-01 0.000000e+00
      vertex 1.481938e+00 6.609384e-01 -4.696153e-01
    endloop
  endfacet
  facet normal -9.866566e-01 -1.626148e-01 8.076465e-03
    outer loop
      vertex 1.481938e+00 6.609384e-01 -4.696153e-01
      vertex 1.485519e+00 6.625355e-01 0.000000e+00
      vertex 1.441780e+00 9.279212e-01 0.000000e+00
    endloop
  endfacet
  facet normal -9.866566e-01 -1.626148e-01 8.076465e-03
    outer loop
      vertex 1.481938e+00 6.609384e-01 -4.696153e-01
      vertex 1.441780e+00 9.279212e-01 0.000000e+00
      vertex 1.438304e+00 9.256844e-01 -4.696153e-01
    endloop
  endfacet
  facet normal -9.318591e-01 -3.627178e-01 8.624024e-03
    outer loop
      vertex 1.438304e+00 9.256844e-01 -4.696153e-01
      vertex 1.441780e+00 9.279212e-01 0.000000e+00
      vertex 1.367774e+00 1.118049e+00 0.000000e+00
    endloop
  endfacet
  facet normal -9.318591e-01 -3.627178e-01 8.624024e-03
    outer loop
      vertex 1.438304e+00 9.256844e-01 -4.696153e-01
      vertex 1.367774e+00 1.118049e+00 0.000000e+00
      vertex 1.364477e+00 1.115354e+00 -4.696153e-01
    endloop
  endfacet
  facet normal -8.027609e-01 -5.962322e-01 9.057780e-03
    outer loop
      vertex 1.364477e+00 1.115354e+00 -4.696153e-01
      vertex 1.367774e+00 1.118049e+00 0.000000e+00
      vertex 1.261345e+00 1.261345e+00 0.000000e+00
    endloop
  endfacet
  facet normal -8.027609e-01 -5.962322e-01 9.057780e-03
    outer loop
      vertex 1.364477e+00 1.115354e+00 -4.696153e-01
      vertex 1.261345e+00 1.261345e+00 0.000000e+00
      vertex 1.258304e+00 1.258304e+00 -4.696153e-01
    endloop
  endfacet
  facet normal -5.962322e-01 -8.027609e-01 9.057780e-03
    outer loop
      vertex 1.258304e+00 1.258304e+00 -4.696153e-01
      vertex 1.261345e+00 1.261345e+00 0.000000e+00
      vertex 1.118049e+00 1.367774e+00 0.000000e+00
    endloop
  endfacet
  facet normal -5.962322e-01 -8.027609e-01 9.057780e-03
    outer loop
      vertex 1.258304e+00 1.258304e+00 -4.696153e-01
      vertex 1.118049e+00 1.367774e+00 0.000000e+00
      vertex 1.115354e+00 1.364477e+00 -4.696153e-01
    endloop
  endfacet
  facet normal -3.627178e-01 -9.318591e-01 8.624024e-03
    outer loop
      vertex 1.115354e+00 1.364477e+00 -4.696153e-01
      vertex 1.118049e+00 1.367774e+00 0.000000e+00
      vertex 9.279212e-01 1.441780e+00 0.000000e+00
    endloop
  endfacet
  facet normal -3.627178e-01 -9.318591e-01 8.624024e-03
    outer loop
      vertex 1.115354e+00 1.364477e+00 -4.696153e-01
      vertex 9.279212e-01 1.441780e+00 0.000000e+00
      vertex 9.256844e-01 1.438304e+00 -4.696153e-01
    endloop
  endfacet
  facet normal -1.626148e-01 -9.866566e-01 8.076465e-03
    outer loop
      vertex 9.256844e-01 1.438304e+00 -4.696153e-01
      vertex 9.279212e-01 1.441780e+00 0.000000e+00
      vertex 6.625355e-01 1.485519e+00 0.000000e+00
    endloop
  endfacet
  facet normal -1.626148e-01 -9.866566e-01 8.076465e-03
    outer loop
      vertex 9.256844e-01 1.438304e+00 -4.696153e-01
      vertex 6.625355e-01 1.485519e+00 0.000000e+00
      vertex 6.609384e-01 1.481938e+00 -4.696153e-01
    endloop
  endfacet
  facet normal -2.185099e-02 -9.997316e-01 7.697454e-03
    outer loop
      vertex 6.609384e-01 1.481938e+00 -4.696153e-01
      vertex 6.625355e-01 1.485519e+00 0.000000e+00
      vertex 1.173766e-08 1.500000e+00 0.000000e+00
    endloop
  endfacet
  facet normal -2.185099e-02 -9.997316e-01 7.697454e-03
    outer loop
      vertex 6.609384e-01 1.481938e+00 -4.696153e-01
      vertex 1.173766e-08 1.500000e+00 0.000000e+00
      vertex 1.170937e-08 1.496384e+00 -4.696153e-01
    endloop
  endfacet
  facet normal 2.185098e-02 -9.997316e-01 7.697454e-03
    outer loop
      vertex 1.170937e-08 1.496384e+00 -4.696153e-01
      vertex 1.173766e-08 1.500000e+00 0.000000e+00
      vertex -6.625355e-01 1.485519e+00 0.000000e+00
    endloop
  endfacet
  facet normal 2.185098e-02 -9.997316e-01 7.697454e-03
    outer loop
      vertex 1.170937e-08 1.496384e+00 -4.696153e-01
      vertex -6.625355e-01 1.485519e+00 0.000000e+00
      vertex -6.609384e-01 1.481938e+00 -4.696153e-01
    endloop
  endfacet
  facet normal 1.626148e-01 -9.866566e-01 8.076465e-03
    outer loop
      vertex -6.609384e-01 1.481938e+00 -4.696153e-01
      vertex -6.625355e-01 1.485519e+00 0.000000e+00
      vertex -9.279212e-01 1.441780e+00 0.000000e+00
    endloop
  endfacet
  facet normal 1.626148e-01 -9.866566e-01 8.076465e-03
    outer loop
      vertex -6.609384e-01 1.481938e+00 -4.696153e-01
      vertex -9.279212e-01 1.441780e+00 0.000000e+00
      vertex -9.256844e-01 1.438304e+00 -4.696153e-01
    endloop
  endfacet
  facet normal 3.627178e-01 -9.318591e-01 8.624024e-03
    outer loop
      vertex -9.256844e-01 1.438304e+00 -4.696153e-01
      vertex -9.279212e-01 1.441780e+00 0.000000e+00
      vertex -1.118049e+00 1.367774e+00 0.000000e+00
    endloop
  endfacet
  facet normal 3.627178e-01 -9.318591e-01 8.624024e-03
    outer loop
      vertex -9.256844e-01 1.438304e+00 -4.696153e-01
      vertex -1.118049e+00 1.367774e+00 0.000000e+00
      vertex -1.115354e+00 1.364477e+00 -4.696153e-01
    endloop
  endfacet
  facet normal 5.962322e-01 -8.027609e-01 9.057780e-03
    outer loop
      vertex -1.115354e+00 1.364477e+00 -4.696153e-01
      vertex -1.118049e+00 1.367774e+00 0.000000e+00
      vertex -1.261345e+00 1.261345e+00 0.000000e+00
    endloop
  endfacet
  facet normal 5.962322e-01 -8.027609e-01 9.057780e-03
    outer loop
      vertex -1.115354e+00 1.364477e+00 -4.696153e-01
      vertex -1.261345e+00 1.261345e+00 0.000000e+00
      vertex -1.258304e+00 1.258304e+00 -4.696153e-01
    endloop
  endfacet
  facet normal 8.027609e-01 -5.962322e-01 9.057780e-03
    outer loop
      vertex -1.258304e+00 1.258304e+00 -4.696153e-01
      vertex -1.261345e+00 1.261345e+00 0.000000e+00
      vertex -1.367774e+00 1.118049e+00 0.000000e+00
    endloop
  endfacet
  facet normal 8.027609e-01 -5.962322e-01 9.057780e-03
    outer loop
      vertex -1.258304e+00 1.258304e+00 -4.696153e-01
      vertex -1.367774e+00 1.118049e+00 0.000000e+00
      vertex -1.364477e+00 1.115354e+00 -4.696153e-01
    endloop
  endfacet
  facet normal 9.318591e-01 -3.627178e-01 8.624024e-03
    outer loop
      vertex -1.364477e+00 1.115354e+00 -4.696153e-01
      vertex -1.367774e+00 1.118049e+00 0.000000e+00
      vertex -1.441780e+00 9.279212e-01 0.000000e+00
    endloop
  endfacet
  facet normal 9.318591e-01 -3.627178e-01 8.624024e-03
    outer loop
      vertex -1.364477e+00 1.115354e+00 -4.696153e-01
      vertex -1.441780e+00 9.279212e-01 0.000000e+00
      vertex -1.438304e+00 9.256844e-01 -4.696153e-01
    endloop
  endfacet
  facet normal 9.866566e-01 -1.626148e-01 8.076465e-03
    outer loop
      vertex -1.438304e+00 9.256844e-01 -4.696153e-01
      vertex -1.441780e+00 9.279212e-01 0.000000e+00
      vertex -1.485519e+00 6.625355e-01 0.000000e+00
    endloop
  endfacet
  facet normal 9.866566e-01 -1.626148e-01 8.076465e-03
    outer loop
      vertex -1.438304e+00 9.256844e-01 -4.696153e-01
      vertex -1.485519e+00 6.625355e-01 0.000000e+00
      vertex -1.481938e+00 6.609384e-01 -4.696153e-01
    endloop
  endfacet
  facet normal 9.997316e-01 -2.185098e-02 7.697454e-03
    outer loop
      vertex -1.481938e+00 6.609384e-01 -4.696153e-01
      vertex -1.485519e+00 6.625355e-01 0.000000e+00
      vertex -1.500000e+00 -1.659956e-08 0.000000e+00
    endloop
  endfacet
  facet normal 9.997316e-01 -2.185098e-02 7.697454e-03
    outer loop
      vertex -1.481938e+00 6.609384e-01 -4.696153e-01
      vertex -1.500000e+00 -1.659956e-08 0.000000e+00
      vertex -1.496384e+00 -1.655955e-08 -4.696153e-01
    endloop
  endfacet
  facet normal 9.997316e-01 2.185099e-02 -7.697454e-03
    outer loop
      vertex -1.500000e+00 -1.659956e-08 0.000000e+00
      vertex -1.496384e+00 -1.655955e-08 4.696153e-01
      vertex -1.481938e+00 -6.609384e-01 4.696153e-01
    endloop
  endfacet
  facet normal 9.997316e-01 2.185099e-02 -7.697454e-03
    outer loop
      vertex -1.500000e+00 -1.659956e-08 0.000000e+00
      vertex -1.481938e+00 -6.609384e-01 4.696153e-01
      vertex -1.485519e+00 -6.625355e-01 0.000000e+00
    endloop
  endfacet
  facet normal 9.866566e-01 1.626148e-01 -8.076465e-03
    outer loop
      vertex -1.485519e+00 -6.625355e-01 0.000000e+00
      vertex -1.481938e+00 -6.609384e-01 4.696153e-01
      vertex -1.438304e+00 -9.256844e-01 4.696153e-01
    endloop
  endfacet
  facet normal 9.866566e-01 1.626148e-01 -8.076465e-03
    outer loop
      vertex -1.485519e+00 -6.625355e-01 0.000000e+00
      vertex -1.438304e+00 -9.256844e-01 4.696153e-01
      vertex -1.441780e+00 -9.279212e-01 0.000000e+00
    endloop
  endfacet
  facet normal 9.318591e-01 3.627178e-01 -8.624024e-03
    outer loop
      vertex -1.441780e+00 -9.279212e-01 0.000000e+00
      vertex -1.438304e+00 -9.256844e-01 4.696153e-01
      vertex -1.364477e+00 -1.115354e+00 4.696153e-01
    endloop
  endfacet
  facet normal 9.318591e-01 3.627178e-01 -8.624024e-03
    outer loop
      vertex -1.441780e+00 -9.279212e-01 0.000000e+00
      vertex -1.364477e+00 -1.115354e+00 4.696153e-01
      vertex -1.367774e+00 -1.118049e+00 0.000000e+00
    endloop
  endfacet
  facet normal 8.027609e-01 5.962322e-01 -9.057780e-03
    outer loop
      vertex -1.367774e+00 -1.118049e+00 0.000000e+00
      vertex -1.364477e+00 -1.115354e+00 4.696153e-01
      vertex -1.258304e+00 -1.258304e+00 4.696153e-01
    endloop
  endfacet
  facet normal 8.027609e-01 5.962322e-01 -9.057780e-03
    outer loop
      vertex -1.367774e+00 -1.118049e+00 0.000000e+00
      vertex -1.258304e+00 -1.258304e+00 4.696153e-01
      vertex -1.261345e+00 -1.261345e+00 0.000000e+00
    endloop
  endfacet
  facet normal 5.962322e-01 8.027609e-01 -9.057780e-03
    outer loop
      vertex -1.261345e+00 -1.261345e+00 0.000000e+00
      vertex -1.258304e+00 -1.258304e+00 4.696153e-01
      vertex -1.115354e+00 -1.364477e+00 4.696153e-01
    endloop
  endfacet
  facet normal 5.962322e-01 8.027609e-01 -9.057780e-03
    outer loop
      vertex -1.261345e+00 -1.261345e+00 0.000000e+00
      vertex -1.115354e+00 -1.364477e+00 4.696153e-01
      vertex -1.118049e+00 -1.367774e+00 0.000000e+00
    endloop
  endfacet
  facet normal 3.627178e-01 9.318591e-01 -8.624024e-03
    outer loop
      vertex -1.118049e+00 -1.367774e+00 0.000000e+00
      vertex -1.115354e+00 -1.364477e+00 4.696153e-01
      vertex -9.256844e-01 -1.438304e+00 4.696153e-01
    endloop
  endfacet
  facet normal 3.627178e-01 9.318591e-01 -8.624024e-03
    outer loop
      vertex -1.118049e+00 -1.367774e+00 0.000000e+00
      vertex -9.256844e-01 -1.438304e+00 4.696153e-01
      vertex -9.279212e-01 -1.441780e+00 0.000000e+00
    endloop
  endfacet
  facet normal 1.626148e-01 9.866566e-01 -8.076465e-03
    outer loop
      vertex -9.279212e-01 -1.441780e+00 0.000000e+00
      vertex -9.256844e-01 -1.438304e+00 4.696153e-01
      vertex -6.609384e-01 -1.481938e+00 4.696153e-01
    endloop
  endfacet
  facet normal 1.626148e-01 9.866566e-01 -8.076465e-03
    outer loop
      vertex -9.279212e-01 -1.441780e+00 0.000000e+00
      vertex -6.609384e-01 -1.481938e+00 4.696153e-01
      vertex -6.625355e-01 -1.485519e+00 0.000000e+00
    endloop
  endfacet
  facet normal 2.185098e-02 9.997316e-01 -7.697454e-03
    outer loop
      vertex -6.625355e-01 -1.485519e+00 0.000000e+00
      vertex -6.609384e-01 -1.481938e+00 4.696153e-01
      vertex 1.170937e-08 -1.496384e+00 4.696153e-01
    endloop
  endfacet
  facet normal 2.185098e-02 9.997316e-01 -7.697454e-03
    outer loop
      vertex -6.625355e-01 -1.485519e+00 0.000000e+00
      vertex 1.170937e-08 -1.496384e+00 4.696153e-01
      vertex 1.173766e-08 -1.500000e+00 0.000000e+00
    endloop
  endfacet
  facet normal -2.185099e-02 9.997316e-01 -7.697454e-03
    outer loop
      vertex 1.173766e-08 -1.500000e+00 0.000000e+00
      vertex 1.170937e-08 -1.496384e+00 4.696153e-01
      vertex 6.609384e-01 -1.481938e+00 4.696153e-01
    endloop
  endfacet
  facet normal -2.185099e-02 9.997316e-01 -7.697454e-03
    outer loop
      vertex 1.173766e-08 -1.500000e+00 0.000000e+00
      vertex 6.609384e-01 -1.481938e+00 4.696153e-01
      vertex 6.625355e-01 -1.485519e+00 0.000000e+00
    endloop
  endfacet
  facet normal -1.626148e-01 9.866566e-01 -8.076465e-03
    outer loop
      vertex 6.625355e-01 -1.485519e+00 0.000000e+00
      vertex 6.609384e-01 -1.481938e+00 4.696153e-01
      vertex 9.256844e-01 -1.438304e+00 4.696153e-01
    endloop
  endfacet
  facet normal -1.626148e-01 9.866566e-01 -8.076465e-03
    outer loop
      vertex 6.625355e-01 -1.485519e+00 0.000000e+00
      vertex 9.256844e-01 -1.438304e+00 4.696153e-01
      vertex 9.279212e-01 -1.441780e+00 0.000000e+00
    endloop
  endfacet
  facet normal -3.627178e-01 9.318591e-01 -8.624024e-03
    outer loop
      vertex 9.279212e-01 -1.441780e+00 0.000000e+00
      vertex 9.256844e-01 -1.438304e+00 4.696153e-01
      vertex 1.115354e+00 -1.364477e+00 4.696153e-01
    endloop
  endfacet
  facet normal -3.627178e-01 9.318591e-01 -8.624024e-03
    outer loop
      vertex 9.279212e-01 -1.441780e+00 0.000000e+00
      vertex 1.115354e+00 -1.364477e+00 4.696153e-01
      vertex 1.118049e+00 -1.367774e+00 0.000000e+00
    endloop
  endfacet
  facet normal -5.962322e-01 8.027609e-01 -9.057780e-03
    outer loop
      vertex 1.118049e+00 -1.367774e+00 0.000000e+00
      vertex 1.115354e+00 -1.364477e+00 4.696153e-01
      vertex 1.258304e+00 -1.258304e+00 4.696153e-01
    endloop
  endfacet
  facet normal -5.962322e-01 8.027609e-01 -9.057780e-03
    outer loop
      vertex 1.118049e+00 -1.367774e+00 0.000000e+00
      vertex 1.258304e+00 -1.258304e+00 4.696153e-01
      vertex 1.261345e+00 -1.261345e+00 0.000000e+00
    endloop
  endfacet
  facet normal -8.027609e-01 5.962322e-01 -9.057780e-03
    outer loop
      vertex 1.261345e+00 -1.261345e+00 0.000000e+00
      vertex 1.258304e+00 -1.258304e+00 4.696153e-01
      vertex 1.364477e+00 -1.115354e+00 4.696153e-01
    endloop
  endfacet
  facet normal -8.027609e-01 5.962322e-01 -9.057780e-03
    outer loop
      vertex 1.261345e+00 -1.261345e+00 0.000000e+00
      vertex 1.364477e+00 -1.115354e+00 4.696153e-01
      vertex 1.367774e+00 -1.118049e+00 0.000000e+00
    endloop
  endfacet
  facet normal -9.318591e-01 3.627178e-01 -8.624024e-03
    outer loop
      vertex 1.367774e+00 -1.118049e+00 0.000000e+00
      vertex 1.364477e+00 -1.115354e+00 4.696153e-01
      vertex 1.438304e+00 -9.256844e-01 4.696153e-01
    endloop
  endfacet
  facet normal -9.318591e-01 3.627178e-01 -8.624024e-03
    outer loop
      vertex 1.367774e+00 -1.118049e+00 0.000000e+00
      vertex 1.438304e+00 -9.256844e-01 4.696153e-01
      vertex 1.441780e+00 -9.279212e-01 0.000000e+00
    endloop
  endfacet
  facet normal -9.866566e-01 1.626148e-01 -8.076465e-03
    outer loop
      vertex 1.441780e+00 -9.279212e-01 0.000000e+00
      vertex 1.438304e+00 -9.256844e-01 4.696153e-01
      vertex 1.481938e+00 -6.609384e-01 4.696153e-01
    endloop
  endfacet
  facet normal -9.866566e-01 1.626148e-01 -8.076465e-03
    outer loop
      vertex 1.441780e+00 -9.279212e-01 0.000000e+00
      vertex 1.481938e+00 -6.609384e-01 4.696153e-01
      vertex 1.485519e+00 -6.625355e-01 0.000000e+00
    endloop
  endfacet
  facet normal -9.997316e-01 2.185099e-02 -7.697454e-03
    outer loop
      vertex 1.485519e+00 -6.625355e-01 0.000000e+00
      vertex 1.481938e+00 -6.609384e-01 4.696153e-01
      vertex 1.496384e+00 0.000000e+00 4.696153e-01
    endloop
  endfacet
  facet normal -9.997316e-01 2.185099e-02 -7.697454e-03
    outer loop
      vertex 1.485519e+00 -6.625355e-01 0.000000e+00
      vertex 1.496384e+00 0.000000e+00 4.696153e-01
      vertex 1.500000e+00 0.000000e+00 0.000000e+00
    endloop
  endfacet
  facet normal -9.997316e-01 -2.185099e-02 -7.697454e-03
    outer loop
      vertex 1.500000e+00 0.000000e+00 0.000000e+00
      vertex 1.496384e+00 0.000000e+00 4.696153e-01
      vertex 1.481938e+00 6.609384e-01 4.696153e-01
    endloop
  endfacet
  facet normal -9.997316e-01 -2.185099e-02 -7.697454e-03
    outer loop
      vertex 1.500000e+00 0.000000e+00 0.000000e+00
      vertex 1.481938e+00 6.609384e-01 4.696153e-01
      vertex 1.485519e+00 6.625355e-01 0.000000e+00
    endloop
  endfacet
  facet normal -9.866566e-01 -1.626148e-01 -8.076465e-03
    outer loop
      vertex 1.485519e+00 6.625355e-01 0.000000e+00
      vertex 1.481938e+00 6.609384e-01 4.696153e-01
      vertex 1.438304e+00 9.256844e-01 4.696153e-01
    endloop
  endfacet
  facet normal -9.866566e-01 -1.626148e-01 -8.076465e-03
    outer loop
      vertex 1.485519e+00 6.625355e-01 0.000000e+00
      vertex 1.438304e+00 9.256844e-01 4.696153e-01
      vertex 1.441780e+00 9.279212e-01 0.000000e+00
    endloop
  endfacet
  facet normal -9.318591e-01 -3.627178e-01 -8.624024e-03
    outer loop
      vertex 1.441780e+00 9.279212e-01 0.000000e+00
      vertex 1.438304e+00 9.256844e-01 4.696153e-01
      vertex 1.364477e+00 1.115354e+00 4.696153e-01
    endloop
  endfacet
  facet normal -9.318591e-01 -3.627178e-01 -8.624024e-03
    outer loop
      vertex 1.441780e+00 9.279212e-01 0.000000e+00
      vertex 1.364477e+00 1.115354e+00 4.696153e-01
      vertex 1.367774e+00 1.118049e+00 0.000000e+00
    endloop
  endfacet
  facet normal -8.027609e-01 -5.962322e-01 -9.057780e-03
    outer loop
      vertex 1.367774e+00 1.118049e+00 0.000000e+00
      vertex 1.364477e+00 1.115354e+00 4.696153e-01
      vertex 1.258304e+00 1.258304e+00 4.696153e-01
    endloop
  endfacet
  facet normal -8.027609e-01 -5.962322e-01 -9.057780e-03
    outer loop
      vertex 1.367774e+00 1.118049e+00 0.000000e+00
      vertex 1.258304e+00 1.258304e+00 4.696153e-01
      vertex 1.261345e+00 1.261345e+00 0.000000e+00
    endloop
  endfacet
  facet normal -5.962322e-01 -8.027609e-01 -9.057780e-03
    outer loop
      vertex 1.261345e+00 1.261345e+00 0.000000e+00
      vertex 1.258304e+00 1.258304e+00 4.696153e-01
      vertex 1.115354e+00 1.364477e+00 4.696153e-01
    endloop
  endfacet
  facet normal -5.962322e-01 -8.027609e-01 -9.057780e-03
    outer loop
      vertex 1.261345e+00 1.261345e+00 0.000000e+00
      vertex 1.115354e+00 1.364477e+00 4.696153e-01
      vertex 1.118049e+00 1.367774e+00 0.000000e+00
    endloop
  endfacet
  facet normal -3.627178e-01 -9.318591e-01 -8.624024e-03
    outer loop
      vertex 1.118049e+00 1.367774e+00 0.000000e+00
      vertex 1.115354e+00 1.364477e+00 4.696153e-01
      vertex 9.256844e-01 1.438304e+00 4.696153e-01
    endloop
  endfacet
  facet normal -3.627178e-01 -9.318591e-01 -8.624024e-03
    outer loop
      vertex 1.118049e+00 1.367774e+00 0.000000e+00
      vertex 9.256844e-01 1.438304e+00 4.696153e-01
      vertex 9.279212e-01 1.441780e+00 0.000000e+00
    endloop
  endfacet
  facet normal -1.626148e-01 -9.866566e-01 -8.076465e-03
    outer loop
      vertex 9.279212e-01 1.441780e+00 0.000000e+00
      vertex 9.256844e-01 1.438304e+00 4.696153e-01
      vertex 6.609384e-01 1.481938e+00 4.696153e-01
    endloop
  endfacet
  facet normal -1.626148e-01 -9.866566e-01 -8.076465e-03
    outer loop
      vertex 9.279212e-01 1.441780e+00 0.000000e+00
      vertex 6.609384e-01 1.481938e+00 4.696153e-01
      vertex 6.625355e-01 1.485519e+00 0.000000e+00
    endloop
  endfacet
  facet normal -2.185099e-02 -9.997316e-01 -7.697454e-03
    outer loop
      vertex 6.625355e-01 1.485519e+00 0.000000e+00
      vertex 6.609384e-01 1.481938e+00 4.696153e-01
      vertex 1.170937e-08 1.496384e+00 4.696153e-01
    endloop
  endfacet
  facet normal -2.185099e-02 -9.997316e-01 -7.697454e-03
    outer loop
      vertex 6.625355e-01 1.485519e+00 0.000000e+00
      vertex 1.170937e-08 1.496384e+00 4.696153e-01
      vertex 1.173766e-08 1.500000e+00 0.000000e+00
    endloop
  endfacet
  facet normal 2.185098e-02 -9.997316e-01 -7.697454e-03
    outer loop
      vertex 1.173766e-08 1.500000e+00 0.000000e+00
      vertex 1.170937e-08 1.496384e+00 4.696153e-01
      vertex -6.609384e-01 1.481938e+00 4.696153e-01
    endloop
  endfacet
  facet normal 2.185098e-02 -9.997316e-01 -7.697454e-03
    outer loop
      vertex 1.173766e-08 1.500000e+00 0.000000e+00
      vertex -6.609384e-01 1.481938e+00 4.696153e-01
      vertex -6.625355e-01 1.485519e+00 0.000000e+00
    endloop
  endfacet
  facet normal 1.626148e-01 -9.866566e-01 -8.076465e-03
    outer loop
      vertex -6.625355e-01 1.485519e+00 0.000000e+00
      vertex -6.609384e-01 1.481938e+00 4.696153e-01
      vertex -9.256844e-01 1.438304e+00 4.696153e-01
    endloop
  endfacet
  facet normal 1.626148e-01 -9.866566e-01 -8.076465e-03
    outer loop
      vertex -6.625355e-01 1.485519e+00 0.000000e+00
      vertex -9.256844e-01 1.438304e+00 4.696153e-01
      vertex -9.279212e-01 1.441780e+00 0.000000e+00
    endloop
  endfacet
  facet normal 3.627178e-01 -9.318591e-01 -8.624024e-03
    outer loop
      vertex -9.279212e-01 1.441780e+00 0.000000e+00
      vertex -9.256844e-01 1.438304e+00 4.696153e-01
      vertex -1.115354e+00 1.364477e+00 4.696153e-01
    endloop
  endfacet
  facet normal 3.627178e-01 -9.318591e-01 -8.624024e-03
    outer loop
      vertex -9.279212e-01 1.441780e+00 0.000000e+00
      vertex -1.115354e+00 1.364477e+00 4.696153e-01
      vertex -1.118049e+00 1.367774e+00 0.000000e+00
    endloop
  endfacet
  facet normal 5.962322e-01 -8.027609e-01 -9.057780e-03
    outer loop
      vertex -1.118049e+00 1.367774e+00 0.000000e+00
      vertex -1.115354e+00 1.364477e+00 4.696153e-01
      vertex -1.258304e+00 1.258304e+00 4.696153e-01
    endloop
  endfacet
  facet normal 5.962322e-01 -8.027609e-01 -9.057780e-03
    outer loop
      vertex -1.118049e+00 1.367774e+00 0.000000e+00
      vertex -1.258304e+00 1.258304e+00 4.696153e-01
      vertex -1.261345e+00 1.261345e+00 0.000000e+00
    endloop
  endfacet
  facet normal 8.027609e-01 -5.962322e-01 -9.057780e-03
    outer loop
      vertex -1.261345e+00 1.261345e+00 0.000000e+00
      vertex -1.258304e+00 1.258304e+00 4.696153e-01
      vertex -1.364477e+00 1.115354e+00 4.696153e-01
    endloop
  endfacet
  facet normal 8.027609e-01 -5.962322e-01 -9.057780e-03
    outer loop
      vertex -1.261345e+00 1.261345e+00 0.000000e+00
      vertex -1.364477e+00 1.115354e+00 4.696153e-01
      vertex -1.367774e+00 1.118049e+00 0.000000e+00
    endloop
  endfacet
  facet normal 9.318591e-01 -3.627178e-01 -8.624024e-03
    outer loop
      vertex -1.367774e+00 1.118049e+00 0.000000e+00
      vertex -1.364477e+00 1.115354e+00 4.696153e-01
      vertex -1.438304e+00 9.256844e-01 4.696153e-01
    endloop
  endfacet
  facet normal 9.318591e-01 -3.627178e-01 -8.624024e-03
    outer loop
      vertex -1.367774e+00 1.118049e+00 0.000000e+00
      vertex -1.438304e+00 9.256844e-01 4.696153e-01
      vertex -1.441780e+00 9.279212e-01 0.000000e+00
    endloop
  endfacet
  facet normal 9.866566e-01 -1.626148e-01 -8.076465e-03
    outer loop
      vertex -1.441780e+00 9.279212e-01 0.000000e+00
      vertex -1.438304e+00 9.256844e-01 4.696153e-01
      vertex -1.481938e+00 6.609384e-01 4.696153e-01
    endloop
  endfacet
  facet normal 9.866566e-01 -1.626148e-01 -8.076465e-03
    outer loop
      vertex -1.441780e+00 9.279212e-01 0.000000e+00
      vertex -1.481938e+00 6.609384e-01 4.696153e-01
      vertex -1.485519e+00 6.625355e-01 0.000000e+00
    endloop
  endfacet
  facet normal 9.997316e-01 -2.185098e-02 -7.697454e-03
    outer loop
      vertex -1.485519e+00 6.625355e-01 0.000000e+00
      vertex -1.481938e+00 6.609384e-01 4.696153e-01
      vertex -1.496384e+00 -1.655955e-08 4.696153e-01
    endloop
  endfacet
  facet normal 9.997316e-01 -2.185098e-02 -7.697454e-03
    outer loop
      vertex -1.485519e+00 6.625355e-01 0.000000e+00
      vertex -1.496384e+00 -1.655955e-08 4.696153e-01
      vertex -1.500000e+00 -1.659956e-08 0.000000e+00
    endloop
  endfacet
  facet normal 9.981802e-01 2.181708e-02 -5.621681e-02
    outer loop
      vertex -1.496384e+00 -1.655955e-08 4.696153e-01
      vertex -1.485519e+00 -1.643931e-08 6.625355e-01
      vertex -1.471178e+00 -6.561394e-01 6.625355e-01
    endloop
  endfacet
  facet normal 9.981802e-01 2.181708e-02 -5.621681e-02
    outer loop
      vertex -1.496384e+00 -1.655955e-08 4.696153e-01
      vertex -1.471178e+00 -6.561394e-01 6.625355e-01
      vertex -1.481938e+00 -6.609384e-01 4.696153e-01
    endloop
  endfacet
  facet normal 9.849714e-01 1.623370e-01 -5.897561e-02
    outer loop
      vertex -1.481938e+00 -6.609384e-01 4.696153e-01
      vertex -1.471178e+00 -6.561394e-01 6.625355e-01
      vertex -1.427861e+00 -9.189631e-01 6.625355e-01
    endloop
  endfacet
  facet normal 9.849714e-01 1.623370e-01 -5.897561e-02
    outer loop
      vertex -1.481938e+00 -6.609384e-01 4.696153e-01
      vertex -1.427861e+00 -9.189631e-01 6.625355e-01
      vertex -1.438304e+00 -9.256844e-01 4.696153e-01
    endloop
  endfacet
  facet normal 9.300450e-01 3.620117e-01 -6.295891e-02
    outer loop
      vertex -1.438304e+00 -9.256844e-01 4.696153e-01
      vertex -1.427861e+00 -9.189631e-01 6.625355e-01
      vertex -1.354570e+00 -1.107255e+00 6.625355e-01
    endloop
  endfacet
  facet normal 9.300450e-01 3.620117e-01 -6.295891e-02
    outer loop
      vertex -1.438304e+00 -9.256844e-01 4.696153e-01
      vertex -1.354570e+00 -1.107255e+00 6.625355e-01
      vertex -1.364477e+00 -1.115354e+00 4.696153e-01
    endloop
  endfacet
  facet normal 8.010375e-01 5.949522e-01 -6.611225e-02
    outer loop
      vertex -1.364477e+00 -1.115354e+00 4.696153e-01
      vertex -1.354570e+00 -1.107255e+00 6.625355e-01
      vertex -1.249168e+00 -1.249168e+00 6.625355e-01
    endloop
  endfacet
  facet normal 8.010375e-01 5.949522e-01 -6.611225e-02
    outer loop
      vertex -1.364477e+00 -1.115354e+00 4.696153e-01
      vertex -1.249168e+00 -1.249168e+00 6.625355e-01
      vertex -1.258304e+00 -1.258304e+00 4.696153e-01
    endloop
  endfacet
  facet normal 5.949522e-01 8.010375e-01 -6.611225e-02
    outer loop
      vertex -1.258304e+00 -1.258304e+00 4.696153e-01
      vertex -1.249168e+00 -1.249168e+00 6.625355e-01
      vertex -1.107255e+00 -1.354570e+00 6.625355e-01
    endloop
  endfacet
  facet normal 5.949522e-01 8.010375e-01 -6.611225e-02
    outer loop
      vertex -1.258304e+00 -1.258304e+00 4.696153e-01
      vertex -1.107255e+00 -1.354570e+00 6.625355e-01
      vertex -1.115354e+00 -1.364477e+00 4.696153e-01
    endloop
  endfacet
  facet normal 3.620117e-01 9.300450e-01 -6.295891e-02
    outer loop
      vertex -1.115354e+00 -1.364477e+00 4.696153e-01
      vertex -1.107255e+00 -1.354570e+00 6.625355e-01
      vertex -9.189631e-01 -1.427861e+00 6.625355e-01
    endloop
  endfacet
  facet normal 3.620117e-01 9.300450e-01 -6.295891e-02
    outer loop
      vertex -1.115354e+00 -1.364477e+00 4.696153e-01
      vertex -9.189631e-01 -1.427861e+00 6.625355e-01
      vertex -9.256844e-01 -1.438304e+00 4.696153e-01
    endloop
  endfacet
  facet normal 1.623370e-01 9.849714e-01 -5.897561e-02
    outer loop
      vertex -9.256844e-01 -1.438304e+00 4.696153e-01
      vertex -9.189631e-01 -1.427861e+00 6.625355e-01
      vertex -6.561394e-01 -1.471178e+00 6.625355e-01
    endloop
  endfacet
  facet normal 1.623370e-01 9.849714e-01 -5.897561e-02
    outer loop
      vertex -9.256844e-01 -1.438304e+00 4.696153e-01
      vertex -6.561394e-01 -1.471178e+00 6.625355e-01
      vertex -6.609384e-01 -1.481938e+00 4.696153e-01
    endloop
  endfacet
  facet normal 2.181708e-02 9.981802e-01 -5.621681e-02
    outer loop
      vertex -6.609384e-01 -1.481938e+00 4.696153e-01
      vertex -6.561394e-01 -1.471178e+00 6.625355e-01
      vertex 1.162435e-08 -1.485519e+00 6.625355e-01
    endloop
  endfacet
  facet normal 2.181708e-02 9.981802e-01 -5.621681e-02
    outer loop
      vertex -6.609384e-01 -1.481938e+00 4.696153e-01
      vertex 1.162435e-08 -1.485519e+00 6.625355e-01
      vertex 1.170937e-08 -1.496384e+00 4.696153e-01
    endloop
  endfacet
  facet normal -2.181708e-02 9.981802e-01 -5.621681e-02
    outer loop
      vertex 1.170937e-08 -1.496384e+00 4.696153e-01
      vertex 1.162435e-08 -1.485519e+00 6.625355e-01
      vertex 6.561394e-01 -1.471178e+00 6.625355e-01
    endloop
  endfacet
  facet normal -2.181708e-02 9.981802e-01 -5.621681e-02
    outer loop
      vertex 1.170937e-08 -1.496384e+00 4.696153e-01
      vertex 6.561394e-01 -1.471178e+00 6.625355e-01
      vertex 6.609384e-01 -1.481938e+00 4.696153e-01
    endloop
  endfacet
  facet normal -1.623370e-01 9.849714e-01 -5.897561e-02
    outer loop
      vertex 6.609384e-01 -1.481938e+00 4.696153e-01
      vertex 6.561394e-01 -1.471178e+00 6.625355e-01
      vertex 9.189631e-01 -1.427861e+00 6.625355e-01
    endloop
  endfacet
  facet normal -1.623370e-01 9.849714e-01 -5.897561e-02
    outer loop
      vertex 6.609384e-01 -1.481938e+00 4.696153e-01
      vertex 9.189631e-01 -1.427861e+00 6.625355e-01
      vertex 9.256844e-01 -1.438304e+00 4.696153e-01
    endloop
  endfacet
  facet normal -3.620117e-01 9.300450e-01 -6.295891e-02
    outer loop
      vertex 9.256844e-01 -1.438304e+00 4.696153e-01
      vertex 9.189631e-01 -1.427861e+00 6.625355e-01
      vertex 1.107255e+00 -1.354570e+00 6.625355e-01
    endloop
  endfacet
  facet normal -3.620117e-01 9.300450e-01 -6.295891e-02
    outer loop
      vertex 9.256844e-01 -1.438304e+00 4.696153e-01
      vertex 1.107255e+00 -1.354570e+00 6.625355e-01
      vertex 1.115354e+00 -1.364477e+00 4.696153e-01
    endloop
  endfacet
  facet normal -5.949522e-01 8.010375e-01 -6.611225e-02
    outer loop
      vertex 1.115354e+00 -1.364477e+00 4.696153e-01
      vertex 1.107255e+00 -1.354570e+00 6.625355e-01
      vertex 1.249168e+00 -1.249168e+00 6.625355e-01
    endloop
  endfacet
  facet normal -5.949522e-01 8.010375e-01 -6.611225e-02
    outer loop
      vertex 1.115354e+00 -1.364477e+00 4.696153e-01
      vertex 1.249168e+00 -1.249168e+00 6.625355e-01
      vertex 1.258304e+00 -1.258304e+00 4.696153e-01
    endloop
  endfacet
  facet normal -8.010375e-01 5.949522e-01 -6.611225e-02
    outer loop
      vertex 1.258304e+00 -1.258304e+00 4.696153e-01
      vertex 1.249168e+00 -1.249168e+00 6.625355e-01
      vertex 1.354570e+00 -1.107255e+00 6.625355e-01
    endloop
  endfacet
  facet normal -8.010375e-01 5.949522e-01 -6.611225e-02
    outer loop
      vertex 1.258304e+00 -1.258304e+00 4.696153e-01
      vertex 1.354570e+00 -1.107255e+00 6.625355e-01
      vertex 1.364477e+00 -1.115354e+00 4.696153e-01
    endloop
  endfacet
  facet normal -9.300450e-01 3.620117e-01 -6.295891e-02
    outer loop
      vertex 1.364477e+00 -1.115354e+00 4.696153e-01
      vertex 1.354570e+00 -1.107255e+00 6.625355e-01
      vertex 1.427861e+00 -9.189631e-01 6.625355e-01
    endloop
  endfacet
  facet normal -9.300450e-01 3.620117e-01 -6.295891e-02
    outer loop
      vertex 1.364477e+00 -1.115354e+00 4.696153e-01
      vertex 1.427861e+00 -9.189631e-01 6.625355e-01
      vertex 1.438304e+00 -9.256844e-01 4.696153e-01
    endloop
  endfacet
  facet normal -9.849714e-01 1.623370e-01 -5.897561e-02
    outer loop
      vertex 1.438304e+00 -9.256844e-01 4.696153e-01
      vertex 1.427861e+00 -9.189631e-01 6.625355e-01
      vertex 1.471178e+00 -6.561394e-01 6.625355e-01
    endloop
  endfacet
  facet normal -9.849714e-01 1.623370e-01 -5.897561e-02
    outer loop
      vertex 1.438304e+00 -9.256844e-01 4.696153e-01
      vertex 1.471178e+00 -6.561394e-01 6.625355e-01
      vertex 1.481938e+00 -6.609384e-01 4.696153e-01
    endloop
  endfacet
  facet normal -9.981802e-01 2.181708e-02 -5.621681e-02
    outer loop
      vertex 1.481938e+00 -6.609384e-01 4.696153e-01
      vertex 1.471178e+00 -6.561394e-01 6.625355e-01
      vertex 1.485519e+00 0.000000e+00 6.625355e-01
    endloop
  endfacet
  facet normal -9.981802e-01 2.181708e-02 -5.621681e-02
    outer loop
      vertex 1.481938e+00 -6.609384e-01 4.696153e-01
      vertex 1.485519e+00 0.000000e+00 6.625355e-01
      vertex 1.496384e+00 0.000000e+00 4.696153e-01
    endloop
  endfacet
  facet normal -9.981802e-01 -2.181708e-02 -5.621681e-02
    outer loop
      vertex 1.496384e+00 0.000000e+00 4.696153e-01
      vertex 1.485519e+00 0.000000e+00 6.625355e-01
      vertex 1.471178e+00 6.561394e-01 6.625355e-01
    endloop
  endfacet
  facet normal -9.981802e-01 -2.181708e-02 -5.621681e-02
    outer loop
      vertex 1.496384e+00 0.000000e+00 4.696153e-01
      vertex 1.471178e+00 6.561394e-01 6.625355e-01
      vertex 1.481938e+00 6.609384e-01 4.696153e-01
    endloop
  endfacet
  facet normal -9.849714e-01 -1.623370e-01 -5.897561e-02
    outer loop
      vertex 1.481938e+00 6.609384e-01 4.696153e-01
      vertex 1.471178e+00 6.561394e-01 6.625355e-01
      vertex 1.427861e+00 9.189631e-01 6.625355e-01
    endloop
  endfacet
  facet normal -9.849714e-01 -1.623370e-01 -5.897561e-02
    outer loop
      vertex 1.481938e+00 6.609384e-01 4.696153e-01
      vertex 1.427861e+00 9.189631e-01 6.625355e-01
      vertex 1.438304e+00 9.256844e-01 4.696153e-01
    endloop
  endfacet
  facet normal -9.300450e-01 -3.620117e-01 -6.295891e-02
    outer loop
      vertex 1.438304e+00 9.256844e-01 4.696153e-01
      vertex 1.427861e+00 9.189631e-01 6.625355e-01
      vertex 1.354570e+00 1.107255e+00 6.625355e-01
    endloop
  endfacet
  facet normal -9.300450e-01 -3.620117e-01 -6.295891e-02
    outer loop
      vertex 1.438304e+00 9.256844e-01 4.696153e-01
      vertex 1.354570e+00 1.107255e+00 6.625355e-01
      vertex 1.364477e+00 1.115354e+00 4.696153e-01
    endloop
  endfacet
  facet normal -8.010375e-01 -5.949522e-01 -6.611225e-02
    outer loop
      vertex 1.364477e+00 1.115354e+00 4.696153e-01
      vertex 1.354570e+00 1.107255e+00 6.625355e-01
      vertex 1.249168e+00 1.249168e+00 6.625355e-01
    endloop
  endfacet
  facet normal -8.010375e-01 -5.949522e-01 -6.611225e-02
    outer loop
      vertex 1.364477e+00 1.115354e+00 4.696153e-01
      vertex 1.249168e+00 1.249168e+00 6.625355e-01
      vertex 1.258304e+00 1.258304e+00 4.696153e-01
    endloop
  endfacet
  facet normal -5.949522e-01 -8.010375e-01 -6.611225e-02
    outer loop
      vertex 1.258304e+00 1.258304e+00 4.696153e-01
      vertex 1.249168e+00 1.249168e+00 6.625355e-01
      vertex 1.107255e+00 1.354570e+00 6.625355e-01
    endloop
  endfacet
  facet normal -5.949522e-01 -8.010375e-01 -6.611225e-02
    outer loop
      vertex 1.258304e+00 1.258304e+00 4.696153e-01
      vertex 1.107255e+00 1.354570e+00 6.625355e-01
      vertex 1.115354e+00 1.364477e+00 4.696153e-01
    endloop
  endfacet
  facet normal -3.620117e-01 -9.300450e-01 -6.295891e-02
    outer loop
      vertex 1.115354e+00 1.364477e+00 4.696153e-01
      vertex 1.107255e+00 1.354570e+00 6.625355e-01
      vertex 9.189631e-01 1.427861e+00 6.625355e-01
    endloop
  endfacet
  facet normal -3.620117e-01 -9.300450e-01 -6.295891e-02
    outer loop
      vertex 1.115354e+00 1.364477e+00 4.696153e-01
      vertex 9.189631e-01 1.427861e+00 6.625355e-01
      vertex 9.256844e-01 1.438304e+00 4.696153e-01
    endloop
  endfacet
  facet normal -1.623370e-01 -9.849714e-01 -5.897561e-02
    outer loop
      vertex 9.256844e-01 1.438304e+00 4.696153e-01
      vertex 9.189631e-01 1.427861e+00 6.625355e-01
      vertex 6.561394e-01 1.471178e+00 6.625355e-01
    endloop
  endfacet
  facet normal -1.623370e-01 -9.849714e-01 -5.897561e-02
    outer loop
      vertex 9.256844e-01 1.438304e+00 4.696153e-01
      vertex 6.561394e-01 1.471178e+00 6.625355e-01
      vertex 6.609384e-01 1.481938e+00 4.696153e-01
    endloop
  endfacet
  facet normal -2.181708e-02 -9.981802e-01 -5.621681e-02
    outer loop
      vertex 6.609384e-01 1.481938e+00 4.696153e-01
      vertex 6.561394e-01 1.471178e+00 6.625355e-01
      vertex 1.162435e-08 1.485519e+00 6.625355e-01
    endloop
  endfacet
  facet normal -2.181708e-02 -9.981802e-01 -5.621681e-02
    outer loop
      vertex 6.609384e-01 1.481938e+00 4.696153e-01
      vertex 1.162435e-08 1.485519e+00 6.625355e-01
      vertex 1.170937e-08 1.496384e+00 4.696153e-01
    endloop
  endfacet
  facet normal 2.181708e-02 -9.981802e-01 -5.621681e-02
    outer loop
      vertex 1.170937e-08 1.496384e+00 4.696153e-01
      vertex 1.162435e-08 1.485519e+00 6.625355e-01
      vertex -6.561394e-01 1.471178e+00 6.625355e-01
    endloop
  endfacet
  facet normal 2.181708e-02 -9.981802e-01 -5.621681e-02
    outer loop
      vertex 1.170937e-08 1.496384e+00 4.696153e-01
      vertex -6.561394e-01 1.471178e+00 6.625355e-01
      vertex -6.609384e-01 1.481938e+00 4.696153e-01
    endloop
  endfacet
  facet normal 1.623370e-01 -9.849714e-01 -5.897561e-02
    outer loop
      vertex -6.609384e-01 1.481938e+00 4.696153e-01
      vertex -6.561394e-01 1.471178e+00 6.625355e-01
      vertex -9.189631e-01 1.427861e+00 6.625355e-01
    endloop
  endfacet
  facet normal 1.623370e-01 -9.849714e-01 -5.897561e-02
    outer loop
      vertex -6.609384e-01 1.481938e+00 4.696153e-01
      vertex -9.189631e-01 1.427861e+00 6.625355e-01
      vertex -9.256844e-01 1.438304e+00 4.696153e-01
    endloop
  endfacet
  facet normal 3.620117e-01 -9.300450e-01 -6.295891e-02
    outer loop
      vertex -9.256844e-01 1.438304e+00 4.696153e-01
      vertex -9.189631e-01 1.427861e+00 6.625355e-01
      vertex -1.107255e+00 1.354570e+00 6.625355e-01
    endloop
  endfacet
  facet normal 3.620117e-01 -9.300450e-01 -6.295891e-02
    outer loop
      vertex -9.256844e-01 1.438304e+00 4.696153e-01
      vertex -1.107255e+00 1.354570e+00 6.625355e-01
      vertex -1.115354e+00 1.364477e+00 4.696153e-01
    endloop
  endfacet
  facet normal 5.949522e-01 -8.010375e-01 -6.611225e-02
    outer loop
      vertex -1.115354e+00 1.364477e+00 4.696153e-01
      vertex -1.107255e+00 1.354570e+00 6.625355e-01
      vertex -1.249168e+00 1.249168e+00 6.625355e-01
    endloop
  endfacet
  facet normal 5.949522e-01 -8.010375e-01 -6.611225e-02
    outer loop
      vertex -1.115354e+00 1.364477e+00 4.696153e-01
      vertex -1.249168e+00 1.249168e+00 6.625355e-01
      vertex -1.258304e+00 1.258304e+00 4.696153e-01
    endloop
  endfacet
  facet normal 8.010375e-01 -5.949522e-01 -6.611225e-02
    outer loop
      vertex -1.258304e+00 1.258304e+00 4.696153e-01
      vertex -1.249168e+00 1.249168e+00 6.625355e-01
      vertex -1.354570e+00 1.107255e+00 6.625355e-01
    endloop
  endfacet
  facet normal 8.010375e-01 -5.949522e-01 -6.611225e-02
    outer loop
      vertex -1.258304e+00 1.258304e+00 4.696153e-01
      vertex -1.354570e+00 1.107255e+00 6.625355e-01
      vertex -1.364477e+00 1.115354e+00 4.696153e-01
    endloop
  endfacet
  facet normal 9.300450e-01 -3.620117e-01 -6.295891e-02
    outer loop
      vertex -1.364477e+00 1.115354e+00 4.696153e-01
      vertex -1.354570e+00 1.107255e+00 6.625355e-01
      vertex -1.427861e+00 9.189631e-01 6.625355e-01
    endloop
  endfacet
  facet normal 9.300450e-01 -3.620117e-01 -6.295891e-02
    outer loop
      vertex -1.364477e+00 1.115354e+00 4.696153e-01
      vertex -1.427861e+00 9.189631e-01 6.625355e-01
      vertex -1.438304e+00 9.256844e-01 4.696153e-01
    endloop
  endfacet
  facet normal 9.849714e-01 -1.623370e-01 -5.897561e-02
    outer loop
      vertex -1.438304e+00 9.256844e-01 4.696153e-01
      vertex -1.427861e+00 9.189631e-01 6.625355e-01
      vertex -1.471178e+00 6.561394e-01 6.625355e-01
    endloop
  endfacet
  facet normal 9.849714e-01 -1.623370e-01 -5.897561e-02
    outer loop
      vertex -1.438304e+00 9.256844e-01 4.696153e-01
      vertex -1.471178e+00 6.561394e-01 6.625355e-01
      vertex -1.481938e+00 6.609384e-01 4.696153e-01
    endloop
  endfacet
  facet normal 9.981802e-01 -2.181708e-02 -5.621681e-02
    outer loop
      vertex -1.481938e+00 6.609384e-01 4.696153e-01
      vertex -1.471178e+00 6.561394e-01 6.625355e-01
      vertex -1.485519e+00 -1.643931e-08 6.625355e-01
    endloop
  endfacet
  facet normal 9.981802e-01 -2.181708e-02 -5.621681e-02
    outer loop
      vertex -1.481938e+00 6.609384e-01 4.696153e-01
      vertex -1.485519e+00 -1.643931e-08 6.625355e-01
      vertex -1.496384e+00 -1.655955e-08 4.696153e-01
    endloop
  endfacet
  facet normal 9.920741e-01 2.168362e-02 -1.237688e-01
    outer loop
      vertex -1.485519e+00 -1.643931e-08 6.625355e-01
      vertex -1.467350e+00 -1.623825e-08 8.081711e-01
      vertex -1.453184e+00 -6.481142e-01 8.081711e-01
    endloop
  endfacet
  facet normal 9.920741e-01 2.168362e-02 -1.237688e-01
    outer loop
      vertex -1.485519e+00 -1.643931e-08 6.625355e-01
      vertex -1.453184e+00 -6.481142e-01 8.081711e-01
      vertex -1.471178e+00 -6.561394e-01 6.625355e-01
    endloop
  endfacet
  facet normal 9.783463e-01 1.612451e-01 -1.297631e-01
    outer loop
      vertex -1.471178e+00 -6.561394e-01 6.625355e-01
      vertex -1.453184e+00 -6.481142e-01 8.081711e-01
      vertex -1.410397e+00 -9.077234e-01 8.081711e-01
    endloop
  endfacet
  facet normal 9.783463e-01 1.612451e-01 -1.297631e-01
    outer loop
      vertex -1.471178e+00 -6.561394e-01 6.625355e-01
      vertex -1.410397e+00 -9.077234e-01 8.081711e-01
      vertex -1.427861e+00 -9.189631e-01 6.625355e-01
    endloop
  endfacet
  facet normal 9.229259e-01 3.592406e-01 -1.383980e-01
    outer loop
      vertex -1.427861e+00 -9.189631e-01 6.625355e-01
      vertex -1.410397e+00 -9.077234e-01 8.081711e-01
      vertex -1.338002e+00 -1.093712e+00 8.081711e-01
    endloop
  endfacet
  facet normal 9.229259e-01 3.592406e-01 -1.383980e-01
    outer loop
      vertex -1.427861e+00 -9.189631e-01 6.625355e-01
      vertex -1.338002e+00 -1.093712e+00 8.081711e-01
      vertex -1.354570e+00 -1.107255e+00 6.625355e-01
    endloop
  endfacet
  facet normal 7.942842e-01 5.899363e-01 -1.452161e-01
    outer loop
      vertex -1.354570e+00 -1.107255e+00 6.625355e-01
      vertex -1.338002e+00 -1.093712e+00 8.081711e-01
      vertex -1.233889e+00 -1.233889e+00 8.081711e-01
    endloop
  endfacet
  facet normal 7.942842e-01 5.899363e-01 -1.452161e-01
    outer loop
      vertex -1.354570e+00 -1.107255e+00 6.625355e-01
      vertex -1.233889e+00 -1.233889e+00 8.081711e-01
      vertex -1.249168e+00 -1.249168e+00 6.625355e-01
    endloop
  endfacet
  facet normal 5.899363e-01 7.942842e-01 -1.452161e-01
    outer loop
      vertex -1.249168e+00 -1.249168e+00 6.625355e-01
      vertex -1.233889e+00 -1.233889e+00 8.081711e-01
      vertex -1.093712e+00 -1.338002e+00 8.081711e-01
    endloop
  endfacet
  facet normal 5.899363e-01 7.942842e-01 -1.452161e-01
    outer loop
      vertex -1.249168e+00 -1.249168e+00 6.625355e-01
      vertex -1.093712e+00 -1.338002e+00 8.081711e-01
      vertex -1.107255e+00 -1.354570e+00 6.625355e-01
    endloop
  endfacet
  facet normal 3.592406e-01 9.229259e-01 -1.383980e-01
    outer loop
      vertex -1.107255e+00 -1.354570e+00 6.625355e-01
      vertex -1.093712e+00 -1.338002e+00 8.081711e-01
      vertex -9.077234e-01 -1.410397e+00 8.081711e-01
    endloop
  endfacet
  facet normal 3.592406e-01 9.229259e-01 -1.383980e-01
    outer loop
      vertex -1.107255e+00 -1.354570e+00 6.625355e-01
      vertex -9.077234e-01 -1.410397e+00 8.081711e-01
      vertex -9.189631e-01 -1.427861e+00 6.625355e-01
    endloop
  endfacet
  facet normal 1.612451e-01 9.783463e-01 -1.297631e-01
    outer loop
      vertex -9.189631e-01 -1.427861e+00 6.625355e-01
      vertex -9.077234e-01 -1.410397e+00 8.081711e-01
      vertex -6.481142e-01 -1.453184e+00 8.081711e-01
    endloop
  endfacet
  facet normal 1.612451e-01 9.783463e-01 -1.297631e-01
    outer loop
      vertex -9.189631e-01 -1.427861e+00 6.625355e-01
      vertex -6.481142e-01 -1.453184e+00 8.081711e-01
      vertex -6.561394e-01 -1.471178e+00 6.625355e-01
    endloop
  endfacet
  facet normal 2.168362e-02 9.920741e-01 -1.237688e-01
    outer loop
      vertex -6.561394e-01 -1.471178e+00 6.625355e-01
      vertex -6.481142e-01 -1.453184e+00 8.081711e-01
      vertex 1.148217e-08 -1.467350e+00 8.081711e-01
    endloop
  endfacet
  facet normal 2.168362e-02 9.920741e-01 -1.237688e-01
    outer loop
      vertex -6.561394e-01 -1.471178e+00 6.625355e-01
      vertex 1.148217e-08 -1.467350e+00 8.081711e-01
      vertex 1.162435e-08 -1.485519e+00 6.625355e-01
    endloop
  endfacet
  facet normal -2.168362e-02 9.920741e-01 -1.237688e-01
    outer loop
      vertex 1.162435e-08 -1.485519e+00 6.625355e-01
      vertex 1.148217e-08 -1.467350e+00 8.081711e-01
      vertex 6.481142e-01 -1.453184e+00 8.081711e-01
    endloop
  endfacet
  facet normal -2.168362e-02 9.920741e-01 -1.237688e-01
    outer loop
      vertex 1.162435e-08 -1.485519e+00 6.625355e-01
      vertex 6.481142e-01 -1.453184e+00 8.081711e-01
      vertex 6.561394e-01 -1.471178e+00 6.625355e-01
    endloop
  endfacet
  facet normal -1.612451e-01 9.783463e-01 -1.297631e-01
    outer loop
      vertex 6.561394e-01 -1.471178e+00 6.625355e-01
      vertex 6.481142e-01 -1.453184e+00 8.081711e-01
      vertex 9.077234e-01 -1.410397e+00 8.081711e-01
    endloop
  endfacet
  facet normal -1.612451e-01 9.783463e-01 -1.297631e-01
    outer loop
      vertex 6.561394e-01 -1.471178e+00 6.625355e-01
      vertex 9.077234e-01 -1.410397e+00 8.081711e-01
      vertex 9.189631e-01 -1.427861e+00 6.625355e-01
    endloop
  endfacet
  facet normal -3.592406e-01 9.229259e-01 -1.383980e-01
    outer loop
      vertex 9.189631e-01 -1.427861e+00 6.625355e-01
      vertex 9.077234e-01 -1.410397e+00 8.081711e-01
      vertex 1.093712e+00 -1.338002e+00 8.081711e-01
    endloop
  endfacet
  facet normal -3.592406e-01 9.229259e-01 -1.383980e-01
    outer loop
      vertex 9.189631e-01 -1.427861e+00 6.625355e-01
      vertex 1.093712e+00 -1.338002e+00 8.081711e-01
      vertex 1.107255e+00 -1.354570e+00 6.625355e-01
    endloop
  endfacet
  facet normal -5.899363e-01 7.942842e-01 -1.452161e-01
    outer loop
      vertex 1.107255e+00 -1.354570e+00 6.625355e-01
      vertex 1.093712e+00 -1.338002e+00 8.081711e-01
      vertex 1.233889e+00 -1.233889e+00 8.081711e-01
    endloop
  endfacet
  facet normal -5.899363e-01 7.942842e-01 -1.452161e-01
    outer loop
      vertex 1.107255e+00 -1.354570e+00 6.625355e-01
      vertex 1.233889e+00 -1.233889e+00 8.081711e-01
      vertex 1.249168e+00 -1.249168e+00 6.625355e-01
    endloop
  endfacet
  facet normal -7.942842e-01 5.899363e-01 -1.452161e-01
    outer loop
      vertex 1.249168e+00 -1.249168e+00 6.625355e-01
      vertex 1.233889e+00 -1.233889e+00 8.081711e-01
      vertex 1.338002e+00 -1.093712e+00 8.081711e-01
    endloop
  endfacet
  facet normal -7.942842e-01 5.899363e-01 -1.452161e-01
    outer loop
      vertex 1.249168e+00 -1.249168e+00 6.625355e-01
      vertex 1.338002e+00 -1.093712e+00 8.081711e-01
      vertex 1.354570e+00 -1.107255e+00 6.625355e-01
    endloop
  endfacet
  facet normal -9.229259e-01 3.592406e-01 -1.383980e-01
    outer loop
      vertex 1.354570e+00 -1.107255e+00 6.625355e-01
      vertex 1.338002e+00 -1.093712e+00 8.081711e-01
      vertex 1.410397e+00 -9.077234e-01 8.081711e-01
    endloop
  endfacet
  facet normal -9.229259e-01 3.592406e-01 -1.383980e-01
    outer loop
      vertex 1.354570e+00 -1.107255e+00 6.625355e-01
      vertex 1.410397e+00 -9.077234e-01 8.081711e-01
      vertex 1.427861e+00 -9.189631e-01 6.625355e-01
    endloop
  endfacet
  facet normal -9.783463e-01 1.612451e-01 -1.297631e-01
    outer loop
      vertex 1.427861e+00 -9.189631e-01 6.625355e-01
      vertex 1.410397e+00 -9.077234e-01 8.081711e-01
      vertex 1.453184e+00 -6.481142e-01 8.081711e-01
    endloop
  endfacet
  facet normal -9.783463e-01 1.612451e-01 -1.297631e-01
    outer loop
      vertex 1.427861e+00 -9.189631e-01 6.625355e-01
      vertex 1.453184e+00 -6.481142e-01 8.081711e-01
      vertex 1.471178e+00 -6.561394e-01 6.625355e-01
    endloop
  endfacet
  facet normal -9.920741e-01 2.168362e-02 -1.237688e-01
    outer loop
      vertex 1.471178e+00 -6.561394e-01 6.625355e-01
      vertex 1.453184e+00 -6.481142e-01 8.081711e-01
      vertex 1.467350e+00 0.000000e+00 8.081711e-01
    endloop
  endfacet
  facet normal -9.920741e-01 2.168362e-02 -1.237688e-01
    outer loop
      vertex 1.471178e+00 -6.561394e-01 6.625355e-01
      vertex 1.467350e+00 0.000000e+00 8.081711e-01
      vertex 1.485519e+00 0.000000e+00 6.625355e-01
    endloop
  endfacet
  facet normal -9.920741e-01 -2.168362e-02 -1.237688e-01
    outer loop
      vertex 1.485519e+00 0.000000e+00 6.625355e-01
      vertex 1.467350e+00 0.000000e+00 8.081711e-01
      vertex 1.453184e+00 6.481142e-01 8.081711e-01
    endloop
  endfacet
  facet normal -9.920741e-01 -2.168362e-02 -1.237688e-01
    outer loop
      vertex 1.485519e+00 0.000000e+00 6.625355e-01
      vertex 1.453184e+00 6.481142e-01 8.081711e-01
      vertex 1.471178e+00 6.561394e-01 6.625355e-01
    endloop
  endfacet
  facet normal -9.783463e-01 -1.612451e-01 -1.297631e-01
    outer loop
      vertex 1.471178e+00 6.561394e-01 6.625355e-01
      vertex 1.453184e+00 6.481142e-01 8.081711e-01
      vertex 1.410397e+00 9.077234e-01 8.081711e-01
    endloop
  endfacet
  facet normal -9.783463e-01 -1.612451e-01 -1.297631e-01
    outer loop
      vertex 1.471178e+00 6.561394e-01 6.625355e-01
      vertex 1.410397e+00 9.077234e-01 8.081711e-01
      vertex 1.427861e+00 9.189631e-01 6.625355e-01
    endloop
  endfacet
  facet normal -9.229259e-01 -3.592406e-01 -1.383980e-01
    outer loop
      vertex 1.427861e+00 9.189631e-01 6.625355e-01
      vertex 1.410397e+00 9.077234e-01 8.081711e-01
      vertex 1.338002e+00 1.093712e+00 8.081711e-01
    endloop
  endfacet
  facet normal -9.229259e-01 -3.592406e-01 -1.383980e-01
    outer loop
      vertex 1.427861e+00 9.189631e-01 6.625355e-01
      vertex 1.338002e+00 1.093712e+00 8.081711e-01
      vertex 1.354570e+00 1.107255e+00 6.625355e-01
    endloop
  endfacet
  facet normal -7.942842e-01 -5.899363e-01 -1.452161e-01
    outer loop
      vertex 1.354570e+00 1.107255e+00 6.625355e-01
      vertex 1.338002e+00 1.093712e+00 8.081711e-01
      vertex 1.233889e+00 1.233889e+00 8.081711e-01
    endloop
  endfacet
  facet normal -7.942842e-01 -5.899363e-01 -1.452161e-01
    outer loop
      vertex 1.354570e+00 1.107255e+00 6.625355e-01
      vertex 1.233889e+00 1.233889e+00 8.081711e-01
      vertex 1.249168e+00 1.249168e+00 6.625355e-01
    endloop
  endfacet
  facet normal -5.899363e-01 -7.942842e-01 -1.452161e-01
    outer loop
      vertex 1.249168e+00 1.249168e+00 6.625355e-01
      vertex 1.233889e+00 1.233889e+00 8.081711e-01
      vertex 1.093712e+00 1.338002e+00 8.081711e-01
    endloop
  endfacet
  facet normal -5.899363e-01 -7.942842e-01 -1.452161e-01
    outer loop
      vertex 1.249168e+00 1.249168e+00 6.625355e-01
      vertex 1.093712e+00 1.338002e+00 8.081711e-01
      vertex 1.107255e+00 1.354570e+00 6.625355e-01
    endloop
  endfacet
  facet normal -3.592406e-01 -9.229259e-01 -1.383980e-01
    outer loop
      vertex 1.107255e+00 1.354570e+00 6.625355e-01
      vertex 1.093712e+00 1.338002e+00 8.081711e-01
      vertex 9.077234e-01 1.410397e+00 8.081711e-01
    endloop
  endfacet
  facet normal -3.592406e-01 -9.229259e-01 -1.383980e-01
    outer loop
      vertex 1.107255e+00 1.354570e+00 6.625355e-01
      vertex 9.077234e-01 1.410397e+00 8.081711e-01
      vertex 9.189631e-01 1.427861e+00 6.625355e-01
    endloop
  endfacet
  facet normal -1.612451e-01 -9.783463e-01 -1.297631e-01
    outer loop
      vertex 9.189631e-01 1.427861e+00 6.625355e-01
      vertex 9.077234e-01 1.410397e+00 8.081711e-01
      vertex 6.481142e-01 1.453184e+00 8.081711e-01
    endloop
  endfacet
  facet normal -1.612451e-01 -9.783463e-01 -1.297631e-01
    outer loop
      vertex 9.189631e-01 1.427861e+00 6.625355e-01
      vertex 6.481142e-01 1.453184e+00 8.081711e-01
      vertex 6.561394e-01 1.471178e+00 6.625355e-01
    endloop
  endfacet
  facet normal -2.168362e-02 -9.920741e-01 -1.237688e-01
    outer loop
      vertex 6.561394e-01 1.471178e+00 6.625355e-01
      vertex 6.481142e-01 1.453184e+00 8.081711e-01
      vertex 1.148217e-08 1.467350e+00 8.081711e-01
    endloop
  endfacet
  facet normal -2.168362e-02 -9.920741e-01 -1.237688e-01
    outer loop
      vertex 6.561394e-01 1.471178e+00 6.625355e-01
      vertex 1.148217e-08 1.467350e+00 8.081711e-01
      vertex 1.162435e-08 1.485519e+00 6.625355e-01
    endloop
  endfacet
  facet normal 2.168362e-02 -9.920741e-01 -1.237688e-01
    outer loop
      vertex 1.162435e-08 1.485519e+00 6.625355e-01
      vertex 1.148217e-08 1.467350e+00 8.081711e-01
      vertex -6.481142e-01 1.453184e+00 8.081711e-01
    endloop
  endfacet
  facet normal 2.168362e-02 -9.920741e-01 -1.237688e-01
    outer loop
      vertex 1.162435e-08 1.485519e+00 6.625355e-01
      vertex -6.481142e-01 1.453184e+00 8.081711e-01
      vertex -6.561394e-01 1.471178e+00 6.625355e-01
    endloop
  endfacet
  facet normal 1.612451e-01 -9.783463e-01 -1.297631e-01
    outer loop
      vertex -6.561394e-01 1.471178e+00 6.625355e-01
      vertex -6.481142e-01 1.453184e+00 8.081711e-01
      vertex -9.077234e-01 1.410397e+00 8.081711e-01
    endloop
  endfacet
  facet normal 1.612451e-01 -9.783463e-01 -1.297631e-01
    outer loop
      vertex -6.561394e-01 1.471178e+00 6.625355e-01
      vertex -9.077234e-01 1.410397e+00 8.081711e-01
      vertex -9.189631e-01 1.427861e+00 6.625355e-01
    endloop
  endfacet
  facet normal 3.592406e-01 -9.229259e-01 -1.383980e-01
    outer loop
      vertex -9.189631e-01 1.427861e+00 6.625355e-01
      vertex -9.077234e-01 1.410397e+00 8.081711e-01
      vertex -1.093712e+00 1.338002e+00 8.081711e-01
    endloop
  endfacet
  facet normal 3.592406e-01 -9.229259e-01 -1.383980e-01
    outer loop
      vertex -9.189631e-01 1.427861e+00 6.625355e-01
      vertex -1.093712e+00 1.338002e+00 8.081711e-01
      vertex -1.107255e+00 1.354570e+00 6.625355e-01
    endloop
  endfacet
  facet normal 5.899363e-01 -7.942842e-01 -1.452161e-01
    outer loop
      vertex -1.107255e+00 1.354570e+00 6.625355e-01
      vertex -1.093712e+00 1.338002e+00 8.081711e-01
      vertex -1.233889e+00 1.233889e+00 8.081711e-01
    endloop
  endfacet
  facet normal 5.899363e-01 -7.942842e-01 -1.452161e-01
    outer loop
      vertex -1.107255e+00 1.354570e+00 6.625355e-01
      vertex -1.233889e+00 1.233889e+00 8.081711e-01
      vertex -1.249168e+00 1.249168e+00 6.625355e-01
    endloop
  endfacet
  facet normal 7.942842e-01 -5.899363e-01 -1.452161e-01
    outer loop
      vertex -1.249168e+00 1.249168e+00 6.625355e-01
      vertex -1.233889e+00 1.233889e+00 8.081711e-01
      vertex -1.338002e+00 1.093712e+00 8.081711e-01
    endloop
  endfacet
  facet normal 7.942842e-01 -5.899363e-01 -1.452161e-01
    outer loop
      vertex -1.249168e+00 1.249168e+00 6.625355e-01
      vertex -1.338002e+00 1.093712e+00 8.081711e-01
      vertex -1.354570e+00 1.107255e+00 6.625355e-01
    endloop
  endfacet
  facet normal 9.229259e-01 -3.592406e-01 -1.383980e-01
    outer loop
      vertex -1.354570e+00 1.107255e+00 6.625355e-01
      vertex -1.338002e+00 1.093712e+00 8.081711e-01
      vertex -1.410397e+00 9.077234e-01 8.081711e-01
    endloop
  endfacet
  facet normal 9.229259e-01 -3.592406e-01 -1.383980e-01
    outer loop
      vertex -1.354570e+00 1.107255e+00 6.625355e-01
      vertex -1.410397e+00 9.077234e-01 8.081711e-01
      vertex -1.427861e+00 9.189631e-01 6.625355e-01
    endloop
  endfacet
  facet normal 9.783463e-01 -1.612451e-01 -1.297631e-01
    outer loop
      vertex -1.427861e+00 9.189631e-01 6.625355e-01
      vertex -1.410397e+00 9.077234e-01 8.081711e-01
      vertex -1.453184e+00 6.481142e-01 8.081711e-01
    endloop
  endfacet
  facet normal 9.783463e-01 -1.612451e-01 -1.297631e-01
    outer loop
      vertex -1.427861e+00 9.189631e-01 6.625355e-01
      vertex -1.453184e+00 6.481142e-01 8.081711e-01
      vertex -1.471178e+00 6.561394e-01 6.625355e-01
    endloop
  endfacet
  facet normal 9.920741e-01 -2.168362e-02 -1.237688e-01
    outer loop
      vertex -1.471178e+00 6.561394e-01 6.625355e-01
      vertex -1.453184e+00 6.481142e-01 8.081711e-01
      vertex -1.467350e+00 -1.623825e-08 8.081711e-01
    endloop
  endfacet
  facet normal 9.920741e-01 -2.168362e-02 -1.237688e-01
    outer loop
      vertex -1.471178e+00 6.561394e-01 6.625355e-01
      vertex -1.467350e+00 -1.623825e-08 8.081711e-01
      vertex -1.485519e+00 -1.643931e-08 6.625355e-01
    endloop
  endfacet
  facet normal 9.777304e-01 2.137011e-02 -2.087739e-01
    outer loop
      vertex -1.467350e+00 -1.623825e-08 8.081711e-01
      vertex -1.441780e+00 -1.595528e-08 9.279212e-01
      vertex -1.427861e+00 -6.368201e-01 9.279212e-01
    endloop
  endfacet
  facet normal 9.777304e-01 2.137011e-02 -2.087739e-01
    outer loop
      vertex -1.467350e+00 -1.623825e-08 8.081711e-01
      vertex -1.427861e+00 -6.368201e-01 9.279212e-01
      vertex -1.453184e+00 -6.481142e-01 8.081711e-01
    endloop
  endfacet
  facet normal 9.628310e-01 1.586880e-01 -2.185741e-01
    outer loop
      vertex -1.453184e+00 -6.481142e-01 8.081711e-01
      vertex -1.427861e+00 -6.368201e-01 9.279212e-01
      vertex -1.385819e+00 -8.919053e-01 9.279212e-01
    endloop
  endfacet
  facet normal 9.628310e-01 1.586880e-01 -2.185741e-01
    outer loop
      vertex -1.453184e+00 -6.481142e-01 8.081711e-01
      vertex -1.385819e+00 -8.919053e-01 9.279212e-01
      vertex -1.410397e+00 -9.077234e-01 8.081711e-01
    endloop
  endfacet
  facet normal 9.063307e-01 3.527811e-01 -2.326160e-01
    outer loop
      vertex -1.410397e+00 -9.077234e-01 8.081711e-01
      vertex -1.385819e+00 -8.919053e-01 9.279212e-01
      vertex -1.314686e+00 -1.074653e+00 9.279212e-01
    endloop
  endfacet
  facet normal 9.063307e-01 3.527811e-01 -2.326160e-01
    outer loop
      vertex -1.410397e+00 -9.077234e-01 8.081711e-01
      vertex -1.314686e+00 -1.074653e+00 9.279212e-01
      vertex -1.338002e+00 -1.093712e+00 8.081711e-01
    endloop
  endfacet
  facet normal 7.786027e-01 5.782892e-01 -2.436379e-01
    outer loop
      vertex -1.338002e+00 -1.093712e+00 8.081711e-01
      vertex -1.314686e+00 -1.074653e+00 9.279212e-01
      vertex -1.212387e+00 -1.212387e+00 9.279212e-01
    endloop
  endfacet
  facet normal 7.786027e-01 5.782892e-01 -2.436379e-01
    outer loop
      vertex -1.338002e+00 -1.093712e+00 8.081711e-01
      vertex -1.212387e+00 -1.212387e+00 9.279212e-01
      vertex -1.233889e+00 -1.233889e+00 8.081711e-01
    endloop
  endfacet
  facet normal 5.782892e-01 7.786027e-01 -2.436379e-01
    outer loop
      vertex -1.233889e+00 -1.233889e+00 8.081711e-01
      vertex -1.212387e+00 -1.212387e+00 9.279212e-01
      vertex -1.074653e+00 -1.314686e+00 9.279212e-01
    endloop
  endfacet
  facet normal 5.782892e-01 7.786027e-01 -2.436379e-01
    outer loop
      vertex -1.233889e+00 -1.233889e+00 8.081711e-01
      vertex -1.074653e+00 -1.314686e+00 9.279212e-01
      vertex -1.093712e+00 -1.338002e+00 8.081711e-01
    endloop
  endfacet
  facet normal 3.527811e-01 9.063307e-01 -2.326160e-01
    outer loop
      vertex -1.093712e+00 -1.338002e+00 8.081711e-01
      vertex -1.074653e+00 -1.314686e+00 9.279212e-01
      vertex -8.919053e-01 -1.385819e+00 9.279212e-01
    endloop
  endfacet
  facet normal 3.527811e-01 9.063307e-01 -2.326160e-01
    outer loop
      vertex -1.093712e+00 -1.338002e+00 8.081711e-01
      vertex -8.919053e-01 -1.385819e+00 9.279212e-01
      vertex -9.077234e-01 -1.410397e+00 8.081711e-01
    endloop
  endfacet
  facet normal 1.586880e-01 9.628310e-01 -2.185741e-01
    outer loop
      vertex -9.077234e-01 -1.410397e+00 8.081711e-01
      vertex -8.919053e-01 -1.385819e+00 9.279212e-01
      vertex -6.368201e-01 -1.427861e+00 9.279212e-01
    endloop
  endfacet
  facet normal 1.586880e-01 9.628310e-01 -2.185741e-01
    outer loop
      vertex -9.077234e-01 -1.410397e+00 8.081711e-01
      vertex -6.368201e-01 -1.427861e+00 9.279212e-01
      vertex -6.481142e-01 -1.453184e+00 8.081711e-01
    endloop
  endfacet
  facet normal 2.137011e-02 9.777304e-01 -2.087739e-01
    outer loop
      vertex -6.481142e-01 -1.453184e+00 8.081711e-01
      vertex -6.368201e-01 -1.427861e+00 9.279212e-01
      vertex 1.128208e-08 -1.441780e+00 9.279212e-01
    endloop
  endfacet
  facet normal 2.137011e-02 9.777304e-01 -2.087739e-01
    outer loop
      vertex -6.481142e-01 -1.453184e+00 8.081711e-01
      vertex 1.128208e-08 -1.441780e+00 9.279212e-01
      vertex 1.148217e-08 -1.467350e+00 8.081711e-01
    endloop
  endfacet
  facet normal -2.137011e-02 9.777304e-01 -2.087739e-01
    outer loop
      vertex 1.148217e-08 -1.467350e+00 8.081711e-01
      vertex 1.128208e-08 -1.441780e+00 9.279212e-01
      vertex 6.368201e-01 -1.427861e+00 9.279212e-01
    endloop
  endfacet
  facet normal -2.137011e-02 9.777304e-01 -2.087739e-01
    outer loop
      vertex 1.148217e-08 -1.467350e+00 8.081711e-01
      vertex 6.368201e-01 -1.427861e+00 9.279212e-01
      vertex 6.481142e-01 -1.453184e+00 8.081711e-01
    endloop
  endfacet
  facet normal -1.586880e-01 9.628310e-01 -2.185741e-01
    outer loop
      vertex 6.481142e-01 -1.453184e+00 8.081711e-01
      vertex 6.368201e-01 -1.427861e+00 9.279212e-01
      vertex 8.919053e-01 -1.385819e+00 9.279212e-01
    endloop
  endfacet
  facet normal -1.586880e-01 9.628310e-01 -2.185741e-01
    outer loop
      vertex 6.481142e-01 -1.453184e+00 8.081711e-01
      vertex 8.919053e-01 -1.385819e+00 9.279212e-01
      vertex 9.077234e-01 -1.410397e+00 8.081711e-01
    endloop
  endfacet
  facet normal -3.527811e-01 9.063307e-01 -2.326160e-01
    outer loop
      vertex 9.077234e-01 -1.410397e+00 8.081711e-01
      vertex 8.919053e-01 -1.385819e+00 9.279212e-01
      vertex 1.074653e+00 -1.314686e+00 9.279212e-01
    endloop
  endfacet
  facet normal -3.527811e-01 9.063307e-01 -2.326160e-01
    outer loop
      vertex 9.077234e-01 -1.410397e+00 8.081711e-01
      vertex 1.074653e+00 -1.314686e+00 9.279212e-01
      vertex 1.093712e+00 -1.338002e+00 8.081711e-01
    endloop
  endfacet
  facet normal -5.782892e-01 7.786027e-01 -2.436379e-01
    outer loop
      vertex 1.093712e+00 -1.338002e+00 8.081711e-01
      vertex 1.074653e+00 -1.314686e+00 9.279212e-01
      vertex 1.212387e+00 -1.212387e+00 9.279212e-01
    endloop
  endfacet
  facet normal -5.782892e-01 7.786027e-01 -2.436379e-01
    outer loop
      vertex 1.093712e+00 -1.338002e+00 8.081711e-01
      vertex 1.212387e+00 -1.212387e+00 9.279212e-01
      vertex 1.233889e+00 -1.233889e+00 8.081711e-01
    endloop
  endfacet
  facet normal -7.786027e-01 5.782892e-01 -2.436379e-01
    outer loop
      vertex 1.233889e+00 -1.233889e+00 8.081711e-01
      vertex 1.212387e+00 -1.212387e+00 9.279212e-01
      vertex 1.314686e+00 -1.074653e+00 9.279212e-01
    endloop
  endfacet
  facet normal -7.786027e-01 5.782892e-01 -2.436379e-01
    outer loop
      vertex 1.233889e+00 -1.233889e+00 8.081711e-01
      vertex 1.314686e+00 -1.074653e+00 9.279212e-01
      vertex 1.338002e+00 -1.093712e+00 8.081711e-01
    endloop
  endfacet
  facet normal -9.063307e-01 3.527811e-01 -2.326160e-01
    outer loop
      vertex 1.338002e+00 -1.093712e+00 8.081711e-01
      vertex 1.314686e+00 -1.074653e+00 9.279212e-01
      vertex 1.385819e+00 -8.919053e-01 9.279212e-01
    endloop
  endfacet
  facet normal -9.063307e-01 3.527811e-01 -2.326160e-01
    outer loop
      vertex 1.338002e+00 -1.093712e+00 8.081711e-01
      vertex 1.385819e+00 -8.919053e-01 9.279212e-01
      vertex 1.410397e+00 -9.077234e-01 8.081711e-01
    endloop
  endfacet
  facet normal -9.628310e-01 1.586880e-01 -2.185741e-01
    outer loop
      vertex 1.410397e+00 -9.077234e-01 8.081711e-01
      vertex 1.385819e+00 -8.919053e-01 9.279212e-01
      vertex 1.427861e+00 -6.368201e-01 9.279212e-01
    endloop
  endfacet
  facet normal -9.628310e-01 1.586880e-01 -2.185741e-01
    outer loop
      vertex 1.410397e+00 -9.077234e-01 8.081711e-01
      vertex 1.427861e+00 -6.368201e-01 9.279212e-01
      vertex 1.453184e+00 -6.481142e-01 8.081711e-01
    endloop
  endfacet
  facet normal -9.777304e-01 2.137011e-02 -2.087739e-01
    outer loop
      vertex 1.453184e+00 -6.481142e-01 8.081711e-01
      vertex 1.427861e+00 -6.368201e-01 9.279212e-01
      vertex 1.441780e+00 0.000000e+00 9.279212e-01
    endloop
  endfacet
  facet normal -9.777304e-01 2.137011e-02 -2.087739e-01
    outer loop
      vertex 1.453184e+00 -6.481142e-01 8.081711e-01
      vertex 1.441780e+00 0.000000e+00 9.279212e-01
      vertex 1.467350e+00 0.000000e+00 8.081711e-01
    endloop
  endfacet
  facet normal -9.777304e-01 -2.137011e-02 -2.087739e-01
    outer loop
      vertex 1.467350e+00 0.000000e+00 8.081711e-01
      vertex 1.441780e+00 0.000000e+00 9.279212e-01
      vertex 1.427861e+00 6.368201e-01 9.279212e-01
    endloop
  endfacet
  facet normal -9.777304e-01 -2.137011e-02 -2.087739e-01
    outer loop
      vertex 1.467350e+00 0.000000e+00 8.081711e-01
      vertex 1.427861e+00 6.368201e-01 9.279212e-01
      vertex 1.453184e+00 6.481142e-01 8.081711e-01
    endloop
  endfacet
  facet normal -9.628310e-01 -1.586880e-01 -2.185741e-01
    outer loop
      vertex 1.453184e+00 6.481142e-01 8.081711e-01
      vertex 1.427861e+00 6.368201e-01 9.279212e-01
      vertex 1.385819e+00 8.919053e-01 9.279212e-01
    endloop
  endfacet
  facet normal -9.628310e-01 -1.586880e-01 -2.185741e-01
    outer loop
      vertex 1.453184e+00 6.481142e-01 8.081711e-01
      vertex 1.385819e+00 8.919053e-01 9.279212e-01
      vertex 1.410397e+00 9.077234e-01 8.081711e-01
    endloop
  endfacet
  facet normal -9.063307e-01 -3.527811e-01 -2.326160e-01
    outer loop
      vertex 1.410397e+00 9.077234e-01 8.081711e-01
      vertex 1.385819e+00 8.919053e-01 9.279212e-01
      vertex 1.314686e+00 1.074653e+00 9.279212e-01
    endloop
  endfacet
  facet normal -9.063307e-01 -3.527811e-01 -2.326160e-01
    outer loop
      vertex 1.410397e+00 9.077234e-01 8.081711e-01
      vertex 1.314686e+00 1.074653e+00 9.279212e-01
      vertex 1.338002e+00 1.093712e+00 8.081711e-01
    endloop
  endfacet
  facet normal -7.786027e-01 -5.782892e-01 -2.436379e-01
    outer loop
      vertex 1.338002e+00 1.093712e+00 8.081711e-01
      vertex 1.314686e+00 1.074653e+00 9.279212e-01
      vertex 1.212387e+00 1.212387e+00 9.279212e-01
    endloop
  endfacet
  facet normal -7.786027e-01 -5.782892e-01 -2.436379e-01
    outer loop
      vertex 1.338002e+00 1.093712e+00 8.081711e-01
      vertex 1.212387e+00 1.212387e+00 9.279212e-01
      vertex 1.233889e+00 1.233889e+00 8.081711e-01
    endloop
  endfacet
  facet normal -5.782892e-01 -7.786027e-01 -2.436379e-01
    outer loop
      vertex 1.233889e+00 1.233889e+00 8.081711e-01
      vertex 1.212387e+00 1.212387e+00 9.279212e-01
      vertex 1.074653e+00 1.314686e+00 9.279212e-01
    endloop
  endfacet
  facet normal -5.782892e-01 -7.786027e-01 -2.436379e-01
    outer loop
      vertex 1.233889e+00 1.233889e+00 8.081711e-01
      vertex 1.074653e+00 1.314686e+00 9.279212e-01
      vertex 1.093712e+00 1.338002e+00 8.081711e-01
    endloop
  endfacet
  facet normal -3.527811e-01 -9.063307e-01 -2.326160e-01
    outer loop
      vertex 1.093712e+00 1.338002e+00 8.081711e-01
      vertex 1.074653e+00 1.314686e+00 9.279212e-01
      vertex 8.919053e-01 1.385819e+00 9.279212e-01
    endloop
  endfacet
  facet normal -3.527811e-01 -9.063307e-01 -2.326160e-01
    outer loop
      vertex 1.093712e+00 1.338002e+00 8.081711e-01
      vertex 8.919053e-01 1.385819e+00 9.279212e-01
      vertex 9.077234e-01 1.410397e+00 8.081711e-01
    endloop
  endfacet
  facet normal -1.586880e-01 -9.628310e-01 -2.185741e-01
    outer loop
      vertex 9.077234e-01 1.410397e+00 8.081711e-01
      vertex 8.919053e-01 1.385819e+00 9.279212e-01
      vertex 6.368201e-01 1.427861e+00 9.279212e-01
    endloop
  endfacet
  facet normal -1.586880e-01 -9.628310e-01 -2.185741e-01
    outer loop
      vertex 9.077234e-01 1.410397e+00 8.081711e-01
      vertex 6.368201e-01 1.427861e+00 9.279212e-01
      vertex 6.481142e-01 1.453184e+00 8.081711e-01
    endloop
  endfacet
  facet normal -2.137011e-02 -9.777304e-01 -2.087739e-01
    outer loop
      vertex 6.481142e-01 1.453184e+00 8.081711e-01
      vertex 6.368201e-01 1.427861e+00 9.279212e-01
      vertex 1.128208e-08 1.441780e+00 9.279212e-01
    endloop
  endfacet
  facet normal -2.137011e-02 -9.777304e-01 -2.087739e-01
    outer loop
      vertex 6.481142e-01 1.453184e+00 8.081711e-01
      vertex 1.128208e-08 1.441780e+00 9.279212e-01
      vertex 1.148217e-08 1.467350e+00 8.081711e-01
    endloop
  endfacet
  facet normal 2.137011e-02 -9.777304e-01 -2.087739e-01
    outer loop
      vertex 1.148217e-08 1.467350e+00 8.081711e-01
      vertex 1.128208e-08 1.441780e+00 9.279212e-01
      vertex -6.368201e-01 1.427861e+00 9.279212e-01
    endloop
  endfacet
  facet normal 2.137011e-02 -9.777304e-01 -2.087739e-01
    outer loop
      vertex 1.148217e-08 1.467350e+00 8.081711e-01
      vertex -6.368201e-01 1.427861e+00 9.279212e-01
      vertex -6.481142e-01 1.453184e+00 8.081711e-01
    endloop
  endfacet
  facet normal 1.586880e-01 -9.628310e-01 -2.185741e-01
    outer loop
      vertex -6.481142e-01 1.453184e+00 8.081711e-01
      vertex -6.368201e-01 1.427861e+00 9.279212e-01
      vertex -8.919053e-01 1.385819e+00 9.279212e-01
    endloop
  endfacet
  facet normal 1.586880e-01 -9.628310e-01 -2.185741e-01
    outer loop
      vertex -6.481142e-01 1.453184e+00 8.081711e-01
      vertex -8.919053e-01 1.385819e+00 9.279212e-01
      vertex -9.077234e-01 1.410397e+00 8.081711e-01
    endloop
  endfacet
  facet normal 3.527811e-01 -9.063307e-01 -2.326160e-01
    outer loop
      vertex -9.077234e-01 1.410397e+00 8.081711e-01
      vertex -8.919053e-01 1.385819e+00 9.279212e-01
      vertex -1.074653e+00 1.314686e+00 9.279212e-01
    endloop
  endfacet
  facet normal 3.527811e-01 -9.063307e-01 -2.326160e-01
    outer loop
      vertex -9.077234e-01 1.410397e+00 8.081711e-01
      vertex -1.074653e+00 1.314686e+00 9.279212e-01
      vertex -1.093712e+00 1.338002e+00 8.081711e-01
    endloop
  endfacet
  facet normal 5.782892e-01 -7.786027e-01 -2.436379e-01
    outer loop
      vertex -1.093712e+00 1.338002e+00 8.081711e-01
      vertex -1.074653e+00 1.314686e+00 9.279212e-01
      vertex -1.212387e+00 1.212387e+00 9.279212e-01
    endloop
  endfacet
  facet normal 5.782892e-01 -7.786027e-01 -2.436379e-01
    outer loop
      vertex -1.093712e+00 1.338002e+00 8.081711e-01
      vertex -1.212387e+00 1.212387e+00 9.279212e-01
      vertex -1.233889e+00 1.233889e+00 8.081711e-01
    endloop
  endfacet
  facet normal 7.786027e-01 -5.782892e-01 -2.436379e-01
    outer loop
      vertex -1.233889e+00 1.233889e+00 8.081711e-01
      vertex -1.212387e+00 1.212387e+00 9.279212e-01
      vertex -1.314686e+00 1.074653e+00 9.279212e-01
    endloop
  endfacet
  facet normal 7.786027e-01 -5.782892e-01 -2.436379e-01
    outer loop
      vertex -1.233889e+00 1.233889e+00 8.081711e-01
      vertex -1.314686e+00 1.074653e+00 9.279212e-01
      vertex -1.338002e+00 1.093712e+00 8.081711e-01
    endloop
  endfacet
  facet normal 9.063307e-01 -3.527811e-01 -2.326160e-01
    outer loop
      vertex -1.338002e+00 1.093712e+00 8.081711e-01
      vertex -1.314686e+00 1.074653e+00 9.279212e-01
      vertex -1.385819e+00 8.919053e-01 9.279212e-01
    endloop
  endfacet
  facet normal 9.063307e-01 -3.527811e-01 -2.326160e-01
    outer loop
      vertex -1.338002e+00 1.093712e+00 8.081711e-01
      vertex -1.385819e+00 8.919053e-01 9.279212e-01
      vertex -1.410397e+00 9.077234e-01 8.081711e-01
    endloop
  endfacet
  facet normal 9.628310e-01 -1.586880e-01 -2.185741e-01
    outer loop
      vertex -1.410397e+00 9.077234e-01 8.081711e-01
      vertex -1.385819e+00 8.919053e-01 9.279212e-01
      vertex -1.427861e+00 6.368201e-01 9.279212e-01
    endloop
  endfacet
  facet normal 9.628310e-01 -1.586880e-01 -2.185741e-01
    outer loop
      vertex -1.410397e+00 9.077234e-01 8.081711e-01
      vertex -1.427861e+00 6.368201e-01 9.279212e-01
      vertex -1.453184e+00 6.481142e-01 8.081711e-01
    endloop
  endfacet
  facet normal 9.777304e-01 -2.137011e-02 -2.087739e-01
    outer loop
      vertex -1.453184e+00 6.481142e-01 8.081711e-01
      vertex -1.427861e+00 6.368201e-01 9.279212e-01
      vertex -1.441780e+00 -1.595528e-08 9.279212e-01
    endloop
  endfacet
  facet normal 9.777304e-01 -2.137011e-02 -2.087739e-01
    outer loop
      vertex -1.453184e+00 6.481142e-01 8.081711e-01
      vertex -1.441780e+00 -1.595528e-08 9.279212e-01
      vertex -1.467350e+00 -1.623825e-08 8.081711e-01
    endloop
  endfacet
  facet normal 9.508702e-01 2.078303e-02 -3.088913e-01
    outer loop
      vertex -1.441780e+00 -1.595528e-08 9.279212e-01
      vertex -1.408660e+00 -1.558876e-08 1.029875e+00
      vertex -1.395061e+00 -6.221914e-01 1.029875e+00
    endloop
  endfacet
  facet normal 9.508702e-01 2.078303e-02 -3.088913e-01
    outer loop
      vertex -1.441780e+00 -1.595528e-08 9.279212e-01
      vertex -1.395061e+00 -6.221914e-01 1.029875e+00
      vertex -1.427861e+00 -6.368201e-01 9.279212e-01
    endloop
  endfacet
  facet normal 9.339518e-01 1.539283e-01 -3.225525e-01
    outer loop
      vertex -1.427861e+00 -6.368201e-01 9.279212e-01
      vertex -1.395061e+00 -6.221914e-01 1.029875e+00
      vertex -1.353985e+00 -8.714169e-01 1.029875e+00
    endloop
  endfacet
  facet normal 9.339518e-01 1.539283e-01 -3.225525e-01
    outer loop
      vertex -1.427861e+00 -6.368201e-01 9.279212e-01
      vertex -1.353985e+00 -8.714169e-01 1.029875e+00
      vertex -1.385819e+00 -8.919053e-01 9.279212e-01
    endloop
  endfacet
  facet normal 8.757218e-01 3.408668e-01 -3.419374e-01
    outer loop
      vertex -1.385819e+00 -8.919053e-01 9.279212e-01
      vertex -1.353985e+00 -8.714169e-01 1.029875e+00
      vertex -1.284486e+00 -1.049967e+00 1.029875e+00
    endloop
  endfacet
  facet normal 8.757218e-01 3.408668e-01 -3.419374e-01
    outer loop
      vertex -1.385819e+00 -8.919053e-01 9.279212e-01
      vertex -1.284486e+00 -1.049967e+00 1.029875e+00
      vertex -1.314686e+00 -1.074653e+00 9.279212e-01
    endloop
  endfacet
  facet normal 7.498960e-01 5.569680e-01 -3.569911e-01
    outer loop
      vertex -1.314686e+00 -1.074653e+00 9.279212e-01
      vertex -1.284486e+00 -1.049967e+00 1.029875e+00
      vertex -1.184537e+00 -1.184537e+00 1.029875e+00
    endloop
  endfacet
  facet normal 7.498960e-01 5.569680e-01 -3.569911e-01
    outer loop
      vertex -1.314686e+00 -1.074653e+00 9.279212e-01
      vertex -1.184537e+00 -1.184537e+00 1.029875e+00
      vertex -1.212387e+00 -1.212387e+00 9.279212e-01
    endloop
  endfacet
  facet normal 5.569680e-01 7.498960e-01 -3.569911e-01
    outer loop
      vertex -1.212387e+00 -1.212387e+00 9.279212e-01
      vertex -1.184537e+00 -1.184537e+00 1.029875e+00
      vertex -1.049967e+00 -1.284486e+00 1.029875e+00
    endloop
  endfacet
  facet normal 5.569680e-01 7.498960e-01 -3.569911e-01
    outer loop
      vertex -1.212387e+00 -1.212387e+00 9.279212e-01
      vertex -1.049967e+00 -1.284486e+00 1.029875e+00
      vertex -1.074653e+00 -1.314686e+00 9.279212e-01
    endloop
  endfacet
  facet normal 3.408668e-01 8.757218e-01 -3.419374e-01
    outer loop
      vertex -1.074653e+00 -1.314686e+00 9.279212e-01
      vertex -1.049967e+00 -1.284486e+00 1.029875e+00
      vertex -8.714169e-01 -1.353985e+00 1.029875e+00
    endloop
  endfacet
  facet normal 3.408668e-01 8.757218e-01 -3.419374e-01
    outer loop
      vertex -1.074653e+00 -1.314686e+00 9.279212e-01
      vertex -8.714169e-01 -1.353985e+00 1.029875e+00
      vertex -8.919053e-01 -1.385819e+00 9.279212e-01
    endloop
  endfacet
  facet normal 1.539283e-01 9.339518e-01 -3.225525e-01
    outer loop
      vertex -8.919053e-01 -1.385819e+00 9.279212e-01
      vertex -8.714169e-01 -1.353985e+00 1.029875e+00
      vertex -6.221914e-01 -1.395061e+00 1.029875e+00
    endloop
  endfacet
  facet normal 1.539283e-01 9.339518e-01 -3.225525e-01
    outer loop
      vertex -8.919053e-01 -1.385819e+00 9.279212e-01
      vertex -6.221914e-01 -1.395061e+00 1.029875e+00
      vertex -6.368201e-01 -1.427861e+00 9.279212e-01
    endloop
  endfacet
  facet normal 2.078303e-02 9.508702e-01 -3.088913e-01
    outer loop
      vertex -6.368201e-01 -1.427861e+00 9.279212e-01
      vertex -6.221914e-01 -1.395061e+00 1.029875e+00
      vertex 1.102292e-08 -1.408660e+00 1.029875e+00
    endloop
  endfacet
  facet normal 2.078303e-02 9.508702e-01 -3.088913e-01
    outer loop
      vertex -6.368201e-01 -1.427861e+00 9.279212e-01
      vertex 1.102292e-08 -1.408660e+00 1.029875e+00
      vertex 1.128208e-08 -1.441780e+00 9.279212e-01
    endloop
  endfacet
  facet normal -2.078303e-02 9.508702e-01 -3.088913e-01
    outer loop
      vertex 1.128208e-08 -1.441780e+00 9.279212e-01
      vertex 1.102292e-08 -1.408660e+00 1.029875e+00
      vertex 6.221914e-01 -1.395061e+00 1.029875e+00
    endloop
  endfacet
  facet normal -2.078303e-02 9.508702e-01 -3.088913e-01
    outer loop
      vertex 1.128208e-08 -1.441780e+00 9.279212e-01
      vertex 6.221914e-01 -1.395061e+00 1.029875e+00
      vertex 6.368201e-01 -1.427861e+00 9.279212e-01
    endloop
  endfacet
  facet normal -1.539283e-01 9.339518e-01 -3.225525e-01
    outer loop
      vertex 6.368201e-01 -1.427861e+00 9.279212e-01
      vertex 6.221914e-01 -1.395061e+00 1.029875e+00
      vertex 8.714169e-01 -1.353985e+00 1.029875e+00
    endloop
  endfacet
  facet normal -1.539283e-01 9.339518e-01 -3.225525e-01
    outer loop
      vertex 6.368201e-01 -1.427861e+00 9.279212e-01
      vertex 8.714169e-01 -1.353985e+00 1.029875e+00
      vertex 8.919053e-01 -1.385819e+00 9.279212e-01
    endloop
  endfacet
  facet normal -3.408668e-01 8.757218e-01 -3.419374e-01
    outer loop
      vertex 8.919053e-01 -1.385819e+00 9.279212e-01
      vertex 8.714169e-01 -1.353985e+00 1.029875e+00
      vertex 1.049967e+00 -1.284486e+00 1.029875e+00
    endloop
  endfacet
  facet normal -3.408668e-01 8.757218e-01 -3.419374e-01
    outer loop
      vertex 8.919053e-01 -1.385819e+00 9.279212e-01
      vertex 1.049967e+00 -1.284486e+00 1.029875e+00
      vertex 1.074653e+00 -1.314686e+00 9.279212e-01
    endloop
  endfacet
  facet normal -5.569680e-01 7.498960e-01 -3.569911e-01
    outer loop
      vertex 1.074653e+00 -1.314686e+00 9.279212e-01
      vertex 1.049967e+00 -1.284486e+00 1.029875e+00
      vertex 1.184537e+00 -1.184537e+00 1.029875e+00
    endloop
  endfacet
  facet normal -5.569680e-01 7.498960e-01 -3.569911e-01
    outer loop
      vertex 1.074653e+00 -1.314686e+00 9.279212e-01
      vertex 1.184537e+00 -1.184537e+00 1.029875e+00
      vertex 1.212387e+00 -1.212387e+00 9.279212e-01
    endloop
  endfacet
  facet normal -7.498960e-01 5.569680e-01 -3.569911e-01
    outer loop
      vertex 1.212387e+00 -1.212387e+00 9.279212e-01
      vertex 1.184537e+00 -1.184537e+00 1.029875e+00
      vertex 1.284486e+00 -1.049967e+00 1.029875e+00
    endloop
  endfacet
  facet normal -7.498960e-01 5.569680e-01 -3.569911e-01
    outer loop
      vertex 1.212387e+00 -1.212387e+00 9.279212e-01
      vertex 1.284486e+00 -1.049967e+00 1.029875e+00
      vertex 1.314686e+00 -1.074653e+00 9.279212e-01
    endloop
  endfacet
  facet normal -8.757218e-01 3.408668e-01 -3.419374e-01
    outer loop
      vertex 1.314686e+00 -1.074653e+00 9.279212e-01
      vertex 1.284486e+00 -1.049967e+00 1.029875e+00
      vertex 1.353985e+00 -8.714169e-01 1.029875e+00
    endloop
  endfacet
  facet normal -8.757218e-01 3.408668e-01 -3.419374e-01
    outer loop
      vertex 1.314686e+00 -1.074653e+00 9.279212e-01
      vertex 1.353985e+00 -8.714169e-01 1.029875e+00
      vertex 1.385819e+00 -8.919053e-01 9.279212e-01
    endloop
  endfacet
  facet normal -9.339518e-01 1.539283e-01 -3.225525e-01
    outer loop
      vertex 1.385819e+00 -8.919053e-01 9.279212e-01
      vertex 1.353985e+00 -8.714169e-01 1.029875e+00
      vertex 1.395061e+00 -6.221914e-01 1.029875e+00
    endloop
  endfacet
  facet normal -9.339518e-01 1.539283e-01 -3.225525e-01
    outer loop
      vertex 1.385819e+00 -8.919053e-01 9.279212e-01
      vertex 1.395061e+00 -6.221914e-01 1.029875e+00
      vertex 1.427861e+00 -6.368201e-01 9.279212e-01
    endloop
  endfacet
  facet normal -9.508702e-01 2.078303e-02 -3.088913e-01
    outer loop
      vertex 1.427861e+00 -6.368201e-01 9.279212e-01
      vertex 1.395061e+00 -6.221914e-01 1.029875e+00
      vertex 1.408660e+00 0.000000e+00 1.029875e+00
    endloop
  endfacet
  facet normal -9.508702e-01 2.078303e-02 -3.088913e-01
    outer loop
      vertex 1.427861e+00 -6.368201e-01 9.279212e-01
      vertex 1.408660e+00 0.000000e+00 1.029875e+00
      vertex 1.441780e+00 0.000000e+00 9.279212e-01
    endloop
  endfacet
  facet normal -9.508702e-01 -2.078303e-02 -3.088913e-01
    outer loop
      vertex 1.441780e+00 0.000000e+00 9.279212e-01
      vertex 1.408660e+00 0.000000e+00 1.029875e+00
      vertex 1.395061e+00 6.221914e-01 1.029875e+00
    endloop
  endfacet
  facet normal -9.508702e-01 -2.078303e-02 -3.088913e-01
    outer loop
      vertex 1.441780e+00 0.000000e+00 9.279212e-01
      vertex 1.395061e+00 6.221914e-01 1.029875e+00
      vertex 1.427861e+00 6.368201e-01 9.279212e-01
    endloop
  endfacet
  facet normal -9.339518e-01 -1.539283e-01 -3.225525e-01
    outer loop
      vertex 1.427861e+00 6.368201e-01 9.279212e-01
      vertex 1.395061e+00 6.221914e-01 1.029875e+00
      vertex 1.353985e+00 8.714169e-01 1.029875e+00
    endloop
  endfacet
  facet normal -9.339518e-01 -1.539283e-01 -3.225525e-01
    outer loop
      vertex 1.427861e+00 6.368201e-01 9.279212e-01
      vertex 1.353985e+00 8.714169e-01 1.029875e+00
      vertex 1.385819e+00 8.919053e-01 9.279212e-01
    endloop
  endfacet
  facet normal -8.757218e-01 -3.408668e-01 -3.419374e-01
    outer loop
      vertex 1.385819e+00 8.919053e-01 9.279212e-01
      vertex 1.353985e+00 8.714169e-01 1.029875e+00
      vertex 1.284486e+00 1.049967e+00 1.029875e+00
    endloop
  endfacet
  facet normal -8.757218e-01 -3.408668e-01 -3.419374e-01
    outer loop
      vertex 1.385819e+00 8.919053e-01 9.279212e-01
      vertex 1.284486e+00 1.049967e+00 1.029875e+00
      vertex 1.314686e+00 1.074653e+00 9.279212e-01
    endloop
  endfacet
  facet normal -7.498960e-01 -5.569680e-01 -3.569911e-01
    outer loop
      vertex 1.314686e+00 1.074653e+00 9.279212e-01
      vertex 1.284486e+00 1.049967e+00 1.029875e+00
      vertex 1.184537e+00 1.184537e+00 1.029875e+00
    endloop
  endfacet
  facet normal -7.498960e-01 -5.569680e-01 -3.569911e-01
    outer loop
      vertex 1.314686e+00 1.074653e+00 9.279212e-01
      vertex 1.184537e+00 1.184537e+00 1.029875e+00
      vertex 1.212387e+00 1.212387e+00 9.279212e-01
    endloop
  endfacet
  facet normal -5.569680e-01 -7.498960e-01 -3.569911e-01
    outer loop
      vertex 1.212387e+00 1.212387e+00 9.279212e-01
      vertex 1.184537e+00 1.184537e+00 1.029875e+00
      vertex 1.049967e+00 1.284486e+00 1.029875e+00
    endloop
  endfacet
  facet normal -5.569680e-01 -7.498960e-01 -3.569911e-01
    outer loop
      vertex 1.212387e+00 1.212387e+00 9.279212e-01
      vertex 1.049967e+00 1.284486e+00 1.029875e+00
      vertex 1.074653e+00 1.314686e+00 9.279212e-01
    endloop
  endfacet
  facet normal -3.408668e-01 -8.757218e-01 -3.419374e-01
    outer loop
      vertex 1.074653e+00 1.314686e+00 9.279212e-01
      vertex 1.049967e+00 1.284486e+00 1.029875e+00
      vertex 8.714169e-01 1.353985e+00 1.029875e+00
    endloop
  endfacet
  facet normal -3.408668e-01 -8.757218e-01 -3.419374e-01
    outer loop
      vertex 1.074653e+00 1.314686e+00 9.279212e-01
      vertex 8.714169e-01 1.353985e+00 1.029875e+00
      vertex 8.919053e-01 1.385819e+00 9.279212e-01
    endloop
  endfacet
  facet normal -1.539283e-01 -9.339518e-01 -3.225525e-01
    outer loop
      vertex 8.919053e-01 1.385819e+00 9.279212e-01
      vertex 8.714169e-01 1.353985e+00 1.029875e+00
      vertex 6.221914e-01 1.395061e+00 1.029875e+00
    endloop
  endfacet
  facet normal -1.539283e-01 -9.339518e-01 -3.225525e-01
    outer loop
      vertex 8.919053e-01 1.385819e+00 9.279212e-01
      vertex 6.221914e-01 1.395061e+00 1.029875e+00
      vertex 6.368201e-01 1.427861e+00 9.279212e-01
    endloop
  endfacet
  facet normal -2.078303e-02 -9.508702e-01 -3.088913e-01
    outer loop
      vertex 6.368201e-01 1.427861e+00 9.279212e-01
      vertex 6.221914e-01 1.395061e+00 1.029875e+00
      vertex 1.102292e-08 1.408660e+00 1.029875e+00
    endloop
  endfacet
  facet normal -2.078303e-02 -9.508702e-01 -3.088913e-01
    outer loop
      vertex 6.368201e-01 1.427861e+00 9.279212e-01
      vertex 1.102292e-08 1.408660e+00 1.029875e+00
      vertex 1.128208e-08 1.441780e+00 9.279212e-01
    endloop
  endfacet
  facet normal 2.078303e-02 -9.508702e-01 -3.088913e-01
    outer loop
      vertex 1.128208e-08 1.441780e+00 9.279212e-01
      vertex 1.102292e-08 1.408660e+00 1.029875e+00
      vertex -6.221914e-01 1.395061e+00 1.029875e+00
    endloop
  endfacet
  facet normal 2.078303e-02 -9.508702e-01 -3.088913e-01
    outer loop
      vertex 1.128208e-08 1.441780e+00 9.279212e-01
      vertex -6.221914e-01 1.395061e+00 1.029875e+00
      vertex -6.368201e-01 1.427861e+00 9.279212e-01
    endloop
  endfacet
  facet normal 1.539283e-01 -9.339518e-01 -3.225525e-01
    outer loop
      vertex -6.368201e-01 1.427861e+00 9.279212e-01
      vertex -6.221914e-01 1.395061e+00 1.029875e+00
      vertex -8.714169e-01 1.353985e+00 1.029875e+00
    endloop
  endfacet
  facet normal 1.539283e-01 -9.339518e-01 -3.225525e-01
    outer loop
      vertex -6.368201e-01 1.427861e+00 9.279212e-01
      vertex -8.714169e-01 1.353985e+00 1.029875e+00
      vertex -8.919053e-01 1.385819e+00 9.279212e-01
    endloop
  endfacet
  facet normal 3.408668e-01 -8.757218e-01 -3.419374e-01
    outer loop
      vertex -8.919053e-01 1.385819e+00 9.279212e-01
      vertex -8.714169e-01 1.353985e+00 1.029875e+00
      vertex -1.049967e+00 1.284486e+00 1.029875e+00
    endloop
  endfacet
  facet normal 3.408668e-01 -8.757218e-01 -3.419374e-01
    outer loop
      vertex -8.919053e-01 1.385819e+00 9.279212e-01
      vertex -1.049967e+00 1.284486e+00 1.029875e+00
      vertex -1.074653e+00 1.314686e+00 9.279212e-01
    endloop
  endfacet
  facet normal 5.569680e-01 -7.498960e-01 -3.569911e-01
    outer loop
      vertex -1.074653e+00 1.314686e+00 9.279212e-01
      vertex -1.049967e+00 1.284486e+00 1.029875e+00
      vertex -1.184537e+00 1.184537e+00 1.029875e+00
    endloop
  endfacet
  facet normal 5.569680e-01 -7.498960e-01 -3.569911e-01
    outer loop
      vertex -1.074653e+00 1.314686e+00 9.279212e-01
      vertex -1.184537e+00 1.184537e+00 1.029875e+00
      vertex -1.212387e+00 1.212387e+00 9.279212e-01
    endloop
  endfacet
  facet normal 7.498960e-01 -5.569680e-01 -3.569911e-01
    outer loop
      vertex -1.212387e+00 1.212387e+00 9.279212e-01
      vertex -1.184537e+00 1.184537e+00 1.029875e+00
      vertex -1.284486e+00 1.049967e+00 1.029875e+00
    endloop
  endfacet
  facet normal 7.498960e-01 -5.569680e-01 -3.569911e-01
    outer loop
      vertex -1.212387e+00 1.212387e+00 9.279212e-01
      vertex -1.284486e+00 1.049967e+00 1.029875e+00
      vertex -1.314686e+00 1.074653e+00 9.279212e-01
    endloop
  endfacet
  facet normal 8.757218e-01 -3.408668e-01 -3.419374e-01
    outer loop
      vertex -1.314686e+00 1.074653e+00 9.279212e-01
      vertex -1.284486e+00 1.049967e+00 1.029875e+00
      vertex -1.353985e+00 8.714169e-01 1.029875e+00
    endloop
  endfacet
  facet normal 8.757218e-01 -3.408668e-01 -3.419374e-01
    outer loop
      vertex -1.314686e+00 1.074653e+00 9.279212e-01
      vertex -1.353985e+00 8.714169e-01 1.029875e+00
      vertex -1.385819e+00 8.919053e-01 9.279212e-01
    endloop
  endfacet
  facet normal 9.339518e-01 -1.539283e-01 -3.225525e-01
    outer loop
      vertex -1.385819e+00 8.919053e-01 9.279212e-01
      vertex -1.353985e+00 8.714169e-01 1.029875e+00
      vertex -1.395061e+00 6.221914e-01 1.029875e+00
    endloop
  endfacet
  facet normal 9.339518e-01 -1.539283e-01 -3.225525e-01
    outer loop
      vertex -1.385819e+00 8.919053e-01 9.279212e-01
      vertex -1.395061e+00 6.221914e-01 1.029875e+00
      vertex -1.427861e+00 6.368201e-01 9.279212e-01
    endloop
  endfacet
  facet normal 9.508702e-01 -2.078303e-02 -3.088913e-01
    outer loop
      vertex -1.427861e+00 6.368201e-01 9.279212e-01
      vertex -1.395061e+00 6.221914e-01 1.029875e+00
      vertex -1.408660e+00 -1.558876e-08 1.029875e+00
    endloop
  endfacet
  facet normal 9.508702e-01 -2.078303e-02 -3.088913e-01
    outer loop
      vertex -1.427861e+00 6.368201e-01 9.279212e-01
      vertex -1.408660e+00 -1.558876e-08 1.029875e+00
      vertex -1.441780e+00 -1.595528e-08 9.279212e-01
    endloop
  endfacet
  facet normal 9.070356e-01 1.982494e-02 -4.205870e-01
    outer loop
      vertex -1.408660e+00 -1.558876e-08 1.029875e+00
      vertex -1.367774e+00 -1.513631e-08 1.118049e+00
      vertex -1.354570e+00 -6.041327e-01 1.118049e+00
    endloop
  endfacet
  facet normal 9.070356e-01 1.982494e-02 -4.205870e-01
    outer loop
      vertex -1.408660e+00 -1.558876e-08 1.029875e+00
      vertex -1.354570e+00 -6.041327e-01 1.118049e+00
      vertex -1.395061e+00 -6.221914e-01 1.029875e+00
    endloop
  endfacet
  facet normal 8.872915e-01 1.462380e-01 -4.374107e-01
    outer loop
      vertex -1.395061e+00 -6.221914e-01 1.029875e+00
      vertex -1.354570e+00 -6.041327e-01 1.118049e+00
      vertex -1.314686e+00 -8.461245e-01 1.118049e+00
    endloop
  endfacet
  facet normal 8.872915e-01 1.462380e-01 -4.374107e-01
    outer loop
      vertex -1.395061e+00 -6.221914e-01 1.029875e+00
      vertex -1.314686e+00 -8.461245e-01 1.118049e+00
      vertex -1.353985e+00 -8.714169e-01 1.029875e+00
    endloop
  endfacet
  facet normal 8.269981e-01 3.219016e-01 -4.609268e-01
    outer loop
      vertex -1.353985e+00 -8.714169e-01 1.029875e+00
      vertex -1.314686e+00 -8.461245e-01 1.118049e+00
      vertex -1.247204e+00 -1.019492e+00 1.118049e+00
    endloop
  endfacet
  facet normal 8.269981e-01 3.219016e-01 -4.609268e-01
    outer loop
      vertex -1.353985e+00 -8.714169e-01 1.029875e+00
      vertex -1.247204e+00 -1.019492e+00 1.118049e+00
      vertex -1.284486e+00 -1.049967e+00 1.029875e+00
    endloop
  endfacet
  facet normal 7.047510e-01 5.234376e-01 -4.788936e-01
    outer loop
      vertex -1.284486e+00 -1.049967e+00 1.029875e+00
      vertex -1.247204e+00 -1.019492e+00 1.118049e+00
      vertex -1.150157e+00 -1.150157e+00 1.118049e+00
    endloop
  endfacet
  facet normal 7.047510e-01 5.234376e-01 -4.788936e-01
    outer loop
      vertex -1.284486e+00 -1.049967e+00 1.029875e+00
      vertex -1.150157e+00 -1.150157e+00 1.118049e+00
      vertex -1.184537e+00 -1.184537e+00 1.029875e+00
    endloop
  endfacet
  facet normal 5.234376e-01 7.047510e-01 -4.788936e-01
    outer loop
      vertex -1.184537e+00 -1.184537e+00 1.029875e+00
      vertex -1.150157e+00 -1.150157e+00 1.118049e+00
      vertex -1.019492e+00 -1.247204e+00 1.118049e+00
    endloop
  endfacet
  facet normal 5.234376e-01 7.047510e-01 -4.788936e-01
    outer loop
      vertex -1.184537e+00 -1.184537e+00 1.029875e+00
      vertex -1.019492e+00 -1.247204e+00 1.118049e+00
      vertex -1.049967e+00 -1.284486e+00 1.029875e+00
    endloop
  endfacet
  facet normal 3.219016e-01 8.269981e-01 -4.609268e-01
    outer loop
      vertex -1.049967e+00 -1.284486e+00 1.029875e+00
      vertex -1.019492e+00 -1.247204e+00 1.118049e+00
      vertex -8.461245e-01 -1.314686e+00 1.118049e+00
    endloop
  endfacet
  facet normal 3.219016e-01 8.269981e-01 -4.609268e-01
    outer loop
      vertex -1.049967e+00 -1.284486e+00 1.029875e+00
      vertex -8.461245e-01 -1.314686e+00 1.118049e+00
      vertex -8.714169e-01 -1.353985e+00 1.029875e+00
    endloop
  endfacet
  facet normal 1.462380e-01 8.872915e-01 -4.374107e-01
    outer loop
      vertex -8.714169e-01 -1.353985e+00 1.029875e+00
      vertex -8.461245e-01 -1.314686e+00 1.118049e+00
      vertex -6.041327e-01 -1.354570e+00 1.118049e+00
    endloop
  endfacet
  facet normal 1.462380e-01 8.872915e-01 -4.374107e-01
    outer loop
      vertex -8.714169e-01 -1.353985e+00 1.029875e+00
      vertex -6.041327e-01 -1.354570e+00 1.118049e+00
      vertex -6.221914e-01 -1.395061e+00 1.029875e+00
    endloop
  endfacet
  facet normal 1.982494e-02 9.070356e-01 -4.205870e-01
    outer loop
      vertex -6.221914e-01 -1.395061e+00 1.029875e+00
      vertex -6.041327e-01 -1.354570e+00 1.118049e+00
      vertex 1.070298e-08 -1.367774e+00 1.118049e+00
    endloop
  endfacet
  facet normal 1.982494e-02 9.070356e-01 -4.205870e-01
    outer loop
      vertex -6.221914e-01 -1.395061e+00 1.029875e+00
      vertex 1.070298e-08 -1.367774e+00 1.118049e+00
      vertex 1.102292e-08 -1.408660e+00 1.029875e+00
    endloop
  endfacet
  facet normal -1.982494e-02 9.070356e-01 -4.205870e-01
    outer loop
      vertex 1.102292e-08 -1.408660e+00 1.029875e+00
      vertex 1.070298e-08 -1.367774e+00 1.118049e+00
      vertex 6.041327e-01 -1.354570e+00 1.118049e+00
    endloop
  endfacet
  facet normal -1.982494e-02 9.070356e-01 -4.205870e-01
    outer loop
      vertex 1.102292e-08 -1.408660e+00 1.029875e+00
      vertex 6.041327e-01 -1.354570e+00 1.118049e+00
      vertex 6.221914e-01 -1.395061e+00 1.029875e+00
    endloop
  endfacet
  facet normal -1.462380e-01 8.872915e-01 -4.374107e-01
    outer loop
      vertex 6.221914e-01 -1.395061e+00 1.029875e+00
      vertex 6.041327e-01 -1.354570e+00 1.118049e+00
      vertex 8.461245e-01 -1.314686e+00 1.118049e+00
    endloop
  endfacet
  facet normal -1.462380e-01 8.872915e-01 -4.374107e-01
    outer loop
      vertex 6.221914e-01 -1.395061e+00 1.029875e+00
      vertex 8.461245e-01 -1.314686e+00 1.118049e+00
      vertex 8.714169e-01 -1.353985e+00 1.029875e+00
    endloop
  endfacet
  facet normal -3.219016e-01 8.269981e-01 -4.609268e-01
    outer loop
      vertex 8.714169e-01 -1.353985e+00 1.029875e+00
      vertex 8.461245e-01 -1.314686e+00 1.118049e+00
      vertex 1.019492e+00 -1.247204e+00 1.118049e+00
    endloop
  endfacet
  facet normal -3.219016e-01 8.269981e-01 -4.609268e-01
    outer loop
      vertex 8.714169e-01 -1.353985e+00 1.029875e+00
      vertex 1.019492e+00 -1.247204e+00 1.118049e+00
      vertex 1.049967e+00 -1.284486e+00 1.029875e+00
    endloop
  endfacet
  facet normal -5.234376e-01 7.047510e-01 -4.788936e-01
    outer loop
      vertex 1.049967e+00 -1.284486e+00 1.029875e+00
      vertex 1.019492e+00 -1.247204e+00 1.118049e+00
      vertex 1.150157e+00 -1.150157e+00 1.118049e+00
    endloop
  endfacet
  facet normal -5.234376e-01 7.047510e-01 -4.788936e-01
    outer loop
      vertex 1.049967e+00 -1.284486e+00 1.029875e+00
      vertex 1.150157e+00 -1.150157e+00 1.118049e+00
      vertex 1.184537e+00 -1.184537e+00 1.029875e+00
    endloop
  endfacet
  facet normal -7.047510e-01 5.234376e-01 -4.788936e-01
    outer loop
      vertex 1.184537e+00 -1.184537e+00 1.029875e+00
      vertex 1.150157e+00 -1.150157e+00 1.118049e+00
      vertex 1.247204e+00 -1.019492e+00 1.118049e+00
    endloop
  endfacet
  facet normal -7.047510e-01 5.234376e-01 -4.788936e-01
    outer loop
      vertex 1.184537e+00 -1.184537e+00 1.029875e+00
      vertex 1.247204e+00 -1.019492e+00 1.118049e+00
      vertex 1.284486e+00 -1.049967e+00 1.029875e+00
    endloop
  endfacet
  facet normal -8.269981e-01 3.219016e-01 -4.609268e-01
    outer loop
      vertex 1.284486e+00 -1.049967e+00 1.029875e+00
      vertex 1.247204e+00 -1.019492e+00 1.118049e+00
      vertex 1.314686e+00 -8.461245e-01 1.118049e+00
    endloop
  endfacet
  facet normal -8.269981e-01 3.219016e-01 -4.609268e-01
    outer loop
      vertex 1.284486e+00 -1.049967e+00 1.029875e+00
      vertex 1.314686e+00 -8.461245e-01 1.118049e+00
      vertex 1.353985e+00 -8.714169e-01 1.029875e+00
    endloop
  endfacet
  facet normal -8.872915e-01 1.462380e-01 -4.374107e-01
    outer loop
      vertex 1.353985e+00 -8.714169e-01 1.029875e+00
      vertex 1.314686e+00 -8.461245e-01 1.118049e+00
      vertex 1.354570e+00 -6.041327e-01 1.118049e+00
    endloop
  endfacet
  facet normal -8.872915e-01 1.462380e-01 -4.374107e-01
    outer loop
      vertex 1.353985e+00 -8.714169e-01 1.029875e+00
      vertex 1.354570e+00 -6.041327e-01 1.118049e+00
      vertex 1.395061e+00 -6.221914e-01 1.029875e+00
    endloop
  endfacet
  facet normal -9.070356e-01 1.982494e-02 -4.205870e-01
    outer loop
      vertex 1.395061e+00 -6.221914e-01 1.029875e+00
      vertex 1.354570e+00 -6.041327e-01 1.118049e+00
      vertex 1.367774e+00 0.000000e+00 1.118049e+00
    endloop
  endfacet
  facet normal -9.070356e-01 1.982494e-02 -4.205870e-01
    outer loop
      vertex 1.395061e+00 -6.221914e-01 1.029875e+00
      vertex 1.367774e+00 0.000000e+00 1.118049e+00
      vertex 1.408660e+00 0.000000e+00 1.029875e+00
    endloop
  endfacet
  facet normal -9.070356e-01 -1.982494e-02 -4.205870e-01
    outer loop
      vertex 1.408660e+00 0.000000e+00 1.029875e+00
      vertex 1.367774e+00 0.000000e+00 1.118049e+00
      vertex 1.354570e+00 6.041327e-01 1.118049e+00
    endloop
  endfacet
  facet normal -9.070356e-01 -1.982494e-02 -4.205870e-01
    outer loop
      vertex 1.408660e+00 0.000000e+00 1.029875e+00
      vertex 1.354570e+00 6.041327e-01 1.118049e+00
      vertex 1.395061e+00 6.221914e-01 1.029875e+00
    endloop
  endfacet
  facet normal -8.872915e-01 -1.462380e-01 -4.374107e-01
    outer loop
      vertex 1.395061e+00 6.221914e-01 1.029875e+00
      vertex 1.354570e+00 6.041327e-01 1.118049e+00
      vertex 1.314686e+00 8.461245e-01 1.118049e+00
    endloop
  endfacet
  facet normal -8.872915e-01 -1.462380e-01 -4.374107e-01
    outer loop
      vertex 1.395061e+00 6.221914e-01 1.029875e+00
      vertex 1.314686e+00 8.461245e-01 1.118049e+00
      vertex 1.353985e+00 8.714169e-01 1.029875e+00
    endloop
  endfacet
  facet normal -8.269981e-01 -3.219016e-01 -4.609268e-01
    outer loop
      vertex 1.353985e+00 8.714169e-01 1.029875e+00
      vertex 1.314686e+00 8.461245e-01 1.118049e+00
      vertex 1.247204e+00 1.019492e+00 1.118049e+00
    endloop
  endfacet
  facet normal -8.269981e-01 -3.219016e-01 -4.609268e-01
    outer loop
      vertex 1.353985e+00 8.714169e-01 1.029875e+00
      vertex 1.247204e+00 1.019492e+00 1.118049e+00
      vertex 1.284486e+00 1.049967e+00 1.029875e+00
    endloop
  endfacet
  facet normal -7.047510e-01 -5.234376e-01 -4.788936e-01
    outer loop
      vertex 1.284486e+00 1.049967e+00 1.029875e+00
      vertex 1.247204e+00 1.019492e+00 1.118049e+00
      vertex 1.150157e+00 1.150157e+00 1.118049e+00
    endloop
  endfacet
  facet normal -7.047510e-01 -5.234376e-01 -4.788936e-01
    outer loop
      vertex 1.284486e+00 1.049967e+00 1.029875e+00
      vertex 1.150157e+00 1.150157e+00 1.118049e+00
      vertex 1.184537e+00 1.184537e+00 1.029875e+00
    endloop
  endfacet
  facet normal -5.234376e-01 -7.047510e-01 -4.788936e-01
    outer loop
      vertex 1.184537e+00 1.184537e+00 1.029875e+00
      vertex 1.150157e+00 1.150157e+00 1.118049e+00
      vertex 1.019492e+00 1.247204e+00 1.118049e+00
    endloop
  endfacet
  facet normal -5.234376e-01 -7.047510e-01 -4.788936e-01
    outer loop
      vertex 1.184537e+00 1.184537e+00 1.029875e+00
      vertex 1.019492e+00 1.247204e+00 1.118049e+00
      vertex 1.049967e+00 1.284486e+00 1.029875e+00
    endloop
  endfacet
  facet normal -3.219016e-01 -8.269981e-01 -4.609268e-01
    outer loop
      vertex 1.049967e+00 1.284486e+00 1.029875e+00
      vertex 1.019492e+00 1.247204e+00 1.118049e+00
      vertex 8.461245e-01 1.314686e+00 1.118049e+00
    endloop
  endfacet
  facet normal -3.219016e-01 -8.269981e-01 -4.609268e-01
    outer loop
      vertex 1.049967e+00 1.284486e+00 1.029875e+00
      vertex 8.461245e-01 1.314686e+00 1.118049e+00
      vertex 8.714169e-01 1.353985e+00 1.029875e+00
    endloop
  endfacet
  facet normal -1.462380e-01 -8.872915e-01 -4.374107e-01
    outer loop
      vertex 8.714169e-01 1.353985e+00 1.029875e+00
      vertex 8.461245e-01 1.314686e+00 1.118049e+00
      vertex 6.041327e-01 1.354570e+00 1.118049e+00
    endloop
  endfacet
  facet normal -1.462380e-01 -8.872915e-01 -4.374107e-01
    outer loop
      vertex 8.714169e-01 1.353985e+00 1.029875e+00
      vertex 6.041327e-01 1.354570e+00 1.118049e+00
      vertex 6.221914e-01 1.395061e+00 1.029875e+00
    endloop
  endfacet
  facet normal -1.982494e-02 -9.070356e-01 -4.205870e-01
    outer loop
      vertex 6.221914e-01 1.395061e+00 1.029875e+00
      vertex 6.041327e-01 1.354570e+00 1.118049e+00
      vertex 1.070298e-08 1.367774e+00 1.118049e+00
    endloop
  endfacet
  facet normal -1.982494e-02 -9.070356e-01 -4.205870e-01
    outer loop
      vertex 6.221914e-01 1.395061e+00 1.029875e+00
      vertex 1.070298e-08 1.367774e+00 1.118049e+00
      vertex 1.102292e-08 1.408660e+00 1.029875e+00
    endloop
  endfacet
  facet normal 1.982494e-02 -9.070356e-01 -4.205870e-01
    outer loop
      vertex 1.102292e-08 1.408660e+00 1.029875e+00
      vertex 1.070298e-08 1.367774e+00 1.118049e+00
      vertex -6.041327e-01 1.354570e+00 1.118049e+00
    endloop
  endfacet
  facet normal 1.982494e-02 -9.070356e-01 -4.205870e-01
    outer loop
      vertex 1.102292e-08 1.408660e+00 1.029875e+00
      vertex -6.041327e-01 1.354570e+00 1.118049e+00
      vertex -6.221914e-01 1.395061e+00 1.029875e+00
    endloop
  endfacet
  facet normal 1.462380e-01 -8.872915e-01 -4.374107e-01
    outer loop
      vertex -6.221914e-01 1.395061e+00 1.029875e+00
      vertex -6.041327e-01 1.354570e+00 1.118049e+00
      vertex -8.461245e-01 1.314686e+00 1.118049e+00
    endloop
  endfacet
  facet normal 1.462380e-01 -8.872915e-01 -4.374107e-01
    outer loop
      vertex -6.221914e-01 1.395061e+00 1.029875e+00
      vertex -8.461245e-01 1.314686e+00 1.118049e+00
      vertex -8.714169e-01 1.353985e+00 1.029875e+00
    endloop
  endfacet
  facet normal 3.219016e-01 -8.269981e-01 -4.609268e-01
    outer loop
      vertex -8.714169e-01 1.353985e+00 1.029875e+00
      vertex -8.461245e-01 1.314686e+00 1.118049e+00
      vertex -1.019492e+00 1.247204e+00 1.118049e+00
    endloop
  endfacet
  facet normal 3.219016e-01 -8.269981e-01 -4.609268e-01
    outer loop
      vertex -8.714169e-01 1.353985e+00 1.029875e+00
      vertex -1.019492e+00 1.247204e+00 1.118049e+00
      vertex -1.049967e+00 1.284486e+00 1.029875e+00
    endloop
  endfacet
  facet normal 5.234376e-01 -7.047510e-01 -4.788936e-01
    outer loop
      vertex -1.049967e+00 1.284486e+00 1.029875e+00
      vertex -1.019492e+00 1.247204e+00 1.118049e+00
      vertex -1.150157e+00 1.150157e+00 1.118049e+00
    endloop
  endfacet
  facet normal 5.234376e-01 -7.047510e-01 -4.788936e-01
    outer loop
      vertex -1.049967e+00 1.284486e+00 1.029875e+00
      vertex -1.150157e+00 1.150157e+00 1.118049e+00
      vertex -1.184537e+00 1.184537e+00 1.029875e+00
    endloop
  endfacet
  facet normal 7.047510e-01 -5.234376e-01 -4.788936e-01
    outer loop
      vertex -1.184537e+00 1.184537e+00 1.029875e+00
      vertex -1.150157e+00 1.150157e+00 1.118049e+00
      vertex -1.247204e+00 1.019492e+00 1.118049e+00
    endloop
  endfacet
  facet normal 7.047510e-01 -5.234376e-01 -4.788936e-01
    outer loop
      vertex -1.184537e+00 1.184537e+00 1.029875e+00
      vertex -1.247204e+00 1.019492e+00 1.118049e+00
      vertex -1.284486e+00 1.049967e+00 1.029875e+00
    endloop
  endfacet
  facet normal 8.269981e-01 -3.219016e-01 -4.609268e-01
    outer loop
      vertex -1.284486e+00 1.049967e+00 1.029875e+00
      vertex -1.247204e+00 1.019492e+00 1.118049e+00
      vertex -1.314686e+00 8.461245e-01 1.118049e+00
    endloop
  endfacet
  facet normal 8.269981e-01 -3.219016e-01 -4.609268e-01
    outer loop
      vertex -1.284486e+00 1.049967e+00 1.029875e+00
      vertex -1.314686e+00 8.461245e-01 1.118049e+00
      vertex -1.353985e+00 8.714169e-01 1.029875e+00
    endloop
  endfacet
  facet normal 8.872915e-01 -1.462380e-01 -4.374107e-01
    outer loop
      vertex -1.353985e+00 8.714169e-01 1.029875e+00
      vertex -1.314686e+00 8.461245e-01 1.118049e+00
      vertex -1.354570e+00 6.041327e-01 1.118049e+00
    endloop
  endfacet
  facet normal 8.872915e-01 -1.462380e-01 -4.374107e-01
    outer loop
      vertex -1.353985e+00 8.714169e-01 1.029875e+00
      vertex -1.354570e+00 6.041327e-01 1.118049e+00
      vertex -1.395061e+00 6.221914e-01 1.029875e+00
    endloop
  endfacet
  facet normal 9.070356e-01 -1.982494e-02 -4.205870e-01
    outer loop
      vertex -1.395061e+00 6.221914e-01 1.029875e+00
      vertex -1.354570e+00 6.041327e-01 1.118049e+00
      vertex -1.367774e+00 -1.513631e-08 1.118049e+00
    endloop
  endfacet
  facet normal 9.070356e-01 -1.982494e-02 -4.205870e-01
    outer loop
      vertex -1.395061e+00 6.221914e-01 1.029875e+00
      vertex -1.367774e+00 -1.513631e-08 1.118049e+00
      vertex -1.408660e+00 -1.558876e-08 1.029875e+00
    endloop
  endfacet
  facet normal 8.427179e-01 1.841916e-02 -5.380402e-01
    outer loop
      vertex -1.367774e+00 -1.513631e-08 1.118049e+00
      vertex -1.318815e+00 -1.459450e-08 1.194732e+00
      vertex -1.306083e+00 -5.825079e-01 1.194732e+00
    endloop
  endfacet
  facet normal 8.427179e-01 1.841916e-02 -5.380402e-01
    outer loop
      vertex -1.367774e+00 -1.513631e-08 1.118049e+00
      vertex -1.306083e+00 -5.825079e-01 1.194732e+00
      vertex -1.354570e+00 -6.041327e-01 1.118049e+00
    endloop
  endfacet
  facet normal 8.198111e-01 1.351163e-01 -5.564650e-01
    outer loop
      vertex -1.354570e+00 -6.041327e-01 1.118049e+00
      vertex -1.306083e+00 -5.825079e-01 1.194732e+00
      vertex -1.267627e+00 -8.158377e-01 1.194732e+00
    endloop
  endfacet
  facet normal 8.198111e-01 1.351163e-01 -5.564650e-01
    outer loop
      vertex -1.354570e+00 -6.041327e-01 1.118049e+00
      vertex -1.267627e+00 -8.158377e-01 1.194732e+00
      vertex -1.314686e+00 -8.461245e-01 1.118049e+00
    endloop
  endfacet
  facet normal 7.580045e-01 2.950464e-01 -5.817016e-01
    outer loop
      vertex -1.314686e+00 -8.461245e-01 1.118049e+00
      vertex -1.267627e+00 -8.158377e-01 1.194732e+00
      vertex -1.202561e+00 -9.829998e-01 1.194732e+00
    endloop
  endfacet
  facet normal 7.580045e-01 2.950464e-01 -5.817016e-01
    outer loop
      vertex -1.314686e+00 -8.461245e-01 1.118049e+00
      vertex -1.202561e+00 -9.829998e-01 1.194732e+00
      vertex -1.247204e+00 -1.019492e+00 1.118049e+00
    endloop
  endfacet
  facet normal 6.418903e-01 4.767493e-01 -6.005722e-01
    outer loop
      vertex -1.247204e+00 -1.019492e+00 1.118049e+00
      vertex -1.202561e+00 -9.829998e-01 1.194732e+00
      vertex -1.108987e+00 -1.108987e+00 1.194732e+00
    endloop
  endfacet
  facet normal 6.418903e-01 4.767493e-01 -6.005722e-01
    outer loop
      vertex -1.247204e+00 -1.019492e+00 1.118049e+00
      vertex -1.108987e+00 -1.108987e+00 1.194732e+00
      vertex -1.150157e+00 -1.150157e+00 1.118049e+00
    endloop
  endfacet
  facet normal 4.767493e-01 6.418903e-01 -6.005722e-01
    outer loop
      vertex -1.150157e+00 -1.150157e+00 1.118049e+00
      vertex -1.108987e+00 -1.108987e+00 1.194732e+00
      vertex -9.829998e-01 -1.202561e+00 1.194732e+00
    endloop
  endfacet
  facet normal 4.767493e-01 6.418903e-01 -6.005722e-01
    outer loop
      vertex -1.150157e+00 -1.150157e+00 1.118049e+00
      vertex -9.829998e-01 -1.202561e+00 1.194732e+00
      vertex -1.019492e+00 -1.247204e+00 1.118049e+00
    endloop
  endfacet
  facet normal 2.950464e-01 7.580045e-01 -5.817016e-01
    outer loop
      vertex -1.019492e+00 -1.247204e+00 1.118049e+00
      vertex -9.829998e-01 -1.202561e+00 1.194732e+00
      vertex -8.158377e-01 -1.267627e+00 1.194732e+00
    endloop
  endfacet
  facet normal 2.950464e-01 7.580045e-01 -5.817016e-01
    outer loop
      vertex -1.019492e+00 -1.247204e+00 1.118049e+00
      vertex -8.158377e-01 -1.267627e+00 1.194732e+00
      vertex -8.461245e-01 -1.314686e+00 1.118049e+00
    endloop
  endfacet
  facet normal 1.351163e-01 8.198111e-01 -5.564650e-01
    outer loop
      vertex -8.461245e-01 -1.314686e+00 1.118049e+00
      vertex -8.158377e-01 -1.267627e+00 1.194732e+00
      vertex -5.825079e-01 -1.306083e+00 1.194732e+00
    endloop
  endfacet
  facet normal 1.351163e-01 8.198111e-01 -5.564650e-01
    outer loop
      vertex -8.461245e-01 -1.314686e+00 1.118049e+00
      vertex -5.825079e-01 -1.306083e+00 1.194732e+00
      vertex -6.041327e-01 -1.354570e+00 1.118049e+00
    endloop
  endfacet
  facet normal 1.841916e-02 8.427179e-01 -5.380402e-01
    outer loop
      vertex -6.041327e-01 -1.354570e+00 1.118049e+00
      vertex -5.825079e-01 -1.306083e+00 1.194732e+00
      vertex 1.031987e-08 -1.318815e+00 1.194732e+00
    endloop
  endfacet
  facet normal 1.841916e-02 8.427179e-01 -5.380402e-01
    outer loop
      vertex -6.041327e-01 -1.354570e+00 1.118049e+00
      vertex 1.031987e-08 -1.318815e+00 1.194732e+00
      vertex 1.070298e-08 -1.367774e+00 1.118049e+00
    endloop
  endfacet
  facet normal -1.841916e-02 8.427179e-01 -5.380402e-01
    outer loop
      vertex 1.070298e-08 -1.367774e+00 1.118049e+00
      vertex 1.031987e-08 -1.318815e+00 1.194732e+00
      vertex 5.825079e-01 -1.306083e+00 1.194732e+00
    endloop
  endfacet
  facet normal -1.841916e-02 8.427179e-01 -5.380402e-01
    outer loop
      vertex 1.070298e-08 -1.367774e+00 1.118049e+00
      vertex 5.825079e-01 -1.306083e+00 1.194732e+00
      vertex 6.041327e-01 -1.354570e+00 1.118049e+00
    endloop
  endfacet
  facet normal -1.351163e-01 8.198111e-01 -5.564650e-01
    outer loop
      vertex 6.041327e-01 -1.354570e+00 1.118049e+00
      vertex 5.825079e-01 -1.306083e+00 1.194732e+00
      vertex 8.158377e-01 -1.267627e+00 1.194732e+00
    endloop
  endfacet
  facet normal -1.351163e-01 8.198111e-01 -5.564650e-01
    outer loop
      vertex 6.041327e-01 -1.354570e+00 1.118049e+00
      vertex 8.158377e-01 -1.267627e+00 1.194732e+00
      vertex 8.461245e-01 -1.314686e+00 1.118049e+00
    endloop
  endfacet
  facet normal -2.950464e-01 7.580045e-01 -5.817016e-01
    outer loop
      vertex 8.461245e-01 -1.314686e+00 1.118049e+00
      vertex 8.158377e-01 -1.267627e+00 1.194732e+00
      vertex 9.829998e-01 -1.202561e+00 1.194732e+00
    endloop
  endfacet
  facet normal -2.950464e-01 7.580045e-01 -5.817016e-01
    outer loop
      vertex 8.461245e-01 -1.314686e+00 1.118049e+00
      vertex 9.829998e-01 -1.202561e+00 1.194732e+00
      vertex 1.019492e+00 -1.247204e+00 1.118049e+00
    endloop
  endfacet
  facet normal -4.767493e-01 6.418903e-01 -6.005722e-01
    outer loop
      vertex 1.019492e+00 -1.247204e+00 1.118049e+00
      vertex 9.829998e-01 -1.202561e+00 1.194732e+00
      vertex 1.108987e+00 -1.108987e+00 1.194732e+00
    endloop
  endfacet
  facet normal -4.767493e-01 6.418903e-01 -6.005722e-01
    outer loop
      vertex 1.019492e+00 -1.247204e+00 1.118049e+00
      vertex 1.108987e+00 -1.108987e+00 1.194732e+00
      vertex 1.150157e+00 -1.150157e+00 1.118049e+00
    endloop
  endfacet
  facet normal -6.418903e-01 4.767493e-01 -6.005722e-01
    outer loop
      vertex 1.150157e+00 -1.150157e+00 1.118049e+00
      vertex 1.108987e+00 -1.108987e+00 1.194732e+00
      vertex 1.202561e+00 -9.829998e-01 1.194732e+00
    endloop
  endfacet
  facet normal -6.418903e-01 4.767493e-01 -6.005722e-01
    outer loop
      vertex 1.150157e+00 -1.150157e+00 1.118049e+00
      vertex 1.202561e+00 -9.829998e-01 1.194732e+00
      vertex 1.247204e+00 -1.019492e+00 1.118049e+00
    endloop
  endfacet
  facet normal -7.580045e-01 2.950464e-01 -5.817016e-01
    outer loop
      vertex 1.247204e+00 -1.019492e+00 1.118049e+00
      vertex 1.202561e+00 -9.829998e-01 1.194732e+00
      vertex 1.267627e+00 -8.158377e-01 1.194732e+00
    endloop
  endfacet
  facet normal -7.580045e-01 2.950464e-01 -5.817016e-01
    outer loop
      vertex 1.247204e+00 -1.019492e+00 1.118049e+00
      vertex 1.267627e+00 -8.158377e-01 1.194732e+00
      vertex 1.314686e+00 -8.461245e-01 1.118049e+00
    endloop
  endfacet
  facet normal -8.198111e-01 1.351163e-01 -5.564650e-01
    outer loop
      vertex 1.314686e+00 -8.461245e-01 1.118049e+00
      vertex 1.267627e+00 -8.158377e-01 1.194732e+00
      vertex 1.306083e+00 -5.825079e-01 1.194732e+00
    endloop
  endfacet
  facet normal -8.198111e-01 1.351163e-01 -5.564650e-01
    outer loop
      vertex 1.314686e+00 -8.461245e-01 1.118049e+00
      vertex 1.306083e+00 -5.825079e-01 1.194732e+00
      vertex 1.354570e+00 -6.041327e-01 1.118049e+00
    endloop
  endfacet
  facet normal -8.427179e-01 1.841916e-02 -5.380402e-01
    outer loop
      vertex 1.354570e+00 -6.041327e-01 1.118049e+00
      vertex 1.306083e+00 -5.825079e-01 1.194732e+00
      vertex 1.318815e+00 0.000000e+00 1.194732e+00
    endloop
  endfacet
  facet normal -8.427179e-01 1.841916e-02 -5.380402e-01
    outer loop
      vertex 1.354570e+00 -6.041327e-01 1.118049e+00
      vertex 1.318815e+00 0.000000e+00 1.194732e+00
      vertex 1.367774e+00 0.000000e+00 1.118049e+00
    endloop
  endfacet
  facet normal -8.427179e-01 -1.841916e-02 -5.380402e-01
    outer loop
      vertex 1.367774e+00 0.000000e+00 1.118049e+00
      vertex 1.318815e+00 0.000000e+00 1.194732e+00
      vertex 1.306083e+00 5.825079e-01 1.194732e+00
    endloop
  endfacet
  facet normal -8.427179e-01 -1.841916e-02 -5.380402e-01
    outer loop
      vertex 1.367774e+00 0.000000e+00 1.118049e+00
      vertex 1.306083e+00 5.825079e-01 1.194732e+00
      vertex 1.354570e+00 6.041327e-01 1.118049e+00
    endloop
  endfacet
  facet normal -8.198111e-01 -1.351163e-01 -5.564650e-01
    outer loop
      vertex 1.354570e+00 6.041327e-01 1.118049e+00
      vertex 1.306083e+00 5.825079e-01 1.194732e+00
      vertex 1.267627e+00 8.158377e-01 1.194732e+00
    endloop
  endfacet
  facet normal -8.198111e-01 -1.351163e-01 -5.564650e-01
    outer loop
      vertex 1.354570e+00 6.041327e-01 1.118049e+00
      vertex 1.267627e+00 8.158377e-01 1.194732e+00
      vertex 1.314686e+00 8.461245e-01 1.118049e+00
    endloop
  endfacet
  facet normal -7.580045e-01 -2.950464e-01 -5.817016e-01
    outer loop
      vertex 1.314686e+00 8.461245e-01 1.118049e+00
      vertex 1.267627e+00 8.158377e-01 1.194732e+00
      vertex 1.202561e+00 9.829998e-01 1.194732e+00
    endloop
  endfacet
  facet normal -7.580045e-01 -2.950464e-01 -5.817016e-01
    outer loop
      vertex 1.314686e+00 8.461245e-01 1.118049e+00
      vertex 1.202561e+00 9.829998e-01 1.194732e+00
      vertex 1.247204e+00 1.019492e+00 1.118049e+00
    endloop
  endfacet
  facet normal -6.418903e-01 -4.767493e-01 -6.005722e-01
    outer loop
      vertex 1.247204e+00 1.019492e+00 1.118049e+00
      vertex 1.202561e+00 9.829998e-01 1.194732e+00
      vertex 1.108987e+00 1.108987e+00 1.194732e+00
    endloop
  endfacet
  facet normal -6.418903e-01 -4.767493e-01 -6.005722e-01
    outer loop
      vertex 1.247204e+00 1.019492e+00 1.118049e+00
      vertex 1.108987e+00 1.108987e+00 1.194732e+00
      vertex 1.150157e+00 1.150157e+00 1.118049e+00
    endloop
  endfacet
  facet normal -4.767493e-01 -6.418903e-01 -6.005722e-01
    outer loop
      vertex 1.150157e+00 1.150157e+00 1.118049e+00
      vertex 1.108987e+00 1.108987e+00 1.194732e+00
      vertex 9.829998e-01 1.202561e+00 1.194732e+00
    endloop
  endfacet
  facet normal -4.767493e-01 -6.418903e-01 -6.005722e-01
    outer loop
      vertex 1.150157e+00 1.150157e+00 1.118049e+00
      vertex 9.829998e-01 1.202561e+00 1.194732e+00
      vertex 1.019492e+00 1.247204e+00 1.118049e+00
    endloop
  endfacet
  facet normal -2.950464e-01 -7.580045e-01 -5.817016e-01
    outer loop
      vertex 1.019492e+00 1.247204e+00 1.118049e+00
      vertex 9.829998e-01 1.202561e+00 1.194732e+00
      vertex 8.158377e-01 1.267627e+00 1.194732e+00
    endloop
  endfacet
  facet normal -2.950464e-01 -7.580045e-01 -5.817016e-01
    outer loop
      vertex 1.019492e+00 1.247204e+00 1.118049e+00
      vertex 8.158377e-01 1.267627e+00 1.194732e+00
      vertex 8.461245e-01 1.314686e+00 1.118049e+00
    endloop
  endfacet
  facet normal -1.351163e-01 -8.198111e-01 -5.564650e-01
    outer loop
      vertex 8.461245e-01 1.314686e+00 1.118049e+00
      vertex 8.158377e-01 1.267627e+00 1.194732e+00
      vertex 5.825079e-01 1.306083e+00 1.194732e+00
    endloop
  endfacet
  facet normal -1.351163e-01 -8.198111e-01 -5.564650e-01
    outer loop
      vertex 8.461245e-01 1.314686e+00 1.118049e+00
      vertex 5.825079e-01 1.306083e+00 1.194732e+00
      vertex 6.041327e-01 1.354570e+00 1.118049e+00
    endloop
  endfacet
  facet normal -1.841916e-02 -8.427179e-01 -5.380402e-01
    outer loop
      vertex 6.041327e-01 1.354570e+00 1.118049e+00
      vertex 5.825079e-01 1.306083e+00 1.194732e+00
      vertex 1.031987e-08 1.318815e+00 1.194732e+00
    endloop
  endfacet
  facet normal -1.841916e-02 -8.427179e-01 -5.380402e-01
    outer loop
      vertex 6.041327e-01 1.354570e+00 1.118049e+00
      vertex 1.031987e-08 1.318815e+00 1.194732e+00
      vertex 1.070298e-08 1.367774e+00 1.118049e+00
    endloop
  endfacet
  facet normal 1.841916e-02 -8.427179e-01 -5.380402e-01
    outer loop
      vertex 1.070298e-08 1.367774e+00 1.118049e+00
      vertex 1.031987e-08 1.318815e+00 1.194732e+00
      vertex -5.825079e-01 1.306083e+00 1.194732e+00
    endloop
  endfacet
  facet normal 1.841916e-02 -8.427179e-01 -5.380402e-01
    outer loop
      vertex 1.070298e-08 1.367774e+00 1.118049e+00
      vertex -5.825079e-01 1.306083e+00 1.194732e+00
      vertex -6.041327e-01 1.354570e+00 1.118049e+00
    endloop
  endfacet
  facet normal 1.351163e-01 -8.198111e-01 -5.564650e-01
    outer loop
      vertex -6.041327e-01 1.354570e+00 1.118049e+00
      vertex -5.825079e-01 1.306083e+00 1.194732e+00
      vertex -8.158377e-01 1.267627e+00 1.194732e+00
    endloop
  endfacet
  facet normal 1.351163e-01 -8.198111e-01 -5.564650e-01
    outer loop
      vertex -6.041327e-01 1.354570e+00 1.118049e+00
      vertex -8.158377e-01 1.267627e+00 1.194732e+00
      vertex -8.461245e-01 1.314686e+00 1.118049e+00
    endloop
  endfacet
  facet normal 2.950464e-01 -7.580045e-01 -5.817016e-01
    outer loop
      vertex -8.461245e-01 1.314686e+00 1.118049e+00
      vertex -8.158377e-01 1.267627e+00 1.194732e+00
      vertex -9.829998e-01 1.202561e+00 1.194732e+00
    endloop
  endfacet
  facet normal 2.950464e-01 -7.580045e-01 -5.817016e-01
    outer loop
      vertex -8.461245e-01 1.314686e+00 1.118049e+00
      vertex -9.829998e-01 1.202561e+00 1.194732e+00
      vertex -1.019492e+00 1.247204e+00 1.118049e+00
    endloop
  endfacet
  facet normal 4.767493e-01 -6.418903e-01 -6.005722e-01
    outer loop
      vertex -1.019492e+00 1.247204e+00 1.118049e+00
      vertex -9.829998e-01 1.202561e+00 1.194732e+00
      vertex -1.108987e+00 1.108987e+00 1.194732e+00
    endloop
  endfacet
  facet normal 4.767493e-01 -6.418903e-01 -6.005722e-01
    outer loop
      vertex -1.019492e+00 1.247204e+00 1.118049e+00
      vertex -1.108987e+00 1.108987e+00 1.194732e+00
      vertex -1.150157e+00 1.150157e+00 1.118049e+00
    endloop
  endfacet
  facet normal 6.418903e-01 -4.767493e-01 -6.005722e-01
    outer loop
      vertex -1.150157e+00 1.150157e+00 1.118049e+00
      vertex -1.108987e+00 1.108987e+00 1.194732e+00
      vertex -1.202561e+00 9.829998e-01 1.194732e+00
    endloop
  endfacet
  facet normal 6.418903e-01 -4.767493e-01 -6.005722e-01
    outer loop
      vertex -1.150157e+00 1.150157e+00 1.118049e+00
      vertex -1.202561e+00 9.829998e-01 1.194732e+00
      vertex -1.247204e+00 1.019492e+00 1.118049e+00
    endloop
  endfacet
  facet normal 7.580045e-01 -2.950464e-01 -5.817016e-01
    outer loop
      vertex -1.247204e+00 1.019492e+00 1.118049e+00
      vertex -1.202561e+00 9.829998e-01 1.194732e+00
      vertex -1.267627e+00 8.158377e-01 1.194732e+00
    endloop
  endfacet
  facet normal 7.580045e-01 -2.950464e-01 -5.817016e-01
    outer loop
      vertex -1.247204e+00 1.019492e+00 1.118049e+00
      vertex -1.267627e+00 8.158377e-01 1.194732e+00
      vertex -1.314686e+00 8.461245e-01 1.118049e+00
    endloop
  endfacet
  facet normal 8.198111e-01 -1.351163e-01 -5.564650e-01
    outer loop
      vertex -1.314686e+00 8.461245e-01 1.118049e+00
      vertex -1.267627e+00 8.158377e-01 1.194732e+00
      vertex -1.306083e+00 5.825079e-01 1.194732e+00
    endloop
  endfacet
  facet normal 8.198111e-01 -1.351163e-01 -5.564650e-01
    outer loop
      vertex -1.314686e+00 8.461245e-01 1.118049e+00
      vertex -1.306083e+00 5.825079e-01 1.194732e+00
      vertex -1.354570e+00 6.041327e-01 1.118049e+00
    endloop
  endfacet
  facet normal 8.427179e-01 -1.841916e-02 -5.380402e-01
    outer loop
      vertex -1.354570e+00 6.041327e-01 1.118049e+00
      vertex -1.306083e+00 5.825079e-01 1.194732e+00
      vertex -1.318815e+00 -1.459450e-08 1.194732e+00
    endloop
  endfacet
  facet normal 8.427179e-01 -1.841916e-02 -5.380402e-01
    outer loop
      vertex -1.354570e+00 6.041327e-01 1.118049e+00
      vertex -1.318815e+00 -1.459450e-08 1.194732e+00
      vertex -1.367774e+00 -1.513631e-08 1.118049e+00
    endloop
  endfacet
  facet normal 7.570476e-01 1.654668e-02 -6.531502e-01
    outer loop
      vertex -1.318815e+00 -1.459450e-08 1.194732e+00
      vertex -1.261345e+00 -1.395851e-08 1.261345e+00
      vertex -1.249168e+00 -5.571237e-01 1.261345e+00
    endloop
  endfacet
  facet normal 7.570476e-01 1.654668e-02 -6.531502e-01
    outer loop
      vertex -1.318815e+00 -1.459450e-08 1.194732e+00
      vertex -1.249168e+00 -5.571237e-01 1.261345e+00
      vertex -1.306083e+00 -5.825079e-01 1.194732e+00
    endloop
  endfacet
  facet normal 7.315684e-01 1.205727e-01 -6.710215e-01
    outer loop
      vertex -1.306083e+00 -5.825079e-01 1.194732e+00
      vertex -1.249168e+00 -5.571237e-01 1.261345e+00
      vertex -1.212387e+00 -7.802856e-01 1.261345e+00
    endloop
  endfacet
  facet normal 7.315684e-01 1.205727e-01 -6.710215e-01
    outer loop
      vertex -1.306083e+00 -5.825079e-01 1.194732e+00
      vertex -1.212387e+00 -7.802856e-01 1.261345e+00
      vertex -1.267627e+00 -8.158377e-01 1.194732e+00
    endloop
  endfacet
  facet normal 6.701135e-01 2.608357e-01 -6.949191e-01
    outer loop
      vertex -1.267627e+00 -8.158377e-01 1.194732e+00
      vertex -1.212387e+00 -7.802856e-01 1.261345e+00
      vertex -1.150157e+00 -9.401632e-01 1.261345e+00
    endloop
  endfacet
  facet normal 6.701135e-01 2.608357e-01 -6.949191e-01
    outer loop
      vertex -1.267627e+00 -8.158377e-01 1.194732e+00
      vertex -1.150157e+00 -9.401632e-01 1.261345e+00
      vertex -1.202561e+00 -9.829998e-01 1.194732e+00
    endloop
  endfacet
  facet normal 5.634198e-01 4.184671e-01 -7.123507e-01
    outer loop
      vertex -1.202561e+00 -9.829998e-01 1.194732e+00
      vertex -1.150157e+00 -9.401632e-01 1.261345e+00
      vertex -1.060660e+00 -1.060660e+00 1.261345e+00
    endloop
  endfacet
  facet normal 5.634198e-01 4.184671e-01 -7.123507e-01
    outer loop
      vertex -1.202561e+00 -9.829998e-01 1.194732e+00
      vertex -1.060660e+00 -1.060660e+00 1.261345e+00
      vertex -1.108987e+00 -1.108987e+00 1.194732e+00
    endloop
  endfacet
  facet normal 4.184671e-01 5.634198e-01 -7.123507e-01
    outer loop
      vertex -1.108987e+00 -1.108987e+00 1.194732e+00
      vertex -1.060660e+00 -1.060660e+00 1.261345e+00
      vertex -9.401632e-01 -1.150157e+00 1.261345e+00
    endloop
  endfacet
  facet normal 4.184671e-01 5.634198e-01 -7.123507e-01
    outer loop
      vertex -1.108987e+00 -1.108987e+00 1.194732e+00
      vertex -9.401632e-01 -1.150157e+00 1.261345e+00
      vertex -9.829998e-01 -1.202561e+00 1.194732e+00
    endloop
  endfacet
  facet normal 2.608357e-01 6.701135e-01 -6.949191e-01
    outer loop
      vertex -9.829998e-01 -1.202561e+00 1.194732e+00
      vertex -9.401632e-01 -1.150157e+00 1.261345e+00
      vertex -7.802856e-01 -1.212387e+00 1.261345e+00
    endloop
  endfacet
  facet normal 2.608357e-01 6.701135e-01 -6.949191e-01
    outer loop
      vertex -9.829998e-01 -1.202561e+00 1.194732e+00
      vertex -7.802856e-01 -1.212387e+00 1.261345e+00
      vertex -8.158377e-01 -1.267627e+00 1.194732e+00
    endloop
  endfacet
  facet normal 1.205727e-01 7.315684e-01 -6.710215e-01
    outer loop
      vertex -8.158377e-01 -1.267627e+00 1.194732e+00
      vertex -7.802856e-01 -1.212387e+00 1.261345e+00
      vertex -5.571237e-01 -1.249168e+00 1.261345e+00
    endloop
  endfacet
  facet normal 1.205727e-01 7.315684e-01 -6.710215e-01
    outer loop
      vertex -8.158377e-01 -1.267627e+00 1.194732e+00
      vertex -5.571237e-01 -1.249168e+00 1.261345e+00
      vertex -5.825079e-01 -1.306083e+00 1.194732e+00
    endloop
  endfacet
  facet normal 1.654668e-02 7.570476e-01 -6.531502e-01
    outer loop
      vertex -5.825079e-01 -1.306083e+00 1.194732e+00
      vertex -5.571237e-01 -1.249168e+00 1.261345e+00
      vertex 9.870160e-09 -1.261345e+00 1.261345e+00
    endloop
  endfacet
  facet normal 1.654668e-02 7.570476e-01 -6.531502e-01
    outer loop
      vertex -5.825079e-01 -1.306083e+00 1.194732e+00
      vertex 9.870160e-09 -1.261345e+00 1.261345e+00
      vertex 1.031987e-08 -1.318815e+00 1.194732e+00
    endloop
  endfacet
  facet normal -1.654668e-02 7.570476e-01 -6.531502e-01
    outer loop
      vertex 1.031987e-08 -1.318815e+00 1.194732e+00
      vertex 9.870160e-09 -1.261345e+00 1.261345e+00
      vertex 5.571237e-01 -1.249168e+00 1.261345e+00
    endloop
  endfacet
  facet normal -1.654668e-02 7.570476e-01 -6.531502e-01
    outer loop
      vertex 1.031987e-08 -1.318815e+00 1.194732e+00
      vertex 5.571237e-01 -1.249168e+00 1.261345e+00
      vertex 5.825079e-01 -1.306083e+00 1.194732e+00
    endloop
  endfacet
  facet normal -1.205727e-01 7.315684e-01 -6.710215e-01
    outer loop
      vertex 5.825079e-01 -1.306083e+00 1.194732e+00
      vertex 5.571237e-01 -1.249168e+00 1.261345e+00
      vertex 7.802856e-01 -1.212387e+00 1.261345e+00
    endloop
  endfacet
  facet normal -1.205727e-01 7.315684e-01 -6.710215e-01
    outer loop
      vertex 5.825079e-01 -1.306083e+00 1.194732e+00
      vertex 7.802856e-01 -1.212387e+00 1.261345e+00
      vertex 8.158377e-01 -1.267627e+00 1.194732e+00
    endloop
  endfacet
  facet normal -2.608357e-01 6.701135e-01 -6.949191e-01
    outer loop
      vertex 8.158377e-01 -1.267627e+00 1.194732e+00
      vertex 7.802856e-01 -1.212387e+00 1.261345e+00
      vertex 9.401632e-01 -1.150157e+00 1.261345e+00
    endloop
  endfacet
  facet normal -2.608357e-01 6.701135e-01 -6.949191e-01
    outer loop
      vertex 8.158377e-01 -1.267627e+00 1.194732e+00
      vertex 9.401632e-01 -1.150157e+00 1.261345e+00
      vertex 9.829998e-01 -1.202561e+00 1.194732e+00
    endloop
  endfacet
  facet normal -4.184671e-01 5.634198e-01 -7.123507e-01
    outer loop
      vertex 9.829998e-01 -1.202561e+00 1.194732e+00
      vertex 9.401632e-01 -1.150157e+00 1.261345e+00
      vertex 1.060660e+00 -1.060660e+00 1.261345e+00
    endloop
  endfacet
  facet normal -4.184671e-01 5.634198e-01 -7.123507e-01
    outer loop
      vertex 9.829998e-01 -1.202561e+00 1.194732e+00
      vertex 1.060660e+00 -1.060660e+00 1.261345e+00
      vertex 1.108987e+00 -1.108987e+00 1.194732e+00
    endloop
  endfacet
  facet normal -5.634198e-01 4.184671e-01 -7.123507e-01
    outer loop
      vertex 1.108987e+00 -1.108987e+00 1.194732e+00
      vertex 1.060660e+00 -1.060660e+00 1.261345e+00
      vertex 1.150157e+00 -9.401632e-01 1.261345e+00
    endloop
  endfacet
  facet normal -5.634198e-01 4.184671e-01 -7.123507e-01
    outer loop
      vertex 1.108987e+00 -1.108987e+00 1.194732e+00
      vertex 1.150157e+00 -9.401632e-01 1.261345e+00
      vertex 1.202561e+00 -9.829998e-01 1.194732e+00
    endloop
  endfacet
  facet normal -6.701135e-01 2.608357e-01 -6.949191e-01
    outer loop
      vertex 1.202561e+00 -9.829998e-01 1.194732e+00
      vertex 1.150157e+00 -9.401632e-01 1.261345e+00
      vertex 1.212387e+00 -7.802856e-01 1.261345e+00
    endloop
  endfacet
  facet normal -6.701135e-01 2.608357e-01 -6.949191e-01
    outer loop
      vertex 1.202561e+00 -9.829998e-01 1.194732e+00
      vertex 1.212387e+00 -7.802856e-01 1.261345e+00
      vertex 1.267627e+00 -8.158377e-01 1.194732e+00
    endloop
  endfacet
  facet normal -7.315684e-01 1.205727e-01 -6.710215e-01
    outer loop
      vertex 1.267627e+00 -8.158377e-01 1.194732e+00
      vertex 1.212387e+00 -7.802856e-01 1.261345e+00
      vertex 1.249168e+00 -5.571237e-01 1.261345e+00
    endloop
  endfacet
  facet normal -7.315684e-01 1.205727e-01 -6.710215e-01
    outer loop
      vertex 1.267627e+00 -8.158377e-01 1.194732e+00
      vertex 1.249168e+00 -5.571237e-01 1.261345e+00
      vertex 1.306083e+00 -5.825079e-01 1.194732e+00
    endloop
  endfacet
  facet normal -7.570476e-01 1.654668e-02 -6.531502e-01
    outer loop
      vertex 1.306083e+00 -5.825079e-01 1.194732e+00
      vertex 1.249168e+00 -5.571237e-01 1.261345e+00
      vertex 1.261345e+00 0.000000e+00 1.261345e+00
    endloop
  endfacet
  facet normal -7.570476e-01 1.654668e-02 -6.531502e-01
    outer loop
      vertex 1.306083e+00 -5.825079e-01 1.194732e+00
      vertex 1.261345e+00 0.000000e+00 1.261345e+00
      vertex 1.318815e+00 0.000000e+00 1.194732e+00
    endloop
  endfacet
  facet normal -7.570476e-01 -1.654668e-02 -6.531502e-01
    outer loop
      vertex 1.318815e+00 0.000000e+00 1.194732e+00
      vertex 1.261345e+00 0.000000e+00 1.261345e+00
      vertex 1.249168e+00 5.571237e-01 1.261345e+00
    endloop
  endfacet
  facet normal -7.570476e-01 -1.654668e-02 -6.531502e-01
    outer loop
      vertex 1.318815e+00 0.000000e+00 1.194732e+00
      vertex 1.249168e+00 5.571237e-01 1.261345e+00
      vertex 1.306083e+00 5.825079e-01 1.194732e+00
    endloop
  endfacet
  facet normal -7.315684e-01 -1.205727e-01 -6.710215e-01
    outer loop
      vertex 1.306083e+00 5.825079e-01 1.194732e+00
      vertex 1.249168e+00 5.571237e-01 1.261345e+00
      vertex 1.212387e+00 7.802856e-01 1.261345e+00
    endloop
  endfacet
  facet normal -7.315684e-01 -1.205727e-01 -6.710215e-01
    outer loop
      vertex 1.306083e+00 5.825079e-01 1.194732e+00
      vertex 1.212387e+00 7.802856e-01 1.261345e+00
      vertex 1.267627e+00 8.158377e-01 1.194732e+00
    endloop
  endfacet
  facet normal -6.701135e-01 -2.608357e-01 -6.949191e-01
    outer loop
      vertex 1.267627e+00 8.158377e-01 1.194732e+00
      vertex 1.212387e+00 7.802856e-01 1.261345e+00
      vertex 1.150157e+00 9.401632e-01 1.261345e+00
    endloop
  endfacet
  facet normal -6.701135e-01 -2.608357e-01 -6.949191e-01
    outer loop
      vertex 1.267627e+00 8.158377e-01 1.194732e+00
      vertex 1.150157e+00 9.401632e-01 1.261345e+00
      vertex 1.202561e+00 9.829998e-01 1.194732e+00
    endloop
  endfacet
  facet normal -5.634198e-01 -4.184671e-01 -7.123507e-01
    outer loop
      vertex 1.202561e+00 9.829998e-01 1.194732e+00
      vertex 1.150157e+00 9.401632e-01 1.261345e+00
      vertex 1.060660e+00 1.060660e+00 1.261345e+00
    endloop
  endfacet
  facet normal -5.634198e-01 -4.184671e-01 -7.123507e-01
    outer loop
      vertex 1.202561e+00 9.829998e-01 1.194732e+00
      vertex 1.060660e+00 1.060660e+00 1.261345e+00
      vertex 1.108987e+00 1.108987e+00 1.194732e+00
    endloop
  endfacet
  facet normal -4.184671e-01 -5.634198e-01 -7.123507e-01
    outer loop
      vertex 1.108987e+00 1.108987e+00 1.194732e+00
      vertex 1.060660e+00 1.060660e+00 1.261345e+00
      vertex 9.401632e-01 1.150157e+00 1.261345e+00
    endloop
  endfacet
  facet normal -4.184671e-01 -5.634198e-01 -7.123507e-01
    outer loop
      vertex 1.108987e+00 1.108987e+00 1.194732e+00
      vertex 9.401632e-01 1.150157e+00 1.261345e+00
      vertex 9.829998e-01 1.202561e+00 1.194732e+00
    endloop
  endfacet
  facet normal -2.608357e-01 -6.701135e-01 -6.949191e-01
    outer loop
      vertex 9.829998e-01 1.202561e+00 1.194732e+00
      vertex 9.401632e-01 1.150157e+00 1.261345e+00
      vertex 7.802856e-01 1.212387e+00 1.261345e+00
    endloop
  endfacet
  facet normal -2.608357e-01 -6.701135e-01 -6.949191e-01
    outer loop
      vertex 9.829998e-01 1.202561e+00 1.194732e+00
      vertex 7.802856e-01 1.212387e+00 1.261345e+00
      vertex 8.158377e-01 1.267627e+00 1.194732e+00
    endloop
  endfacet
  facet normal -1.205727e-01 -7.315684e-01 -6.710215e-01
    outer loop
      vertex 8.158377e-01 1.267627e+00 1.194732e+00
      vertex 7.802856e-01 1.212387e+00 1.261345e+00
      vertex 5.571237e-01 1.249168e+00 1.261345e+00
    endloop
  endfacet
  facet normal -1.205727e-01 -7.315684e-01 -6.710215e-01
    outer loop
      vertex 8.158377e-01 1.267627e+00 1.194732e+00
      vertex 5.571237e-01 1.249168e+00 1.261345e+00
      vertex 5.825079e-01 1.306083e+00 1.194732e+00
    endloop
  endfacet
  facet normal -1.654668e-02 -7.570476e-01 -6.531502e-01
    outer loop
      vertex 5.825079e-01 1.306083e+00 1.194732e+00
      vertex 5.571237e-01 1.249168e+00 1.261345e+00
      vertex 9.870160e-09 1.261345e+00 1.261345e+00
    endloop
  endfacet
  facet normal -1.654668e-02 -7.570476e-01 -6.531502e-01
    outer loop
      vertex 5.825079e-01 1.306083e+00 1.194732e+00
      vertex 9.870160e-09 1.261345e+00 1.261345e+00
      vertex 1.031987e-08 1.318815e+00 1.194732e+00
    endloop
  endfacet
  facet normal 1.654668e-02 -7.570476e-01 -6.531502e-01
    outer loop
      vertex 1.031987e-08 1.318815e+00 1.194732e+00
      vertex 9.870160e-09 1.261345e+00 1.261345e+00
      vertex -5.571237e-01 1.249168e+00 1.261345e+00
    endloop
  endfacet
  facet normal 1.654668e-02 -7.570476e-01 -6.531502e-01
    outer loop
      vertex 1.031987e-08 1.318815e+00 1.194732e+00
      vertex -5.571237e-01 1.249168e+00 1.261345e+00
      vertex -5.825079e-01 1.306083e+00 1.194732e+00
    endloop
  endfacet
  facet normal 1.205727e-01 -7.315684e-01 -6.710215e-01
    outer loop
      vertex -5.825079e-01 1.306083e+00 1.194732e+00
      vertex -5.571237e-01 1.249168e+00 1.261345e+00
      vertex -7.802856e-01 1.212387e+00 1.261345e+00
    endloop
  endfacet
  facet normal 1.205727e-01 -7.315684e-01 -6.710215e-01
    outer loop
      vertex -5.825079e-01 1.306083e+00 1.194732e+00
      vertex -7.802856e-01 1.212387e+00 1.261345e+00
      vertex -8.158377e-01 1.267627e+00 1.194732e+00
    endloop
  endfacet
  facet normal 2.608357e-01 -6.701135e-01 -6.949191e-01
    outer loop
      vertex -8.158377e-01 1.267627e+00 1.194732e+00
      vertex -7.802856e-01 1.212387e+00 1.261345e+00
      vertex -9.401632e-01 1.150157e+00 1.261345e+00
    endloop
  endfacet
  facet normal 2.608357e-01 -6.701135e-01 -6.949191e-01
    outer loop
      vertex -8.158377e-01 1.267627e+00 1.194732e+00
      vertex -9.401632e-01 1.150157e+00 1.261345e+00
      vertex -9.829998e-01 1.202561e+00 1.194732e+00
    endloop
  endfacet
  facet normal 4.184671e-01 -5.634198e-01 -7.123507e-01
    outer loop
      vertex -9.829998e-01 1.202561e+00 1.194732e+00
      vertex -9.401632e-01 1.150157e+00 1.261345e+00
      vertex -1.060660e+00 1.060660e+00 1.261345e+00
    endloop
  endfacet
  facet normal 4.184671e-01 -5.634198e-01 -7.123507e-01
    outer loop
      vertex -9.829998e-01 1.202561e+00 1.194732e+00
      vertex -1.060660e+00 1.060660e+00 1.261345e+00
      vertex -1.108987e+00 1.108987e+00 1.194732e+00
    endloop
  endfacet
  facet normal 5.634198e-01 -4.184671e-01 -7.123507e-01
    outer loop
      vertex -1.108987e+00 1.108987e+00 1.194732e+00
      vertex -1.060660e+00 1.060660e+00 1.261345e+00
      vertex -1.150157e+00 9.401632e-01 1.261345e+00
    endloop
  endfacet
  facet normal 5.634198e-01 -4.184671e-01 -7.123507e-01
    outer loop
      vertex -1.108987e+00 1.108987e+00 1.194732e+00
      vertex -1.150157e+00 9.401632e-01 1.261345e+00
      vertex -1.202561e+00 9.829998e-01 1.194732e+00
    endloop
  endfacet
  facet normal 6.701135e-01 -2.608357e-01 -6.949191e-01
    outer loop
      vertex -1.202561e+00 9.829998e-01 1.194732e+00
      vertex -1.150157e+00 9.401632e-01 1.261345e+00
      vertex -1.212387e+00 7.802856e-01 1.261345e+00
    endloop
  endfacet
  facet normal 6.701135e-01 -2.608357e-01 -6.949191e-01
    outer loop
      vertex -1.202561e+00 9.829998e-01 1.194732e+00
      vertex -1.212387e+00 7.802856e-01 1.261345e+00
      vertex -1.267627e+00 8.158377e-01 1.194732e+00
    endloop
  endfacet
  facet normal 7.315684e-01 -1.205727e-01 -6.710215e-01
    outer loop
      vertex -1.267627e+00 8.158377e-01 1.194732e+00
      vertex -1.212387e+00 7.802856e-01 1.261345e+00
      vertex -1.249168e+00 5.571237e-01 1.261345e+00
    endloop
  endfacet
  facet normal 7.315684e-01 -1.205727e-01 -6.710215e-01
    outer loop
      vertex -1.267627e+00 8.158377e-01 1.194732e+00
      vertex -1.249168e+00 5.571237e-01 1.261345e+00
      vertex -1.306083e+00 5.825079e-01 1.194732e+00
    endloop
  endfacet
  facet normal 7.570476e-01 -1.654668e-02 -6.531502e-01
    outer loop
      vertex -1.306083e+00 5.825079e-01 1.194732e+00
      vertex -1.249168e+00 5.571237e-01 1.261345e+00
      vertex -1.261345e+00 -1.395851e-08 1.261345e+00
    endloop
  endfacet
  facet normal 7.570476e-01 -1.654668e-02 -6.531502e-01
    outer loop
      vertex -1.306083e+00 5.825079e-01 1.194732e+00
      vertex -1.261345e+00 -1.395851e-08 1.261345e+00
      vertex -1.318815e+00 -1.459450e-08 1.194732e+00
    endloop
  endfacet
  facet normal 6.531731e-01 1.427631e-02 -7.570741e-01
    outer loop
      vertex -1.261345e+00 -1.395851e-08 1.261345e+00
      vertex -1.194732e+00 -1.322136e-08 1.318815e+00
      vertex -1.183198e+00 -5.277016e-01 1.318815e+00
    endloop
  endfacet
  facet normal 6.531731e-01 1.427631e-02 -7.570741e-01
    outer loop
      vertex -1.261345e+00 -1.395851e-08 1.261345e+00
      vertex -1.183198e+00 -5.277016e-01 1.318815e+00
      vertex -1.249168e+00 -5.571237e-01 1.261345e+00
    endloop
  endfacet
  facet normal 6.267624e-01 1.032992e-01 -7.723330e-01
    outer loop
      vertex -1.249168e+00 -5.571237e-01 1.261345e+00
      vertex -1.183198e+00 -5.277016e-01 1.318815e+00
      vertex -1.148360e+00 -7.390782e-01 1.318815e+00
    endloop
  endfacet
  facet normal 6.267624e-01 1.032992e-01 -7.723330e-01
    outer loop
      vertex -1.249168e+00 -5.571237e-01 1.261345e+00
      vertex -1.148360e+00 -7.390782e-01 1.318815e+00
      vertex -1.212387e+00 -7.802856e-01 1.261345e+00
    endloop
  endfacet
  facet normal 5.686548e-01 2.213438e-01 -7.922364e-01
    outer loop
      vertex -1.212387e+00 -7.802856e-01 1.261345e+00
      vertex -1.148360e+00 -7.390782e-01 1.318815e+00
      vertex -1.089416e+00 -8.905125e-01 1.318815e+00
    endloop
  endfacet
  facet normal 5.686548e-01 2.213438e-01 -7.922364e-01
    outer loop
      vertex -1.212387e+00 -7.802856e-01 1.261345e+00
      vertex -1.089416e+00 -8.905125e-01 1.318815e+00
      vertex -1.150157e+00 -9.401632e-01 1.261345e+00
    endloop
  endfacet
  facet normal 4.747521e-01 3.526112e-01 -8.063968e-01
    outer loop
      vertex -1.150157e+00 -9.401632e-01 1.261345e+00
      vertex -1.089416e+00 -8.905125e-01 1.318815e+00
      vertex -1.004646e+00 -1.004646e+00 1.318815e+00
    endloop
  endfacet
  facet normal 4.747521e-01 3.526112e-01 -8.063968e-01
    outer loop
      vertex -1.150157e+00 -9.401632e-01 1.261345e+00
      vertex -1.004646e+00 -1.004646e+00 1.318815e+00
      vertex -1.060660e+00 -1.060660e+00 1.261345e+00
    endloop
  endfacet
  facet normal 3.526112e-01 4.747521e-01 -8.063968e-01
    outer loop
      vertex -1.060660e+00 -1.060660e+00 1.261345e+00
      vertex -1.004646e+00 -1.004646e+00 1.318815e+00
      vertex -8.905125e-01 -1.089416e+00 1.318815e+00
    endloop
  endfacet
  facet normal 3.526112e-01 4.747521e-01 -8.063968e-01
    outer loop
      vertex -1.060660e+00 -1.060660e+00 1.261345e+00
      vertex -8.905125e-01 -1.089416e+00 1.318815e+00
      vertex -9.401632e-01 -1.150157e+00 1.261345e+00
    endloop
  endfacet
  facet normal 2.213438e-01 5.686548e-01 -7.922364e-01
    outer loop
      vertex -9.401632e-01 -1.150157e+00 1.261345e+00
      vertex -8.905125e-01 -1.089416e+00 1.318815e+00
      vertex -7.390782e-01 -1.148360e+00 1.318815e+00
    endloop
  endfacet
  facet normal 2.213438e-01 5.686548e-01 -7.922364e-01
    outer loop
      vertex -9.401632e-01 -1.150157e+00 1.261345e+00
      vertex -7.390782e-01 -1.148360e+00 1.318815e+00
      vertex -7.802856e-01 -1.212387e+00 1.261345e+00
    endloop
  endfacet
  facet normal 1.032992e-01 6.267624e-01 -7.723330e-01
    outer loop
      vertex -7.802856e-01 -1.212387e+00 1.261345e+00
      vertex -7.390782e-01 -1.148360e+00 1.318815e+00
      vertex -5.277016e-01 -1.183198e+00 1.318815e+00
    endloop
  endfacet
  facet normal 1.032992e-01 6.267624e-01 -7.723330e-01
    outer loop
      vertex -7.802856e-01 -1.212387e+00 1.261345e+00
      vertex -5.277016e-01 -1.183198e+00 1.318815e+00
      vertex -5.571237e-01 -1.249168e+00 1.261345e+00
    endloop
  endfacet
  facet normal 1.427631e-02 6.531731e-01 -7.570741e-01
    outer loop
      vertex -5.571237e-01 -1.249168e+00 1.261345e+00
      vertex -5.277016e-01 -1.183198e+00 1.318815e+00
      vertex 9.348910e-09 -1.194732e+00 1.318815e+00
    endloop
  endfacet
  facet normal 1.427631e-02 6.531731e-01 -7.570741e-01
    outer loop
      vertex -5.571237e-01 -1.249168e+00 1.261345e+00
      vertex 9.348910e-09 -1.194732e+00 1.318815e+00
      vertex 9.870160e-09 -1.261345e+00 1.261345e+00
    endloop
  endfacet
  facet normal -1.427631e-02 6.531731e-01 -7.570741e-01
    outer loop
      vertex 9.870160e-09 -1.261345e+00 1.261345e+00
      vertex 9.348910e-09 -1.194732e+00 1.318815e+00
      vertex 5.277016e-01 -1.183198e+00 1.318815e+00
    endloop
  endfacet
  facet normal -1.427631e-02 6.531731e-01 -7.570741e-01
    outer loop
      vertex 9.870160e-09 -1.261345e+00 1.261345e+00
      vertex 5.277016e-01 -1.183198e+00 1.318815e+00
      vertex 5.571237e-01 -1.249168e+00 1.261345e+00
    endloop
  endfacet
  facet normal -1.032992e-01 6.267624e-01 -7.723330e-01
    outer loop
      vertex 5.571237e-01 -1.249168e+00 1.261345e+00
      vertex 5.277016e-01 -1.183198e+00 1.318815e+00
      vertex 7.390782e-01 -1.148360e+00 1.318815e+00
    endloop
  endfacet
  facet normal -1.032992e-01 6.267624e-01 -7.723330e-01
    outer loop
      vertex 5.571237e-01 -1.249168e+00 1.261345e+00
      vertex 7.390782e-01 -1.148360e+00 1.318815e+00
      vertex 7.802856e-01 -1.212387e+00 1.261345e+00
    endloop
  endfacet
  facet normal -2.213438e-01 5.686548e-01 -7.922364e-01
    outer loop
      vertex 7.802856e-01 -1.212387e+00 1.261345e+00
      vertex 7.390782e-01 -1.148360e+00 1.318815e+00
      vertex 8.905125e-01 -1.089416e+00 1.318815e+00
    endloop
  endfacet
  facet normal -2.213438e-01 5.686548e-01 -7.922364e-01
    outer loop
      vertex 7.802856e-01 -1.212387e+00 1.261345e+00
      vertex 8.905125e-01 -1.089416e+00 1.318815e+00
      vertex 9.401632e-01 -1.150157e+00 1.261345e+00
    endloop
  endfacet
  facet normal -3.526112e-01 4.747521e-01 -8.063968e-01
    outer loop
      vertex 9.401632e-01 -1.150157e+00 1.261345e+00
      vertex 8.905125e-01 -1.089416e+00 1.318815e+00
      vertex 1.004646e+00 -1.004646e+00 1.318815e+00
    endloop
  endfacet
  facet normal -3.526112e-01 4.747521e-01 -8.063968e-01
    outer loop
      vertex 9.401632e-01 -1.150157e+00 1.261345e+00
      vertex 1.004646e+00 -1.004646e+00 1.318815e+00
      vertex 1.060660e+00 -1.060660e+00 1.261345e+00
    endloop
  endfacet
  facet normal -4.747521e-01 3.526112e-01 -8.063968e-01
    outer loop
      vertex 1.060660e+00 -1.060660e+00 1.261345e+00
      vertex 1.004646e+00 -1.004646e+00 1.318815e+00
      vertex 1.089416e+00 -8.905125e-01 1.318815e+00
    endloop
  endfacet
  facet normal -4.747521e-01 3.526112e-01 -8.063968e-01
    outer loop
      vertex 1.060660e+00 -1.060660e+00 1.261345e+00
      vertex 1.089416e+00 -8.905125e-01 1.318815e+00
      vertex 1.150157e+00 -9.401632e-01 1.261345e+00
    endloop
  endfacet
  facet normal -5.686548e-01 2.213438e-01 -7.922364e-01
    outer loop
      vertex 1.150157e+00 -9.401632e-01 1.261345e+00
      vertex 1.089416e+00 -8.905125e-01 1.318815e+00
      vertex 1.148360e+00 -7.390782e-01 1.318815e+00
    endloop
  endfacet
  facet normal -5.686548e-01 2.213438e-01 -7.922364e-01
    outer loop
      vertex 1.150157e+00 -9.401632e-01 1.261345e+00
      vertex 1.148360e+00 -7.390782e-01 1.318815e+00
      vertex 1.212387e+00 -7.802856e-01 1.261345e+00
    endloop
  endfacet
  facet normal -6.267624e-01 1.032992e-01 -7.723330e-01
    outer loop
      vertex 1.212387e+00 -7.802856e-01 1.261345e+00
      vertex 1.148360e+00 -7.390782e-01 1.318815e+00
      vertex 1.183198e+00 -5.277016e-01 1.318815e+00
    endloop
  endfacet
  facet normal -6.267624e-01 1.032992e-01 -7.723330e-01
    outer loop
      vertex 1.212387e+00 -7.802856e-01 1.261345e+00
      vertex 1.183198e+00 -5.277016e-01 1.318815e+00
      vertex 1.249168e+00 -5.571237e-01 1.261345e+00
    endloop
  endfacet
  facet normal -6.531731e-01 1.427631e-02 -7.570741e-01
    outer loop
      vertex 1.249168e+00 -5.571237e-01 1.261345e+00
      vertex 1.183198e+00 -5.277016e-01 1.318815e+00
      vertex 1.194732e+00 0.000000e+00 1.318815e+00
    endloop
  endfacet
  facet normal -6.531731e-01 1.427631e-02 -7.570741e-01
    outer loop
      vertex 1.249168e+00 -5.571237e-01 1.261345e+00
      vertex 1.194732e+00 0.000000e+00 1.318815e+00
      vertex 1.261345e+00 0.000000e+00 1.261345e+00
    endloop
  endfacet
  facet normal -6.531731e-01 -1.427631e-02 -7.570741e-01
    outer loop
      vertex 1.261345e+00 0.000000e+00 1.261345e+00
      vertex 1.194732e+00 0.000000e+00 1.318815e+00
      vertex 1.183198e+00 5.277016e-01 1.318815e+00
    endloop
  endfacet
  facet normal -6.531731e-01 -1.427631e-02 -7.570741e-01
    outer loop
      vertex 1.261345e+00 0.000000e+00 1.261345e+00
      vertex 1.183198e+00 5.277016e-01 1.318815e+00
      vertex 1.249168e+00 5.571237e-01 1.261345e+00
    endloop
  endfacet
  facet normal -6.267624e-01 -1.032992e-01 -7.723330e-01
    outer loop
      vertex 1.249168e+00 5.571237e-01 1.261345e+00
      vertex 1.183198e+00 5.277016e-01 1.318815e+00
      vertex 1.148360e+00 7.390782e-01 1.318815e+00
    endloop
  endfacet
  facet normal -6.267624e-01 -1.032992e-01 -7.723330e-01
    outer loop
      vertex 1.249168e+00 5.571237e-01 1.261345e+00
      vertex 1.148360e+00 7.390782e-01 1.318815e+00
      vertex 1.212387e+00 7.802856e-01 1.261345e+00
    endloop
  endfacet
  facet normal -5.686548e-01 -2.213438e-01 -7.922364e-01
    outer loop
      vertex 1.212387e+00 7.802856e-01 1.261345e+00
      vertex 1.148360e+00 7.390782e-01 1.318815e+00
      vertex 1.089416e+00 8.905125e-01 1.318815e+00
    endloop
  endfacet
  facet normal -5.686548e-01 -2.213438e-01 -7.922364e-01
    outer loop
      vertex 1.212387e+00 7.802856e-01 1.261345e+00
      vertex 1.089416e+00 8.905125e-01 1.318815e+00
      vertex 1.150157e+00 9.401632e-01 1.261345e+00
    endloop
  endfacet
  facet normal -4.747521e-01 -3.526112e-01 -8.063968e-01
    outer loop
      vertex 1.150157e+00 9.401632e-01 1.261345e+00
      vertex 1.089416e+00 8.905125e-01 1.318815e+00
      vertex 1.004646e+00 1.004646e+00 1.318815e+00
    endloop
  endfacet
  facet normal -4.747521e-01 -3.526112e-01 -8.063968e-01
    outer loop
      vertex 1.150157e+00 9.401632e-01 1.261345e+00
      vertex 1.004646e+00 1.004646e+00 1.318815e+00
      vertex 1.060660e+00 1.060660e+00 1.261345e+00
    endloop
  endfacet
  facet normal -3.526112e-01 -4.747521e-01 -8.063968e-01
    outer loop
      vertex 1.060660e+00 1.060660e+00 1.261345e+00
      vertex 1.004646e+00 1.004646e+00 1.318815e+00
      vertex 8.905125e-01 1.089416e+00 1.318815e+00
    endloop
  endfacet
  facet normal -3.526112e-01 -4.747521e-01 -8.063968e-01
    outer loop
      vertex 1.060660e+00 1.060660e+00 1.261345e+00
      vertex 8.905125e-01 1.089416e+00 1.318815e+00
      vertex 9.401632e-01 1.150157e+00 1.261345e+00
    endloop
  endfacet
  facet normal -2.213438e-01 -5.686548e-01 -7.922364e-01
    outer loop
      vertex 9.401632e-01 1.150157e+00 1.261345e+00
      vertex 8.905125e-01 1.089416e+00 1.318815e+00
      vertex 7.390782e-01 1.148360e+00 1.318815e+00
    endloop
  endfacet
  facet normal -2.213438e-01 -5.686548e-01 -7.922364e-01
    outer loop
      vertex 9.401632e-01 1.150157e+00 1.261345e+00
      vertex 7.390782e-01 1.148360e+00 1.318815e+00
      vertex 7.802856e-01 1.212387e+00 1.261345e+00
    endloop
  endfacet
  facet normal -1.032992e-01 -6.267624e-01 -7.723330e-01
    outer loop
      vertex 7.802856e-01 1.212387e+00 1.261345e+00
      vertex 7.390782e-01 1.148360e+00 1.318815e+00
      vertex 5.277016e-01 1.183198e+00 1.318815e+00
    endloop
  endfacet
  facet normal -1.032992e-01 -6.267624e-01 -7.723330e-01
    outer loop
      vertex 7.802856e-01 1.212387e+00 1.261345e+00
      vertex 5.277016e-01 1.183198e+00 1.318815e+00
      vertex 5.571237e-01 1.249168e+00 1.261345e+00
    endloop
  endfacet
  facet normal -1.427631e-02 -6.531731e-01 -7.570741e-01
    outer loop
      vertex 5.571237e-01 1.249168e+00 1.261345e+00
      vertex 5.277016e-01 1.183198e+00 1.318815e+00
      vertex 9.348910e-09 1.194732e+00 1.318815e+00
    endloop
  endfacet
  facet normal -1.427631e-02 -6.531731e-01 -7.570741e-01
    outer loop
      vertex 5.571237e-01 1.249168e+00 1.261345e+00
      vertex 9.348910e-09 1.194732e+00 1.318815e+00
      vertex 9.870160e-09 1.261345e+00 1.261345e+00
    endloop
  endfacet
  facet normal 1.427631e-02 -6.531731e-01 -7.570741e-01
    outer loop
      vertex 9.870160e-09 1.261345e+00 1.261345e+00
      vertex 9.348910e-09 1.194732e+00 1.318815e+00
      vertex -5.277016e-01 1.183198e+00 1.318815e+00
    endloop
  endfacet
  facet normal 1.427631e-02 -6.531731e-01 -7.570741e-01
    outer loop
      vertex 9.870160e-09 1.261345e+00 1.261345e+00
      vertex -5.277016e-01 1.183198e+00 1.318815e+00
      vertex -5.571237e-01 1.249168e+00 1.261345e+00
    endloop
  endfacet
  facet normal 1.032992e-01 -6.267624e-01 -7.723330e-01
    outer loop
      vertex -5.571237e-01 1.249168e+00 1.261345e+00
      vertex -5.277016e-01 1.183198e+00 1.318815e+00
      vertex -7.390782e-01 1.148360e+00 1.318815e+00
    endloop
  endfacet
  facet normal 1.032992e-01 -6.267624e-01 -7.723330e-01
    outer loop
      vertex -5.571237e-01 1.249168e+00 1.261345e+00
      vertex -7.390782e-01 1.148360e+00 1.318815e+00
      vertex -7.802856e-01 1.212387e+00 1.261345e+00
    endloop
  endfacet
  facet normal 2.213438e-01 -5.686548e-01 -7.922364e-01
    outer loop
      vertex -7.802856e-01 1.212387e+00 1.261345e+00
      vertex -7.390782e-01 1.148360e+00 1.318815e+00
      vertex -8.905125e-01 1.089416e+00 1.318815e+00
    endloop
  endfacet
  facet normal 2.213438e-01 -5.686548e-01 -7.922364e-01
    outer loop
      vertex -7.802856e-01 1.212387e+00 1.261345e+00
      vertex -8.905125e-01 1.089416e+00 1.318815e+00
      vertex -9.401632e-01 1.150157e+00 1.261345e+00
    endloop
  endfacet
  facet normal 3.526112e-01 -4.747521e-01 -8.063968e-01
    outer loop
      vertex -9.401632e-01 1.150157e+00 1.261345e+00
      vertex -8.905125e-01 1.089416e+00 1.318815e+00
      vertex -1.004646e+00 1.004646e+00 1.318815e+00
    endloop
  endfacet
  facet normal 3.526112e-01 -4.747521e-01 -8.063968e-01
    outer loop
      vertex -9.401632e-01 1.150157e+00 1.261345e+00
      vertex -1.004646e+00 1.004646e+00 1.318815e+00
      vertex -1.060660e+00 1.060660e+00 1.261345e+00
    endloop
  endfacet
  facet normal 4.747521e-01 -3.526112e-01 -8.063968e-01
    outer loop
      vertex -1.060660e+00 1.060660e+00 1.261345e+00
      vertex -1.004646e+00 1.004646e+00 1.318815e+00
      vertex -1.089416e+00 8.905125e-01 1.318815e+00
    endloop
  endfacet
  facet normal 4.747521e-01 -3.526112e-01 -8.063968e-01
    outer loop
      vertex -1.060660e+00 1.060660e+00 1.261345e+00
      vertex -1.089416e+00 8.905125e-01 1.318815e+00
      vertex -1.150157e+00 9.401632e-01 1.261345e+00
    endloop
  endfacet
  facet normal 5.686548e-01 -2.213438e-01 -7.922364e-01
    outer loop
      vertex -1.150157e+00 9.401632e-01 1.261345e+00
      vertex -1.089416e+00 8.905125e-01 1.318815e+00
      vertex -1.148360e+00 7.390782e-01 1.318815e+00
    endloop
  endfacet
  facet normal 5.686548e-01 -2.213438e-01 -7.922364e-01
    outer loop
      vertex -1.150157e+00 9.401632e-01 1.261345e+00
      vertex -1.148360e+00 7.390782e-01 1.318815e+00
      vertex -1.212387e+00 7.802856e-01 1.261345e+00
    endloop
  endfacet
  facet normal 6.267624e-01 -1.032992e-01 -7.723330e-01
    outer loop
      vertex -1.212387e+00 7.802856e-01 1.261345e+00
      vertex -1.148360e+00 7.390782e-01 1.318815e+00
      vertex -1.183198e+00 5.277016e-01 1.318815e+00
    endloop
  endfacet
  facet normal 6.267624e-01 -1.032992e-01 -7.723330e-01
    outer loop
      vertex -1.212387e+00 7.802856e-01 1.261345e+00
      vertex -1.183198e+00 5.277016e-01 1.318815e+00
      vertex -1.249168e+00 5.571237e-01 1.261345e+00
    endloop
  endfacet
  facet normal 6.531731e-01 -1.427631e-02 -7.570741e-01
    outer loop
      vertex -1.249168e+00 5.571237e-01 1.261345e+00
      vertex -1.183198e+00 5.277016e-01 1.318815e+00
      vertex -1.194732e+00 -1.322136e-08 1.318815e+00
    endloop
  endfacet
  facet normal 6.531731e-01 -1.427631e-02 -7.570741e-01
    outer loop
      vertex -1.249168e+00 5.571237e-01 1.261345e+00
      vertex -1.194732e+00 -1.322136e-08 1.318815e+00
      vertex -1.261345e+00 -1.395851e-08 1.261345e+00
    endloop
  endfacet
  facet normal 5.380943e-01 1.176105e-02 -8.428026e-01
    outer loop
      vertex -1.194732e+00 -1.322136e-08 1.318815e+00
      vertex -1.118049e+00 -1.237275e-08 1.367774e+00
      vertex -1.107255e+00 -4.938313e-01 1.367774e+00
    endloop
  endfacet
  facet normal 5.380943e-01 1.176105e-02 -8.428026e-01
    outer loop
      vertex -1.194732e+00 -1.322136e-08 1.318815e+00
      vertex -1.107255e+00 -4.938313e-01 1.367774e+00
      vertex -1.183198e+00 -5.277016e-01 1.318815e+00
    endloop
  endfacet
  facet normal 5.129918e-01 8.454821e-02 -8.542195e-01
    outer loop
      vertex -1.183198e+00 -5.277016e-01 1.318815e+00
      vertex -1.107255e+00 -4.938313e-01 1.367774e+00
      vertex -1.074653e+00 -6.916408e-01 1.367774e+00
    endloop
  endfacet
  facet normal 5.129918e-01 8.454821e-02 -8.542195e-01
    outer loop
      vertex -1.183198e+00 -5.277016e-01 1.318815e+00
      vertex -1.074653e+00 -6.916408e-01 1.367774e+00
      vertex -1.148360e+00 -7.390782e-01 1.318815e+00
    endloop
  endfacet
  facet normal 4.614728e-01 1.796242e-01 -8.687796e-01
    outer loop
      vertex -1.148360e+00 -7.390782e-01 1.318815e+00
      vertex -1.074653e+00 -6.916408e-01 1.367774e+00
      vertex -1.019492e+00 -8.333553e-01 1.367774e+00
    endloop
  endfacet
  facet normal 4.614728e-01 1.796242e-01 -8.687796e-01
    outer loop
      vertex -1.148360e+00 -7.390782e-01 1.318815e+00
      vertex -1.019492e+00 -8.333553e-01 1.367774e+00
      vertex -1.089416e+00 -8.905125e-01 1.318815e+00
    endloop
  endfacet
  facet normal 3.829186e-01 2.844040e-01 -8.789128e-01
    outer loop
      vertex -1.089416e+00 -8.905125e-01 1.318815e+00
      vertex -1.019492e+00 -8.333553e-01 1.367774e+00
      vertex -9.401632e-01 -9.401632e-01 1.367774e+00
    endloop
  endfacet
  facet normal 3.829186e-01 2.844040e-01 -8.789128e-01
    outer loop
      vertex -1.089416e+00 -8.905125e-01 1.318815e+00
      vertex -9.401632e-01 -9.401632e-01 1.367774e+00
      vertex -1.004646e+00 -1.004646e+00 1.318815e+00
    endloop
  endfacet
  facet normal 2.844040e-01 3.829186e-01 -8.789128e-01
    outer loop
      vertex -1.004646e+00 -1.004646e+00 1.318815e+00
      vertex -9.401632e-01 -9.401632e-01 1.367774e+00
      vertex -8.333553e-01 -1.019492e+00 1.367774e+00
    endloop
  endfacet
  facet normal 2.844040e-01 3.829186e-01 -8.789128e-01
    outer loop
      vertex -1.004646e+00 -1.004646e+00 1.318815e+00
      vertex -8.333553e-01 -1.019492e+00 1.367774e+00
      vertex -8.905125e-01 -1.089416e+00 1.318815e+00
    endloop
  endfacet
  facet normal 1.796242e-01 4.614728e-01 -8.687796e-01
    outer loop
      vertex -8.905125e-01 -1.089416e+00 1.318815e+00
      vertex -8.333553e-01 -1.019492e+00 1.367774e+00
      vertex -6.916408e-01 -1.074653e+00 1.367774e+00
    endloop
  endfacet
  facet normal 1.796242e-01 4.614728e-01 -8.687796e-01
    outer loop
      vertex -8.905125e-01 -1.089416e+00 1.318815e+00
      vertex -6.916408e-01 -1.074653e+00 1.367774e+00
      vertex -7.390782e-01 -1.148360e+00 1.318815e+00
    endloop
  endfacet
  facet normal 8.454821e-02 5.129918e-01 -8.542195e-01
    outer loop
      vertex -7.390782e-01 -1.148360e+00 1.318815e+00
      vertex -6.916408e-01 -1.074653e+00 1.367774e+00
      vertex -4.938313e-01 -1.107255e+00 1.367774e+00
    endloop
  endfacet
  facet normal 8.454821e-02 5.129918e-01 -8.542195e-01
    outer loop
      vertex -7.390782e-01 -1.148360e+00 1.318815e+00
      vertex -4.938313e-01 -1.107255e+00 1.367774e+00
      vertex -5.277016e-01 -1.183198e+00 1.318815e+00
    endloop
  endfacet
  facet normal 1.176105e-02 5.380943e-01 -8.428026e-01
    outer loop
      vertex -5.277016e-01 -1.183198e+00 1.318815e+00
      vertex -4.938313e-01 -1.107255e+00 1.367774e+00
      vertex 8.748854e-09 -1.118049e+00 1.367774e+00
    endloop
  endfacet
  facet normal 1.176105e-02 5.380943e-01 -8.428026e-01
    outer loop
      vertex -5.277016e-01 -1.183198e+00 1.318815e+00
      vertex 8.748854e-09 -1.118049e+00 1.367774e+00
      vertex 9.348910e-09 -1.194732e+00 1.318815e+00
    endloop
  endfacet
  facet normal -1.176105e-02 5.380943e-01 -8.428026e-01
    outer loop
      vertex 9.348910e-09 -1.194732e+00 1.318815e+00
      vertex 8.748854e-09 -1.118049e+00 1.367774e+00
      vertex 4.938313e-01 -1.107255e+00 1.367774e+00
    endloop
  endfacet
  facet normal -1.176105e-02 5.380943e-01 -8.428026e-01
    outer loop
      vertex 9.348910e-09 -1.194732e+00 1.318815e+00
      vertex 4.938313e-01 -1.107255e+00 1.367774e+00
      vertex 5.277016e-01 -1.183198e+00 1.318815e+00
    endloop
  endfacet
  facet normal -8.454821e-02 5.129918e-01 -8.542195e-01
    outer loop
      vertex 5.277016e-01 -1.183198e+00 1.318815e+00
      vertex 4.938313e-01 -1.107255e+00 1.367774e+00
      vertex 6.916408e-01 -1.074653e+00 1.367774e+00
    endloop
  endfacet
  facet normal -8.454821e-02 5.129918e-01 -8.542195e-01
    outer loop
      vertex 5.277016e-01 -1.183198e+00 1.318815e+00
      vertex 6.916408e-01 -1.074653e+00 1.367774e+00
      vertex 7.390782e-01 -1.148360e+00 1.318815e+00
    endloop
  endfacet
  facet normal -1.796242e-01 4.614728e-01 -8.687796e-01
    outer loop
      vertex 7.390782e-01 -1.148360e+00 1.318815e+00
      vertex 6.916408e-01 -1.074653e+00 1.367774e+00
      vertex 8.333553e-01 -1.019492e+00 1.367774e+00
    endloop
  endfacet
  facet normal -1.796242e-01 4.614728e-01 -8.687796e-01
    outer loop
      vertex 7.390782e-01 -1.148360e+00 1.318815e+00
      vertex 8.333553e-01 -1.019492e+00 1.367774e+00
      vertex 8.905125e-01 -1.089416e+00 1.318815e+00
    endloop
  endfacet
  facet normal -2.844040e-01 3.829186e-01 -8.789128e-01
    outer loop
      vertex 8.905125e-01 -1.089416e+00 1.318815e+00
      vertex 8.333553e-01 -1.019492e+00 1.367774e+00
      vertex 9.401632e-01 -9.401632e-01 1.367774e+00
    endloop
  endfacet
  facet normal -2.844040e-01 3.829186e-01 -8.789128e-01
    outer loop
      vertex 8.905125e-01 -1.089416e+00 1.318815e+00
      vertex 9.401632e-01 -9.401632e-01 1.367774e+00
      vertex 1.004646e+00 -1.004646e+00 1.318815e+00
    endloop
  endfacet
  facet normal -3.829186e-01 2.844040e-01 -8.789128e-01
    outer loop
      vertex 1.004646e+00 -1.004646e+00 1.318815e+00
      vertex 9.401632e-01 -9.401632e-01 1.367774e+00
      vertex 1.019492e+00 -8.333553e-01 1.367774e+00
    endloop
  endfacet
  facet normal -3.829186e-01 2.844040e-01 -8.789128e-01
    outer loop
      vertex 1.004646e+00 -1.004646e+00 1.318815e+00
      vertex 1.019492e+00 -8.333553e-01 1.367774e+00
      vertex 1.089416e+00 -8.905125e-01 1.318815e+00
    endloop
  endfacet
  facet normal -4.614728e-01 1.796242e-01 -8.687796e-01
    outer loop
      vertex 1.089416e+00 -8.905125e-01 1.318815e+00
      vertex 1.019492e+00 -8.333553e-01 1.367774e+00
      vertex 1.074653e+00 -6.916408e-01 1.367774e+00
    endloop
  endfacet
  facet normal -4.614728e-01 1.796242e-01 -8.687796e-01
    outer loop
      vertex 1.089416e+00 -8.905125e-01 1.318815e+00
      vertex 1.074653e+00 -6.916408e-01 1.367774e+00
      vertex 1.148360e+00 -7.390782e-01 1.318815e+00
    endloop
  endfacet
  facet normal -5.129918e-01 8.454821e-02 -8.542195e-01
    outer loop
      vertex 1.148360e+00 -7.390782e-01 1.318815e+00
      vertex 1.074653e+00 -6.916408e-01 1.367774e+00
      vertex 1.107255e+00 -4.938313e-01 1.367774e+00
    endloop
  endfacet
  facet normal -5.129918e-01 8.454821e-02 -8.542195e-01
    outer loop
      vertex 1.148360e+00 -7.390782e-01 1.318815e+00
      vertex 1.107255e+00 -4.938313e-01 1.367774e+00
      vertex 1.183198e+00 -5.277016e-01 1.318815e+00
    endloop
  endfacet
  facet normal -5.380943e-01 1.176105e-02 -8.428026e-01
    outer loop
      vertex 1.183198e+00 -5.277016e-01 1.318815e+00
      vertex 1.107255e+00 -4.938313e-01 1.367774e+00
      vertex 1.118049e+00 0.000000e+00 1.367774e+00
    endloop
  endfacet
  facet normal -5.380943e-01 1.176105e-02 -8.428026e-01
    outer loop
      vertex 1.183198e+00 -5.277016e-01 1.318815e+00
      vertex 1.118049e+00 0.000000e+00 1.367774e+00
      vertex 1.194732e+00 0.000000e+00 1.318815e+00
    endloop
  endfacet
  facet normal -5.380943e-01 -1.176105e-02 -8.428026e-01
    outer loop
      vertex 1.194732e+00 0.000000e+00 1.318815e+00
      vertex 1.118049e+00 0.000000e+00 1.367774e+00
      vertex 1.107255e+00 4.938313e-01 1.367774e+00
    endloop
  endfacet
  facet normal -5.380943e-01 -1.176105e-02 -8.428026e-01
    outer loop
      vertex 1.194732e+00 0.000000e+00 1.318815e+00
      vertex 1.107255e+00 4.938313e-01 1.367774e+00
      vertex 1.183198e+00 5.277016e-01 1.318815e+00
    endloop
  endfacet
  facet normal -5.129918e-01 -8.454821e-02 -8.542195e-01
    outer loop
      vertex 1.183198e+00 5.277016e-01 1.318815e+00
      vertex 1.107255e+00 4.938313e-01 1.367774e+00
      vertex 1.074653e+00 6.916408e-01 1.367774e+00
    endloop
  endfacet
  facet normal -5.129918e-01 -8.454821e-02 -8.542195e-01
    outer loop
      vertex 1.183198e+00 5.277016e-01 1.318815e+00
      vertex 1.074653e+00 6.916408e-01 1.367774e+00
      vertex 1.148360e+00 7.390782e-01 1.318815e+00
    endloop
  endfacet
  facet normal -4.614728e-01 -1.796242e-01 -8.687796e-01
    outer loop
      vertex 1.148360e+00 7.390782e-01 1.318815e+00
      vertex 1.074653e+00 6.916408e-01 1.367774e+00
      vertex 1.019492e+00 8.333553e-01 1.367774e+00
    endloop
  endfacet
  facet normal -4.614728e-01 -1.796242e-01 -8.687796e-01
    outer loop
      vertex 1.148360e+00 7.390782e-01 1.318815e+00
      vertex 1.019492e+00 8.333553e-01 1.367774e+00
      vertex 1.089416e+00 8.905125e-01 1.318815e+00
    endloop
  endfacet
  facet normal -3.829186e-01 -2.844040e-01 -8.789128e-01
    outer loop
      vertex 1.089416e+00 8.905125e-01 1.318815e+00
      vertex 1.019492e+00 8.333553e-01 1.367774e+00
      vertex 9.401632e-01 9.401632e-01 1.367774e+00
    endloop
  endfacet
  facet normal -3.829186e-01 -2.844040e-01 -8.789128e-01
    outer loop
      vertex 1.089416e+00 8.905125e-01 1.318815e+00
      vertex 9.401632e-01 9.401632e-01 1.367774e+00
      vertex 1.004646e+00 1.004646e+00 1.318815e+00
    endloop
  endfacet
  facet normal -2.844040e-01 -3.829186e-01 -8.789128e-01
    outer loop
      vertex 1.004646e+00 1.004646e+00 1.318815e+00
      vertex 9.401632e-01 9.401632e-01 1.367774e+00
      vertex 8.333553e-01 1.019492e+00 1.367774e+00
    endloop
  endfacet
  facet normal -2.844040e-01 -3.829186e-01 -8.789128e-01
    outer loop
      vertex 1.004646e+00 1.004646e+00 1.318815e+00
      vertex 8.333553e-01 1.019492e+00 1.367774e+00
      vertex 8.905125e-01 1.089416e+00 1.318815e+00
    endloop
  endfacet
  facet normal -1.796242e-01 -4.614728e-01 -8.687796e-01
    outer loop
      vertex 8.905125e-01 1.089416e+00 1.318815e+00
      vertex 8.333553e-01 1.019492e+00 1.367774e+00
      vertex 6.916408e-01 1.074653e+00 1.367774e+00
    endloop
  endfacet
  facet normal -1.796242e-01 -4.614728e-01 -8.687796e-01
    outer loop
      vertex 8.905125e-01 1.089416e+00 1.318815e+00
      vertex 6.916408e-01 1.074653e+00 1.367774e+00
      vertex 7.390782e-01 1.148360e+00 1.318815e+00
    endloop
  endfacet
  facet normal -8.454821e-02 -5.129918e-01 -8.542195e-01
    outer loop
      vertex 7.390782e-01 1.148360e+00 1.318815e+00
      vertex 6.916408e-01 1.074653e+00 1.367774e+00
      vertex 4.938313e-01 1.107255e+00 1.367774e+00
    endloop
  endfacet
  facet normal -8.454821e-02 -5.129918e-01 -8.542195e-01
    outer loop
      vertex 7.390782e-01 1.148360e+00 1.318815e+00
      vertex 4.938313e-01 1.107255e+00 1.367774e+00
      vertex 5.277016e-01 1.183198e+00 1.318815e+00
    endloop
  endfacet
  facet normal -1.176105e-02 -5.380943e-01 -8.428026e-01
    outer loop
      vertex 5.277016e-01 1.183198e+00 1.318815e+00
      vertex 4.938313e-01 1.107255e+00 1.367774e+00
      vertex 8.748854e-09 1.118049e+00 1.367774e+00
    endloop
  endfacet
  facet normal -1.176105e-02 -5.380943e-01 -8.428026e-01
    outer loop
      vertex 5.277016e-01 1.183198e+00 1.318815e+00
      vertex 8.748854e-09 1.118049e+00 1.367774e+00
      vertex 9.348910e-09 1.194732e+00 1.318815e+00
    endloop
  endfacet
  facet normal 1.176105e-02 -5.380943e-01 -8.428026e-01
    outer loop
      vertex 9.348910e-09 1.194732e+00 1.318815e+00
      vertex 8.748854e-09 1.118049e+00 1.367774e+00
      vertex -4.938313e-01 1.107255e+00 1.367774e+00
    endloop
  endfacet
  facet normal 1.176105e-02 -5.380943e-01 -8.428026e-01
    outer loop
      vertex 9.348910e-09 1.194732e+00 1.318815e+00
      vertex -4.938313e-01 1.107255e+00 1.367774e+00
      vertex -5.277016e-01 1.183198e+00 1.318815e+00
    endloop
  endfacet
  facet normal 8.454821e-02 -5.129918e-01 -8.542195e-01
    outer loop
      vertex -5.277016e-01 1.183198e+00 1.318815e+00
      vertex -4.938313e-01 1.107255e+00 1.367774e+00
      vertex -6.916408e-01 1.074653e+00 1.367774e+00
    endloop
  endfacet
  facet normal 8.454821e-02 -5.129918e-01 -8.542195e-01
    outer loop
      vertex -5.277016e-01 1.183198e+00 1.318815e+00
      vertex -6.916408e-01 1.074653e+00 1.367774e+00
      vertex -7.390782e-01 1.148360e+00 1.318815e+00
    endloop
  endfacet
  facet normal 1.796242e-01 -4.614728e-01 -8.687796e-01
    outer loop
      vertex -7.390782e-01 1.148360e+00 1.318815e+00
      vertex -6.916408e-01 1.074653e+00 1.367774e+00
      vertex -8.333553e-01 1.019492e+00 1.367774e+00
    endloop
  endfacet
  facet normal 1.796242e-01 -4.614728e-01 -8.687796e-01
    outer loop
      vertex -7.390782e-01 1.148360e+00 1.318815e+00
      vertex -8.333553e-01 1.019492e+00 1.367774e+00
      vertex -8.905125e-01 1.089416e+00 1.318815e+00
    endloop
  endfacet
  facet normal 2.844040e-01 -3.829186e-01 -8.789128e-01
    outer loop
      vertex -8.905125e-01 1.089416e+00 1.318815e+00
      vertex -8.333553e-01 1.019492e+00 1.367774e+00
      vertex -9.401632e-01 9.401632e-01 1.367774e+00
    endloop
  endfacet
  facet normal 2.844040e-01 -3.829186e-01 -8.789128e-01
    outer loop
      vertex -8.905125e-01 1.089416e+00 1.318815e+00
      vertex -9.401632e-01 9.401632e-01 1.367774e+00
      vertex -1.004646e+00 1.004646e+00 1.318815e+00
    endloop
  endfacet
  facet normal 3.829186e-01 -2.844040e-01 -8.789128e-01
    outer loop
      vertex -1.004646e+00 1.004646e+00 1.318815e+00
      vertex -9.401632e-01 9.401632e-01 1.367774e+00
      vertex -1.019492e+00 8.333553e-01 1.367774e+00
    endloop
  endfacet
  facet normal 3.829186e-01 -2.844040e-01 -8.789128e-01
    outer loop
      vertex -1.004646e+00 1.004646e+00 1.318815e+00
      vertex -1.019492e+00 8.333553e-01 1.367774e+00
      vertex -1.089416e+00 8.905125e-01 1.318815e+00
    endloop
  endfacet
  facet normal 4.614728e-01 -1.796242e-01 -8.687796e-01
    outer loop
      vertex -1.089416e+00 8.905125e-01 1.318815e+00
      vertex -1.019492e+00 8.333553e-01 1.367774e+00
      vertex -1.074653e+00 6.916408e-01 1.367774e+00
    endloop
  endfacet
  facet normal 4.614728e-01 -1.796242e-01 -8.687796e-01
    outer loop
      vertex -1.089416e+00 8.905125e-01 1.318815e+00
      vertex -1.074653e+00 6.916408e-01 1.367774e+00
      vertex -1.148360e+00 7.390782e-01 1.318815e+00
    endloop
  endfacet
  facet normal 5.129918e-01 -8.454821e-02 -8.542195e-01
    outer loop
      vertex -1.148360e+00 7.390782e-01 1.318815e+00
      vertex -1.074653e+00 6.916408e-01 1.367774e+00
      vertex -1.107255e+00 4.938313e-01 1.367774e+00
    endloop
  endfacet
  facet normal 5.129918e-01 -8.454821e-02 -8.542195e-01
    outer loop
      vertex -1.148360e+00 7.390782e-01 1.318815e+00
      vertex -1.107255e+00 4.938313e-01 1.367774e+00
      vertex -1.183198e+00 5.277016e-01 1.318815e+00
    endloop
  endfacet
  facet normal 5.380943e-01 -1.176105e-02 -8.428026e-01
    outer loop
      vertex -1.183198e+00 5.277016e-01 1.318815e+00
      vertex -1.107255e+00 4.938313e-01 1.367774e+00
      vertex -1.118049e+00 -1.237275e-08 1.367774e+00
    endloop
  endfacet
  facet normal 5.380943e-01 -1.176105e-02 -8.428026e-01
    outer loop
      vertex -1.183198e+00 5.277016e-01 1.318815e+00
      vertex -1.118049e+00 -1.237275e-08 1.367774e+00
      vertex -1.194732e+00 -1.322136e-08 1.318815e+00
    endloop
  endfacet
  facet normal 4.206519e-01 9.194126e-03 -9.071755e-01
    outer loop
      vertex -1.118049e+00 -1.237275e-08 1.367774e+00
      vertex -1.029875e+00 -1.139698e-08 1.408660e+00
      vertex -1.019933e+00 -4.548858e-01 1.408660e+00
    endloop
  endfacet
  facet normal 4.206519e-01 9.194126e-03 -9.071755e-01
    outer loop
      vertex -1.118049e+00 -1.237275e-08 1.367774e+00
      vertex -1.019933e+00 -4.548858e-01 1.408660e+00
      vertex -1.107255e+00 -4.938313e-01 1.367774e+00
    endloop
  endfacet
  facet normal 3.989181e-01 6.574727e-02 -9.146265e-01
    outer loop
      vertex -1.107255e+00 -4.938313e-01 1.367774e+00
      vertex -1.019933e+00 -4.548858e-01 1.408660e+00
      vertex -9.899020e-01 -6.370953e-01 1.408660e+00
    endloop
  endfacet
  facet normal 3.989181e-01 6.574727e-02 -9.146265e-01
    outer loop
      vertex -1.107255e+00 -4.938313e-01 1.367774e+00
      vertex -9.899020e-01 -6.370953e-01 1.408660e+00
      vertex -1.074653e+00 -6.916408e-01 1.367774e+00
    endloop
  endfacet
  facet normal 3.564415e-01 1.387416e-01 -9.239590e-01
    outer loop
      vertex -1.074653e+00 -6.916408e-01 1.367774e+00
      vertex -9.899020e-01 -6.370953e-01 1.408660e+00
      vertex -9.390911e-01 -7.676337e-01 1.408660e+00
    endloop
  endfacet
  facet normal 3.564415e-01 1.387416e-01 -9.239590e-01
    outer loop
      vertex -1.074653e+00 -6.916408e-01 1.367774e+00
      vertex -9.390911e-01 -7.676337e-01 1.408660e+00
      vertex -1.019492e+00 -8.333553e-01 1.367774e+00
    endloop
  endfacet
  facet normal 2.943763e-01 2.186412e-01 -9.303433e-01
    outer loop
      vertex -1.019492e+00 -8.333553e-01 1.367774e+00
      vertex -9.390911e-01 -7.676337e-01 1.408660e+00
      vertex -8.660183e-01 -8.660183e-01 1.408660e+00
    endloop
  endfacet
  facet normal 2.943763e-01 2.186412e-01 -9.303433e-01
    outer loop
      vertex -1.019492e+00 -8.333553e-01 1.367774e+00
      vertex -8.660183e-01 -8.660183e-01 1.408660e+00
      vertex -9.401632e-01 -9.401632e-01 1.367774e+00
    endloop
  endfacet
  facet normal 2.186412e-01 2.943763e-01 -9.303433e-01
    outer loop
      vertex -9.401632e-01 -9.401632e-01 1.367774e+00
      vertex -8.660183e-01 -8.660183e-01 1.408660e+00
      vertex -7.676337e-01 -9.390911e-01 1.408660e+00
    endloop
  endfacet
  facet normal 2.186412e-01 2.943763e-01 -9.303433e-01
    outer loop
      vertex -9.401632e-01 -9.401632e-01 1.367774e+00
      vertex -7.676337e-01 -9.390911e-01 1.408660e+00
      vertex -8.333553e-01 -1.019492e+00 1.367774e+00
    endloop
  endfacet
  facet normal 1.387416e-01 3.564415e-01 -9.239590e-01
    outer loop
      vertex -8.333553e-01 -1.019492e+00 1.367774e+00
      vertex -7.676337e-01 -9.390911e-01 1.408660e+00
      vertex -6.370953e-01 -9.899020e-01 1.408660e+00
    endloop
  endfacet
  facet normal 1.387416e-01 3.564415e-01 -9.239590e-01
    outer loop
      vertex -8.333553e-01 -1.019492e+00 1.367774e+00
      vertex -6.370953e-01 -9.899020e-01 1.408660e+00
      vertex -6.916408e-01 -1.074653e+00 1.367774e+00
    endloop
  endfacet
  facet normal 6.574727e-02 3.989181e-01 -9.146265e-01
    outer loop
      vertex -6.916408e-01 -1.074653e+00 1.367774e+00
      vertex -6.370953e-01 -9.899020e-01 1.408660e+00
      vertex -4.548858e-01 -1.019933e+00 1.408660e+00
    endloop
  endfacet
  facet normal 6.574727e-02 3.989181e-01 -9.146265e-01
    outer loop
      vertex -6.916408e-01 -1.074653e+00 1.367774e+00
      vertex -4.548858e-01 -1.019933e+00 1.408660e+00
      vertex -4.938313e-01 -1.107255e+00 1.367774e+00
    endloop
  endfacet
  facet normal 9.194125e-03 4.206519e-01 -9.071755e-01
    outer loop
      vertex -4.938313e-01 -1.107255e+00 1.367774e+00
      vertex -4.548858e-01 -1.019933e+00 1.408660e+00
      vertex 8.058885e-09 -1.029875e+00 1.408660e+00
    endloop
  endfacet
  facet normal 9.194125e-03 4.206519e-01 -9.071755e-01
    outer loop
      vertex -4.938313e-01 -1.107255e+00 1.367774e+00
      vertex 8.058885e-09 -1.029875e+00 1.408660e+00
      vertex 8.748854e-09 -1.118049e+00 1.367774e+00
    endloop
  endfacet
  facet normal -9.194126e-03 4.206519e-01 -9.071755e-01
    outer loop
      vertex 8.748854e-09 -1.118049e+00 1.367774e+00
      vertex 8.058885e-09 -1.029875e+00 1.408660e+00
      vertex 4.548858e-01 -1.019933e+00 1.408660e+00
    endloop
  endfacet
  facet normal -9.194126e-03 4.206519e-01 -9.071755e-01
    outer loop
      vertex 8.748854e-09 -1.118049e+00 1.367774e+00
      vertex 4.548858e-01 -1.019933e+00 1.408660e+00
      vertex 4.938313e-01 -1.107255e+00 1.367774e+00
    endloop
  endfacet
  facet normal -6.574727e-02 3.989181e-01 -9.146265e-01
    outer loop
      vertex 4.938313e-01 -1.107255e+00 1.367774e+00
      vertex 4.548858e-01 -1.019933e+00 1.408660e+00
      vertex 6.370953e-01 -9.899020e-01 1.408660e+00
    endloop
  endfacet
  facet normal -6.574727e-02 3.989181e-01 -9.146265e-01
    outer loop
      vertex 4.938313e-01 -1.107255e+00 1.367774e+00
      vertex 6.370953e-01 -9.899020e-01 1.408660e+00
      vertex 6.916408e-01 -1.074653e+00 1.367774e+00
    endloop
  endfacet
  facet normal -1.387416e-01 3.564415e-01 -9.239590e-01
    outer loop
      vertex 6.916408e-01 -1.074653e+00 1.367774e+00
      vertex 6.370953e-01 -9.899020e-01 1.408660e+00
      vertex 7.676337e-01 -9.390911e-01 1.408660e+00
    endloop
  endfacet
  facet normal -1.387416e-01 3.564415e-01 -9.239590e-01
    outer loop
      vertex 6.916408e-01 -1.074653e+00 1.367774e+00
      vertex 7.676337e-01 -9.390911e-01 1.408660e+00
      vertex 8.333553e-01 -1.019492e+00 1.367774e+00
    endloop
  endfacet
  facet normal -2.186412e-01 2.943763e-01 -9.303433e-01
    outer loop
      vertex 8.333553e-01 -1.019492e+00 1.367774e+00
      vertex 7.676337e-01 -9.390911e-01 1.408660e+00
      vertex 8.660183e-01 -8.660183e-01 1.408660e+00
    endloop
  endfacet
  facet normal -2.186412e-01 2.943763e-01 -9.303433e-01
    outer loop
      vertex 8.333553e-01 -1.019492e+00 1.367774e+00
      vertex 8.660183e-01 -8.660183e-01 1.408660e+00
      vertex 9.401632e-01 -9.401632e-01 1.367774e+00
    endloop
  endfacet
  facet normal -2.943763e-01 2.186412e-01 -9.303433e-01
    outer loop
      vertex 9.401632e-01 -9.401632e-01 1.367774e+00
      vertex 8.660183e-01 -8.660183e-01 1.408660e+00
      vertex 9.390911e-01 -7.676337e-01 1.408660e+00
    endloop
  endfacet
  facet normal -2.943763e-01 2.186412e-01 -9.303433e-01
    outer loop
      vertex 9.401632e-01 -9.401632e-01 1.367774e+00
      vertex 9.390911e-01 -7.676337e-01 1.408660e+00
      vertex 1.019492e+00 -8.333553e-01 1.367774e+00
    endloop
  endfacet
  facet normal -3.564415e-01 1.387416e-01 -9.239590e-01
    outer loop
      vertex 1.019492e+00 -8.333553e-01 1.367774e+00
      vertex 9.390911e-01 -7.676337e-01 1.408660e+00
      vertex 9.899020e-01 -6.370953e-01 1.408660e+00
    endloop
  endfacet
  facet normal -3.564415e-01 1.387416e-01 -9.239590e-01
    outer loop
      vertex 1.019492e+00 -8.333553e-01 1.367774e+00
      vertex 9.899020e-01 -6.370953e-01 1.408660e+00
      vertex 1.074653e+00 -6.916408e-01 1.367774e+00
    endloop
  endfacet
  facet normal -3.989181e-01 6.574727e-02 -9.146265e-01
    outer loop
      vertex 1.074653e+00 -6.916408e-01 1.367774e+00
      vertex 9.899020e-01 -6.370953e-01 1.408660e+00
      vertex 1.019933e+00 -4.548858e-01 1.408660e+00
    endloop
  endfacet
  facet normal -3.989181e-01 6.574727e-02 -9.146265e-01
    outer loop
      vertex 1.074653e+00 -6.916408e-01 1.367774e+00
      vertex 1.019933e+00 -4.548858e-01 1.408660e+00
      vertex 1.107255e+00 -4.938313e-01 1.367774e+00
    endloop
  endfacet
  facet normal -4.206519e-01 9.194126e-03 -9.071755e-01
    outer loop
      vertex 1.107255e+00 -4.938313e-01 1.367774e+00
      vertex 1.019933e+00 -4.548858e-01 1.408660e+00
      vertex 1.029875e+00 0.000000e+00 1.408660e+00
    endloop
  endfacet
  facet normal -4.206519e-01 9.194126e-03 -9.071755e-01
    outer loop
      vertex 1.107255e+00 -4.938313e-01 1.367774e+00
      vertex 1.029875e+00 0.000000e+00 1.408660e+00
      vertex 1.118049e+00 0.000000e+00 1.367774e+00
    endloop
  endfacet
  facet normal -4.206519e-01 -9.194126e-03 -9.071755e-01
    outer loop
      vertex 1.118049e+00 0.000000e+00 1.367774e+00
      vertex 1.029875e+00 0.000000e+00 1.408660e+00
      vertex 1.019933e+00 4.548858e-01 1.408660e+00
    endloop
  endfacet
  facet normal -4.206519e-01 -9.194126e-03 -9.071755e-01
    outer loop
      vertex 1.118049e+00 0.000000e+00 1.367774e+00
      vertex 1.019933e+00 4.548858e-01 1.408660e+00
      vertex 1.107255e+00 4.938313e-01 1.367774e+00
    endloop
  endfacet
  facet normal -3.989181e-01 -6.574727e-02 -9.146265e-01
    outer loop
      vertex 1.107255e+00 4.938313e-01 1.367774e+00
      vertex 1.019933e+00 4.548858e-01 1.408660e+00
      vertex 9.899020e-01 6.370953e-01 1.408660e+00
    endloop
  endfacet
  facet normal -3.989181e-01 -6.574727e-02 -9.146265e-01
    outer loop
      vertex 1.107255e+00 4.938313e-01 1.367774e+00
      vertex 9.899020e-01 6.370953e-01 1.408660e+00
      vertex 1.074653e+00 6.916408e-01 1.367774e+00
    endloop
  endfacet
  facet normal -3.564415e-01 -1.387416e-01 -9.239590e-01
    outer loop
      vertex 1.074653e+00 6.916408e-01 1.367774e+00
      vertex 9.899020e-01 6.370953e-01 1.408660e+00
      vertex 9.390911e-01 7.676337e-01 1.408660e+00
    endloop
  endfacet
  facet normal -3.564415e-01 -1.387416e-01 -9.239590e-01
    outer loop
      vertex 1.074653e+00 6.916408e-01 1.367774e+00
      vertex 9.390911e-01 7.676337e-01 1.408660e+00
      vertex 1.019492e+00 8.333553e-01 1.367774e+00
    endloop
  endfacet
  facet normal -2.943763e-01 -2.186412e-01 -9.303433e-01
    outer loop
      vertex 1.019492e+00 8.333553e-01 1.367774e+00
      vertex 9.390911e-01 7.676337e-01 1.408660e+00
      vertex 8.660183e-01 8.660183e-01 1.408660e+00
    endloop
  endfacet
  facet normal -2.943763e-01 -2.186412e-01 -9.303433e-01
    outer loop
      vertex 1.019492e+00 8.333553e-01 1.367774e+00
      vertex 8.660183e-01 8.660183e-01 1.408660e+00
      vertex 9.401632e-01 9.401632e-01 1.367774e+00
    endloop
  endfacet
  facet normal -2.186412e-01 -2.943763e-01 -9.303433e-01
    outer loop
      vertex 9.401632e-01 9.401632e-01 1.367774e+00
      vertex 8.660183e-01 8.660183e-01 1.408660e+00
      vertex 7.676337e-01 9.390911e-01 1.408660e+00
    endloop
  endfacet
  facet normal -2.186412e-01 -2.943763e-01 -9.303433e-01
    outer loop
      vertex 9.401632e-01 9.401632e-01 1.367774e+00
      vertex 7.676337e-01 9.390911e-01 1.408660e+00
      vertex 8.333553e-01 1.019492e+00 1.367774e+00
    endloop
  endfacet
  facet normal -1.387416e-01 -3.564415e-01 -9.239590e-01
    outer loop
      vertex 8.333553e-01 1.019492e+00 1.367774e+00
      vertex 7.676337e-01 9.390911e-01 1.408660e+00
      vertex 6.370953e-01 9.899020e-01 1.408660e+00
    endloop
  endfacet
  facet normal -1.387416e-01 -3.564415e-01 -9.239590e-01
    outer loop
      vertex 8.333553e-01 1.019492e+00 1.367774e+00
      vertex 6.370953e-01 9.899020e-01 1.408660e+00
      vertex 6.916408e-01 1.074653e+00 1.367774e+00
    endloop
  endfacet
  facet normal -6.574727e-02 -3.989181e-01 -9.146265e-01
    outer loop
      vertex 6.916408e-01 1.074653e+00 1.367774e+00
      vertex 6.370953e-01 9.899020e-01 1.408660e+00
      vertex 4.548858e-01 1.019933e+00 1.408660e+00
    endloop
  endfacet
  facet normal -6.574727e-02 -3.989181e-01 -9.146265e-01
    outer loop
      vertex 6.916408e-01 1.074653e+00 1.367774e+00
      vertex 4.548858e-01 1.019933e+00 1.408660e+00
      vertex 4.938313e-01 1.107255e+00 1.367774e+00
    endloop
  endfacet
  facet normal -9.194126e-03 -4.206519e-01 -9.071755e-01
    outer loop
      vertex 4.938313e-01 1.107255e+00 1.367774e+00
      vertex 4.548858e-01 1.019933e+00 1.408660e+00
      vertex 8.058885e-09 1.029875e+00 1.408660e+00
    endloop
  endfacet
  facet normal -9.194126e-03 -4.206519e-01 -9.071755e-01
    outer loop
      vertex 4.938313e-01 1.107255e+00 1.367774e+00
      vertex 8.058885e-09 1.029875e+00 1.408660e+00
      vertex 8.748854e-09 1.118049e+00 1.367774e+00
    endloop
  endfacet
  facet normal 9.194125e-03 -4.206519e-01 -9.071755e-01
    outer loop
      vertex 8.748854e-09 1.118049e+00 1.367774e+00
      vertex 8.058885e-09 1.029875e+00 1.408660e+00
      vertex -4.548858e-01 1.019933e+00 1.408660e+00
    endloop
  endfacet
  facet normal 9.194125e-03 -4.206519e-01 -9.071755e-01
    outer loop
      vertex 8.748854e-09 1.118049e+00 1.367774e+00
      vertex -4.548858e-01 1.019933e+00 1.408660e+00
      vertex -4.938313e-01 1.107255e+00 1.367774e+00
    endloop
  endfacet
  facet normal 6.574727e-02 -3.989181e-01 -9.146265e-01
    outer loop
      vertex -4.938313e-01 1.107255e+00 1.367774e+00
      vertex -4.548858e-01 1.019933e+00 1.408660e+00
      vertex -6.370953e-01 9.899020e-01 1.408660e+00
    endloop
  endfacet
  facet normal 6.574727e-02 -3.989181e-01 -9.146265e-01
    outer loop
      vertex -4.938313e-01 1.107255e+00 1.367774e+00
      vertex -6.370953e-01 9.899020e-01 1.408660e+00
      vertex -6.916408e-01 1.074653e+00 1.367774e+00
    endloop
  endfacet
  facet normal 1.387416e-01 -3.564415e-01 -9.239590e-01
    outer loop
      vertex -6.916408e-01 1.074653e+00 1.367774e+00
      vertex -6.370953e-01 9.899020e-01 1.408660e+00
      vertex -7.676337e-01 9.390911e-01 1.408660e+00
    endloop
  endfacet
  facet normal 1.387416e-01 -3.564415e-01 -9.239590e-01
    outer loop
      vertex -6.916408e-01 1.074653e+00 1.367774e+00
      vertex -7.676337e-01 9.390911e-01 1.408660e+00
      vertex -8.333553e-01 1.019492e+00 1.367774e+00
    endloop
  endfacet
  facet normal 2.186412e-01 -2.943763e-01 -9.303433e-01
    outer loop
      vertex -8.333553e-01 1.019492e+00 1.367774e+00
      vertex -7.676337e-01 9.390911e-01 1.408660e+00
      vertex -8.660183e-01 8.660183e-01 1.408660e+00
    endloop
  endfacet
  facet normal 2.186412e-01 -2.943763e-01 -9.303433e-01
    outer loop
      vertex -8.333553e-01 1.019492e+00 1.367774e+00
      vertex -8.660183e-01 8.660183e-01 1.408660e+00
      vertex -9.401632e-01 9.401632e-01 1.367774e+00
    endloop
  endfacet
  facet normal 2.943763e-01 -2.186412e-01 -9.303433e-01
    outer loop
      vertex -9.401632e-01 9.401632e-01 1.367774e+00
      vertex -8.660183e-01 8.660183e-01 1.408660e+00
      vertex -9.390911e-01 7.676337e-01 1.408660e+00
    endloop
  endfacet
  facet normal 2.943763e-01 -2.186412e-01 -9.303433e-01
    outer loop
      vertex -9.401632e-01 9.401632e-01 1.367774e+00
      vertex -9.390911e-01 7.676337e-01 1.408660e+00
      vertex -1.019492e+00 8.333553e-01 1.367774e+00
    endloop
  endfacet
  facet normal 3.564415e-01 -1.387416e-01 -9.239590e-01
    outer loop
      vertex -1.019492e+00 8.333553e-01 1.367774e+00
      vertex -9.390911e-01 7.676337e-01 1.408660e+00
      vertex -9.899020e-01 6.370953e-01 1.408660e+00
    endloop
  endfacet
  facet normal 3.564415e-01 -1.387416e-01 -9.239590e-01
    outer loop
      vertex -1.019492e+00 8.333553e-01 1.367774e+00
      vertex -9.899020e-01 6.370953e-01 1.408660e+00
      vertex -1.074653e+00 6.916408e-01 1.367774e+00
    endloop
  endfacet
  facet normal 3.989181e-01 -6.574727e-02 -9.146265e-01
    outer loop
      vertex -1.074653e+00 6.916408e-01 1.367774e+00
      vertex -9.899020e-01 6.370953e-01 1.408660e+00
      vertex -1.019933e+00 4.548858e-01 1.408660e+00
    endloop
  endfacet
  facet normal 3.989181e-01 -6.574727e-02 -9.146265e-01
    outer loop
      vertex -1.074653e+00 6.916408e-01 1.367774e+00
      vertex -1.019933e+00 4.548858e-01 1.408660e+00
      vertex -1.107255e+00 4.938313e-01 1.367774e+00
    endloop
  endfacet
  facet normal 4.206519e-01 -9.194125e-03 -9.071755e-01
    outer loop
      vertex -1.107255e+00 4.938313e-01 1.367774e+00
      vertex -1.019933e+00 4.548858e-01 1.408660e+00
      vertex -1.029875e+00 -1.139698e-08 1.408660e+00
    endloop
  endfacet
  facet normal 4.206519e-01 -9.194125e-03 -9.071755e-01
    outer loop
      vertex -1.107255e+00 4.938313e-01 1.367774e+00
      vertex -1.029875e+00 -1.139698e-08 1.408660e+00
      vertex -1.118049e+00 -1.237275e-08 1.367774e+00
    endloop
  endfacet
  facet normal 3.089510e-01 6.752696e-03 -9.510540e-01
    outer loop
      vertex -1.029875e+00 -1.139698e-08 1.408660e+00
      vertex -9.279212e-01 -1.026872e-08 1.441780e+00
      vertex -9.189631e-01 -4.098538e-01 1.441780e+00
    endloop
  endfacet
  facet normal 3.089510e-01 6.752696e-03 -9.510540e-01
    outer loop
      vertex -1.029875e+00 -1.139698e-08 1.408660e+00
      vertex -9.189631e-01 -4.098538e-01 1.441780e+00
      vertex -1.019933e+00 -4.548858e-01 1.408660e+00
    endloop
  endfacet
  facet normal 2.918818e-01 4.810621e-02 -9.552438e-01
    outer loop
      vertex -1.019933e+00 -4.548858e-01 1.408660e+00
      vertex -9.189631e-01 -4.098538e-01 1.441780e+00
      vertex -8.919053e-01 -5.740251e-01 1.441780e+00
    endloop
  endfacet
  facet normal 2.918818e-01 4.810621e-02 -9.552438e-01
    outer loop
      vertex -1.019933e+00 -4.548858e-01 1.408660e+00
      vertex -8.919053e-01 -5.740251e-01 1.441780e+00
      vertex -9.899020e-01 -6.370953e-01 1.408660e+00
    endloop
  endfacet
  facet normal 2.595685e-01 1.010347e-01 -9.604250e-01
    outer loop
      vertex -9.899020e-01 -6.370953e-01 1.408660e+00
      vertex -8.919053e-01 -5.740251e-01 1.441780e+00
      vertex -8.461245e-01 -6.916408e-01 1.441780e+00
    endloop
  endfacet
  facet normal 2.595685e-01 1.010347e-01 -9.604250e-01
    outer loop
      vertex -9.899020e-01 -6.370953e-01 1.408660e+00
      vertex -8.461245e-01 -6.916408e-01 1.441780e+00
      vertex -9.390911e-01 -7.676337e-01 1.408660e+00
    endloop
  endfacet
  facet normal 2.136765e-01 1.587033e-01 -9.639272e-01
    outer loop
      vertex -9.390911e-01 -7.676337e-01 1.408660e+00
      vertex -8.461245e-01 -6.916408e-01 1.441780e+00
      vertex -7.802856e-01 -7.802856e-01 1.441780e+00
    endloop
  endfacet
  facet normal 2.136765e-01 1.587033e-01 -9.639272e-01
    outer loop
      vertex -9.390911e-01 -7.676337e-01 1.408660e+00
      vertex -7.802856e-01 -7.802856e-01 1.441780e+00
      vertex -8.660183e-01 -8.660183e-01 1.408660e+00
    endloop
  endfacet
  facet normal 1.587033e-01 2.136765e-01 -9.639272e-01
    outer loop
      vertex -8.660183e-01 -8.660183e-01 1.408660e+00
      vertex -7.802856e-01 -7.802856e-01 1.441780e+00
      vertex -6.916408e-01 -8.461245e-01 1.441780e+00
    endloop
  endfacet
  facet normal 1.587033e-01 2.136765e-01 -9.639272e-01
    outer loop
      vertex -8.660183e-01 -8.660183e-01 1.408660e+00
      vertex -6.916408e-01 -8.461245e-01 1.441780e+00
      vertex -7.676337e-01 -9.390911e-01 1.408660e+00
    endloop
  endfacet
  facet normal 1.010347e-01 2.595685e-01 -9.604250e-01
    outer loop
      vertex -7.676337e-01 -9.390911e-01 1.408660e+00
      vertex -6.916408e-01 -8.461245e-01 1.441780e+00
      vertex -5.740251e-01 -8.919053e-01 1.441780e+00
    endloop
  endfacet
  facet normal 1.010347e-01 2.595685e-01 -9.604250e-01
    outer loop
      vertex -7.676337e-01 -9.390911e-01 1.408660e+00
      vertex -5.740251e-01 -8.919053e-01 1.441780e+00
      vertex -6.370953e-01 -9.899020e-01 1.408660e+00
    endloop
  endfacet
  facet normal 4.810621e-02 2.918818e-01 -9.552438e-01
    outer loop
      vertex -6.370953e-01 -9.899020e-01 1.408660e+00
      vertex -5.740251e-01 -8.919053e-01 1.441780e+00
      vertex -4.098538e-01 -9.189631e-01 1.441780e+00
    endloop
  endfacet
  facet normal 4.810621e-02 2.918818e-01 -9.552438e-01
    outer loop
      vertex -6.370953e-01 -9.899020e-01 1.408660e+00
      vertex -4.098538e-01 -9.189631e-01 1.441780e+00
      vertex -4.548858e-01 -1.019933e+00 1.408660e+00
    endloop
  endfacet
  facet normal 6.752696e-03 3.089510e-01 -9.510540e-01
    outer loop
      vertex -4.548858e-01 -1.019933e+00 1.408660e+00
      vertex -4.098538e-01 -9.189631e-01 1.441780e+00
      vertex 7.261085e-09 -9.279212e-01 1.441780e+00
    endloop
  endfacet
  facet normal 6.752696e-03 3.089510e-01 -9.510540e-01
    outer loop
      vertex -4.548858e-01 -1.019933e+00 1.408660e+00
      vertex 7.261085e-09 -9.279212e-01 1.441780e+00
      vertex 8.058885e-09 -1.029875e+00 1.408660e+00
    endloop
  endfacet
  facet normal -6.752696e-03 3.089510e-01 -9.510540e-01
    outer loop
      vertex 8.058885e-09 -1.029875e+00 1.408660e+00
      vertex 7.261085e-09 -9.279212e-01 1.441780e+00
      vertex 4.098538e-01 -9.189631e-01 1.441780e+00
    endloop
  endfacet
  facet normal -6.752696e-03 3.089510e-01 -9.510540e-01
    outer loop
      vertex 8.058885e-09 -1.029875e+00 1.408660e+00
      vertex 4.098538e-01 -9.189631e-01 1.441780e+00
      vertex 4.548858e-01 -1.019933e+00 1.408660e+00
    endloop
  endfacet
  facet normal -4.810621e-02 2.918818e-01 -9.552438e-01
    outer loop
      vertex 4.548858e-01 -1.019933e+00 1.408660e+00
      vertex 4.098538e-01 -9.189631e-01 1.441780e+00
      vertex 5.740251e-01 -8.919053e-01 1.441780e+00
    endloop
  endfacet
  facet normal -4.810621e-02 2.918818e-01 -9.552438e-01
    outer loop
      vertex 4.548858e-01 -1.019933e+00 1.408660e+00
      vertex 5.740251e-01 -8.919053e-01 1.441780e+00
      vertex 6.370953e-01 -9.899020e-01 1.408660e+00
    endloop
  endfacet
  facet normal -1.010347e-01 2.595685e-01 -9.604250e-01
    outer loop
      vertex 6.370953e-01 -9.899020e-01 1.408660e+00
      vertex 5.740251e-01 -8.919053e-01 1.441780e+00
      vertex 6.916408e-01 -8.461245e-01 1.441780e+00
    endloop
  endfacet
  facet normal -1.010347e-01 2.595685e-01 -9.604250e-01
    outer loop
      vertex 6.370953e-01 -9.899020e-01 1.408660e+00
      vertex 6.916408e-01 -8.461245e-01 1.441780e+00
      vertex 7.676337e-01 -9.390911e-01 1.408660e+00
    endloop
  endfacet
  facet normal -1.587033e-01 2.136765e-01 -9.639272e-01
    outer loop
      vertex 7.676337e-01 -9.390911e-01 1.408660e+00
      vertex 6.916408e-01 -8.461245e-01 1.441780e+00
      vertex 7.802856e-01 -7.802856e-01 1.441780e+00
    endloop
  endfacet
  facet normal -1.587033e-01 2.136765e-01 -9.639272e-01
    outer loop
      vertex 7.676337e-01 -9.390911e-01 1.408660e+00
      vertex 7.802856e-01 -7.802856e-01 1.441780e+00
      vertex 8.660183e-01 -8.660183e-01 1.408660e+00
    endloop
  endfacet
  facet normal -2.136765e-01 1.587033e-01 -9.639272e-01
    outer loop
      vertex 8.660183e-01 -8.660183e-01 1.408660e+00
      vertex 7.802856e-01 -7.802856e-01 1.441780e+00
      vertex 8.461245e-01 -6.916408e-01 1.441780e+00
    endloop
  endfacet
  facet normal -2.136765e-01 1.587033e-01 -9.639272e-01
    outer loop
      vertex 8.660183e-01 -8.660183e-01 1.408660e+00
      vertex 8.461245e-01 -6.916408e-01 1.441780e+00
      vertex 9.390911e-01 -7.676337e-01 1.408660e+00
    endloop
  endfacet
  facet normal -2.595685e-01 1.010347e-01 -9.604250e-01
    outer loop
      vertex 9.390911e-01 -7.676337e-01 1.408660e+00
      vertex 8.461245e-01 -6.916408e-01 1.441780e+00
      vertex 8.919053e-01 -5.740251e-01 1.441780e+00
    endloop
  endfacet
  facet normal -2.595685e-01 1.010347e-01 -9.604250e-01
    outer loop
      vertex 9.390911e-01 -7.676337e-01 1.408660e+00
      vertex 8.919053e-01 -5.740251e-01 1.441780e+00
      vertex 9.899020e-01 -6.370953e-01 1.408660e+00
    endloop
  endfacet
  facet normal -2.918818e-01 4.810621e-02 -9.552438e-01
    outer loop
      vertex 9.899020e-01 -6.370953e-01 1.408660e+00
      vertex 8.919053e-01 -5.740251e-01 1.441780e+00
      vertex 9.189631e-01 -4.098538e-01 1.441780e+00
    endloop
  endfacet
  facet normal -2.918818e-01 4.810621e-02 -9.552438e-01
    outer loop
      vertex 9.899020e-01 -6.370953e-01 1.408660e+00
      vertex 9.189631e-01 -4.098538e-01 1.441780e+00
      vertex 1.019933e+00 -4.548858e-01 1.408660e+00
    endloop
  endfacet
  facet normal -3.089510e-01 6.752696e-03 -9.510540e-01
    outer loop
      vertex 1.019933e+00 -4.548858e-01 1.408660e+00
      vertex 9.189631e-01 -4.098538e-01 1.441780e+00
      vertex 9.279212e-01 0.000000e+00 1.441780e+00
    endloop
  endfacet
  facet normal -3.089510e-01 6.752696e-03 -9.510540e-01
    outer loop
      vertex 1.019933e+00 -4.548858e-01 1.408660e+00
      vertex 9.279212e-01 0.000000e+00 1.441780e+00
      vertex 1.029875e+00 0.000000e+00 1.408660e+00
    endloop
  endfacet
  facet normal -3.089510e-01 -6.752696e-03 -9.510540e-01
    outer loop
      vertex 1.029875e+00 0.000000e+00 1.408660e+00
      vertex 9.279212e-01 0.000000e+00 1.441780e+00
      vertex 9.189631e-01 4.098538e-01 1.441780e+00
    endloop
  endfacet
  facet normal -3.089510e-01 -6.752696e-03 -9.510540e-01
    outer loop
      vertex 1.029875e+00 0.000000e+00 1.408660e+00
      vertex 9.189631e-01 4.098538e-01 1.441780e+00
      vertex 1.019933e+00 4.548858e-01 1.408660e+00
    endloop
  endfacet
  facet normal -2.918818e-01 -4.810621e-02 -9.552438e-01
    outer loop
      vertex 1.019933e+00 4.548858e-01 1.408660e+00
      vertex 9.189631e-01 4.098538e-01 1.441780e+00
      vertex 8.919053e-01 5.740251e-01 1.441780e+00
    endloop
  endfacet
  facet normal -2.918818e-01 -4.810621e-02 -9.552438e-01
    outer loop
      vertex 1.019933e+00 4.548858e-01 1.408660e+00
      vertex 8.919053e-01 5.740251e-01 1.441780e+00
      vertex 9.899020e-01 6.370953e-01 1.408660e+00
    endloop
  endfacet
  facet normal -2.595685e-01 -1.010347e-01 -9.604250e-01
    outer loop
      vertex 9.899020e-01 6.370953e-01 1.408660e+00
      vertex 8.919053e-01 5.740251e-01 1.441780e+00
      vertex 8.461245e-01 6.916408e-01 1.441780e+00
    endloop
  endfacet
  facet normal -2.595685e-01 -1.010347e-01 -9.604250e-01
    outer loop
      vertex 9.899020e-01 6.370953e-01 1.408660e+00
      vertex 8.461245e-01 6.916408e-01 1.441780e+00
      vertex 9.390911e-01 7.676337e-01 1.408660e+00
    endloop
  endfacet
  facet normal -2.136765e-01 -1.587033e-01 -9.639272e-01
    outer loop
      vertex 9.390911e-01 7.676337e-01 1.408660e+00
      vertex 8.461245e-01 6.916408e-01 1.441780e+00
      vertex 7.802856e-01 7.802856e-01 1.441780e+00
    endloop
  endfacet
  facet normal -2.136765e-01 -1.587033e-01 -9.639272e-01
    outer loop
      vertex 9.390911e-01 7.676337e-01 1.408660e+00
      vertex 7.802856e-01 7.802856e-01 1.441780e+00
      vertex 8.660183e-01 8.660183e-01 1.408660e+00
    endloop
  endfacet
  facet normal -1.587033e-01 -2.136765e-01 -9.639272e-01
    outer loop
      vertex 8.660183e-01 8.660183e-01 1.408660e+00
      vertex 7.802856e-01 7.802856e-01 1.441780e+00
      vertex 6.916408e-01 8.461245e-01 1.441780e+00
    endloop
  endfacet
  facet normal -1.587033e-01 -2.136765e-01 -9.639272e-01
    outer loop
      vertex 8.660183e-01 8.660183e-01 1.408660e+00
      vertex 6.916408e-01 8.461245e-01 1.441780e+00
      vertex 7.676337e-01 9.390911e-01 1.408660e+00
    endloop
  endfacet
  facet normal -1.010347e-01 -2.595685e-01 -9.604250e-01
    outer loop
      vertex 7.676337e-01 9.390911e-01 1.408660e+00
      vertex 6.916408e-01 8.461245e-01 1.441780e+00
      vertex 5.740251e-01 8.919053e-01 1.441780e+00
    endloop
  endfacet
  facet normal -1.010347e-01 -2.595685e-01 -9.604250e-01
    outer loop
      vertex 7.676337e-01 9.390911e-01 1.408660e+00
      vertex 5.740251e-01 8.919053e-01 1.441780e+00
      vertex 6.370953e-01 9.899020e-01 1.408660e+00
    endloop
  endfacet
  facet normal -4.810621e-02 -2.918818e-01 -9.552438e-01
    outer loop
      vertex 6.370953e-01 9.899020e-01 1.408660e+00
      vertex 5.740251e-01 8.919053e-01 1.441780e+00
      vertex 4.098538e-01 9.189631e-01 1.441780e+00
    endloop
  endfacet
  facet normal -4.810621e-02 -2.918818e-01 -9.552438e-01
    outer loop
      vertex 6.370953e-01 9.899020e-01 1.408660e+00
      vertex 4.098538e-01 9.189631e-01 1.441780e+00
      vertex 4.548858e-01 1.019933e+00 1.408660e+00
    endloop
  endfacet
  facet normal -6.752696e-03 -3.089510e-01 -9.510540e-01
    outer loop
      vertex 4.548858e-01 1.019933e+00 1.408660e+00
      vertex 4.098538e-01 9.189631e-01 1.441780e+00
      vertex 7.261085e-09 9.279212e-01 1.441780e+00
    endloop
  endfacet
  facet normal -6.752696e-03 -3.089510e-01 -9.510540e-01
    outer loop
      vertex 4.548858e-01 1.019933e+00 1.408660e+00
      vertex 7.261085e-09 9.279212e-01 1.441780e+00
      vertex 8.058885e-09 1.029875e+00 1.408660e+00
    endloop
  endfacet
  facet normal 6.752696e-03 -3.089510e-01 -9.510540e-01
    outer loop
      vertex 8.058885e-09 1.029875e+00 1.408660e+00
      vertex 7.261085e-09 9.279212e-01 1.441780e+00
      vertex -4.098538e-01 9.189631e-01 1.441780e+00
    endloop
  endfacet
  facet normal 6.752696e-03 -3.089510e-01 -9.510540e-01
    outer loop
      vertex 8.058885e-09 1.029875e+00 1.408660e+00
      vertex -4.098538e-01 9.189631e-01 1.441780e+00
      vertex -4.548858e-01 1.019933e+00 1.408660e+00
    endloop
  endfacet
  facet normal 4.810621e-02 -2.918818e-01 -9.552438e-01
    outer loop
      vertex -4.548858e-01 1.019933e+00 1.408660e+00
      vertex -4.098538e-01 9.189631e-01 1.441780e+00
      vertex -5.740251e-01 8.919053e-01 1.441780e+00
    endloop
  endfacet
  facet normal 4.810621e-02 -2.918818e-01 -9.552438e-01
    outer loop
      vertex -4.548858e-01 1.019933e+00 1.408660e+00
      vertex -5.740251e-01 8.919053e-01 1.441780e+00
      vertex -6.370953e-01 9.899020e-01 1.408660e+00
    endloop
  endfacet
  facet normal 1.010347e-01 -2.595685e-01 -9.604250e-01
    outer loop
      vertex -6.370953e-01 9.899020e-01 1.408660e+00
      vertex -5.740251e-01 8.919053e-01 1.441780e+00
      vertex -6.916408e-01 8.461245e-01 1.441780e+00
    endloop
  endfacet
  facet normal 1.010347e-01 -2.595685e-01 -9.604250e-01
    outer loop
      vertex -6.370953e-01 9.899020e-01 1.408660e+00
      vertex -6.916408e-01 8.461245e-01 1.441780e+00
      vertex -7.676337e-01 9.390911e-01 1.408660e+00
    endloop
  endfacet
  facet normal 1.587033e-01 -2.136765e-01 -9.639272e-01
    outer loop
      vertex -7.676337e-01 9.390911e-01 1.408660e+00
      vertex -6.916408e-01 8.461245e-01 1.441780e+00
      vertex -7.802856e-01 7.802856e-01 1.441780e+00
    endloop
  endfacet
  facet normal 1.587033e-01 -2.136765e-01 -9.639272e-01
    outer loop
      vertex -7.676337e-01 9.390911e-01 1.408660e+00
      vertex -7.802856e-01 7.802856e-01 1.441780e+00
      vertex -8.660183e-01 8.660183e-01 1.408660e+00
    endloop
  endfacet
  facet normal 2.136765e-01 -1.587033e-01 -9.639272e-01
    outer loop
      vertex -8.660183e-01 8.660183e-01 1.408660e+00
      vertex -7.802856e-01 7.802856e-01 1.441780e+00
      vertex -8.461245e-01 6.916408e-01 1.441780e+00
    endloop
  endfacet
  facet normal 2.136765e-01 -1.587033e-01 -9.639272e-01
    outer loop
      vertex -8.660183e-01 8.660183e-01 1.408660e+00
      vertex -8.461245e-01 6.916408e-01 1.441780e+00
      vertex -9.390911e-01 7.676337e-01 1.408660e+00
    endloop
  endfacet
  facet normal 2.595685e-01 -1.010347e-01 -9.604250e-01
    outer loop
      vertex -9.390911e-01 7.676337e-01 1.408660e+00
      vertex -8.461245e-01 6.916408e-01 1.441780e+00
      vertex -8.919053e-01 5.740251e-01 1.441780e+00
    endloop
  endfacet
  facet normal 2.595685e-01 -1.010347e-01 -9.604250e-01
    outer loop
      vertex -9.390911e-01 7.676337e-01 1.408660e+00
      vertex -8.919053e-01 5.740251e-01 1.441780e+00
      vertex -9.899020e-01 6.370953e-01 1.408660e+00
    endloop
  endfacet
  facet normal 2.918818e-01 -4.810621e-02 -9.552438e-01
    outer loop
      vertex -9.899020e-01 6.370953e-01 1.408660e+00
      vertex -8.919053e-01 5.740251e-01 1.441780e+00
      vertex -9.189631e-01 4.098538e-01 1.441780e+00
    endloop
  endfacet
  facet normal 2.918818e-01 -4.810621e-02 -9.552438e-01
    outer loop
      vertex -9.899020e-01 6.370953e-01 1.408660e+00
      vertex -9.189631e-01 4.098538e-01 1.441780e+00
      vertex -1.019933e+00 4.548858e-01 1.408660e+00
    endloop
  endfacet
  facet normal 3.089510e-01 -6.752696e-03 -9.510540e-01
    outer loop
      vertex -1.019933e+00 4.548858e-01 1.408660e+00
      vertex -9.189631e-01 4.098538e-01 1.441780e+00
      vertex -9.279212e-01 -1.026872e-08 1.441780e+00
    endloop
  endfacet
  facet normal 3.089510e-01 -6.752696e-03 -9.510540e-01
    outer loop
      vertex -1.019933e+00 4.548858e-01 1.408660e+00
      vertex -9.279212e-01 -1.026872e-08 1.441780e+00
      vertex -1.029875e+00 -1.139698e-08 1.408660e+00
    endloop
  endfacet
  facet normal 2.088194e-01 4.564134e-03 -9.779436e-01
    outer loop
      vertex -9.279212e-01 -1.026872e-08 1.441780e+00
      vertex -8.081711e-01 -8.943525e-09 1.467350e+00
      vertex -8.003690e-01 -3.569613e-01 1.467350e+00
    endloop
  endfacet
  facet normal 2.088194e-01 4.564134e-03 -9.779436e-01
    outer loop
      vertex -9.279212e-01 -1.026872e-08 1.441780e+00
      vertex -8.003690e-01 -3.569613e-01 1.467350e+00
      vertex -9.189631e-01 -4.098538e-01 1.441780e+00
    endloop
  endfacet
  facet normal 1.968110e-01 3.243719e-02 -9.799047e-01
    outer loop
      vertex -9.189631e-01 -4.098538e-01 1.441780e+00
      vertex -8.003690e-01 -3.569613e-01 1.467350e+00
      vertex -7.768032e-01 -4.999461e-01 1.467350e+00
    endloop
  endfacet
  facet normal 1.968110e-01 3.243719e-02 -9.799047e-01
    outer loop
      vertex -9.189631e-01 -4.098538e-01 1.441780e+00
      vertex -7.768032e-01 -4.999461e-01 1.467350e+00
      vertex -8.919053e-01 -5.740251e-01 1.441780e+00
    endloop
  endfacet
  facet normal 1.745058e-01 6.792481e-02 -9.823105e-01
    outer loop
      vertex -8.919053e-01 -5.740251e-01 1.441780e+00
      vertex -7.768032e-01 -4.999461e-01 1.467350e+00
      vertex -7.369305e-01 -6.023831e-01 1.467350e+00
    endloop
  endfacet
  facet normal 1.745058e-01 6.792481e-02 -9.823105e-01
    outer loop
      vertex -8.919053e-01 -5.740251e-01 1.441780e+00
      vertex -7.369305e-01 -6.023831e-01 1.467350e+00
      vertex -8.461245e-01 -6.916408e-01 1.441780e+00
    endloop
  endfacet
  facet normal 1.433663e-01 1.064820e-01 -9.839246e-01
    outer loop
      vertex -8.461245e-01 -6.916408e-01 1.441780e+00
      vertex -7.369305e-01 -6.023831e-01 1.467350e+00
      vertex -6.795882e-01 -6.795882e-01 1.467350e+00
    endloop
  endfacet
  facet normal 1.433663e-01 1.064820e-01 -9.839246e-01
    outer loop
      vertex -8.461245e-01 -6.916408e-01 1.441780e+00
      vertex -6.795882e-01 -6.795882e-01 1.467350e+00
      vertex -7.802856e-01 -7.802856e-01 1.441780e+00
    endloop
  endfacet
  facet normal 1.064820e-01 1.433663e-01 -9.839246e-01
    outer loop
      vertex -7.802856e-01 -7.802856e-01 1.441780e+00
      vertex -6.795882e-01 -6.795882e-01 1.467350e+00
      vertex -6.023831e-01 -7.369305e-01 1.467350e+00
    endloop
  endfacet
  facet normal 1.064820e-01 1.433663e-01 -9.839246e-01
    outer loop
      vertex -7.802856e-01 -7.802856e-01 1.441780e+00
      vertex -6.023831e-01 -7.369305e-01 1.467350e+00
      vertex -6.916408e-01 -8.461245e-01 1.441780e+00
    endloop
  endfacet
  facet normal 6.792481e-02 1.745058e-01 -9.823105e-01
    outer loop
      vertex -6.916408e-01 -8.461245e-01 1.441780e+00
      vertex -6.023831e-01 -7.369305e-01 1.467350e+00
      vertex -4.999461e-01 -7.768032e-01 1.467350e+00
    endloop
  endfacet
  facet normal 6.792481e-02 1.745058e-01 -9.823105e-01
    outer loop
      vertex -6.916408e-01 -8.461245e-01 1.441780e+00
      vertex -4.999461e-01 -7.768032e-01 1.467350e+00
      vertex -5.740251e-01 -8.919053e-01 1.441780e+00
    endloop
  endfacet
  facet normal 3.243719e-02 1.968110e-01 -9.799047e-01
    outer loop
      vertex -5.740251e-01 -8.919053e-01 1.441780e+00
      vertex -4.999461e-01 -7.768032e-01 1.467350e+00
      vertex -3.569613e-01 -8.003690e-01 1.467350e+00
    endloop
  endfacet
  facet normal 3.243719e-02 1.968110e-01 -9.799047e-01
    outer loop
      vertex -5.740251e-01 -8.919053e-01 1.441780e+00
      vertex -3.569613e-01 -8.003690e-01 1.467350e+00
      vertex -4.098538e-01 -9.189631e-01 1.441780e+00
    endloop
  endfacet
  facet normal 4.564134e-03 2.088194e-01 -9.779436e-01
    outer loop
      vertex -4.098538e-01 -9.189631e-01 1.441780e+00
      vertex -3.569613e-01 -8.003690e-01 1.467350e+00
      vertex 6.324027e-09 -8.081711e-01 1.467350e+00
    endloop
  endfacet
  facet normal 4.564134e-03 2.088194e-01 -9.779436e-01
    outer loop
      vertex -4.098538e-01 -9.189631e-01 1.441780e+00
      vertex 6.324027e-09 -8.081711e-01 1.467350e+00
      vertex 7.261085e-09 -9.279212e-01 1.441780e+00
    endloop
  endfacet
  facet normal -4.564134e-03 2.088194e-01 -9.779436e-01
    outer loop
      vertex 7.261085e-09 -9.279212e-01 1.441780e+00
      vertex 6.324027e-09 -8.081711e-01 1.467350e+00
      vertex 3.569613e-01 -8.003690e-01 1.467350e+00
    endloop
  endfacet
  facet normal -4.564134e-03 2.088194e-01 -9.779436e-01
    outer loop
      vertex 7.261085e-09 -9.279212e-01 1.441780e+00
      vertex 3.569613e-01 -8.003690e-01 1.467350e+00
      vertex 4.098538e-01 -9.189631e-01 1.441780e+00
    endloop
  endfacet
  facet normal -3.243719e-02 1.968110e-01 -9.799047e-01
    outer loop
      vertex 4.098538e-01 -9.189631e-01 1.441780e+00
      vertex 3.569613e-01 -8.003690e-01 1.467350e+00
      vertex 4.999461e-01 -7.768032e-01 1.467350e+00
    endloop
  endfacet
  facet normal -3.243719e-02 1.968110e-01 -9.799047e-01
    outer loop
      vertex 4.098538e-01 -9.189631e-01 1.441780e+00
      vertex 4.999461e-01 -7.768032e-01 1.467350e+00
      vertex 5.740251e-01 -8.919053e-01 1.441780e+00
    endloop
  endfacet
  facet normal -6.792481e-02 1.745058e-01 -9.823105e-01
    outer loop
      vertex 5.740251e-01 -8.919053e-01 1.441780e+00
      vertex 4.999461e-01 -7.768032e-01 1.467350e+00
      vertex 6.023831e-01 -7.369305e-01 1.467350e+00
    endloop
  endfacet
  facet normal -6.792481e-02 1.745058e-01 -9.823105e-01
    outer loop
      vertex 5.740251e-01 -8.919053e-01 1.441780e+00
      vertex 6.023831e-01 -7.369305e-01 1.467350e+00
      vertex 6.916408e-01 -8.461245e-01 1.441780e+00
    endloop
  endfacet
  facet normal -1.064820e-01 1.433663e-01 -9.839246e-01
    outer loop
      vertex 6.916408e-01 -8.461245e-01 1.441780e+00
      vertex 6.023831e-01 -7.369305e-01 1.467350e+00
      vertex 6.795882e-01 -6.795882e-01 1.467350e+00
    endloop
  endfacet
  facet normal -1.064820e-01 1.433663e-01 -9.839246e-01
    outer loop
      vertex 6.916408e-01 -8.461245e-01 1.441780e+00
      vertex 6.795882e-01 -6.795882e-01 1.467350e+00
      vertex 7.802856e-01 -7.802856e-01 1.441780e+00
    endloop
  endfacet
  facet normal -1.433663e-01 1.064820e-01 -9.839246e-01
    outer loop
      vertex 7.802856e-01 -7.802856e-01 1.441780e+00
      vertex 6.795882e-01 -6.795882e-01 1.467350e+00
      vertex 7.369305e-01 -6.023831e-01 1.467350e+00
    endloop
  endfacet
  facet normal -1.433663e-01 1.064820e-01 -9.839246e-01
    outer loop
      vertex 7.802856e-01 -7.802856e-01 1.441780e+00
      vertex 7.369305e-01 -6.023831e-01 1.467350e+00
      vertex 8.461245e-01 -6.916408e-01 1.441780e+00
    endloop
  endfacet
  facet normal -1.745058e-01 6.792481e-02 -9.823105e-01
    outer loop
      vertex 8.461245e-01 -6.916408e-01 1.441780e+00
      vertex 7.369305e-01 -6.023831e-01 1.467350e+00
      vertex 7.768032e-01 -4.999461e-01 1.467350e+00
    endloop
  endfacet
  facet normal -1.745058e-01 6.792481e-02 -9.823105e-01
    outer loop
      vertex 8.461245e-01 -6.916408e-01 1.441780e+00
      vertex 7.768032e-01 -4.999461e-01 1.467350e+00
      vertex 8.919053e-01 -5.740251e-01 1.441780e+00
    endloop
  endfacet
  facet normal -1.968110e-01 3.243719e-02 -9.799047e-01
    outer loop
      vertex 8.919053e-01 -5.740251e-01 1.441780e+00
      vertex 7.768032e-01 -4.999461e-01 1.467350e+00
      vertex 8.003690e-01 -3.569613e-01 1.467350e+00
    endloop
  endfacet
  facet normal -1.968110e-01 3.243719e-02 -9.799047e-01
    outer loop
      vertex 8.919053e-01 -5.740251e-01 1.441780e+00
      vertex 8.003690e-01 -3.569613e-01 1.467350e+00
      vertex 9.189631e-01 -4.098538e-01 1.441780e+00
    endloop
  endfacet
  facet normal -2.088194e-01 4.564134e-03 -9.779436e-01
    outer loop
      vertex 9.189631e-01 -4.098538e-01 1.441780e+00
      vertex 8.003690e-01 -3.569613e-01 1.467350e+00
      vertex 8.081711e-01 0.000000e+00 1.467350e+00
    endloop
  endfacet
  facet normal -2.088194e-01 4.564134e-03 -9.779436e-01
    outer loop
      vertex 9.189631e-01 -4.098538e-01 1.441780e+00
      vertex 8.081711e-01 0.000000e+00 1.467350e+00
      vertex 9.279212e-01 0.000000e+00 1.441780e+00
    endloop
  endfacet
  facet normal -2.088194e-01 -4.564134e-03 -9.779436e-01
    outer loop
      vertex 9.279212e-01 0.000000e+00 1.441780e+00
      vertex 8.081711e-01 0.000000e+00 1.467350e+00
      vertex 8.003690e-01 3.569613e-01 1.467350e+00
    endloop
  endfacet
  facet normal -2.088194e-01 -4.564134e-03 -9.779436e-01
    outer loop
      vertex 9.279212e-01 0.000000e+00 1.441780e+00
      vertex 8.003690e-01 3.569613e-01 1.467350e+00
      vertex 9.189631e-01 4.098538e-01 1.441780e+00
    endloop
  endfacet
  facet normal -1.968110e-01 -3.243719e-02 -9.799047e-01
    outer loop
      vertex 9.189631e-01 4.098538e-01 1.441780e+00
      vertex 8.003690e-01 3.569613e-01 1.467350e+00
      vertex 7.768032e-01 4.999461e-01 1.467350e+00
    endloop
  endfacet
  facet normal -1.968110e-01 -3.243719e-02 -9.799047e-01
    outer loop
      vertex 9.189631e-01 4.098538e-01 1.441780e+00
      vertex 7.768032e-01 4.999461e-01 1.467350e+00
      vertex 8.919053e-01 5.740251e-01 1.441780e+00
    endloop
  endfacet
  facet normal -1.745058e-01 -6.792481e-02 -9.823105e-01
    outer loop
      vertex 8.919053e-01 5.740251e-01 1.441780e+00
      vertex 7.768032e-01 4.999461e-01 1.467350e+00
      vertex 7.369305e-01 6.023831e-01 1.467350e+00
    endloop
  endfacet
  facet normal -1.745058e-01 -6.792481e-02 -9.823105e-01
    outer loop
      vertex 8.919053e-01 5.740251e-01 1.441780e+00
      vertex 7.369305e-01 6.023831e-01 1.467350e+00
      vertex 8.461245e-01 6.916408e-01 1.441780e+00
    endloop
  endfacet
  facet normal -1.433663e-01 -1.064820e-01 -9.839246e-01
    outer loop
      vertex 8.461245e-01 6.916408e-01 1.441780e+00
      vertex 7.369305e-01 6.023831e-01 1.467350e+00
      vertex 6.795882e-01 6.795882e-01 1.467350e+00
    endloop
  endfacet
  facet normal -1.433663e-01 -1.064820e-01 -9.839246e-01
    outer loop
      vertex 8.461245e-01 6.916408e-01 1.441780e+00
      vertex 6.795882e-01 6.795882e-01 1.467350e+00
      vertex 7.802856e-01 7.802856e-01 1.441780e+00
    endloop
  endfacet
  facet normal -1.064820e-01 -1.433663e-01 -9.839246e-01
    outer loop
      vertex 7.802856e-01 7.802856e-01 1.441780e+00
      vertex 6.795882e-01 6.795882e-01 1.467350e+00
      vertex 6.023831e-01 7.369305e-01 1.467350e+00
    endloop
  endfacet
  facet normal -1.064820e-01 -1.433663e-01 -9.839246e-01
    outer loop
      vertex 7.802856e-01 7.802856e-01 1.441780e+00
      vertex 6.023831e-01 7.369305e-01 1.467350e+00
      vertex 6.916408e-01 8.461245e-01 1.441780e+00
    endloop
  endfacet
  facet normal -6.792481e-02 -1.745058e-01 -9.823105e-01
    outer loop
      vertex 6.916408e-01 8.461245e-01 1.441780e+00
      vertex 6.023831e-01 7.369305e-01 1.467350e+00
      vertex 4.999461e-01 7.768032e-01 1.467350e+00
    endloop
  endfacet
  facet normal -6.792481e-02 -1.745058e-01 -9.823105e-01
    outer loop
      vertex 6.916408e-01 8.461245e-01 1.441780e+00
      vertex 4.999461e-01 7.768032e-01 1.467350e+00
      vertex 5.740251e-01 8.919053e-01 1.441780e+00
    endloop
  endfacet
  facet normal -3.243719e-02 -1.968110e-01 -9.799047e-01
    outer loop
      vertex 5.740251e-01 8.919053e-01 1.441780e+00
      vertex 4.999461e-01 7.768032e-01 1.467350e+00
      vertex 3.569613e-01 8.003690e-01 1.467350e+00
    endloop
  endfacet
  facet normal -3.243719e-02 -1.968110e-01 -9.799047e-01
    outer loop
      vertex 5.740251e-01 8.919053e-01 1.441780e+00
      vertex 3.569613e-01 8.003690e-01 1.467350e+00
      vertex 4.098538e-01 9.189631e-01 1.441780e+00
    endloop
  endfacet
  facet normal -4.564134e-03 -2.088194e-01 -9.779436e-01
    outer loop
      vertex 4.098538e-01 9.189631e-01 1.441780e+00
      vertex 3.569613e-01 8.003690e-01 1.467350e+00
      vertex 6.324027e-09 8.081711e-01 1.467350e+00
    endloop
  endfacet
  facet normal -4.564134e-03 -2.088194e-01 -9.779436e-01
    outer loop
      vertex 4.098538e-01 9.189631e-01 1.441780e+00
      vertex 6.324027e-09 8.081711e-01 1.467350e+00
      vertex 7.261085e-09 9.279212e-01 1.441780e+00
    endloop
  endfacet
  facet normal 4.564134e-03 -2.088194e-01 -9.779436e-01
    outer loop
      vertex 7.261085e-09 9.279212e-01 1.441780e+00
      vertex 6.324027e-09 8.081711e-01 1.467350e+00
      vertex -3.569613e-01 8.003690e-01 1.467350e+00
    endloop
  endfacet
  facet normal 4.564134e-03 -2.088194e-01 -9.779436e-01
    outer loop
      vertex 7.261085e-09 9.279212e-01 1.441780e+00
      vertex -3.569613e-01 8.003690e-01 1.467350e+00
      vertex -4.098538e-01 9.189631e-01 1.441780e+00
    endloop
  endfacet
  facet normal 3.243719e-02 -1.968110e-01 -9.799047e-01
    outer loop
      vertex -4.098538e-01 9.189631e-01 1.441780e+00
      vertex -3.569613e-01 8.003690e-01 1.467350e+00
      vertex -4.999461e-01 7.768032e-01 1.467350e+00
    endloop
  endfacet
  facet normal 3.243719e-02 -1.968110e-01 -9.799047e-01
    outer loop
      vertex -4.098538e-01 9.189631e-01 1.441780e+00
      vertex -4.999461e-01 7.768032e-01 1.467350e+00
      vertex -5.740251e-01 8.919053e-01 1.441780e+00
    endloop
  endfacet
  facet normal 6.792481e-02 -1.745058e-01 -9.823105e-01
    outer loop
      vertex -5.740251e-01 8.919053e-01 1.441780e+00
      vertex -4.999461e-01 7.768032e-01 1.467350e+00
      vertex -6.023831e-01 7.369305e-01 1.467350e+00
    endloop
  endfacet
  facet normal 6.792481e-02 -1.745058e-01 -9.823105e-01
    outer loop
      vertex -5.740251e-01 8.919053e-01 1.441780e+00
      vertex -6.023831e-01 7.369305e-01 1.467350e+00
      vertex -6.916408e-01 8.461245e-01 1.441780e+00
    endloop
  endfacet
  facet normal 1.064820e-01 -1.433663e-01 -9.839246e-01
    outer loop
      vertex -6.916408e-01 8.461245e-01 1.441780e+00
      vertex -6.023831e-01 7.369305e-01 1.467350e+00
      vertex -6.795882e-01 6.795882e-01 1.467350e+00
    endloop
  endfacet
  facet normal 1.064820e-01 -1.433663e-01 -9.839246e-01
    outer loop
      vertex -6.916408e-01 8.461245e-01 1.441780e+00
      vertex -6.795882e-01 6.795882e-01 1.467350e+00
      vertex -7.802856e-01 7.802856e-01 1.441780e+00
    endloop
  endfacet
  facet normal 1.433663e-01 -1.064820e-01 -9.839246e-01
    outer loop
      vertex -7.802856e-01 7.802856e-01 1.441780e+00
      vertex -6.795882e-01 6.795882e-01 1.467350e+00
      vertex -7.369305e-01 6.023831e-01 1.467350e+00
    endloop
  endfacet
  facet normal 1.433663e-01 -1.064820e-01 -9.839246e-01
    outer loop
      vertex -7.802856e-01 7.802856e-01 1.441780e+00
      vertex -7.369305e-01 6.023831e-01 1.467350e+00
      vertex -8.461245e-01 6.916408e-01 1.441780e+00
    endloop
  endfacet
  facet normal 1.745058e-01 -6.792481e-02 -9.823105e-01
    outer loop
      vertex -8.461245e-01 6.916408e-01 1.441780e+00
      vertex -7.369305e-01 6.023831e-01 1.467350e+00
      vertex -7.768032e-01 4.999461e-01 1.467350e+00
    endloop
  endfacet
  facet normal 1.745058e-01 -6.792481e-02 -9.823105e-01
    outer loop
      vertex -8.461245e-01 6.916408e-01 1.441780e+00
      vertex -7.768032e-01 4.999461e-01 1.467350e+00
      vertex -8.919053e-01 5.740251e-01 1.441780e+00
    endloop
  endfacet
  facet normal 1.968110e-01 -3.243719e-02 -9.799047e-01
    outer loop
      vertex -8.919053e-01 5.740251e-01 1.441780e+00
      vertex -7.768032e-01 4.999461e-01 1.467350e+00
      vertex -8.003690e-01 3.569613e-01 1.467350e+00
    endloop
  endfacet
  facet normal 1.968110e-01 -3.243719e-02 -9.799047e-01
    outer loop
      vertex -8.919053e-01 5.740251e-01 1.441780e+00
      vertex -8.003690e-01 3.569613e-01 1.467350e+00
      vertex -9.189631e-01 4.098538e-01 1.441780e+00
    endloop
  endfacet
  facet normal 2.088194e-01 -4.564134e-03 -9.779436e-01
    outer loop
      vertex -9.189631e-01 4.098538e-01 1.441780e+00
      vertex -8.003690e-01 3.569613e-01 1.467350e+00
      vertex -8.081711e-01 -8.943525e-09 1.467350e+00
    endloop
  endfacet
  facet normal 2.088194e-01 -4.564134e-03 -9.779436e-01
    outer loop
      vertex -9.189631e-01 4.098538e-01 1.441780e+00
      vertex -8.081711e-01 -8.943525e-09 1.467350e+00
      vertex -9.279212e-01 -1.026872e-08 1.441780e+00
    endloop
  endfacet
  facet normal 1.237974e-01 2.705822e-03 -9.923038e-01
    outer loop
      vertex -8.081711e-01 -8.943525e-09 1.467350e+00
      vertex -6.625355e-01 -7.331866e-09 1.485519e+00
      vertex -6.561394e-01 -2.926355e-01 1.485519e+00
    endloop
  endfacet
  facet normal 1.237974e-01 2.705822e-03 -9.923038e-01
    outer loop
      vertex -8.081711e-01 -8.943525e-09 1.467350e+00
      vertex -6.561394e-01 -2.926355e-01 1.485519e+00
      vertex -8.003690e-01 -3.569613e-01 1.467350e+00
    endloop
  endfacet
  facet normal 1.165267e-01 1.920523e-02 -9.930019e-01
    outer loop
      vertex -8.003690e-01 -3.569613e-01 1.467350e+00
      vertex -6.561394e-01 -2.926355e-01 1.485519e+00
      vertex -6.368201e-01 -4.098538e-01 1.485519e+00
    endloop
  endfacet
  facet normal 1.165267e-01 1.920523e-02 -9.930019e-01
    outer loop
      vertex -8.003690e-01 -3.569613e-01 1.467350e+00
      vertex -6.368201e-01 -4.098538e-01 1.485519e+00
      vertex -7.768032e-01 -4.999461e-01 1.467350e+00
    endloop
  endfacet
  facet normal 1.031558e-01 4.015248e-02 -9.938544e-01
    outer loop
      vertex -7.768032e-01 -4.999461e-01 1.467350e+00
      vertex -6.368201e-01 -4.098538e-01 1.485519e+00
      vertex -6.041327e-01 -4.938313e-01 1.485519e+00
    endloop
  endfacet
  facet normal 1.031558e-01 4.015248e-02 -9.938544e-01
    outer loop
      vertex -7.768032e-01 -4.999461e-01 1.467350e+00
      vertex -6.041327e-01 -4.938313e-01 1.485519e+00
      vertex -7.369305e-01 -6.023831e-01 1.467350e+00
    endloop
  endfacet
  facet normal 8.465776e-02 6.287761e-02 -9.944242e-01
    outer loop
      vertex -7.369305e-01 -6.023831e-01 1.467350e+00
      vertex -6.041327e-01 -4.938313e-01 1.485519e+00
      vertex -5.571237e-01 -5.571237e-01 1.485519e+00
    endloop
  endfacet
  facet normal 8.465776e-02 6.287761e-02 -9.944242e-01
    outer loop
      vertex -7.369305e-01 -6.023831e-01 1.467350e+00
      vertex -5.571237e-01 -5.571237e-01 1.485519e+00
      vertex -6.795882e-01 -6.795882e-01 1.467350e+00
    endloop
  endfacet
  facet normal 6.287761e-02 8.465776e-02 -9.944242e-01
    outer loop
      vertex -6.795882e-01 -6.795882e-01 1.467350e+00
      vertex -5.571237e-01 -5.571237e-01 1.485519e+00
      vertex -4.938313e-01 -6.041327e-01 1.485519e+00
    endloop
  endfacet
  facet normal 6.287761e-02 8.465776e-02 -9.944242e-01
    outer loop
      vertex -6.795882e-01 -6.795882e-01 1.467350e+00
      vertex -4.938313e-01 -6.041327e-01 1.485519e+00
      vertex -6.023831e-01 -7.369305e-01 1.467350e+00
    endloop
  endfacet
  facet normal 4.015248e-02 1.031558e-01 -9.938544e-01
    outer loop
      vertex -6.023831e-01 -7.369305e-01 1.467350e+00
      vertex -4.938313e-01 -6.041327e-01 1.485519e+00
      vertex -4.098538e-01 -6.368201e-01 1.485519e+00
    endloop
  endfacet
  facet normal 4.015248e-02 1.031558e-01 -9.938544e-01
    outer loop
      vertex -6.023831e-01 -7.369305e-01 1.467350e+00
      vertex -4.098538e-01 -6.368201e-01 1.485519e+00
      vertex -4.999461e-01 -7.768032e-01 1.467350e+00
    endloop
  endfacet
  facet normal 1.920523e-02 1.165267e-01 -9.930019e-01
    outer loop
      vertex -4.999461e-01 -7.768032e-01 1.467350e+00
      vertex -4.098538e-01 -6.368201e-01 1.485519e+00
      vertex -2.926355e-01 -6.561394e-01 1.485519e+00
    endloop
  endfacet
  facet normal 1.920523e-02 1.165267e-01 -9.930019e-01
    outer loop
      vertex -4.999461e-01 -7.768032e-01 1.467350e+00
      vertex -2.926355e-01 -6.561394e-01 1.485519e+00
      vertex -3.569613e-01 -8.003690e-01 1.467350e+00
    endloop
  endfacet
  facet normal 2.705822e-03 1.237974e-01 -9.923038e-01
    outer loop
      vertex -3.569613e-01 -8.003690e-01 1.467350e+00
      vertex -2.926355e-01 -6.561394e-01 1.485519e+00
      vertex 5.184413e-09 -6.625355e-01 1.485519e+00
    endloop
  endfacet
  facet normal 2.705822e-03 1.237974e-01 -9.923038e-01
    outer loop
      vertex -3.569613e-01 -8.003690e-01 1.467350e+00
      vertex 5.184413e-09 -6.625355e-01 1.485519e+00
      vertex 6.324027e-09 -8.081711e-01 1.467350e+00
    endloop
  endfacet
  facet normal -2.705822e-03 1.237974e-01 -9.923038e-01
    outer loop
      vertex 6.324027e-09 -8.081711e-01 1.467350e+00
      vertex 5.184413e-09 -6.625355e-01 1.485519e+00
      vertex 2.926355e-01 -6.561394e-01 1.485519e+00
    endloop
  endfacet
  facet normal -2.705822e-03 1.237974e-01 -9.923038e-01
    outer loop
      vertex 6.324027e-09 -8.081711e-01 1.467350e+00
      vertex 2.926355e-01 -6.561394e-01 1.485519e+00
      vertex 3.569613e-01 -8.003690e-01 1.467350e+00
    endloop
  endfacet
  facet normal -1.920523e-02 1.165267e-01 -9.930019e-01
    outer loop
      vertex 3.569613e-01 -8.003690e-01 1.467350e+00
      vertex 2.926355e-01 -6.561394e-01 1.485519e+00
      vertex 4.098538e-01 -6.368201e-01 1.485519e+00
    endloop
  endfacet
  facet normal -1.920523e-02 1.165267e-01 -9.930019e-01
    outer loop
      vertex 3.569613e-01 -8.003690e-01 1.467350e+00
      vertex 4.098538e-01 -6.368201e-01 1.485519e+00
      vertex 4.999461e-01 -7.768032e-01 1.467350e+00
    endloop
  endfacet
  facet normal -4.015248e-02 1.031558e-01 -9.938544e-01
    outer loop
      vertex 4.999461e-01 -7.768032e-01 1.467350e+00
      vertex 4.098538e-01 -6.368201e-01 1.485519e+00
      vertex 4.938313e-01 -6.041327e-01 1.485519e+00
    endloop
  endfacet
  facet normal -4.015248e-02 1.031558e-01 -9.938544e-01
    outer loop
      vertex 4.999461e-01 -7.768032e-01 1.467350e+00
      vertex 4.938313e-01 -6.041327e-01 1.485519e+00
      vertex 6.023831e-01 -7.369305e-01 1.467350e+00
    endloop
  endfacet
  facet normal -6.287761e-02 8.465776e-02 -9.944242e-01
    outer loop
      vertex 6.023831e-01 -7.369305e-01 1.467350e+00
      vertex 4.938313e-01 -6.041327e-01 1.485519e+00
      vertex 5.571237e-01 -5.571237e-01 1.485519e+00
    endloop
  endfacet
  facet normal -6.287761e-02 8.465776e-02 -9.944242e-01
    outer loop
      vertex 6.023831e-01 -7.369305e-01 1.467350e+00
      vertex 5.571237e-01 -5.571237e-01 1.485519e+00
      vertex 6.795882e-01 -6.795882e-01 1.467350e+00
    endloop
  endfacet
  facet normal -8.465776e-02 6.287761e-02 -9.944242e-01
    outer loop
      vertex 6.795882e-01 -6.795882e-01 1.467350e+00
      vertex 5.571237e-01 -5.571237e-01 1.485519e+00
      vertex 6.041327e-01 -4.938313e-01 1.485519e+00
    endloop
  endfacet
  facet normal -8.465776e-02 6.287761e-02 -9.944242e-01
    outer loop
      vertex 6.795882e-01 -6.795882e-01 1.467350e+00
      vertex 6.041327e-01 -4.938313e-01 1.485519e+00
      vertex 7.369305e-01 -6.023831e-01 1.467350e+00
    endloop
  endfacet
  facet normal -1.031558e-01 4.015248e-02 -9.938544e-01
    outer loop
      vertex 7.369305e-01 -6.023831e-01 1.467350e+00
      vertex 6.041327e-01 -4.938313e-01 1.485519e+00
      vertex 6.368201e-01 -4.098538e-01 1.485519e+00
    endloop
  endfacet
  facet normal -1.031558e-01 4.015248e-02 -9.938544e-01
    outer loop
      vertex 7.369305e-01 -6.023831e-01 1.467350e+00
      vertex 6.368201e-01 -4.098538e-01 1.485519e+00
      vertex 7.768032e-01 -4.999461e-01 1.467350e+00
    endloop
  endfacet
  facet normal -1.165267e-01 1.920523e-02 -9.930019e-01
    outer loop
      vertex 7.768032e-01 -4.999461e-01 1.467350e+00
      vertex 6.368201e-01 -4.098538e-01 1.485519e+00
      vertex 6.561394e-01 -2.926355e-01 1.485519e+00
    endloop
  endfacet
  facet normal -1.165267e-01 1.920523e-02 -9.930019e-01
    outer loop
      vertex 7.768032e-01 -4.999461e-01 1.467350e+00
      vertex 6.561394e-01 -2.926355e-01 1.485519e+00
      vertex 8.003690e-01 -3.569613e-01 1.467350e+00
    endloop
  endfacet
  facet normal -1.237974e-01 2.705822e-03 -9.923038e-01
    outer loop
      vertex 8.003690e-01 -3.569613e-01 1.467350e+00
      vertex 6.561394e-01 -2.926355e-01 1.485519e+00
      vertex 6.625355e-01 0.000000e+00 1.485519e+00
    endloop
  endfacet
  facet normal -1.237974e-01 2.705822e-03 -9.923038e-01
    outer loop
      vertex 8.003690e-01 -3.569613e-01 1.467350e+00
      vertex 6.625355e-01 0.000000e+00 1.485519e+00
      vertex 8.081711e-01 0.000000e+00 1.467350e+00
    endloop
  endfacet
  facet normal -1.237974e-01 -2.705822e-03 -9.923038e-01
    outer loop
      vertex 8.081711e-01 0.000000e+00 1.467350e+00
      vertex 6.625355e-01 0.000000e+00 1.485519e+00
      vertex 6.561394e-01 2.926355e-01 1.485519e+00
    endloop
  endfacet
  facet normal -1.237974e-01 -2.705822e-03 -9.923038e-01
    outer loop
      vertex 8.081711e-01 0.000000e+00 1.467350e+00
      vertex 6.561394e-01 2.926355e-01 1.485519e+00
      vertex 8.003690e-01 3.569613e-01 1.467350e+00
    endloop
  endfacet
  facet normal -1.165267e-01 -1.920523e-02 -9.930019e-01
    outer loop
      vertex 8.003690e-01 3.569613e-01 1.467350e+00
      vertex 6.561394e-01 2.926355e-01 1.485519e+00
      vertex 6.368201e-01 4.098538e-01 1.485519e+00
    endloop
  endfacet
  facet normal -1.165267e-01 -1.920523e-02 -9.930019e-01
    outer loop
      vertex 8.003690e-01 3.569613e-01 1.467350e+00
      vertex 6.368201e-01 4.098538e-01 1.485519e+00
      vertex 7.768032e-01 4.999461e-01 1.467350e+00
    endloop
  endfacet
  facet normal -1.031558e-01 -4.015248e-02 -9.938544e-01
    outer loop
      vertex 7.768032e-01 4.999461e-01 1.467350e+00
      vertex 6.368201e-01 4.098538e-01 1.485519e+00
      vertex 6.041327e-01 4.938313e-01 1.485519e+00
    endloop
  endfacet
  facet normal -1.031558e-01 -4.015248e-02 -9.938544e-01
    outer loop
      vertex 7.768032e-01 4.999461e-01 1.467350e+00
      vertex 6.041327e-01 4.938313e-01 1.485519e+00
      vertex 7.369305e-01 6.023831e-01 1.467350e+00
    endloop
  endfacet
  facet normal -8.465776e-02 -6.287761e-02 -9.944242e-01
    outer loop
      vertex 7.369305e-01 6.023831e-01 1.467350e+00
      vertex 6.041327e-01 4.938313e-01 1.485519e+00
      vertex 5.571237e-01 5.571237e-01 1.485519e+00
    endloop
  endfacet
  facet normal -8.465776e-02 -6.287761e-02 -9.944242e-01
    outer loop
      vertex 7.369305e-01 6.023831e-01 1.467350e+00
      vertex 5.571237e-01 5.571237e-01 1.485519e+00
      vertex 6.795882e-01 6.795882e-01 1.467350e+00
    endloop
  endfacet
  facet normal -6.287761e-02 -8.465776e-02 -9.944242e-01
    outer loop
      vertex 6.795882e-01 6.795882e-01 1.467350e+00
      vertex 5.571237e-01 5.571237e-01 1.485519e+00
      vertex 4.938313e-01 6.041327e-01 1.485519e+00
    endloop
  endfacet
  facet normal -6.287761e-02 -8.465776e-02 -9.944242e-01
    outer loop
      vertex 6.795882e-01 6.795882e-01 1.467350e+00
      vertex 4.938313e-01 6.041327e-01 1.485519e+00
      vertex 6.023831e-01 7.369305e-01 1.467350e+00
    endloop
  endfacet
  facet normal -4.015248e-02 -1.031558e-01 -9.938544e-01
    outer loop
      vertex 6.023831e-01 7.369305e-01 1.467350e+00
      vertex 4.938313e-01 6.041327e-01 1.485519e+00
      vertex 4.098538e-01 6.368201e-01 1.485519e+00
    endloop
  endfacet
  facet normal -4.015248e-02 -1.031558e-01 -9.938544e-01
    outer loop
      vertex 6.023831e-01 7.369305e-01 1.467350e+00
      vertex 4.098538e-01 6.368201e-01 1.485519e+00
      vertex 4.999461e-01 7.768032e-01 1.467350e+00
    endloop
  endfacet
  facet normal -1.920523e-02 -1.165267e-01 -9.930019e-01
    outer loop
      vertex 4.999461e-01 7.768032e-01 1.467350e+00
      vertex 4.098538e-01 6.368201e-01 1.485519e+00
      vertex 2.926355e-01 6.561394e-01 1.485519e+00
    endloop
  endfacet
  facet normal -1.920523e-02 -1.165267e-01 -9.930019e-01
    outer loop
      vertex 4.999461e-01 7.768032e-01 1.467350e+00
      vertex 2.926355e-01 6.561394e-01 1.485519e+00
      vertex 3.569613e-01 8.003690e-01 1.467350e+00
    endloop
  endfacet
  facet normal -2.705822e-03 -1.237974e-01 -9.923038e-01
    outer loop
      vertex 3.569613e-01 8.003690e-01 1.467350e+00
      vertex 2.926355e-01 6.561394e-01 1.485519e+00
      vertex 5.184413e-09 6.625355e-01 1.485519e+00
    endloop
  endfacet
  facet normal -2.705822e-03 -1.237974e-01 -9.923038e-01
    outer loop
      vertex 3.569613e-01 8.003690e-01 1.467350e+00
      vertex 5.184413e-09 6.625355e-01 1.485519e+00
      vertex 6.324027e-09 8.081711e-01 1.467350e+00
    endloop
  endfacet
  facet normal 2.705822e-03 -1.237974e-01 -9.923038e-01
    outer loop
      vertex 6.324027e-09 8.081711e-01 1.467350e+00
      vertex 5.184413e-09 6.625355e-01 1.485519e+00
      vertex -2.926355e-01 6.561394e-01 1.485519e+00
    endloop
  endfacet
  facet normal 2.705822e-03 -1.237974e-01 -9.923038e-01
    outer loop
      vertex 6.324027e-09 8.081711e-01 1.467350e+00
      vertex -2.926355e-01 6.561394e-01 1.485519e+00
      vertex -3.569613e-01 8.003690e-01 1.467350e+00
    endloop
  endfacet
  facet normal 1.920523e-02 -1.165267e-01 -9.930019e-01
    outer loop
      vertex -3.569613e-01 8.003690e-01 1.467350e+00
      vertex -2.926355e-01 6.561394e-01 1.485519e+00
      vertex -4.098538e-01 6.368201e-01 1.485519e+00
    endloop
  endfacet
  facet normal 1.920523e-02 -1.165267e-01 -9.930019e-01
    outer loop
      vertex -3.569613e-01 8.003690e-01 1.467350e+00
      vertex -4.098538e-01 6.368201e-01 1.485519e+00
      vertex -4.999461e-01 7.768032e-01 1.467350e+00
    endloop
  endfacet
  facet normal 4.015248e-02 -1.031558e-01 -9.938544e-01
    outer loop
      vertex -4.999461e-01 7.768032e-01 1.467350e+00
      vertex -4.098538e-01 6.368201e-01 1.485519e+00
      vertex -4.938313e-01 6.041327e-01 1.485519e+00
    endloop
  endfacet
  facet normal 4.015248e-02 -1.031558e-01 -9.938544e-01
    outer loop
      vertex -4.999461e-01 7.768032e-01 1.467350e+00
      vertex -4.938313e-01 6.041327e-01 1.485519e+00
      vertex -6.023831e-01 7.369305e-01 1.467350e+00
    endloop
  endfacet
  facet normal 6.287761e-02 -8.465776e-02 -9.944242e-01
    outer loop
      vertex -6.023831e-01 7.369305e-01 1.467350e+00
      vertex -4.938313e-01 6.041327e-01 1.485519e+00
      vertex -5.571237e-01 5.571237e-01 1.485519e+00
    endloop
  endfacet
  facet normal 6.287761e-02 -8.465776e-02 -9.944242e-01
    outer loop
      vertex -6.023831e-01 7.369305e-01 1.467350e+00
      vertex -5.571237e-01 5.571237e-01 1.485519e+00
      vertex -6.795882e-01 6.795882e-01 1.467350e+00
    endloop
  endfacet
  facet normal 8.465776e-02 -6.287761e-02 -9.944242e-01
    outer loop
      vertex -6.795882e-01 6.795882e-01 1.467350e+00
      vertex -5.571237e-01 5.571237e-01 1.485519e+00
      vertex -6.041327e-01 4.938313e-01 1.485519e+00
    endloop
  endfacet
  facet normal 8.465776e-02 -6.287761e-02 -9.944242e-01
    outer loop
      vertex -6.795882e-01 6.795882e-01 1.467350e+00
      vertex -6.041327e-01 4.938313e-01 1.485519e+00
      vertex -7.369305e-01 6.023831e-01 1.467350e+00
    endloop
  endfacet
  facet normal 1.031558e-01 -4.015248e-02 -9.938544e-01
    outer loop
      vertex -7.369305e-01 6.023831e-01 1.467350e+00
      vertex -6.041327e-01 4.938313e-01 1.485519e+00
      vertex -6.368201e-01 4.098538e-01 1.485519e+00
    endloop
  endfacet
  facet normal 1.031558e-01 -4.015248e-02 -9.938544e-01
    outer loop
      vertex -7.369305e-01 6.023831e-01 1.467350e+00
      vertex -6.368201e-01 4.098538e-01 1.485519e+00
      vertex -7.768032e-01 4.999461e-01 1.467350e+00
    endloop
  endfacet
  facet normal 1.165267e-01 -1.920523e-02 -9.930019e-01
    outer loop
      vertex -7.768032e-01 4.999461e-01 1.467350e+00
      vertex -6.368201e-01 4.098538e-01 1.485519e+00
      vertex -6.561394e-01 2.926355e-01 1.485519e+00
    endloop
  endfacet
  facet normal 1.165267e-01 -1.920523e-02 -9.930019e-01
    outer loop
      vertex -7.768032e-01 4.999461e-01 1.467350e+00
      vertex -6.561394e-01 2.926355e-01 1.485519e+00
      vertex -8.003690e-01 3.569613e-01 1.467350e+00
    endloop
  endfacet
  facet normal 1.237974e-01 -2.705822e-03 -9.923038e-01
    outer loop
      vertex -8.003690e-01 3.569613e-01 1.467350e+00
      vertex -6.561394e-01 2.926355e-01 1.485519e+00
      vertex -6.625355e-01 -7.331866e-09 1.485519e+00
    endloop
  endfacet
  facet normal 1.237974e-01 -2.705822e-03 -9.923038e-01
    outer loop
      vertex -8.003690e-01 3.569613e-01 1.467350e+00
      vertex -6.625355e-01 -7.331866e-09 1.485519e+00
      vertex -8.081711e-01 -8.943525e-09 1.467350e+00
    endloop
  endfacet
  facet normal 5.623015e-02 1.229014e-03 -9.984171e-01
    outer loop
      vertex -6.625355e-01 -7.331866e-09 1.485519e+00
      vertex -4.696153e-01 -5.196940e-09 1.496384e+00
      vertex -4.650817e-01 -2.074245e-01 1.496384e+00
    endloop
  endfacet
  facet normal 5.623015e-02 1.229014e-03 -9.984171e-01
    outer loop
      vertex -6.625355e-01 -7.331866e-09 1.485519e+00
      vertex -4.650817e-01 -2.074245e-01 1.496384e+00
      vertex -6.561394e-01 -2.926355e-01 1.485519e+00
    endloop
  endfacet
  facet normal 5.289817e-02 8.718357e-03 -9.985619e-01
    outer loop
      vertex -6.561394e-01 -2.926355e-01 1.485519e+00
      vertex -4.650817e-01 -2.074245e-01 1.496384e+00
      vertex -4.513879e-01 -2.905107e-01 1.496384e+00
    endloop
  endfacet
  facet normal 5.289817e-02 8.718357e-03 -9.985619e-01
    outer loop
      vertex -6.561394e-01 -2.926355e-01 1.485519e+00
      vertex -4.513879e-01 -2.905107e-01 1.496384e+00
      vertex -6.368201e-01 -4.098538e-01 1.485519e+00
    endloop
  endfacet
  facet normal 4.679646e-02 1.821510e-02 -9.987384e-01
    outer loop
      vertex -6.368201e-01 -4.098538e-01 1.485519e+00
      vertex -4.513879e-01 -2.905107e-01 1.496384e+00
      vertex -4.282185e-01 -3.500352e-01 1.496384e+00
    endloop
  endfacet
  facet normal 4.679646e-02 1.821510e-02 -9.987384e-01
    outer loop
      vertex -6.368201e-01 -4.098538e-01 1.485519e+00
      vertex -4.282185e-01 -3.500352e-01 1.496384e+00
      vertex -6.041327e-01 -4.938313e-01 1.485519e+00
    endloop
  endfacet
  facet normal 3.838737e-02 2.851133e-02 -9.988561e-01
    outer loop
      vertex -6.041327e-01 -4.938313e-01 1.485519e+00
      vertex -4.282185e-01 -3.500352e-01 1.496384e+00
      vertex -3.948979e-01 -3.948979e-01 1.496384e+00
    endloop
  endfacet
  facet normal 3.838737e-02 2.851133e-02 -9.988561e-01
    outer loop
      vertex -6.041327e-01 -4.938313e-01 1.485519e+00
      vertex -3.948979e-01 -3.948979e-01 1.496384e+00
      vertex -5.571237e-01 -5.571237e-01 1.485519e+00
    endloop
  endfacet
  facet normal 2.851133e-02 3.838737e-02 -9.988561e-01
    outer loop
      vertex -5.571237e-01 -5.571237e-01 1.485519e+00
      vertex -3.948979e-01 -3.948979e-01 1.496384e+00
      vertex -3.500352e-01 -4.282185e-01 1.496384e+00
    endloop
  endfacet
  facet normal 2.851133e-02 3.838737e-02 -9.988561e-01
    outer loop
      vertex -5.571237e-01 -5.571237e-01 1.485519e+00
      vertex -3.500352e-01 -4.282185e-01 1.496384e+00
      vertex -4.938313e-01 -6.041327e-01 1.485519e+00
    endloop
  endfacet
  facet normal 1.821510e-02 4.679646e-02 -9.987384e-01
    outer loop
      vertex -4.938313e-01 -6.041327e-01 1.485519e+00
      vertex -3.500352e-01 -4.282185e-01 1.496384e+00
      vertex -2.905107e-01 -4.513879e-01 1.496384e+00
    endloop
  endfacet
  facet normal 1.821510e-02 4.679646e-02 -9.987384e-01
    outer loop
      vertex -4.938313e-01 -6.041327e-01 1.485519e+00
      vertex -2.905107e-01 -4.513879e-01 1.496384e+00
      vertex -4.098538e-01 -6.368201e-01 1.485519e+00
    endloop
  endfacet
  facet normal 8.718357e-03 5.289817e-02 -9.985619e-01
    outer loop
      vertex -4.098538e-01 -6.368201e-01 1.485519e+00
      vertex -2.905107e-01 -4.513879e-01 1.496384e+00
      vertex -2.074245e-01 -4.650817e-01 1.496384e+00
    endloop
  endfacet
  facet normal 8.718357e-03 5.289817e-02 -9.985619e-01
    outer loop
      vertex -4.098538e-01 -6.368201e-01 1.485519e+00
      vertex -2.074245e-01 -4.650817e-01 1.496384e+00
      vertex -2.926355e-01 -6.561394e-01 1.485519e+00
    endloop
  endfacet
  facet normal 1.229014e-03 5.623015e-02 -9.984171e-01
    outer loop
      vertex -2.926355e-01 -6.561394e-01 1.485519e+00
      vertex -2.074245e-01 -4.650817e-01 1.496384e+00
      vertex 3.674791e-09 -4.696153e-01 1.496384e+00
    endloop
  endfacet
  facet normal 1.229014e-03 5.623015e-02 -9.984171e-01
    outer loop
      vertex -2.926355e-01 -6.561394e-01 1.485519e+00
      vertex 3.674791e-09 -4.696153e-01 1.496384e+00
      vertex 5.184413e-09 -6.625355e-01 1.485519e+00
    endloop
  endfacet
  facet normal -1.229014e-03 5.623015e-02 -9.984171e-01
    outer loop
      vertex 5.184413e-09 -6.625355e-01 1.485519e+00
      vertex 3.674791e-09 -4.696153e-01 1.496384e+00
      vertex 2.074245e-01 -4.650817e-01 1.496384e+00
    endloop
  endfacet
  facet normal -1.229014e-03 5.623015e-02 -9.984171e-01
    outer loop
      vertex 5.184413e-09 -6.625355e-01 1.485519e+00
      vertex 2.074245e-01 -4.650817e-01 1.496384e+00
      vertex 2.926355e-01 -6.561394e-01 1.485519e+00
    endloop
  endfacet
  facet normal -8.718357e-03 5.289817e-02 -9.985619e-01
    outer loop
      vertex 2.926355e-01 -6.561394e-01 1.485519e+00
      vertex 2.074245e-01 -4.650817e-01 1.496384e+00
      vertex 2.905107e-01 -4.513879e-01 1.496384e+00
    endloop
  endfacet
  facet normal -8.718357e-03 5.289817e-02 -9.985619e-01
    outer loop
      vertex 2.926355e-01 -6.561394e-01 1.485519e+00
      vertex 2.905107e-01 -4.513879e-01 1.496384e+00
      vertex 4.098538e-01 -6.368201e-01 1.485519e+00
    endloop
  endfacet
  facet normal -1.821510e-02 4.679646e-02 -9.987384e-01
    outer loop
      vertex 4.098538e-01 -6.368201e-01 1.485519e+00
      vertex 2.905107e-01 -4.513879e-01 1.496384e+00
      vertex 3.500352e-01 -4.282185e-01 1.496384e+00
    endloop
  endfacet
  facet normal -1.821510e-02 4.679646e-02 -9.987384e-01
    outer loop
      vertex 4.098538e-01 -6.368201e-01 1.485519e+00
      vertex 3.500352e-01 -4.282185e-01 1.496384e+00
      vertex 4.938313e-01 -6.041327e-01 1.485519e+00
    endloop
  endfacet
  facet normal -2.851133e-02 3.838737e-02 -9.988561e-01
    outer loop
      vertex 4.938313e-01 -6.041327e-01 1.485519e+00
      vertex 3.500352e-01 -4.282185e-01 1.496384e+00
      vertex 3.948979e-01 -3.948979e-01 1.496384e+00
    endloop
  endfacet
  facet normal -2.851133e-02 3.838737e-02 -9.988561e-01
    outer loop
      vertex 4.938313e-01 -6.041327e-01 1.485519e+00
      vertex 3.948979e-01 -3.948979e-01 1.496384e+00
      vertex 5.571237e-01 -5.571237e-01 1.485519e+00
    endloop
  endfacet
  facet normal -3.838737e-02 2.851133e-02 -9.988561e-01
    outer loop
      vertex 5.571237e-01 -5.571237e-01 1.485519e+00
      vertex 3.948979e-01 -3.948979e-01 1.496384e+00
      vertex 4.282185e-01 -3.500352e-01 1.496384e+00
    endloop
  endfacet
  facet normal -3.838737e-02 2.851133e-02 -9.988561e-01
    outer loop
      vertex 5.571237e-01 -5.571237e-01 1.485519e+00
      vertex 4.282185e-01 -3.500352e-01 1.496384e+00
      vertex 6.041327e-01 -4.938313e-01 1.485519e+00
    endloop
  endfacet
  facet normal -4.679646e-02 1.821510e-02 -9.987384e-01
    outer loop
      vertex 6.041327e-01 -4.938313e-01 1.485519e+00
      vertex 4.282185e-01 -3.500352e-01 1.496384e+00
      vertex 4.513879e-01 -2.905107e-01 1.496384e+00
    endloop
  endfacet
  facet normal -4.679646e-02 1.821510e-02 -9.987384e-01
    outer loop
      vertex 6.041327e-01 -4.938313e-01 1.485519e+00
      vertex 4.513879e-01 -2.905107e-01 1.496384e+00
      vertex 6.368201e-01 -4.098538e-01 1.485519e+00
    endloop
  endfacet
  facet normal -5.289817e-02 8.718357e-03 -9.985619e-01
    outer loop
      vertex 6.368201e-01 -4.098538e-01 1.485519e+00
      vertex 4.513879e-01 -2.905107e-01 1.496384e+00
      vertex 4.650817e-01 -2.074245e-01 1.496384e+00
    endloop
  endfacet
  facet normal -5.289817e-02 8.718357e-03 -9.985619e-01
    outer loop
      vertex 6.368201e-01 -4.098538e-01 1.485519e+00
      vertex 4.650817e-01 -2.074245e-01 1.496384e+00
      vertex 6.561394e-01 -2.926355e-01 1.485519e+00
    endloop
  endfacet
  facet normal -5.623015e-02 1.229014e-03 -9.984171e-01
    outer loop
      vertex 6.561394e-01 -2.926355e-01 1.485519e+00
      vertex 4.650817e-01 -2.074245e-01 1.496384e+00
      vertex 4.696153e-01 0.000000e+00 1.496384e+00
    endloop
  endfacet
  facet normal -5.623015e-02 1.229014e-03 -9.984171e-01
    outer loop
      vertex 6.561394e-01 -2.926355e-01 1.485519e+00
      vertex 4.696153e-01 0.000000e+00 1.496384e+00
      vertex 6.625355e-01 0.000000e+00 1.485519e+00
    endloop
  endfacet
  facet normal -5.623015e-02 -1.229014e-03 -9.984171e-01
    outer loop
      vertex 6.625355e-01 0.000000e+00 1.485519e+00
      vertex 4.696153e-01 0.000000e+00 1.496384e+00
      vertex 4.650817e-01 2.074245e-01 1.496384e+00
    endloop
  endfacet
  facet normal -5.623015e-02 -1.229014e-03 -9.984171e-01
    outer loop
      vertex 6.625355e-01 0.000000e+00 1.485519e+00
      vertex 4.650817e-01 2.074245e-01 1.496384e+00
      vertex 6.561394e-01 2.926355e-01 1.485519e+00
    endloop
  endfacet
  facet normal -5.289817e-02 -8.718357e-03 -9.985619e-01
    outer loop
      vertex 6.561394e-01 2.926355e-01 1.485519e+00
      vertex 4.650817e-01 2.074245e-01 1.496384e+00
      vertex 4.513879e-01 2.905107e-01 1.496384e+00
    endloop
  endfacet
  facet normal -5.289817e-02 -8.718357e-03 -9.985619e-01
    outer loop
      vertex 6.561394e-01 2.926355e-01 1.485519e+00
      vertex 4.513879e-01 2.905107e-01 1.496384e+00
      vertex 6.368201e-01 4.098538e-01 1.485519e+00
    endloop
  endfacet
  facet normal -4.679646e-02 -1.821510e-02 -9.987384e-01
    outer loop
      vertex 6.368201e-01 4.098538e-01 1.485519e+00
      vertex 4.513879e-01 2.905107e-01 1.496384e+00
      vertex 4.282185e-01 3.500352e-01 1.496384e+00
    endloop
  endfacet
  facet normal -4.679646e-02 -1.821510e-02 -9.987384e-01
    outer loop
      vertex 6.368201e-01 4.098538e-01 1.485519e+00
      vertex 4.282185e-01 3.500352e-01 1.496384e+00
      vertex 6.041327e-01 4.938313e-01 1.485519e+00
    endloop
  endfacet
  facet normal -3.838737e-02 -2.851133e-02 -9.988561e-01
    outer loop
      vertex 6.041327e-01 4.938313e-01 1.485519e+00
      vertex 4.282185e-01 3.500352e-01 1.496384e+00
      vertex 3.948979e-01 3.948979e-01 1.496384e+00
    endloop
  endfacet
  facet normal -3.838737e-02 -2.851133e-02 -9.988561e-01
    outer loop
      vertex 6.041327e-01 4.938313e-01 1.485519e+00
      vertex 3.948979e-01 3.948979e-01 1.496384e+00
      vertex 5.571237e-01 5.571237e-01 1.485519e+00
    endloop
  endfacet
  facet normal -2.851133e-02 -3.838737e-02 -9.988561e-01
    outer loop
      vertex 5.571237e-01 5.571237e-01 1.485519e+00
      vertex 3.948979e-01 3.948979e-01 1.496384e+00
      vertex 3.500352e-01 4.282185e-01 1.496384e+00
    endloop
  endfacet
  facet normal -2.851133e-02 -3.838737e-02 -9.988561e-01
    outer loop
      vertex 5.571237e-01 5.571237e-01 1.485519e+00
      vertex 3.500352e-01 4.282185e-01 1.496384e+00
      vertex 4.938313e-01 6.041327e-01 1.485519e+00
    endloop
  endfacet
  facet normal -1.821510e-02 -4.679646e-02 -9.987384e-01
    outer loop
      vertex 4.938313e-01 6.041327e-01 1.485519e+00
      vertex 3.500352e-01 4.282185e-01 1.496384e+00
      vertex 2.905107e-01 4.513879e-01 1.496384e+00
    endloop
  endfacet
  facet normal -1.821510e-02 -4.679646e-02 -9.987384e-01
    outer loop
      vertex 4.938313e-01 6.041327e-01 1.485519e+00
      vertex 2.905107e-01 4.513879e-01 1.496384e+00
      vertex 4.098538e-01 6.368201e-01 1.485519e+00
    endloop
  endfacet
  facet normal -8.718357e-03 -5.289817e-02 -9.985619e-01
    outer loop
      vertex 4.098538e-01 6.368201e-01 1.485519e+00
      vertex 2.905107e-01 4.513879e-01 1.496384e+00
      vertex 2.074245e-01 4.650817e-01 1.496384e+00
    endloop
  endfacet
  facet normal -8.718357e-03 -5.289817e-02 -9.985619e-01
    outer loop
      vertex 4.098538e-01 6.368201e-01 1.485519e+00
      vertex 2.074245e-01 4.650817e-01 1.496384e+00
      vertex 2.926355e-01 6.561394e-01 1.485519e+00
    endloop
  endfacet
  facet normal -1.229014e-03 -5.623015e-02 -9.984171e-01
    outer loop
      vertex 2.926355e-01 6.561394e-01 1.485519e+00
      vertex 2.074245e-01 4.650817e-01 1.496384e+00
      vertex 3.674791e-09 4.696153e-01 1.496384e+00
    endloop
  endfacet
  facet normal -1.229014e-03 -5.623015e-02 -9.984171e-01
    outer loop
      vertex 2.926355e-01 6.561394e-01 1.485519e+00
      vertex 3.674791e-09 4.696153e-01 1.496384e+00
      vertex 5.184413e-09 6.625355e-01 1.485519e+00
    endloop
  endfacet
  facet normal 1.229014e-03 -5.623015e-02 -9.984171e-01
    outer loop
      vertex 5.184413e-09 6.625355e-01 1.485519e+00
      vertex 3.674791e-09 4.696153e-01 1.496384e+00
      vertex -2.074245e-01 4.650817e-01 1.496384e+00
    endloop
  endfacet
  facet normal 1.229014e-03 -5.623015e-02 -9.984171e-01
    outer loop
      vertex 5.184413e-09 6.625355e-01 1.485519e+00
      vertex -2.074245e-01 4.650817e-01 1.496384e+00
      vertex -2.926355e-01 6.561394e-01 1.485519e+00
    endloop
  endfacet
  facet normal 8.718357e-03 -5.289817e-02 -9.985619e-01
    outer loop
      vertex -2.926355e-01 6.561394e-01 1.485519e+00
      vertex -2.074245e-01 4.650817e-01 1.496384e+00
      vertex -2.905107e-01 4.513879e-01 1.496384e+00
    endloop
  endfacet
  facet normal 8.718357e-03 -5.289817e-02 -9.985619e-01
    outer loop
      vertex -2.926355e-01 6.561394e-01 1.485519e+00
      vertex -2.905107e-01 4.513879e-01 1.496384e+00
      vertex -4.098538e-01 6.368201e-01 1.485519e+00
    endloop
  endfacet
  facet normal 1.821510e-02 -4.679646e-02 -9.987384e-01
    outer loop
      vertex -4.098538e-01 6.368201e-01 1.485519e+00
      vertex -2.905107e-01 4.513879e-01 1.496384e+00
      vertex -3.500352e-01 4.282185e-01 1.496384e+00
    endloop
  endfacet
  facet normal 1.821510e-02 -4.679646e-02 -9.987384e-01
    outer loop
      vertex -4.098538e-01 6.368201e-01 1.485519e+00
      vertex -3.500352e-01 4.282185e-01 1.496384e+00
      vertex -4.938313e-01 6.041327e-01 1.485519e+00
    endloop
  endfacet
  facet normal 2.851133e-02 -3.838737e-02 -9.988561e-01
    outer loop
      vertex -4.938313e-01 6.041327e-01 1.485519e+00
      vertex -3.500352e-01 4.282185e-01 1.496384e+00
      vertex -3.948979e-01 3.948979e-01 1.496384e+00
    endloop
  endfacet
  facet normal 2.851133e-02 -3.838737e-02 -9.988561e-01
    outer loop
      vertex -4.938313e-01 6.041327e-01 1.485519e+00
      vertex -3.948979e-01 3.948979e-01 1.496384e+00
      vertex -5.571237e-01 5.571237e-01 1.485519e+00
    endloop
  endfacet
  facet normal 3.838737e-02 -2.851133e-02 -9.988561e-01
    outer loop
      vertex -5.571237e-01 5.571237e-01 1.485519e+00
      vertex -3.948979e-01 3.948979e-01 1.496384e+00
      vertex -4.282185e-01 3.500352e-01 1.496384e+00
    endloop
  endfacet
  facet normal 3.838737e-02 -2.851133e-02 -9.988561e-01
    outer loop
      vertex -5.571237e-01 5.571237e-01 1.485519e+00
      vertex -4.282185e-01 3.500352e-01 1.496384e+00
      vertex -6.041327e-01 4.938313e-01 1.485519e+00
    endloop
  endfacet
  facet normal 4.679646e-02 -1.821510e-02 -9.987384e-01
    outer loop
      vertex -6.041327e-01 4.938313e-01 1.485519e+00
      vertex -4.282185e-01 3.500352e-01 1.496384e+00
      vertex -4.513879e-01 2.905107e-01 1.496384e+00
    endloop
  endfacet
  facet normal 4.679646e-02 -1.821510e-02 -9.987384e-01
    outer loop
      vertex -6.041327e-01 4.938313e-01 1.485519e+00
      vertex -4.513879e-01 2.905107e-01 1.496384e+00
      vertex -6.368201e-01 4.098538e-01 1.485519e+00
    endloop
  endfacet
  facet normal 5.289817e-02 -8.718357e-03 -9.985619e-01
    outer loop
      vertex -6.368201e-01 4.098538e-01 1.485519e+00
      vertex -4.513879e-01 2.905107e-01 1.496384e+00
      vertex -4.650817e-01 2.074245e-01 1.496384e+00
    endloop
  endfacet
  facet normal 5.289817e-02 -8.718357e-03 -9.985619e-01
    outer loop
      vertex -6.368201e-01 4.098538e-01 1.485519e+00
      vertex -4.650817e-01 2.074245e-01 1.496384e+00
      vertex -6.561394e-01 2.926355e-01 1.485519e+00
    endloop
  endfacet
  facet normal 5.623015e-02 -1.229014e-03 -9.984171e-01
    outer loop
      vertex -6.561394e-01 2.926355e-01 1.485519e+00
      vertex -4.650817e-01 2.074245e-01 1.496384e+00
      vertex -4.696153e-01 -5.196940e-09 1.496384e+00
    endloop
  endfacet
  facet normal 5.623015e-02 -1.229014e-03 -9.984171e-01
    outer loop
      vertex -6.561394e-01 2.926355e-01 1.485519e+00
      vertex -4.696153e-01 -5.196940e-09 1.496384e+00
      vertex -6.625355e-01 -7.331866e-09 1.485519e+00
    endloop
  endfacet
  facet normal 7.699293e-03 1.682823e-04 -9.999703e-01
    outer loop
      vertex -4.696153e-01 -5.196940e-09 1.496384e+00
      vertex -1.173766e-08 -1.298934e-16 1.500000e+00
      vertex -1.162435e-08 -5.184413e-09 1.500000e+00
    endloop
  endfacet
  facet normal 7.699293e-03 1.682823e-04 -9.999703e-01
    outer loop
      vertex -4.696153e-01 -5.196940e-09 1.496384e+00
      vertex -1.162435e-08 -5.184413e-09 1.500000e+00
      vertex -4.650817e-01 -2.074245e-01 1.496384e+00
    endloop
  endfacet
  facet normal 7.242032e-03 1.193588e-03 -9.999731e-01
    outer loop
      vertex -4.650817e-01 -2.074245e-01 1.496384e+00
      vertex -1.162435e-08 -5.184413e-09 1.500000e+00
      vertex -1.128208e-08 -7.261085e-09 1.500000e+00
    endloop
  endfacet
  facet normal 7.242032e-03 1.193588e-03 -9.999731e-01
    outer loop
      vertex -4.650817e-01 -2.074245e-01 1.496384e+00
      vertex -1.128208e-08 -7.261085e-09 1.500000e+00
      vertex -4.513879e-01 -2.905107e-01 1.496384e+00
    endloop
  endfacet
  facet normal 0.000000e+00 1.000000e+00 0.000000e+00
    outer loop
      vertex -4.513879e-01 -2.905107e-01 1.496384e+00
      vertex -1.128208e-08 -7.261085e-09 1.500000e+00
      vertex -1.070298e-08 -8.748854e-09 1.500000e+00
    endloop
  endfacet
  facet normal 6.405565e-03 2.493309e-03 -9.999764e-01
    outer loop
      vertex -4.513879e-01 -2.905107e-01 1.496384e+00
      vertex -1.070298e-08 -8.748854e-09 1.500000e+00
      vertex -4.282185e-01 -3.500352e-01 1.496384e+00
    endloop
  endfacet
  facet normal 0.000000e+00 1.000000e+00 0.000000e+00
    outer loop
      vertex -4.282185e-01 -3.500352e-01 1.496384e+00
      vertex -1.070298e-08 -8.748854e-09 1.500000e+00
      vertex -9.870160e-09 -9.870160e-09 1.500000e+00
    endloop
  endfacet
  facet normal 5.253909e-03 3.902220e-03 -9.999786e-01
    outer loop
      vertex -4.282185e-01 -3.500352e-01 1.496384e+00
      vertex -9.870160e-09 -9.870160e-09 1.500000e+00
      vertex -3.948979e-01 -3.948979e-01 1.496384e+00
    endloop
  endfacet
  facet normal 0.000000e+00 1.000000e+00 0.000000e+00
    outer loop
      vertex -3.948979e-01 -3.948979e-01 1.496384e+00
      vertex -9.870160e-09 -9.870160e-09 1.500000e+00
      vertex -8.748854e-09 -1.070298e-08 1.500000e+00
    endloop
  endfacet
  facet normal 3.902220e-03 5.253909e-03 -9.999786e-01
    outer loop
      vertex -3.948979e-01 -3.948979e-01 1.496384e+00
      vertex -8.748854e-09 -1.070298e-08 1.500000e+00
      vertex -3.500352e-01 -4.282185e-01 1.496384e+00
    endloop
  endfacet
  facet normal 0.000000e+00 1.000000e+00 0.000000e+00
    outer loop
      vertex -3.500352e-01 -4.282185e-01 1.496384e+00
      vertex -8.748854e-09 -1.070298e-08 1.500000e+00
      vertex -7.261085e-09 -1.128208e-08 1.500000e+00
    endloop
  endfacet
  facet normal 2.493309e-03 6.405565e-03 -9.999764e-01
    outer loop
      vertex -3.500352e-01 -4.282185e-01 1.496384e+00
      vertex -7.261085e-09 -1.128208e-08 1.500000e+00
      vertex -2.905107e-01 -4.513879e-01 1.496384e+00
    endloop
  endfacet
  facet normal 1.193588e-03 7.242032e-03 -9.999731e-01
    outer loop
      vertex -2.905107e-01 -4.513879e-01 1.496384e+00
      vertex -7.261085e-09 -1.128208e-08 1.500000e+00
      vertex -5.184413e-09 -1.162435e-08 1.500000e+00
    endloop
  endfacet
  facet normal 1.193588e-03 7.242032e-03 -9.999731e-01
    outer loop
      vertex -2.905107e-01 -4.513879e-01 1.496384e+00
      vertex -5.184413e-09 -1.162435e-08 1.500000e+00
      vertex -2.074245e-01 -4.650817e-01 1.496384e+00
    endloop
  endfacet
  facet normal 1.682823e-04 7.699293e-03 -9.999703e-01
    outer loop
      vertex -2.074245e-01 -4.650817e-01 1.496384e+00
      vertex -5.184413e-09 -1.162435e-08 1.500000e+00
      vertex 9.184851e-17 -1.173766e-08 1.500000e+00
    endloop
  endfacet
  facet normal 1.682823e-04 7.699293e-03 -9.999703e-01
    outer loop
      vertex -2.074245e-01 -4.650817e-01 1.496384e+00
      vertex 9.184851e-17 -1.173766e-08 1.500000e+00
      vertex 3.674791e-09 -4.696153e-01 1.496384e+00
    endloop
  endfacet
  facet normal -1.682823e-04 7.699293e-03 -9.999703e-01
    outer loop
      vertex 3.674791e-09 -4.696153e-01 1.496384e+00
      vertex 9.184851e-17 -1.173766e-08 1.500000e+00
      vertex 5.184413e-09 -1.162435e-08 1.500000e+00
    endloop
  endfacet
  facet normal -1.682823e-04 7.699293e-03 -9.999703e-01
    outer loop
      vertex 3.674791e-09 -4.696153e-01 1.496384e+00
      vertex 5.184413e-09 -1.162435e-08 1.500000e+00
      vertex 2.074245e-01 -4.650817e-01 1.496384e+00
    endloop
  endfacet
  facet normal -1.193588e-03 7.242032e-03 -9.999731e-01
    outer loop
      vertex 2.074245e-01 -4.650817e-01 1.496384e+00
      vertex 5.184413e-09 -1.162435e-08 1.500000e+00
      vertex 7.261085e-09 -1.128208e-08 1.500000e+00
    endloop
  endfacet
  facet normal -1.193588e-03 7.242032e-03 -9.999731e-01
    outer loop
      vertex 2.074245e-01 -4.650817e-01 1.496384e+00
      vertex 7.261085e-09 -1.128208e-08 1.500000e+00
      vertex 2.905107e-01 -4.513879e-01 1.496384e+00
    endloop
  endfacet
  facet normal 0.000000e+00 1.000000e+00 0.000000e+00
    outer loop
      vertex 2.905107e-01 -4.513879e-01 1.496384e+00
      vertex 7.261085e-09 -1.128208e-08 1.500000e+00
      vertex 8.748854e-09 -1.070298e-08 1.500000e+00
    endloop
  endfacet
  facet normal -2.493309e-03 6.405565e-03 -9.999764e-01
    outer loop
      vertex 2.905107e-01 -4.513879e-01 1.496384e+00
      vertex 8.748854e-09 -1.070298e-08 1.500000e+00
      vertex 3.500352e-01 -4.282185e-01 1.496384e+00
    endloop
  endfacet
  facet normal 0.000000e+00 1.000000e+00 0.000000e+00
    outer loop
      vertex 3.500352e-01 -4.282185e-01 1.496384e+00
      vertex 8.748854e-09 -1.070298e-08 1.500000e+00
      vertex 9.870160e-09 -9.870160e-09 1.500000e+00
    endloop
  endfacet
  facet normal -3.902220e-03 5.253909e-03 -9.999786e-01
    outer loop
      vertex 3.500352e-01 -4.282185e-01 1.496384e+00
      vertex 9.870160e-09 -9.870160e-09 1.500000e+00
      vertex 3.948979e-01 -3.948979e-01 1.496384e+00
    endloop
  endfacet
  facet normal 0.000000e+00 1.000000e+00 0.000000e+00
    outer loop
      vertex 3.948979e-01 -3.948979e-01 1.496384e+00
      vertex 9.870160e-09 -9.870160e-09 1.500000e+00
      vertex 1.070298e-08 -8.748854e-09 1.500000e+00
    endloop
  endfacet
  facet normal -5.253909e-03 3.902220e-03 -9.999786e-01
    outer loop
      vertex 3.948979e-01 -3.948979e-01 1.496384e+00
      vertex 1.070298e-08 -8.748854e-09 1.500000e+00
      vertex 4.282185e-01 -3.500352e-01 1.496384e+00
    endloop
  endfacet
  facet normal 0.000000e+00 1.000000e+00 0.000000e+00
    outer loop
      vertex 4.282185e-01 -3.500352e-01 1.496384e+00
      vertex 1.070298e-08 -8.748854e-09 1.500000e+00
      vertex 1.128208e-08 -7.261085e-09 1.500000e+00
    endloop
  endfacet
  facet normal -6.405565e-03 2.493309e-03 -9.999764e-01
    outer loop
      vertex 4.282185e-01 -3.500352e-01 1.496384e+00
      vertex 1.128208e-08 -7.261085e-09 1.500000e+00
      vertex 4.513879e-01 -2.905107e-01 1.496384e+00
    endloop
  endfacet
  facet normal -7.242032e-03 1.193588e-03 -9.999731e-01
    outer loop
      vertex 4.513879e-01 -2.905107e-01 1.496384e+00
      vertex 1.128208e-08 -7.261085e-09 1.500000e+00
      vertex 1.162435e-08 -5.184413e-09 1.500000e+00
    endloop
  endfacet
  facet normal -7.242032e-03 1.193588e-03 -9.999731e-01
    outer loop
      vertex 4.513879e-01 -2.905107e-01 1.496384e+00
      vertex 1.162435e-08 -5.184413e-09 1.500000e+00
      vertex 4.650817e-01 -2.074245e-01 1.496384e+00
    endloop
  endfacet
  facet normal -7.699293e-03 1.682823e-04 -9.999703e-01
    outer loop
      vertex 4.650817e-01 -2.074245e-01 1.496384e+00
      vertex 1.162435e-08 -5.184413e-09 1.500000e+00
      vertex 1.173766e-08 0.000000e+00 1.500000e+00
    endloop
  endfacet
  facet normal -7.699293e-03 1.682823e-04 -9.999703e-01
    outer loop
      vertex 4.650817e-01 -2.074245e-01 1.496384e+00
      vertex 1.173766e-08 0.000000e+00 1.500000e+00
      vertex 4.696153e-01 0.000000e+00 1.496384e+00
    endloop
  endfacet
  facet normal -7.699293e-03 -1.682823e-04 -9.999703e-01
    outer loop
      vertex 4.696153e-01 0.000000e+00 1.496384e+00
      vertex 1.173766e-08 0.000000e+00 1.500000e+00
      vertex 1.162435e-08 5.184413e-09 1.500000e+00
    endloop
  endfacet
  facet normal -7.699293e-03 -1.682823e-04 -9.999703e-01
    outer loop
      vertex 4.696153e-01 0.000000e+00 1.496384e+00
      vertex 1.162435e-08 5.184413e-09 1.500000e+00
      vertex 4.650817e-01 2.074245e-01 1.496384e+00
    endloop
  endfacet
  facet normal -7.242032e-03 -1.193588e-03 -9.999731e-01
    outer loop
      vertex 4.650817e-01 2.074245e-01 1.496384e+00
      vertex 1.162435e-08 5.184413e-09 1.500000e+00
      vertex 1.128208e-08 7.261085e-09 1.500000e+00
    endloop
  endfacet
  facet normal -7.242032e-03 -1.193588e-03 -9.999731e-01
    outer loop
      vertex 4.650817e-01 2.074245e-01 1.496384e+00
      vertex 1.128208e-08 7.261085e-09 1.500000e+00
      vertex 4.513879e-01 2.905107e-01 1.496384e+00
    endloop
  endfacet
  facet normal 0.000000e+00 1.000000e+00 0.000000e+00
    outer loop
      vertex 4.513879e-01 2.905107e-01 1.496384e+00
      vertex 1.128208e-08 7.261085e-09 1.500000e+00
      vertex 1.070298e-08 8.748854e-09 1.500000e+00
    endloop
  endfacet
  facet normal -6.405565e-03 -2.493309e-03 -9.999764e-01
    outer loop
      vertex 4.513879e-01 2.905107e-01 1.496384e+00
      vertex 1.070298e-08 8.748854e-09 1.500000e+00
      vertex 4.282185e-01 3.500352e-01 1.496384e+00
    endloop
  endfacet
  facet normal 0.000000e+00 1.000000e+00 0.000000e+00
    outer loop
      vertex 4.282185e-01 3.500352e-01 1.496384e+00
      vertex 1.070298e-08 8.748854e-09 1.500000e+00
      vertex 9.870160e-09 9.870160e-09 1.500000e+00
    endloop
  endfacet
  facet normal -5.253909e-03 -3.902220e-03 -9.999786e-01
    outer loop
      vertex 4.282185e-01 3.500352e-01 1.496384e+00
      vertex 9.870160e-09 9.870160e-09 1.500000e+00
      vertex 3.948979e-01 3.948979e-01 1.496384e+00
    endloop
  endfacet
  facet normal 0.000000e+00 1.000000e+00 0.000000e+00
    outer loop
      vertex 3.948979e-01 3.948979e-01 1.496384e+00
      vertex 9.870160e-09 9.870160e-09 1.500000e+00
      vertex 8.748854e-09 1.070298e-08 1.500000e+00
    endloop
  endfacet
  facet normal -3.902220e-03 -5.253909e-03 -9.999786e-01
    outer loop
      vertex 3.948979e-01 3.948979e-01 1.496384e+00
      vertex 8.748854e-09 1.070298e-08 1.500000e+00
      vertex 3.500352e-01 4.282185e-01 1.496384e+00
    endloop
  endfacet
  facet normal 0.000000e+00 1.000000e+00 0.000000e+00
    outer loop
      vertex 3.500352e-01 4.282185e-01 1.496384e+00
      vertex 8.748854e-09 1.070298e-08 1.500000e+00
      vertex 7.261085e-09 1.128208e-08 1.500000e+00
    endloop
  endfacet
  facet normal -2.493309e-03 -6.405565e-03 -9.999764e-01
    outer loop
      vertex 3.500352e-01 4.282185e-01 1.496384e+00
      vertex 7.261085e-09 1.128208e-08 1.500000e+00
      vertex 2.905107e-01 4.513879e-01 1.496384e+00
    endloop
  endfacet
  facet normal -1.193588e-03 -7.242032e-03 -9.999731e-01
    outer loop
      vertex 2.905107e-01 4.513879e-01 1.496384e+00
      vertex 7.261085e-09 1.128208e-08 1.500000e+00
      vertex 5.184413e-09 1.162435e-08 1.500000e+00
    endloop
  endfacet
  facet normal -1.193588e-03 -7.242032e-03 -9.999731e-01
    outer loop
      vertex 2.905107e-01 4.513879e-01 1.496384e+00
      vertex 5.184413e-09 1.162435e-08 1.500000e+00
      vertex 2.074245e-01 4.650817e-01 1.496384e+00
    endloop
  endfacet
  facet normal -1.682823e-04 -7.699293e-03 -9.999703e-01
    outer loop
      vertex 2.074245e-01 4.650817e-01 1.496384e+00
      vertex 5.184413e-09 1.162435e-08 1.500000e+00
      vertex 9.184851e-17 1.173766e-08 1.500000e+00
    endloop
  endfacet
  facet normal -1.682823e-04 -7.699293e-03 -9.999703e-01
    outer loop
      vertex 2.074245e-01 4.650817e-01 1.496384e+00
      vertex 9.184851e-17 1.173766e-08 1.500000e+00
      vertex 3.674791e-09 4.696153e-01 1.496384e+00
    endloop
  endfacet
  facet normal 1.682823e-04 -7.699293e-03 -9.999703e-01
    outer loop
      vertex 3.674791e-09 4.696153e-01 1.496384e+00
      vertex 9.184851e-17 1.173766e-08 1.500000e+00
      vertex -5.184413e-09 1.162435e-08 1.500000e+00
    endloop
  endfacet
  facet normal 1.682823e-04 -7.699293e-03 -9.999703e-01
    outer loop
      vertex 3.674791e-09 4.696153e-01 1.496384e+00
      vertex -5.184413e-09 1.162435e-08 1.500000e+00
      vertex -2.074245e-01 4.650817e-01 1.496384e+00
    endloop
  endfacet
  facet normal 1.193588e-03 -7.242032e-03 -9.999731e-01
    outer loop
      vertex -2.074245e-01 4.650817e-01 1.496384e+00
      vertex -5.184413e-09 1.162435e-08 1.500000e+00
      vertex -7.261085e-09 1.128208e-08 1.500000e+00
    endloop
  endfacet
  facet normal 1.193588e-03 -7.242032e-03 -9.999731e-01
    outer loop
      vertex -2.074245e-01 4.650817e-01 1.496384e+00
      vertex -7.261085e-09 1.128208e-08 1.500000e+00
      vertex -2.905107e-01 4.513879e-01 1.496384e+00
    endloop
  endfacet
  facet normal 0.000000e+00 1.000000e+00 0.000000e+00
    outer loop
      vertex -2.905107e-01 4.513879e-01 1.496384e+00
      vertex -7.261085e-09 1.128208e-08 1.500000e+00
      vertex -8.748854e-09 1.070298e-08 1.500000e+00
    endloop
  endfacet
  facet normal 2.493309e-03 -6.405565e-03 -9.999764e-01
    outer loop
      vertex -2.905107e-01 4.513879e-01 1.496384e+00
      vertex -8.748854e-09 1.070298e-08 1.500000e+00
      vertex -3.500352e-01 4.282185e-01 1.496384e+00
    endloop
  endfacet
  facet normal 0.000000e+00 1.000000e+00 0.000000e+00
    outer loop
      vertex -3.500352e-01 4.282185e-01 1.496384e+00
      vertex -8.748854e-09 1.070298e-08 1.500000e+00
      vertex -9.870160e-09 9.870160e-09 1.500000e+00
    endloop
  endfacet
  facet normal 3.902220e-03 -5.253909e-03 -9.999786e-01
    outer loop
      vertex -3.500352e-01 4.282185e-01 1.496384e+00
      vertex -9.870160e-09 9.870160e-09 1.500000e+00
      vertex -3.948979e-01 3.948979e-01 1.496384e+00
    endloop
  endfacet
  facet normal 0.000000e+00 1.000000e+00 0.000000e+00
    outer loop
      vertex -3.948979e-01 3.948979e-01 1.496384e+00
      vertex -9.870160e-09 9.870160e-09 1.500000e+00
      vertex -1.070298e-08 8.748854e-09 1.500000e+00
    endloop
  endfacet
  facet normal 5.253909e-03 -3.902220e-03 -9.999786e-01
    outer loop
      vertex -3.948979e-01 3.948979e-01 1.496384e+00
      vertex -1.070298e-08 8.748854e-09 1.500000e+00
      vertex -4.282185e-01 3.500352e-01 1.496384e+00
    endloop
  endfacet
  facet normal 0.000000e+00 1.000000e+00 0.000000e+00
    outer loop
      vertex -4.282185e-01 3.500352e-01 1.496384e+00
      vertex -1.070298e-08 8.748854e-09 1.500000e+00
      vertex -1.128208e-08 7.261085e-09 1.500000e+00
    endloop
  endfacet
  facet normal 6.405565e-03 -2.493309e-03 -9.999764e-01
    outer loop
      vertex -4.282185e-01 3.500352e-01 1.496384e+00
      vertex -1.128208e-08 7.261085e-09 1.500000e+00
      vertex -4.513879e-01 2.905107e-01 1.496384e+00
    endloop
  endfacet
  facet normal 7.242032e-03 -1.193588e-03 -9.999731e-01
    outer loop
      vertex -4.513879e-01 2.905107e-01 1.496384e+00
      vertex -1.128208e-08 7.261085e-09 1.500000e+00
      vertex -1.162435e-08 5.184413e-09 1.500000e+00
    endloop
  endfacet
  facet normal 7.242032e-03 -1.193588e-03 -9.999731e-01
    outer loop
      vertex -4.513879e-01 2.905107e-01 1.496384e+00
      vertex -1.162435e-08 5.184413e-09 1.500000e+00
      vertex -4.650817e-01 2.074245e-01 1.496384e+00
    endloop
  endfacet
  facet normal 7.699293e-03 -1.682823e-04 -9.999703e-01
    outer loop
      vertex -4.650817e-01 2.074245e-01 1.496384e+00
      vertex -1.162435e-08 5.184413e-09 1.500000e+00
      vertex -1.173766e-08 -1.298934e-16 1.500000e+00
    endloop
  endfacet
  facet normal 7.699293e-03 -1.682823e-04 -9.999703e-01
    outer loop
      vertex -4.650817e-01 2.074245e-01 1.496384e+00
      vertex -1.173766e-08 -1.298934e-16 1.500000e+00
      vertex -4.696153e-01 -5.196940e-09 1.496384e+00
    endloop
  endfacet
endsolid Superquadric_s1_0.5_s2_0.5
