# Nexus 3D Scene Studio - Wavefront OBJ Exporter
# Mesh Name: Procedural_Terrain_Heightmap
# Vertices: 1024
# Faces: 1922
# Triangles: 1922
o Procedural_Terrain_Heightmap

v -2.000000 0.008620 -2.000000
v -2.000000 0.089376 -1.870968
v -2.000000 0.232455 -1.741935
v -2.000000 0.230401 -1.612903
v -2.000000 0.100288 -1.483871
v -2.000000 0.050979 -1.354839
v -2.000000 0.213763 -1.225806
v -2.000000 0.274495 -1.096774
v -2.000000 0.109978 -0.967742
v -2.000000 -0.166915 -0.838710
v -2.000000 -0.258252 -0.709677
v -2.000000 -0.292231 -0.580645
v -2.000000 -0.430198 -0.451613
v -2.000000 -0.532470 -0.322581
v -2.000000 -0.339626 -0.193548
v -2.000000 -0.141746 -0.064516
v -2.000000 0.021836 0.064516
v -2.000000 -0.014934 0.193548
v -2.000000 -0.007078 0.322581
v -2.000000 0.021143 0.451613
v -2.000000 0.010669 0.580645
v -2.000000 -0.066418 0.709677
v -2.000000 0.031987 0.838710
v -2.000000 0.069703 0.967742
v -2.000000 0.102325 1.096774
v -2.000000 -0.067786 1.225806
v -2.000000 -0.255668 1.354839
v -2.000000 -0.521695 1.483871
v -2.000000 -0.737187 1.612903
v -2.000000 -0.851611 1.741935
v -2.000000 -0.690544 1.870968
v -2.000000 -0.524629 2.000000
v -1.870968 0.041869 -2.000000
v -1.870968 0.158106 -1.870968
v -1.870968 0.237591 -1.741935
v -1.870968 0.274856 -1.612903
v -1.870968 0.185908 -1.483871
v -1.870968 0.140633 -1.354839
v -1.870968 0.160077 -1.225806
v -1.870968 0.088533 -1.096774
v -1.870968 -0.109621 -0.967742
v -1.870968 -0.309213 -0.838710
v -1.870968 -0.516088 -0.709677
v -1.870968 -0.530297 -0.580645
v -1.870968 -0.596230 -0.451613
v -1.870968 -0.480832 -0.322581
v -1.870968 -0.309434 -0.193548
v -1.870968 -0.148914 -0.064516
v -1.870968 -0.072204 0.064516
v -1.870968 0.004146 0.193548
v -1.870968 -0.012035 0.322581
v -1.870968 0.105304 0.451613
v -1.870968 0.054185 0.580645
v -1.870968 0.131626 0.709677
v -1.870968 0.156764 0.838710
v -1.870968 0.228042 0.967742
v -1.870968 0.160138 1.096774
v -1.870968 0.011166 1.225806
v -1.870968 -0.345757 1.354839
v -1.870968 -0.577882 1.483871
v -1.870968 -0.827392 1.612903
v -1.870968 -0.722859 1.741935
v -1.870968 -0.622200 1.870968
v -1.870968 -0.368270 2.000000
v -1.741935 0.157761 -2.000000
v -1.741935 0.140552 -1.870968
v -1.741935 0.143797 -1.741935
v -1.741935 0.189083 -1.612903
v -1.741935 0.218695 -1.483871
v -1.741935 0.034039 -1.354839
v -1.741935 -0.080002 -1.225806
v -1.741935 -0.189075 -1.096774
v -1.741935 -0.209229 -0.967742
v -1.741935 -0.389901 -0.838710
v -1.741935 -0.651043 -0.709677
v -1.741935 -0.740510 -0.580645
v -1.741935 -0.545178 -0.451613
v -1.741935 -0.315980 -0.322581
v -1.741935 -0.234401 -0.193548
v -1.741935 -0.262452 -0.064516
v -1.741935 -0.104635 0.064516
v -1.741935 0.034402 0.193548
v -1.741935 0.081017 0.322581
v -1.741935 0.049356 0.451613
v -1.741935 0.023764 0.580645
v -1.741935 0.160989 0.709677
v -1.741935 0.254438 0.838710
v -1.741935 0.196329 0.967742
v -1.741935 0.124109 1.096774
v -1.741935 -0.069420 1.225806
v -1.741935 -0.313925 1.354839
v -1.741935 -0.493196 1.483871
v -1.741935 -0.627548 1.612903
v -1.741935 -0.562436 1.741935
v -1.741935 -0.427570 1.870968
v -1.741935 -0.219173 2.000000
v -1.612903 0.164575 -2.000000
v -1.612903 0.241683 -1.870968
v -1.612903 0.124705 -1.741935
v -1.612903 0.103581 -1.612903
v -1.612903 0.006169 -1.483871
v -1.612903 -0.064096 -1.354839
v -1.612903 -0.295330 -1.225806
v -1.612903 -0.364694 -1.096774
v -1.612903 -0.460551 -0.967742
v -1.612903 -0.501079 -0.838710
v -1.612903 -0.742559 -0.709677
v -1.612903 -0.737673 -0.580645
v -1.612903 -0.586434 -0.451613
v -1.612903 -0.311020 -0.322581
v -1.612903 -0.337655 -0.193548
v -1.612903 -0.278397 -0.064516
v -1.612903 -0.140943 0.064516
v -1.612903 0.108689 0.193548
v -1.612903 0.090660 0.322581
v -1.612903 0.097173 0.451613
v -1.612903 0.079762 0.580645
v -1.612903 0.226643 0.709677
v -1.612903 0.166265 0.838710
v -1.612903 0.072582 0.967742
v -1.612903 -0.035890 1.096774
v -1.612903 -0.067150 1.225806
v -1.612903 -0.274900 1.354839
v -1.612903 -0.389688 1.483871
v -1.612903 -0.393325 1.612903
v -1.612903 -0.227164 1.741935
v -1.612903 -0.154210 1.870968
v -1.612903 -0.055120 2.000000
v -1.483871 0.171944 -2.000000
v -1.483871 0.249046 -1.870968
v -1.483871 0.147750 -1.741935
v -1.483871 -0.047584 -1.612903
v -1.483871 -0.241151 -1.483871
v -1.483871 -0.273788 -1.354839
v -1.483871 -0.466797 -1.225806
v -1.483871 -0.650648 -1.096774
v -1.483871 -0.710596 -0.967742
v -1.483871 -0.621638 -0.838710
v -1.483871 -0.585396 -0.709677
v -1.483871 -0.573608 -0.580645
v -1.483871 -0.537697 -0.451613
v -1.483871 -0.409754 -0.322581
v -1.483871 -0.376669 -0.193548
v -1.483871 -0.325922 -0.064516
v -1.483871 -0.260820 0.064516
v -1.483871 -0.086367 0.193548
v -1.483871 0.039100 0.322581
v -1.483871 0.122003 0.451613
v -1.483871 0.198703 0.580645
v -1.483871 0.218935 0.709677
v -1.483871 0.094724 0.838710
v -1.483871 0.007570 0.967742
v -1.483871 -0.058390 1.096774
v -1.483871 -0.059588 1.225806
v -1.483871 -0.143685 1.354839
v -1.483871 -0.222269 1.483871
v -1.483871 -0.056783 1.612903
v -1.483871 0.135518 1.741935
v -1.483871 0.114790 1.870968
v -1.483871 0.032357 2.000000
v -1.354839 -0.005167 -2.000000
v -1.354839 0.073227 -1.870968
v -1.354839 0.142480 -1.741935
v -1.354839 0.021602 -1.612903
v -1.354839 -0.255885 -1.483871
v -1.354839 -0.443690 -1.354839
v -1.354839 -0.637231 -1.225806
v -1.354839 -0.747947 -1.096774
v -1.354839 -0.760819 -0.967742
v -1.354839 -0.698557 -0.838710
v -1.354839 -0.542509 -0.709677
v -1.354839 -0.393588 -0.580645
v -1.354839 -0.387632 -0.451613
v -1.354839 -0.358694 -0.322581
v -1.354839 -0.453913 -0.193548
v -1.354839 -0.430303 -0.064516
v -1.354839 -0.386237 0.064516
v -1.354839 -0.241119 0.193548
v -1.354839 -0.085903 0.322581
v -1.354839 0.100126 0.451613
v -1.354839 0.183674 0.580645
v -1.354839 0.287986 0.709677
v -1.354839 0.158166 0.838710
v -1.354839 0.093520 0.967742
v -1.354839 -0.068905 1.096774
v -1.354839 -0.041289 1.225806
v -1.354839 -0.041249 1.354839
v -1.354839 0.015717 1.483871
v -1.354839 0.052329 1.612903
v -1.354839 0.185312 1.741935
v -1.354839 0.140567 1.870968
v -1.354839 0.215577 2.000000
v -1.225806 0.027208 -2.000000
v -1.225806 0.023290 -1.870968
v -1.225806 -0.007398 -1.741935
v -1.225806 0.071225 -1.612903
v -1.225806 -0.082849 -1.483871
v -1.225806 -0.378072 -1.354839
v -1.225806 -0.705879 -1.225806
v -1.225806 -0.793941 -1.096774
v -1.225806 -0.709208 -0.967742
v -1.225806 -0.588280 -0.838710
v -1.225806 -0.521498 -0.709677
v -1.225806 -0.377495 -0.580645
v -1.225806 -0.318271 -0.451613
v -1.225806 -0.269961 -0.322581
v -1.225806 -0.393221 -0.193548
v -1.225806 -0.410457 -0.064516
v -1.225806 -0.419076 0.064516
v -1.225806 -0.314100 0.193548
v -1.225806 -0.139409 0.322581
v -1.225806 0.048216 0.451613
v -1.225806 0.075513 0.580645
v -1.225806 0.123566 0.709677
v -1.225806 0.048301 0.838710
v -1.225806 0.129796 0.967742
v -1.225806 0.076459 1.096774
v -1.225806 -0.003644 1.225806
v -1.225806 0.009548 1.354839
v -1.225806 0.156113 1.483871
v -1.225806 0.194953 1.612903
v -1.225806 0.187872 1.741935
v -1.225806 0.045884 1.870968
v -1.225806 0.158561 2.000000
v -1.096774 0.113594 -2.000000
v -1.096774 0.081607 -1.870968
v -1.096774 0.006663 -1.741935
v -1.096774 0.083862 -1.612903
v -1.096774 -0.026688 -1.483871
v -1.096774 -0.349443 -1.354839
v -1.096774 -0.663128 -1.225806
v -1.096774 -0.668976 -1.096774
v -1.096774 -0.560138 -0.967742
v -1.096774 -0.517157 -0.838710
v -1.096774 -0.504622 -0.709677
v -1.096774 -0.385741 -0.580645
v -1.096774 -0.273699 -0.451613
v -1.096774 -0.304192 -0.322581
v -1.096774 -0.427842 -0.193548
v -1.096774 -0.411300 -0.064516
v -1.096774 -0.268558 0.064516
v -1.096774 -0.205921 0.193548
v -1.096774 -0.128227 0.322581
v -1.096774 -0.070487 0.451613
v -1.096774 -0.009653 0.580645
v -1.096774 -0.049760 0.709677
v -1.096774 -0.060572 0.838710
v -1.096774 0.000341 0.967742
v -1.096774 0.152744 1.096774
v -1.096774 0.140739 1.225806
v -1.096774 0.227466 1.354839
v -1.096774 0.276642 1.483871
v -1.096774 0.330183 1.612903
v -1.096774 0.162077 1.741935
v -1.096774 0.065306 1.870968
v -1.096774 0.077331 2.000000
v -0.967742 0.206938 -2.000000
v -0.967742 0.192678 -1.870968
v -0.967742 0.048879 -1.741935
v -0.967742 0.032776 -1.612903
v -0.967742 -0.070464 -1.483871
v -0.967742 -0.228241 -1.354839
v -0.967742 -0.454091 -1.225806
v -0.967742 -0.472811 -1.096774
v -0.967742 -0.508781 -0.967742
v -0.967742 -0.449481 -0.838710
v -0.967742 -0.465420 -0.709677
v -0.967742 -0.377281 -0.580645
v -0.967742 -0.437524 -0.451613
v -0.967742 -0.519378 -0.322581
v -0.967742 -0.508558 -0.193548
v -0.967742 -0.281840 -0.064516
v -0.967742 -0.167585 0.064516
v -0.967742 -0.087251 0.193548
v -0.967742 -0.105404 0.322581
v -0.967742 0.031467 0.451613
v -0.967742 0.062324 0.580645
v -0.967742 -0.089632 0.709677
v -0.967742 -0.184707 0.838710
v -0.967742 0.028082 0.967742
v -0.967742 0.279574 1.096774
v -0.967742 0.402286 1.225806
v -0.967742 0.341051 1.354839
v -0.967742 0.335597 1.483871
v -0.967742 0.355342 1.612903
v -0.967742 0.242269 1.741935
v -0.967742 0.027301 1.870968
v -0.967742 -0.042376 2.000000
v -0.838710 0.268339 -2.000000
v -0.838710 0.144973 -1.870968
v -0.838710 0.088221 -1.741935
v -0.838710 -0.038556 -1.612903
v -0.838710 -0.023249 -1.483871
v -0.838710 -0.200898 -1.354839
v -0.838710 -0.253083 -1.225806
v -0.838710 -0.388705 -1.096774
v -0.838710 -0.416772 -0.967742
v -0.838710 -0.459031 -0.838710
v -0.838710 -0.441140 -0.709677
v -0.838710 -0.501814 -0.580645
v -0.838710 -0.496975 -0.451613
v -0.838710 -0.584870 -0.322581
v -0.838710 -0.384188 -0.193548
v -0.838710 -0.246559 -0.064516
v -0.838710 -0.104642 0.064516
v -0.838710 -0.063162 0.193548
v -0.838710 -0.011674 0.322581
v -0.838710 0.012390 0.451613
v -0.838710 0.021131 0.580645
v -0.838710 -0.141336 0.709677
v -0.838710 -0.047794 0.838710
v -0.838710 0.147260 0.967742
v -0.838710 0.453936 1.096774
v -0.838710 0.579049 1.225806
v -0.838710 0.557369 1.354839
v -0.838710 0.472067 1.483871
v -0.838710 0.378954 1.612903
v -0.838710 0.207913 1.741935
v -0.838710 0.076659 1.870968
v -0.838710 -0.032963 2.000000
v -0.709677 0.275437 -2.000000
v -0.709677 0.210832 -1.870968
v -0.709677 0.153636 -1.741935
v -0.709677 0.129432 -1.612903
v -0.709677 0.175276 -1.483871
v -0.709677 -0.003251 -1.354839
v -0.709677 -0.170034 -1.225806
v -0.709677 -0.348792 -1.096774
v -0.709677 -0.398956 -0.967742
v -0.709677 -0.406301 -0.838710
v -0.709677 -0.540467 -0.709677
v -0.709677 -0.646706 -0.580645
v -0.709677 -0.547454 -0.451613
v -0.709677 -0.387932 -0.322581
v -0.709677 -0.256152 -0.193548
v -0.709677 -0.246045 -0.064516
v -0.709677 -0.168358 0.064516
v -0.709677 -0.000313 0.193548
v -0.709677 0.046946 0.322581
v -0.709677 0.003392 0.451613
v -0.709677 -0.092225 0.580645
v -0.709677 -0.007012 0.709677
v -0.709677 0.161930 0.838710
v -0.709677 0.283194 0.967742
v -0.709677 0.430594 1.096774
v -0.709677 0.594401 1.225806
v -0.709677 0.592383 1.354839
v -0.709677 0.538746 1.483871
v -0.709677 0.304867 1.612903
v -0.709677 0.224966 1.741935
v -0.709677 0.201683 1.870968
v -0.709677 0.209873 2.000000
v -0.580645 0.436251 -2.000000
v -0.580645 0.385198 -1.870968
v -0.580645 0.250071 -1.741935
v -0.580645 0.188120 -1.612903
v -0.580645 0.259696 -1.483871
v -0.580645 0.134508 -1.354839
v -0.580645 -0.111936 -1.225806
v -0.580645 -0.394623 -1.096774
v -0.580645 -0.365187 -0.967742
v -0.580645 -0.317972 -0.838710
v -0.580645 -0.396500 -0.709677
v -0.580645 -0.541574 -0.580645
v -0.580645 -0.395477 -0.451613
v -0.580645 -0.217747 -0.322581
v -0.580645 -0.091315 -0.193548
v -0.580645 -0.160349 -0.064516
v -0.580645 -0.086156 0.064516
v -0.580645 -0.031462 0.193548
v -0.580645 0.033240 0.322581
v -0.580645 -0.036193 0.451613
v -0.580645 0.020191 0.580645
v -0.580645 0.067716 0.709677
v -0.580645 0.158724 0.838710
v -0.580645 0.172717 0.967742
v -0.580645 0.396098 1.096774
v -0.580645 0.498868 1.225806
v -0.580645 0.541679 1.354839
v -0.580645 0.412957 1.483871
v -0.580645 0.443020 1.612903
v -0.580645 0.463999 1.741935
v -0.580645 0.465366 1.870968
v -0.580645 0.315463 2.000000
v -0.451613 0.457872 -2.000000
v -0.451613 0.428141 -1.870968
v -0.451613 0.335267 -1.741935
v -0.451613 0.184499 -1.612903
v -0.451613 0.169823 -1.483871
v -0.451613 0.132558 -1.354839
v -0.451613 -0.024679 -1.225806
v -0.451613 -0.180045 -1.096774
v -0.451613 -0.199370 -0.967742
v -0.451613 -0.234053 -0.838710
v -0.451613 -0.234305 -0.709677
v -0.451613 -0.275174 -0.580645
v -0.451613 -0.190549 -0.451613
v -0.451613 -0.135988 -0.322581
v -0.451613 -0.089708 -0.193548
v -0.451613 -0.024578 -0.064516
v -0.451613 0.127449 0.064516
v -0.451613 0.114823 0.193548
v -0.451613 0.037559 0.322581
v -0.451613 0.007218 0.451613
v -0.451613 0.185198 0.580645
v -0.451613 0.200354 0.709677
v -0.451613 0.132548 0.838710
v -0.451613 0.063440 0.967742
v -0.451613 0.262493 1.096774
v -0.451613 0.466938 1.225806
v -0.451613 0.508414 1.354839
v -0.451613 0.375746 1.483871
v -0.451613 0.516051 1.612903
v -0.451613 0.600584 1.741935
v -0.451613 0.615954 1.870968
v -0.451613 0.433221 2.000000
v -0.322581 0.522856 -2.000000
v -0.322581 0.368324 -1.870968
v -0.322581 0.261185 -1.741935
v -0.322581 0.064684 -1.612903
v -0.322581 0.100365 -1.483871
v -0.322581 0.130666 -1.354839
v -0.322581 0.095792 -1.225806
v -0.322581 -0.018216 -1.096774
v -0.322581 -0.030234 -0.967742
v -0.322581 -0.041915 -0.838710
v -0.322581 0.009879 -0.709677
v -0.322581 -0.077254 -0.580645
v -0.322581 -0.073243 -0.451613
v -0.322581 -0.060428 -0.322581
v -0.322581 0.054591 -0.193548
v -0.322581 0.189206 -0.064516
v -0.322581 0.240249 0.064516
v -0.322581 0.210576 0.193548
v -0.322581 0.165335 0.322581
v -0.322581 0.169074 0.451613
v -0.322581 0.281582 0.580645
v -0.322581 0.232518 0.709677
v -0.322581 0.139561 0.838710
v -0.322581 0.172983 0.967742
v -0.322581 0.268276 1.096774
v -0.322581 0.425057 1.225806
v -0.322581 0.425527 1.354839
v -0.322581 0.421412 1.483871
v -0.322581 0.566255 1.612903
v -0.322581 0.662116 1.741935
v -0.322581 0.588528 1.870968
v -0.322581 0.456970 2.000000
v -0.193548 0.496843 -2.000000
v -0.193548 0.272769 -1.870968
v -0.193548 0.243066 -1.741935
v -0.193548 0.102222 -1.612903
v -0.193548 0.061559 -1.483871
v -0.193548 -0.010407 -1.354839
v -0.193548 0.039256 -1.225806
v -0.193548 0.091328 -1.096774
v -0.193548 0.128210 -0.967742
v -0.193548 0.037130 -0.838710
v -0.193548 0.128567 -0.709677
v -0.193548 0.094282 -0.580645
v -0.193548 0.184316 -0.451613
v -0.193548 0.216188 -0.322581
v -0.193548 0.315678 -0.193548
v -0.193548 0.391693 -0.064516
v -0.193548 0.457191 0.064516
v -0.193548 0.383744 0.193548
v -0.193548 0.371729 0.322581
v -0.193548 0.241143 0.451613
v -0.193548 0.251275 0.580645
v -0.193548 0.230356 0.709677
v -0.193548 0.281545 0.838710
v -0.193548 0.240250 0.967742
v -0.193548 0.203753 1.096774
v -0.193548 0.230842 1.225806
v -0.193548 0.378202 1.354839
v -0.193548 0.450922 1.483871
v -0.193548 0.513764 1.612903
v -0.193548 0.471563 1.741935
v -0.193548 0.586239 1.870968
v -0.193548 0.617362 2.000000
v -0.064516 0.467267 -2.000000
v -0.064516 0.310021 -1.870968
v -0.064516 0.188128 -1.741935
v -0.064516 0.214217 -1.612903
v -0.064516 0.071163 -1.483871
v -0.064516 0.011084 -1.354839
v -0.064516 -0.000213 -1.225806
v -0.064516 0.193926 -1.096774
v -0.064516 0.160891 -0.967742
v -0.064516 0.109177 -0.838710
v -0.064516 0.110103 -0.709677
v -0.064516 0.253586 -0.580645
v -0.064516 0.342027 -0.451613
v -0.064516 0.488681 -0.322581
v -0.064516 0.578893 -0.193548
v -0.064516 0.744533 -0.064516
v -0.064516 0.721917 0.064516
v -0.064516 0.618722 0.193548
v -0.064516 0.502156 0.322581
v -0.064516 0.401381 0.451613
v -0.064516 0.270078 0.580645
v -0.064516 0.214049 0.709677
v -0.064516 0.220919 0.838710
v -0.064516 0.265391 0.967742
v -0.064516 0.176118 1.096774
v -0.064516 0.063613 1.225806
v -0.064516 0.105181 1.354839
v -0.064516 0.227902 1.483871
v -0.064516 0.275148 1.612903
v -0.064516 0.260461 1.741935
v -0.064516 0.425744 1.870968
v -0.064516 0.628588 2.000000
v 0.064516 0.509075 -2.000000
v 0.064516 0.366577 -1.870968
v 0.064516 0.232688 -1.741935
v 0.064516 0.122767 -1.612903
v 0.064516 0.013521 -1.483871
v 0.064516 -0.016130 -1.354839
v 0.064516 0.116310 -1.225806
v 0.064516 0.272803 -1.096774
v 0.064516 0.246641 -0.967742
v 0.064516 0.120620 -0.838710
v 0.064516 0.159290 -0.709677
v 0.064516 0.342668 -0.580645
v 0.064516 0.474670 -0.451613
v 0.064516 0.518664 -0.322581
v 0.064516 0.722671 -0.193548
v 0.064516 0.932898 -0.064516
v 0.064516 1.025644 0.064516
v 0.064516 0.809881 0.193548
v 0.064516 0.561691 0.322581
v 0.064516 0.417425 0.451613
v 0.064516 0.345678 0.580645
v 0.064516 0.111877 0.709677
v 0.064516 0.063163 0.838710
v 0.064516 0.090556 0.967742
v 0.064516 0.205500 1.096774
v 0.064516 0.087135 1.225806
v 0.064516 -0.019711 1.354839
v 0.064516 -0.080674 1.483871
v 0.064516 0.051735 1.612903
v 0.064516 0.093454 1.741935
v 0.064516 0.264497 1.870968
v 0.064516 0.377493 2.000000
v 0.193548 0.541297 -2.000000
v 0.193548 0.442332 -1.870968
v 0.193548 0.285081 -1.741935
v 0.193548 0.111224 -1.612903
v 0.193548 -0.001773 -1.483871
v 0.193548 -0.002320 -1.354839
v 0.193548 0.103590 -1.225806
v 0.193548 0.295704 -1.096774
v 0.193548 0.241969 -0.967742
v 0.193548 0.185669 -0.838710
v 0.193548 0.109876 -0.709677
v 0.193548 0.221925 -0.580645
v 0.193548 0.316678 -0.451613
v 0.193548 0.435617 -0.322581
v 0.193548 0.584761 -0.193548
v 0.193548 0.861487 -0.064516
v 0.193548 0.995245 0.064516
v 0.193548 1.041489 0.193548
v 0.193548 0.770365 0.322581
v 0.193548 0.608247 0.451613
v 0.193548 0.383701 0.580645
v 0.193548 0.199266 0.709677
v 0.193548 0.064697 0.838710
v 0.193548 0.071744 0.967742
v 0.193548 0.051523 1.096774
v 0.193548 0.087111 1.225806
v 0.193548 -0.120295 1.354839
v 0.193548 -0.151254 1.483871
v 0.193548 -0.164000 1.612903
v 0.193548 -0.059351 1.741935
v 0.193548 0.036645 1.870968
v 0.193548 0.192199 2.000000
v 0.322581 0.584806 -2.000000
v 0.322581 0.421145 -1.870968
v 0.322581 0.271162 -1.741935
v 0.322581 0.088831 -1.612903
v 0.322581 0.027036 -1.483871
v 0.322581 -0.063574 -1.354839
v 0.322581 -0.038526 -1.225806
v 0.322581 0.038204 -1.096774
v 0.322581 0.078266 -0.967742
v 0.322581 0.138657 -0.838710
v 0.322581 0.078377 -0.709677
v 0.322581 0.002638 -0.580645
v 0.322581 0.129577 -0.451613
v 0.322581 0.340094 -0.322581
v 0.322581 0.552107 -0.193548
v 0.322581 0.702707 -0.064516
v 0.322581 0.790956 0.064516
v 0.322581 1.003643 0.193548
v 0.322581 1.016616 0.322581
v 0.322581 0.811348 0.451613
v 0.322581 0.476630 0.580645
v 0.322581 0.291437 0.709677
v 0.322581 0.243734 0.838710
v 0.322581 0.196023 0.967742
v 0.322581 0.030980 1.096774
v 0.322581 -0.027169 1.225806
v 0.322581 -0.142443 1.354839
v 0.322581 -0.110511 1.483871
v 0.322581 -0.181996 1.612903
v 0.322581 -0.155786 1.741935
v 0.322581 -0.083442 1.870968
v 0.322581 0.033878 2.000000
v 0.451613 0.372453 -2.000000
v 0.451613 0.396602 -1.870968
v 0.451613 0.339254 -1.741935
v 0.451613 0.207480 -1.612903
v 0.451613 -0.019630 -1.483871
v 0.451613 -0.114427 -1.354839
v 0.451613 -0.194979 -1.225806
v 0.451613 -0.170902 -1.096774
v 0.451613 -0.228643 -0.967742
v 0.451613 -0.140520 -0.838710
v 0.451613 -0.138598 -0.709677
v 0.451613 -0.112078 -0.580645
v 0.451613 0.007047 -0.451613
v 0.451613 0.295145 -0.322581
v 0.451613 0.473582 -0.193548
v 0.451613 0.583839 -0.064516
v 0.451613 0.662019 0.064516
v 0.451613 0.916990 0.193548
v 0.451613 1.022253 0.322581
v 0.451613 0.892475 0.451613
v 0.451613 0.615336 0.580645
v 0.451613 0.531908 0.709677
v 0.451613 0.475357 0.838710
v 0.451613 0.272662 0.967742
v 0.451613 0.000060 1.096774
v 0.451613 -0.072971 1.225806
v 0.451613 -0.109878 1.354839
v 0.451613 -0.144031 1.483871
v 0.451613 -0.244668 1.612903
v 0.451613 -0.190310 1.741935
v 0.451613 0.002627 1.870968
v 0.451613 0.085747 2.000000
v 0.580645 0.220594 -2.000000
v 0.580645 0.348003 -1.870968
v 0.580645 0.285027 -1.741935
v 0.580645 0.173408 -1.612903
v 0.580645 -0.048385 -1.483871
v 0.580645 -0.070062 -1.354839
v 0.580645 -0.260196 -1.225806
v 0.580645 -0.428777 -1.096774
v 0.580645 -0.496586 -0.967742
v 0.580645 -0.294958 -0.838710
v 0.580645 -0.199352 -0.709677
v 0.580645 -0.128190 -0.580645
v 0.580645 -0.078368 -0.451613
v 0.580645 0.216089 -0.322581
v 0.580645 0.396479 -0.193548
v 0.580645 0.480486 -0.064516
v 0.580645 0.446868 0.064516
v 0.580645 0.640015 0.193548
v 0.580645 0.829009 0.322581
v 0.580645 0.925045 0.451613
v 0.580645 0.829970 0.580645
v 0.580645 0.769280 0.709677
v 0.580645 0.565244 0.838710
v 0.580645 0.373669 0.967742
v 0.580645 0.103646 1.096774
v 0.580645 -0.031988 1.225806
v 0.580645 -0.173903 1.354839
v 0.580645 -0.254585 1.483871
v 0.580645 -0.205417 1.612903
v 0.580645 0.018716 1.741935
v 0.580645 0.079537 1.870968
v 0.580645 0.043659 2.000000
v 0.709677 0.041827 -2.000000
v 0.709677 0.084895 -1.870968
v 0.709677 0.141834 -1.741935
v 0.709677 -0.004553 -1.612903
v 0.709677 -0.152227 -1.483871
v 0.709677 -0.246067 -1.354839
v 0.709677 -0.383338 -1.225806
v 0.709677 -0.540995 -1.096774
v 0.709677 -0.493596 -0.967742
v 0.709677 -0.381975 -0.838710
v 0.709677 -0.160682 -0.709677
v 0.709677 -0.051503 -0.580645
v 0.709677 0.033985 -0.451613
v 0.709677 0.142328 -0.322581
v 0.709677 0.212787 -0.193548
v 0.709677 0.267758 -0.064516
v 0.709677 0.325666 0.064516
v 0.709677 0.431390 0.193548
v 0.709677 0.636113 0.322581
v 0.709677 0.839464 0.451613
v 0.709677 0.977849 0.580645
v 0.709677 0.926771 0.709677
v 0.709677 0.646377 0.838710
v 0.709677 0.397778 0.967742
v 0.709677 0.143933 1.096774
v 0.709677 0.013668 1.225806
v 0.709677 -0.121448 1.354839
v 0.709677 -0.185066 1.483871
v 0.709677 -0.044260 1.612903
v 0.709677 0.152583 1.741935
v 0.709677 0.111707 1.870968
v 0.709677 0.016752 2.000000
v 0.838710 -0.136143 -2.000000
v 0.838710 -0.218064 -1.870968
v 0.838710 -0.232449 -1.741935
v 0.838710 -0.189948 -1.612903
v 0.838710 -0.261029 -1.483871
v 0.838710 -0.382813 -1.354839
v 0.838710 -0.587510 -1.225806
v 0.838710 -0.580345 -1.096774
v 0.838710 -0.529806 -0.967742
v 0.838710 -0.374406 -0.838710
v 0.838710 -0.240648 -0.709677
v 0.838710 -0.111185 -0.580645
v 0.838710 -0.015181 -0.451613
v 0.838710 0.119182 -0.322581
v 0.838710 0.107468 -0.193548
v 0.838710 0.202014 -0.064516
v 0.838710 0.176907 0.064516
v 0.838710 0.371108 0.193548
v 0.838710 0.631737 0.322581
v 0.838710 0.873643 0.451613
v 0.838710 0.911497 0.580645
v 0.838710 0.870937 0.709677
v 0.838710 0.658289 0.838710
v 0.838710 0.542595 0.967742
v 0.838710 0.190484 1.096774
v 0.838710 -0.000178 1.225806
v 0.838710 -0.071290 1.354839
v 0.838710 0.096667 1.483871
v 0.838710 0.173559 1.612903
v 0.838710 0.174005 1.741935
v 0.838710 0.023458 1.870968
v 0.838710 -0.004979 2.000000
v 0.967742 -0.373305 -2.000000
v 0.967742 -0.493193 -1.870968
v 0.967742 -0.456666 -1.741935
v 0.967742 -0.387549 -1.612903
v 0.967742 -0.416729 -1.483871
v 0.967742 -0.549615 -1.354839
v 0.967742 -0.639442 -1.225806
v 0.967742 -0.661185 -1.096774
v 0.967742 -0.625680 -0.967742
v 0.967742 -0.518565 -0.838710
v 0.967742 -0.284174 -0.709677
v 0.967742 -0.138971 -0.580645
v 0.967742 0.011427 -0.451613
v 0.967742 0.074776 -0.322581
v 0.967742 0.175587 -0.193548
v 0.967742 0.164963 -0.064516
v 0.967742 0.111308 0.064516
v 0.967742 0.167960 0.193548
v 0.967742 0.505788 0.322581
v 0.967742 0.678598 0.451613
v 0.967742 0.746875 0.580645
v 0.967742 0.657809 0.709677
v 0.967742 0.682464 0.838710
v 0.967742 0.592832 0.967742
v 0.967742 0.373258 1.096774
v 0.967742 0.098931 1.225806
v 0.967742 0.188111 1.354839
v 0.967742 0.324889 1.483871
v 0.967742 0.372565 1.612903
v 0.967742 0.176274 1.741935
v 0.967742 0.109226 1.870968
v 0.967742 -0.008594 2.000000
v 1.096774 -0.691175 -2.000000
v 1.096774 -0.593045 -1.870968
v 1.096774 -0.489618 -1.741935
v 1.096774 -0.390518 -1.612903
v 1.096774 -0.512732 -1.483871
v 1.096774 -0.513785 -1.354839
v 1.096774 -0.544164 -1.225806
v 1.096774 -0.594126 -1.096774
v 1.096774 -0.729475 -0.967742
v 1.096774 -0.634793 -0.838710
v 1.096774 -0.362080 -0.709677
v 1.096774 -0.038223 -0.580645
v 1.096774 -0.003220 -0.451613
v 1.096774 0.013033 -0.322581
v 1.096774 0.105788 -0.193548
v 1.096774 0.144317 -0.064516
v 1.096774 0.030567 0.064516
v 1.096774 -0.015565 0.193548
v 1.096774 0.164217 0.322581
v 1.096774 0.457881 0.451613
v 1.096774 0.603162 0.580645
v 1.096774 0.601016 0.709677
v 1.096774 0.616330 0.838710
v 1.096774 0.596891 0.967742
v 1.096774 0.489395 1.096774
v 1.096774 0.335704 1.225806
v 1.096774 0.353066 1.354839
v 1.096774 0.376314 1.483871
v 1.096774 0.334082 1.612903
v 1.096774 0.224999 1.741935
v 1.096774 0.172229 1.870968
v 1.096774 0.046654 2.000000
v 1.225806 -0.756809 -2.000000
v 1.225806 -0.710422 -1.870968
v 1.225806 -0.591745 -1.741935
v 1.225806 -0.487025 -1.612903
v 1.225806 -0.387186 -1.483871
v 1.225806 -0.402017 -1.354839
v 1.225806 -0.368258 -1.225806
v 1.225806 -0.537933 -1.096774
v 1.225806 -0.562433 -0.967742
v 1.225806 -0.490411 -0.838710
v 1.225806 -0.263828 -0.709677
v 1.225806 -0.062128 -0.580645
v 1.225806 0.007690 -0.451613
v 1.225806 -0.037652 -0.322581
v 1.225806 0.075588 -0.193548
v 1.225806 -0.008493 -0.064516
v 1.225806 -0.115705 0.064516
v 1.225806 -0.234940 0.193548
v 1.225806 -0.090360 0.322581
v 1.225806 0.175981 0.451613
v 1.225806 0.383563 0.580645
v 1.225806 0.428752 0.709677
v 1.225806 0.541886 0.838710
v 1.225806 0.621091 0.967742
v 1.225806 0.693439 1.096774
v 1.225806 0.567144 1.225806
v 1.225806 0.510612 1.354839
v 1.225806 0.450588 1.483871
v 1.225806 0.342971 1.612903
v 1.225806 0.220138 1.741935
v 1.225806 0.070724 1.870968
v 1.225806 -0.087597 2.000000
v 1.354839 -0.733137 -2.000000
v 1.354839 -0.701084 -1.870968
v 1.354839 -0.580973 -1.741935
v 1.354839 -0.492247 -1.612903
v 1.354839 -0.276444 -1.483871
v 1.354839 -0.298655 -1.354839
v 1.354839 -0.250166 -1.225806
v 1.354839 -0.346093 -1.096774
v 1.354839 -0.295050 -0.967742
v 1.354839 -0.275826 -0.838710
v 1.354839 -0.225874 -0.709677
v 1.354839 -0.190500 -0.580645
v 1.354839 -0.067229 -0.451613
v 1.354839 -0.090356 -0.322581
v 1.354839 -0.099352 -0.193548
v 1.354839 -0.248696 -0.064516
v 1.354839 -0.216919 0.064516
v 1.354839 -0.196812 0.193548
v 1.354839 -0.148915 0.322581
v 1.354839 -0.061910 0.451613
v 1.354839 0.106490 0.580645
v 1.354839 0.321227 0.709677
v 1.354839 0.544776 0.838710
v 1.354839 0.576342 0.967742
v 1.354839 0.685994 1.096774
v 1.354839 0.749860 1.225806
v 1.354839 0.730528 1.354839
v 1.354839 0.604452 1.483871
v 1.354839 0.325982 1.612903
v 1.354839 0.127826 1.741935
v 1.354839 0.008315 1.870968
v 1.354839 -0.135734 2.000000
v 1.483871 -0.544596 -2.000000
v 1.483871 -0.493629 -1.870968
v 1.483871 -0.516723 -1.741935
v 1.483871 -0.468274 -1.612903
v 1.483871 -0.292923 -1.483871
v 1.483871 -0.201659 -1.354839
v 1.483871 -0.233207 -1.225806
v 1.483871 -0.333692 -1.096774
v 1.483871 -0.274761 -0.967742
v 1.483871 -0.109743 -0.838710
v 1.483871 -0.126836 -0.709677
v 1.483871 -0.286418 -0.580645
v 1.483871 -0.276253 -0.451613
v 1.483871 -0.205416 -0.322581
v 1.483871 -0.177545 -0.193548
v 1.483871 -0.307496 -0.064516
v 1.483871 -0.330430 0.064516
v 1.483871 -0.196438 0.193548
v 1.483871 -0.047915 0.322581
v 1.483871 -0.046244 0.451613
v 1.483871 0.041059 0.580645
v 1.483871 0.267872 0.709677
v 1.483871 0.528993 0.838710
v 1.483871 0.578686 0.967742
v 1.483871 0.664210 1.096774
v 1.483871 0.752279 1.225806
v 1.483871 0.803912 1.354839
v 1.483871 0.647280 1.483871
v 1.483871 0.401203 1.612903
v 1.483871 0.191144 1.741935
v 1.483871 0.077146 1.870968
v 1.483871 -0.166814 2.000000
v 1.612903 -0.570312 -2.000000
v 1.612903 -0.470164 -1.870968
v 1.612903 -0.350206 -1.741935
v 1.612903 -0.420596 -1.612903
v 1.612903 -0.407886 -1.483871
v 1.612903 -0.295803 -1.354839
v 1.612903 -0.193577 -1.225806
v 1.612903 -0.303089 -1.096774
v 1.612903 -0.279852 -0.967742
v 1.612903 -0.219017 -0.838710
v 1.612903 -0.066740 -0.709677
v 1.612903 -0.172363 -0.580645
v 1.612903 -0.250024 -0.451613
v 1.612903 -0.280640 -0.322581
v 1.612903 -0.187270 -0.193548
v 1.612903 -0.283842 -0.064516
v 1.612903 -0.277546 0.064516
v 1.612903 -0.297005 0.193548
v 1.612903 -0.130647 0.322581
v 1.612903 -0.067406 0.451613
v 1.612903 0.163278 0.580645
v 1.612903 0.385054 0.709677
v 1.612903 0.621019 0.838710
v 1.612903 0.589669 0.967742
v 1.612903 0.670634 1.096774
v 1.612903 0.731876 1.225806
v 1.612903 0.796327 1.354839
v 1.612903 0.511661 1.483871
v 1.612903 0.316167 1.612903
v 1.612903 0.187745 1.741935
v 1.612903 0.200514 1.870968
v 1.612903 -0.053890 2.000000
v 1.741935 -0.650486 -2.000000
v 1.741935 -0.531290 -1.870968
v 1.741935 -0.393834 -1.741935
v 1.741935 -0.378462 -1.612903
v 1.741935 -0.392945 -1.483871
v 1.741935 -0.242069 -1.354839
v 1.741935 -0.145421 -1.225806
v 1.741935 -0.226741 -1.096774
v 1.741935 -0.261805 -0.967742
v 1.741935 -0.237087 -0.838710
v 1.741935 -0.120994 -0.709677
v 1.741935 -0.090258 -0.580645
v 1.741935 -0.217910 -0.451613
v 1.741935 -0.210903 -0.322581
v 1.741935 -0.160141 -0.193548
v 1.741935 -0.180230 -0.064516
v 1.741935 -0.274048 0.064516
v 1.741935 -0.369350 0.193548
v 1.741935 -0.304570 0.322581
v 1.741935 -0.049428 0.451613
v 1.741935 0.226595 0.580645
v 1.741935 0.506684 0.709677
v 1.741935 0.595916 0.838710
v 1.741935 0.655939 0.967742
v 1.741935 0.657064 1.096774
v 1.741935 0.661896 1.225806
v 1.741935 0.523719 1.354839
v 1.741935 0.287673 1.483871
v 1.741935 0.122857 1.612903
v 1.741935 0.190629 1.741935
v 1.741935 0.150169 1.870968
v 1.741935 0.045888 2.000000
v 1.870968 -0.600582 -2.000000
v 1.870968 -0.691340 -1.870968
v 1.870968 -0.583442 -1.741935
v 1.870968 -0.460668 -1.612903
v 1.870968 -0.299583 -1.483871
v 1.870968 -0.291409 -1.354839
v 1.870968 -0.218902 -1.225806
v 1.870968 -0.225085 -1.096774
v 1.870968 -0.075345 -0.967742
v 1.870968 -0.138562 -0.838710
v 1.870968 -0.105868 -0.709677
v 1.870968 -0.120036 -0.580645
v 1.870968 -0.034779 -0.451613
v 1.870968 -0.011838 -0.322581
v 1.870968 -0.056273 -0.193548
v 1.870968 -0.222926 -0.064516
v 1.870968 -0.273402 0.064516
v 1.870968 -0.428892 0.193548
v 1.870968 -0.356301 0.322581
v 1.870968 -0.203436 0.451613
v 1.870968 0.093408 0.580645
v 1.870968 0.375054 0.709677
v 1.870968 0.534360 0.838710
v 1.870968 0.564710 0.967742
v 1.870968 0.566143 1.096774
v 1.870968 0.421153 1.225806
v 1.870968 0.333270 1.354839
v 1.870968 0.209965 1.483871
v 1.870968 0.152436 1.612903
v 1.870968 0.137973 1.741935
v 1.870968 0.114699 1.870968
v 1.870968 0.082910 2.000000
v 2.000000 -0.632552 -2.000000
v 2.000000 -0.734929 -1.870968
v 2.000000 -0.725154 -1.741935
v 2.000000 -0.491130 -1.612903
v 2.000000 -0.380181 -1.483871
v 2.000000 -0.316902 -1.354839
v 2.000000 -0.282933 -1.225806
v 2.000000 -0.057173 -1.096774
v 2.000000 0.003294 -0.967742
v 2.000000 -0.089329 -0.838710
v 2.000000 -0.176640 -0.709677
v 2.000000 -0.058741 -0.580645
v 2.000000 0.026600 -0.451613
v 2.000000 0.062130 -0.322581
v 2.000000 -0.111899 -0.193548
v 2.000000 -0.151755 -0.064516
v 2.000000 -0.204554 0.064516
v 2.000000 -0.325596 0.193548
v 2.000000 -0.407279 0.322581
v 2.000000 -0.260817 0.451613
v 2.000000 -0.036931 0.580645
v 2.000000 0.210057 0.709677
v 2.000000 0.298649 0.838710
v 2.000000 0.372036 0.967742
v 2.000000 0.335612 1.096774
v 2.000000 0.222977 1.225806
v 2.000000 0.144009 1.354839
v 2.000000 0.163469 1.483871
v 2.000000 0.165102 1.612903
v 2.000000 0.110764 1.741935
v 2.000000 0.087352 1.870968
v 2.000000 0.127306 2.000000

vn 0.302898 -0.758969 0.576384
vn 0.291210 -0.758635 0.582812
vn 0.139917 -0.922445 0.359887
vn 0.358237 -0.832714 -0.422200
vn 0.508720 -0.754126 -0.415329
vn 0.353677 -0.904247 0.239268
vn -0.559572 -0.797081 0.227028
vn -0.783913 -0.515677 -0.345771
vn -0.618318 -0.408973 -0.671136
vn -0.620629 -0.441911 -0.647715
vn -0.877898 -0.451494 -0.159524
vn -0.812775 -0.493391 -0.309778
vn -0.481662 -0.822700 -0.301939
vn 0.296055 -0.842160 0.450685
vn 0.081587 -0.574800 0.814216
vn -0.169130 -0.680436 0.713023
vn -0.315697 -0.884025 0.344724
vn 0.083648 -0.990099 -0.112722
vn 0.170565 -0.928073 0.331040
vn 0.471281 -0.878999 -0.072496
vn 0.519694 -0.853409 0.040144
vn 0.793981 -0.599990 0.098012
vn 0.679440 -0.646351 0.347262
vn 0.668122 -0.743362 0.032035
vn 0.389311 -0.790308 -0.473128
vn 0.064690 -0.504391 -0.861049
vn -0.293286 -0.474115 -0.830180
vn -0.241054 -0.455683 -0.856882
vn -0.111615 -0.907878 -0.404103
vn 0.619375 -0.733384 0.280217
vn 0.388868 -0.518662 0.761427
vn 0.596872 -0.492556 0.633350
vn 0.285477 -0.838235 0.464613
vn 0.045792 -0.863244 0.502706
vn -0.211863 -0.867265 0.450517
vn -0.046649 -0.995617 -0.081064
vn 0.177178 -0.801472 -0.571184
vn -0.085268 -0.958291 -0.272778
vn -0.590369 -0.806802 -0.023133
vn -0.730213 -0.582584 -0.356911
vn -0.532726 -0.475109 -0.700339
vn -0.452190 -0.446291 -0.772236
vn -0.749506 -0.519968 -0.409724
vn -0.768709 -0.637163 -0.055768
vn -0.278446 -0.945387 0.169447
vn 0.353976 -0.788577 0.502839
vn 0.161378 -0.707087 0.688466
vn -0.194459 -0.692650 0.694566
vn -0.203778 -0.783314 0.587277
vn 0.140372 -0.979635 0.143568
vn 0.178606 -0.966645 0.183569
vn 0.023697 -0.991220 0.130085
vn 0.180540 -0.965592 0.187185
vn 0.532436 -0.797993 0.282345
vn 0.567563 -0.789969 0.231996
vn 0.315586 -0.947724 -0.047156
vn 0.128159 -0.821825 -0.555139
vn 0.045190 -0.513101 -0.857138
vn 0.007790 -0.468626 -0.883362
vn 0.106165 -0.502296 -0.858154
vn 0.311433 -0.891660 -0.328559
vn 0.582701 -0.713760 0.388594
vn 0.521290 -0.513984 0.681232
vn 0.438705 -0.452422 0.776436
vn 0.482865 -0.868396 0.112831
vn 0.275414 -0.961232 -0.013440
vn -0.358443 -0.920466 0.155760
vn -0.616521 -0.781089 0.099005
vn -0.468433 -0.771295 -0.430901
vn -0.453330 -0.610109 -0.649815
vn -0.781327 -0.522202 -0.341809
vn -0.838631 -0.473838 -0.268657
vn -0.715241 -0.525932 -0.460246
vn -0.355159 -0.477145 -0.803862
vn -0.415466 -0.655921 -0.630203
vn -0.525025 -0.810477 0.259760
vn -0.089486 -0.656160 0.749297
vn 0.229878 -0.779624 0.582531
vn 0.062214 -0.944487 0.322603
vn -0.172328 -0.852038 0.494302
vn -0.140693 -0.659796 0.738156
vn 0.210755 -0.872719 0.440390
vn 0.326231 -0.944632 0.035261
vn 0.181554 -0.982107 -0.050035
vn 0.047336 -0.956171 0.288958
vn 0.091318 -0.860438 0.501306
vn -0.063119 -0.997834 0.018514
vn -0.370294 -0.878149 -0.302881
vn -0.382698 -0.735171 -0.559523
vn -0.110920 -0.534853 -0.837633
vn 0.126169 -0.532529 -0.836956
vn 0.482643 -0.611466 -0.627029
vn 0.830034 -0.531858 -0.167843
vn 0.817632 -0.458681 0.347979
vn 0.726647 -0.454427 0.515248
vn 0.549228 -0.418519 0.723319
vn 0.047726 -0.857432 0.512379
vn 0.279916 -0.940935 -0.190494
vn -0.061901 -0.888726 -0.454240
vn -0.605158 -0.743351 -0.284979
vn -0.806894 -0.538508 -0.242756
vn -0.628287 -0.489562 -0.604636
vn -0.697798 -0.469365 -0.541087
vn -0.825556 -0.471738 -0.309710
vn -0.838901 -0.523619 -0.148551
vn -0.528561 -0.675045 -0.514722
vn 0.193317 -0.804807 -0.561172
vn 0.279620 -0.924929 0.257524
vn -0.018123 -0.573366 0.819099
vn -0.260580 -0.825375 0.500854
vn -0.354265 -0.912999 0.202310
vn -0.352119 -0.840369 0.412057
vn -0.339717 -0.555704 0.758805
vn -0.204626 -0.811602 0.547202
vn 0.025627 -0.991604 0.126748
vn 0.313581 -0.949168 0.027315
vn 0.439701 -0.869653 0.224424
vn 0.112358 -0.980556 0.160887
vn -0.343671 -0.872133 -0.348245
vn -0.452063 -0.738132 -0.500799
vn -0.430046 -0.834059 -0.345552
vn -0.032994 -0.763219 -0.645297
vn 0.387423 -0.594143 -0.704909
vn 0.695196 -0.673289 -0.251763
vn 0.865906 -0.471958 0.165719
vn 0.893965 -0.370238 0.252488
vn 0.845878 -0.471012 0.250275
vn 0.653290 -0.533128 0.537575
vn -0.539531 -0.721865 0.433379
vn -0.304882 -0.947962 0.091736
vn 0.083852 -0.696032 -0.713097
vn -0.144793 -0.598648 -0.787817
vn -0.597736 -0.578978 -0.554523
vn -0.751707 -0.497188 -0.433291
vn -0.592740 -0.469974 -0.654051
vn -0.669660 -0.618900 -0.410508
vn -0.702840 -0.708833 0.059768
vn -0.512311 -0.789228 0.338609
vn 0.440377 -0.889215 0.123954
vn 0.785754 -0.612655 0.085121
vn 0.544743 -0.698386 0.464233
vn -0.122493 -0.888554 0.442116
vn -0.472867 -0.863627 0.174771
vn -0.469364 -0.810448 0.350531
vn -0.530070 -0.624065 0.574080
vn -0.596441 -0.498260 0.629281
vn -0.469465 -0.740133 0.481462
vn -0.060107 -0.887585 0.456705
vn 0.328866 -0.885068 0.329395
vn 0.365973 -0.906299 -0.211390
vn 0.056452 -0.819599 -0.570150
vn -0.074638 -0.818373 -0.569819
vn -0.129102 -0.963492 -0.234556
vn 0.135723 -0.965729 -0.221240
vn 0.585894 -0.711622 -0.387714
vn 0.796499 -0.601868 0.057824
vn 0.638873 -0.510515 0.575513
vn 0.688648 -0.685280 0.236971
vn 0.733783 -0.679173 -0.016950
vn 0.786379 -0.617110 -0.027994
vn -0.319293 -0.896468 0.307239
vn -0.648125 -0.708625 0.278899
vn -0.433349 -0.876580 -0.209325
vn 0.252158 -0.574299 -0.778843
vn 0.229424 -0.480198 -0.846626
vn -0.238549 -0.574724 -0.782807
vn -0.486472 -0.592255 -0.642323
vn -0.381198 -0.874212 -0.300736
vn -0.000801 -0.985201 0.171400
vn 0.036317 -0.805142 0.591969
vn 0.079379 -0.715762 0.693819
vn 0.470233 -0.796231 0.380652
vn 0.645395 -0.748803 0.150861
vn 0.523045 -0.840140 -0.143489
vn 0.042990 -0.989887 -0.135189
vn -0.295034 -0.933852 0.202175
vn -0.448524 -0.743703 0.495714
vn -0.448679 -0.565910 0.691689
vn -0.402491 -0.563683 0.721292
vn -0.337183 -0.753644 0.564206
vn -0.389572 -0.775835 0.496300
vn -0.289301 -0.952571 -0.094410
vn 0.047669 -0.878349 -0.475637
vn 0.400008 -0.751145 -0.525142
vn 0.343334 -0.872749 -0.347031
vn 0.189646 -0.978216 0.084428
vn 0.482483 -0.860423 0.163962
vn 0.766155 -0.625640 0.146904
vn 0.609767 -0.668568 0.425676
vn 0.120626 -0.973631 0.193628
vn -0.138983 -0.977376 0.159435
vn 0.246241 -0.932925 0.262709
vn 0.405249 -0.910016 -0.087432
vn 0.084567 -0.992492 -0.088362
vn -0.286971 -0.925519 0.247109
vn 0.050742 -0.908256 -0.415326
vn 0.293225 -0.464286 -0.835738
vn 0.207093 -0.405150 -0.890486
vn 0.108166 -0.699989 -0.705914
vn 0.226404 -0.973433 -0.034185
vn 0.402986 -0.806306 0.432981
vn 0.427220 -0.789399 0.440831
vn 0.170364 -0.741724 0.648708
vn 0.087211 -0.769549 0.632605
vn 0.249927 -0.941034 0.228015
vn 0.172229 -0.956351 -0.236073
vn 0.142312 -0.919136 -0.367338
vn 0.272322 -0.956647 0.103283
vn 0.337965 -0.885370 0.319219
vn 0.057794 -0.710772 0.701044
vn -0.196713 -0.647656 0.736102
vn -0.438587 -0.718946 0.539221
vn -0.590924 -0.785984 0.181763
vn -0.748648 -0.662491 0.025124
vn -0.683006 -0.729698 -0.032304
vn -0.176682 -0.981375 0.075409
vn 0.551619 -0.743386 -0.378276
vn 0.633506 -0.773738 -0.000653
vn 0.575903 -0.754712 0.314238
vn 0.617599 -0.673533 0.406109
vn 0.614248 -0.788462 -0.032060
vn 0.108887 -0.946216 -0.304662
vn -0.263300 -0.959044 -0.104438
vn -0.425153 -0.719423 0.549250
vn 0.591423 -0.790544 -0.158929
vn 0.472316 -0.810032 -0.347514
vn 0.155404 -0.986203 -0.057035
vn -0.128055 -0.988940 -0.074829
vn 0.064972 -0.601113 -0.796518
vn 0.272671 -0.384576 -0.881903
vn 0.548932 -0.621573 -0.558857
vn 0.651476 -0.753446 0.088871
vn 0.533322 -0.736889 0.415405
vn 0.485965 -0.848653 0.208869
vn 0.222339 -0.868892 0.442257
vn -0.111562 -0.834783 0.539158
vn -0.371861 -0.910799 0.179343
vn -0.451463 -0.854740 -0.256126
vn -0.146147 -0.965261 -0.216591
vn 0.290867 -0.874130 0.388964
vn 0.560746 -0.704247 0.435431
vn 0.577468 -0.738843 0.347334
vn 0.274712 -0.782253 0.559118
vn 0.122974 -0.875563 0.467191
vn -0.250381 -0.965101 -0.076746
vn -0.593852 -0.784421 -0.178952
vn -0.573431 -0.795472 0.195962
vn -0.189105 -0.737393 0.648452
vn 0.519721 -0.802085 0.294194
vn 0.759644 -0.649780 0.026958
vn 0.697306 -0.674692 0.241983
vn 0.526958 -0.777114 0.344107
vn 0.515605 -0.822939 -0.238587
vn 0.113312 -0.761136 -0.638618
vn -0.197833 -0.890381 -0.409981
vn -0.356518 -0.891197 0.280468
vn 0.214649 -0.922147 -0.321825
vn 0.241295 -0.879916 -0.409298
vn 0.185641 -0.840696 -0.508692
vn -0.192970 -0.967782 -0.161742
vn -0.023615 -0.699139 -0.714596
vn 0.263896 -0.597587 -0.757132
vn 0.658885 -0.535428 -0.528381
vn 0.708462 -0.693313 -0.131902
vn 0.473328 -0.868083 0.149641
vn 0.226698 -0.957997 0.175642
vn 0.138559 -0.986885 0.082824
vn -0.275144 -0.944601 0.178952
vn -0.466769 -0.823729 -0.321866
vn -0.553736 -0.832562 -0.014709
vn -0.048409 -0.886939 0.459344
vn 0.307874 -0.669721 0.675786
vn 0.433731 -0.735245 0.520857
vn 0.492225 -0.831737 0.256765
vn 0.377610 -0.855069 0.355342
vn 0.144209 -0.895616 0.420804
vn 0.141906 -0.940072 -0.310044
vn -0.019587 -0.890048 -0.455446
vn 0.055673 -0.947562 0.314686
vn 0.206091 -0.549051 0.809981
vn 0.541429 -0.518714 0.661658
vn 0.834614 -0.544495 0.083337
vn 0.785872 -0.614956 -0.065070
vn 0.533592 -0.845521 0.019312
vn 0.160691 -0.947019 -0.278090
vn 0.106300 -0.643583 -0.757958
vn 0.063420 -0.743035 -0.666241
vn -0.314800 -0.895357 -0.315019
vn 0.244807 -0.766103 -0.594269
vn 0.154350 -0.875684 -0.457552
vn 0.296462 -0.805187 -0.513599
vn 0.344559 -0.915614 -0.207196
vn 0.447746 -0.742119 -0.498781
vn 0.425294 -0.671432 -0.606881
vn 0.459042 -0.666691 -0.587200
vn 0.430273 -0.825662 -0.364893
vn 0.392176 -0.896175 -0.207529
vn 0.088477 -0.989535 -0.113981
vn -0.292585 -0.931820 -0.214721
vn -0.547315 -0.835688 0.045517
vn -0.273904 -0.956740 -0.098104
vn 0.260529 -0.948487 0.180269
vn 0.413334 -0.705186 0.576080
vn 0.097239 -0.682139 0.724729
vn 0.138021 -0.780718 0.609450
vn 0.332556 -0.874437 0.353224
vn 0.363156 -0.924991 0.111848
vn -0.088836 -0.989435 0.114570
vn -0.285207 -0.948761 -0.136051
vn 0.298542 -0.941865 -0.154150
vn 0.583891 -0.661450 0.470696
vn 0.391246 -0.466317 0.793394
vn 0.260685 -0.532281 0.805432
vn 0.509507 -0.817313 0.269079
vn 0.595837 -0.744384 -0.301447
vn 0.462368 -0.721837 -0.514944
vn 0.030387 -0.828917 -0.558545
vn 0.089153 -0.745691 -0.660301
vn 0.443610 -0.685780 -0.576989
vn 0.419849 -0.737702 -0.528700
vn 0.567436 -0.745247 -0.350175
vn 0.495410 -0.739118 -0.456369
vn 0.473843 -0.829538 -0.295531
vn 0.579085 -0.815065 0.018140
vn 0.705770 -0.660995 -0.254900
vn 0.553048 -0.478210 -0.682242
vn 0.320274 -0.599876 -0.733194
vn 0.102367 -0.849575 -0.517439
vn 0.275568 -0.953997 -0.118123
vn 0.432868 -0.821237 -0.371747
vn 0.183828 -0.791401 -0.583003
vn -0.053534 -0.997418 0.047866
vn 0.130664 -0.773062 0.620727
vn 0.629926 -0.603451 0.488917
vn 0.701951 -0.652911 0.284554
vn 0.401623 -0.822061 0.403627
vn 0.043378 -0.764902 0.642684
vn 0.016779 -0.850275 0.526071
vn 0.136148 -0.990586 -0.014243
vn 0.056335 -0.975416 -0.213050
vn 0.076564 -0.996246 0.040389
vn 0.288319 -0.822250 0.490690
vn 0.307079 -0.743288 0.594328
vn 0.144936 -0.629456 0.763399
vn -0.071990 -0.624498 0.777701
vn -0.236851 -0.859838 0.452305
vn -0.126352 -0.950853 -0.282690
vn -0.003594 -0.832822 -0.553529
vn 0.298777 -0.747477 -0.593305
vn 0.501353 -0.778322 -0.377968
vn 0.675060 -0.704488 -0.219068
vn 0.741108 -0.664613 -0.095123
vn 0.424568 -0.859535 -0.284502
vn 0.554701 -0.694481 -0.458262
vn 0.451665 -0.721187 -0.525251
vn 0.147896 -0.988182 -0.040292
vn 0.051023 -0.994683 -0.089461
vn 0.289164 -0.578451 -0.762744
vn 0.364772 -0.470826 -0.803283
vn 0.420951 -0.762943 -0.490630
vn 0.423014 -0.901894 0.087448
vn 0.551256 -0.833383 -0.039877
vn 0.683970 -0.579168 -0.443563
vn 0.796280 -0.604398 -0.025318
vn 0.622940 -0.545030 0.561148
vn 0.483121 -0.622495 0.615706
vn 0.557254 -0.772217 0.305204
vn 0.702034 -0.698857 0.136916
vn 0.669428 -0.680639 0.297653
vn 0.315360 -0.871045 0.376602
vn -0.010523 -0.999852 0.013621
vn 0.126023 -0.991065 0.043682
vn 0.601562 -0.786229 0.141309
vn 0.498512 -0.803797 0.324647
vn -0.117415 -0.941027 0.317305
vn -0.451587 -0.689354 0.566446
vn -0.324544 -0.605237 0.726883
vn -0.319949 -0.815128 0.482906
vn -0.346631 -0.891826 -0.290678
vn -0.334470 -0.934123 -0.124674
vn 0.459625 -0.885718 0.065183
vn 0.788951 -0.614431 0.005510
vn 0.781182 -0.531051 -0.328238
vn 0.692896 -0.614808 -0.376704
vn 0.020839 -0.904737 -0.425461
vn -0.081078 -0.892776 -0.443144
vn -0.031052 -0.700138 -0.713332
vn -0.255235 -0.901811 -0.348700
vn -0.365045 -0.930807 -0.018459
vn -0.017440 -0.846677 -0.531821
vn 0.411591 -0.570986 -0.710329
vn 0.717240 -0.565477 -0.407189
vn 0.808356 -0.584965 -0.066154
vn 0.752741 -0.657428 0.034185
vn 0.784941 -0.594512 -0.174424
vn 0.829400 -0.558497 -0.013308
vn 0.715981 -0.620295 0.320319
vn 0.572209 -0.700138 0.427065
vn 0.489214 -0.745489 0.452676
vn 0.641075 -0.684224 0.347650
vn 0.716333 -0.658533 0.230653
vn 0.706744 -0.690559 -0.153759
vn 0.538633 -0.833340 -0.124178
vn 0.486292 -0.839352 0.242916
vn 0.558223 -0.765809 0.319255
vn 0.490876 -0.853227 -0.176197
vn 0.204097 -0.965041 -0.164441
vn -0.012004 -0.949603 0.313224
vn -0.253432 -0.532647 0.807502
vn -0.342081 -0.799604 0.493573
vn -0.286825 -0.951620 -0.110232
vn 0.038460 -0.999120 0.016762
vn 0.286031 -0.778677 0.558433
vn 0.454067 -0.876430 0.160291
vn 0.369315 -0.833954 -0.410033
vn 0.401636 -0.550957 -0.731529
vn -0.077822 -0.591613 -0.802457
vn -0.281848 -0.786229 -0.549914
vn -0.189380 -0.680455 -0.707895
vn -0.274495 -0.858791 -0.432586
vn -0.504632 -0.862273 0.042790
vn -0.421642 -0.906249 -0.030496
vn 0.168937 -0.906675 -0.386525
vn 0.693729 -0.661913 -0.283921
vn 0.740939 -0.659548 -0.126514
vn 0.706005 -0.696349 0.129055
vn 0.798504 -0.598576 -0.064020
vn 0.842503 -0.533552 -0.074230
vn 0.821111 -0.558343 0.118451
vn 0.729953 -0.610598 0.307145
vn 0.716360 -0.547270 0.432808
vn 0.789902 -0.514406 0.333829
vn 0.791622 -0.605095 0.084827
vn 0.717312 -0.680164 -0.151130
vn 0.689375 -0.690306 -0.219637
vn 0.550389 -0.809817 0.203144
vn 0.260538 -0.939471 0.222517
vn 0.305425 -0.926965 -0.217832
vn 0.398407 -0.889096 -0.225343
vn 0.335482 -0.926144 0.172366
vn -0.168441 -0.745753 0.644578
vn -0.414452 -0.752646 0.511619
vn -0.316204 -0.941162 0.119286
vn 0.019070 -0.972041 0.234038
vn -0.120213 -0.818577 0.561677
vn -0.107557 -0.969795 0.218928
vn 0.125135 -0.926794 -0.354111
vn 0.219761 -0.641294 -0.735152
vn -0.034171 -0.545369 -0.837499
vn -0.212826 -0.735356 -0.643395
vn -0.200921 -0.883417 -0.423325
vn 0.250137 -0.753476 -0.608034
vn 0.002997 -0.953606 -0.301042
vn -0.320528 -0.945638 -0.055061
vn -0.259609 -0.897370 0.356834
vn 0.429205 -0.900362 0.071637
vn 0.544291 -0.823769 -0.158594
vn 0.473231 -0.880772 0.017096
vn 0.449402 -0.825624 0.341150
vn 0.765440 -0.638481 0.080274
vn 0.815670 -0.508869 0.275198
vn 0.884353 -0.423146 0.197148
vn 0.857369 -0.398795 0.325394
vn 0.873867 -0.427946 0.230690
vn 0.873008 -0.486531 -0.033840
vn 0.806867 -0.554938 -0.202509
vn 0.748495 -0.587735 -0.307120
vn 0.579360 -0.775568 -0.250673
vn 0.043765 -0.998925 0.015306
vn -0.158428 -0.987247 0.015613
vn 0.153020 -0.988152 0.011892
vn 0.317984 -0.915850 -0.245164
vn -0.300982 -0.951808 -0.058912
vn -0.728466 -0.587576 0.352267
vn -0.685328 -0.625005 0.373757
vn -0.481966 -0.820589 0.307151
vn -0.603743 -0.777980 0.173901
vn -0.743683 -0.617278 0.256715
vn -0.386501 -0.864048 0.322548
vn 0.281148 -0.959274 -0.027368
vn 0.114120 -0.642585 -0.757668
vn 0.170449 -0.645793 -0.744244
vn -0.123689 -0.926494 -0.355401
vn -0.148289 -0.874282 -0.462214
vn -0.041875 -0.873854 -0.484383
vn 0.137174 -0.979614 -0.146765
vn 0.239181 -0.838812 0.489067
vn 0.477048 -0.838249 0.264128
vn 0.378057 -0.886512 -0.266777
vn 0.291951 -0.941353 -0.169171
vn 0.233954 -0.822931 0.517735
vn 0.529899 -0.685081 0.499872
vn 0.612227 -0.627086 0.481603
vn 0.611241 -0.573925 0.544972
vn 0.740646 -0.464585 0.485392
vn 0.866681 -0.422704 0.264926
vn 0.884603 -0.417686 -0.207404
vn 0.717725 -0.504678 -0.479762
vn 0.506906 -0.690253 -0.516330
vn 0.438239 -0.690753 -0.575158
vn 0.193778 -0.831503 -0.520628
vn -0.375307 -0.906308 -0.194298
vn -0.572492 -0.798674 0.185400
vn -0.290366 -0.952123 -0.095655
vn 0.048350 -0.817637 -0.573700
vn -0.436019 -0.853796 -0.284462
vn -0.808853 -0.545477 0.219571
vn -0.854114 -0.432813 0.288376
vn -0.854496 -0.508813 0.104624
vn -0.797732 -0.537860 0.272635
vn -0.664905 -0.475640 0.575906
vn -0.453564 -0.678947 0.577331
vn 0.259568 -0.690836 -0.674811
vn 0.293615 -0.637551 -0.712263
vn 0.206712 -0.692608 -0.691061
vn -0.185679 -0.818241 -0.544063
vn -0.225701 -0.878979 -0.420066
vn -0.120712 -0.963726 0.238037
vn 0.187217 -0.716915 0.671552
vn 0.318341 -0.899548 0.299119
vn 0.310635 -0.861828 -0.400947
vn 0.189267 -0.935010 -0.299892
vn -0.082580 -0.857713 0.507454
vn -0.125810 -0.664861 0.736296
vn -0.013118 -0.823881 0.566611
vn -0.083881 -0.725527 0.683063
vn 0.021885 -0.557401 0.829955
vn 0.214496 -0.652733 0.726588
vn 0.632862 -0.774228 0.007466
vn 0.670697 -0.388900 -0.631603
vn 0.545754 -0.513536 -0.662143
vn 0.358125 -0.702963 -0.614482
vn 0.255694 -0.662395 -0.704169
vn -0.031747 -0.770637 -0.636483
vn -0.416622 -0.908251 -0.038807
vn -0.585895 -0.772140 0.246020
vn -0.401933 -0.899336 -0.172175
vn -0.012844 -0.719081 -0.694807
vn -0.501488 -0.797676 -0.334997
vn -0.752046 -0.655190 0.071786
vn -0.819854 -0.489481 0.297065
vn -0.764786 -0.553913 0.329064
vn -0.690124 -0.478779 0.542678
vn -0.717166 -0.479085 0.506114
vn 0.091567 -0.737623 -0.668975
vn 0.103892 -0.696896 -0.709607
vn 0.105656 -0.618884 -0.778344
vn 0.001408 -0.736774 -0.676138
vn -0.064326 -0.889181 -0.453011
vn -0.264261 -0.944480 0.195254
vn -0.384786 -0.654816 0.650505
vn -0.487531 -0.789589 0.372643
vn -0.325642 -0.912168 -0.248810
vn -0.023097 -0.870432 -0.491747
vn -0.297554 -0.954170 -0.031976
vn -0.631490 -0.570226 0.525417
vn -0.634241 -0.557384 0.535782
vn -0.444372 -0.643660 0.623086
vn -0.353102 -0.527990 0.772363
vn -0.511579 -0.510692 0.691000
vn -0.423651 -0.729738 0.536658
vn 0.275639 -0.910746 -0.307515
vn 0.663944 -0.384995 -0.641059
vn 0.600213 -0.431457 -0.673491
vn 0.360365 -0.571501 -0.737241
vn 0.438612 -0.599796 -0.669226
vn 0.491644 -0.814535 -0.307927
vn 0.147200 -0.980554 -0.129788
vn -0.464897 -0.884866 0.029712
vn -0.409395 -0.756290 -0.510315
vn -0.211222 -0.855922 -0.471998
vn -0.199678 -0.944426 -0.261129
vn -0.516555 -0.816001 0.259447
vn -0.655336 -0.631140 0.414966
vn -0.663128 -0.532967 0.525554
vn -0.702810 -0.481328 0.523815
vn -0.319376 -0.727222 -0.607575
vn 0.001018 -0.719964 -0.694011
vn 0.155356 -0.625757 -0.764390
vn 0.045556 -0.698624 -0.714037
vn -0.121035 -0.830980 -0.542976
vn -0.381672 -0.891240 -0.244986
vn -0.701118 -0.660937 0.267574
vn -0.843569 -0.491289 0.216855
vn -0.868942 -0.478816 0.125197
vn -0.736447 -0.669320 -0.098272
vn -0.544976 -0.763564 -0.346369
vn -0.674219 -0.707089 0.213199
vn -0.562850 -0.500817 0.657558
vn -0.360061 -0.531345 0.766830
vn -0.324843 -0.594727 0.735375
vn -0.536651 -0.598326 0.594989
vn -0.595309 -0.513125 0.618312
vn -0.352683 -0.811192 0.466456
vn 0.298507 -0.791107 -0.533895
vn 0.486281 -0.407428 -0.773003
vn 0.511573 -0.458138 -0.726913
vn 0.668188 -0.562411 -0.487051
vn 0.704282 -0.609778 -0.363535
vn 0.488330 -0.692668 -0.530796
vn -0.080280 -0.850928 -0.519111
vn -0.325694 -0.867517 -0.375950
vn -0.123145 -0.924929 -0.359641
vn -0.081360 -0.968786 -0.234168
vn -0.192576 -0.980088 -0.048403
vn -0.199899 -0.854969 0.478611
vn -0.084323 -0.811142 0.578738
vn -0.330793 -0.670306 0.664278
vn -0.651511 -0.702626 0.286096
vn -0.400027 -0.860638 -0.315088
vn -0.060571 -0.784212 -0.617530
vn 0.140962 -0.575828 -0.805327
vn -0.042624 -0.787417 -0.614945
vn -0.146891 -0.779537 -0.608888
vn -0.638844 -0.722086 -0.265463
vn -0.863193 -0.504231 -0.025469
vn -0.871313 -0.463548 0.161051
vn -0.788013 -0.572362 0.226798
vn -0.647909 -0.755273 0.098875
vn -0.504199 -0.820254 0.270122
vn -0.411693 -0.518661 0.749333
vn -0.276820 -0.497717 0.821979
vn -0.376595 -0.629636 0.679511
vn -0.617503 -0.674007 0.405467
vn -0.663749 -0.505961 0.550855
vn -0.591088 -0.479245 0.648799
vn -0.390375 -0.920592 0.010851
vn 0.267498 -0.593329 -0.759214
vn 0.631452 -0.476916 -0.611408
vn 0.742781 -0.528294 -0.411316
vn 0.657896 -0.553413 -0.510791
vn 0.428792 -0.510696 -0.745203
vn 0.172774 -0.661987 -0.729330
vn -0.139222 -0.879788 -0.454521
vn -0.243769 -0.893674 -0.376728
vn -0.239242 -0.945841 -0.219425
vn 0.050887 -0.997340 -0.052180
vn 0.240669 -0.805523 0.541490
vn 0.265668 -0.803123 0.533304
vn 0.179947 -0.795410 0.578742
vn -0.766196 -0.516304 0.382588
vn -0.696407 -0.709542 0.107552
vn -0.516836 -0.709033 -0.479742
vn -0.414602 -0.588213 -0.694342
vn -0.404199 -0.683599 -0.607714
vn -0.333901 -0.754160 -0.565467
vn -0.339238 -0.604923 -0.720406
vn -0.613217 -0.706614 -0.353074
vn -0.619827 -0.744502 0.248056
vn -0.467455 -0.598223 0.650857
vn -0.110218 -0.871004 0.478753
vn 0.166798 -0.900728 0.401083
vn 0.029435 -0.722843 0.690385
vn -0.370951 -0.511134 0.775331
vn -0.586681 -0.585175 0.559800
vn -0.692504 -0.688969 0.213915
vn -0.728621 -0.616609 0.298169
vn -0.686951 -0.390770 0.612696
vn -0.684637 -0.497933 0.532293
vn -0.150792 -0.987935 -0.035306
vn 0.658131 -0.608203 -0.443793
vn 0.684410 -0.497221 -0.533249
vn 0.400885 -0.553476 -0.730038
vn 0.234425 -0.481563 -0.844478
vn 0.291050 -0.543556 -0.787298
vn 0.286038 -0.688992 -0.665937
vn 0.074693 -0.827614 -0.556306
vn -0.031307 -0.999477 0.008065
vn 0.348874 -0.790103 0.504009
vn 0.605220 -0.667749 0.433381
vn 0.381361 -0.921316 0.075775
vn 0.014114 -0.999845 0.010543
vn -0.852389 -0.522819 -0.009607
vn -0.889347 -0.424277 0.170445
vn -0.852236 -0.490053 -0.183143
vn -0.665018 -0.530247 -0.525917
vn -0.549930 -0.581941 -0.599101
vn -0.669541 -0.566929 -0.479903
vn -0.611025 -0.560593 -0.558913
vn -0.469415 -0.850907 -0.235811
vn -0.187029 -0.888312 0.419430
vn -0.147042 -0.628387 0.763877
vn -0.157196 -0.675199 0.720691
vn 0.025993 -0.812679 0.582131
vn 0.171649 -0.794950 0.581885
vn -0.194603 -0.820543 0.537438
vn -0.586894 -0.684757 0.432045
vn -0.702206 -0.677876 0.217692
vn -0.656652 -0.652028 0.379035
vn -0.431998 -0.548848 0.715642
vn -0.324751 -0.498407 0.803821
vn -0.263719 -0.700024 0.663640
vn -0.035448 -0.999277 0.013773
vn 0.273043 -0.677483 -0.682982
vn 0.276393 -0.493979 -0.824373
vn 0.244263 -0.443376 -0.862411
vn 0.121217 -0.552197 -0.824854
vn 0.132243 -0.724315 -0.676668
vn 0.459214 -0.790833 -0.404606
vn 0.717342 -0.693822 0.063496
vn 0.613269 -0.581774 0.534266
vn 0.347594 -0.898059 0.269571
vn -0.023364 -0.959126 -0.282013
vn -0.046194 -0.869670 -0.491467
vn -0.815774 -0.467833 -0.340067
vn -0.888590 -0.452002 -0.078115
vn -0.897013 -0.430853 0.098656
vn -0.831981 -0.526123 -0.176075
vn -0.650600 -0.576106 -0.494794
vn -0.564352 -0.568541 -0.598555
vn -0.593563 -0.699209 -0.398484
vn -0.545443 -0.837361 0.036314
vn -0.407327 -0.760033 0.506394
vn -0.237704 -0.639523 0.731100
vn -0.212038 -0.649318 0.730360
vn -0.205790 -0.724781 0.657528
vn -0.136384 -0.785531 0.603607
vn -0.111073 -0.881388 0.459148
vn -0.118169 -0.963887 0.238658
vn -0.425915 -0.895527 0.128946
vn -0.591280 -0.749068 0.298807
vn -0.448517 -0.472293 0.758796
vn -0.295117 -0.471496 0.831022
vn -0.355839 -0.688433 0.632011
vn -0.570551 -0.818800 0.063545
vn -0.509440 -0.729457 -0.456470
vn 0.071376 -0.637530 -0.767112
vn 0.308705 -0.514083 -0.800262
vn 0.349643 -0.423386 -0.835760
vn 0.374238 -0.770775 -0.515609
vn 0.637207 -0.767252 0.072746
vn 0.793560 -0.509817 0.332188
vn 0.766040 -0.638043 0.078006
vn 0.325606 -0.915820 -0.235064
vn -0.035033 -0.856317 -0.515262
vn -0.250953 -0.905030 -0.343428
vn -0.805741 -0.528986 -0.266373
vn -0.735383 -0.674509 -0.065184
vn -0.577544 -0.754155 0.312560
vn -0.618458 -0.785652 -0.016141
vn -0.589052 -0.728855 -0.348980
vn -0.217619 -0.791107 -0.571657
vn 0.047697 -0.882339 -0.468191
vn -0.244357 -0.964632 -0.098872
vn -0.558973 -0.731401 0.390643
vn -0.469321 -0.528276 0.707575
vn -0.168876 -0.557366 0.812911
vn 0.086676 -0.721359 0.687116
vn -0.065748 -0.840349 0.538044
vn -0.250347 -0.792495 0.556127
vn -0.065108 -0.972000 0.225780
vn -0.151526 -0.972077 -0.179180
vn -0.520364 -0.848216 -0.098748
vn -0.643424 -0.492888 0.585719
vn -0.597195 -0.370925 0.711177
vn -0.690833 -0.497260 0.524864
vn -0.734118 -0.678519 -0.026122
vn -0.650473 -0.748605 -0.128359
vn -0.294586 -0.881505 -0.369009
vn 0.186339 -0.697150 -0.692286
vn 0.453262 -0.426956 -0.782472
vn 0.749704 -0.604816 -0.268592
vn 0.718516 -0.608009 0.337729
vn 0.547093 -0.747735 0.376274
vn 0.465960 -0.834997 -0.292681
vn 0.292096 -0.822124 -0.488663
vn 0.320226 -0.738605 -0.593227
vn 0.250479 -0.821146 -0.512815
vn -0.665381 -0.646580 0.373098
vn -0.664414 -0.667739 0.335678
vn -0.427866 -0.746895 0.508998
vn -0.151351 -0.969183 0.194362
vn 0.154602 -0.933219 -0.324347
vn 0.390612 -0.903424 -0.176767
vn 0.549094 -0.752298 -0.364064
vn 0.483256 -0.790910 -0.375400
vn 0.316911 -0.946435 0.061873
vn -0.001857 -0.625552 0.780180
vn -0.041201 -0.435554 0.899219
vn 0.132359 -0.745396 0.653350
vn 0.039913 -0.976417 0.212171
vn -0.292964 -0.862597 0.412430
vn -0.434827 -0.850750 0.295212
vn -0.526484 -0.816129 -0.238217
vn -0.570306 -0.697448 -0.433954
vn -0.779404 -0.570266 0.259474
vn -0.689919 -0.334633 0.641897
vn -0.730302 -0.371961 0.572979
vn -0.787763 -0.561553 0.253153
vn -0.626320 -0.779267 0.021591
vn -0.362095 -0.926769 0.099927
vn 0.141424 -0.949501 -0.280083
vn 0.565497 -0.557083 -0.608170
vn 0.781961 -0.518225 -0.346380
vn 0.757046 -0.647108 0.090177
vn 0.451143 -0.891455 -0.042158
vn -0.009332 -0.912317 -0.409378
vn -0.059334 -0.774572 -0.629697
vn -0.109578 -0.812410 -0.572697
vn 0.012600 -0.724377 -0.689289
vn -0.065299 -0.950168 0.304822
vn -0.247750 -0.802379 0.542963
vn -0.263235 -0.745900 0.611833
vn -0.189818 -0.728808 0.657882
vn 0.527534 -0.848826 0.034669
vn 0.653705 -0.752277 0.082157
vn 0.716840 -0.647692 -0.258139
vn 0.688220 -0.666260 -0.287142
vn 0.796563 -0.604107 -0.023305
vn 0.660906 -0.552114 0.508305
vn 0.204835 -0.591816 0.779613
vn -0.248842 -0.654816 0.713649
vn -0.240001 -0.968513 0.066196
vn -0.377916 -0.920959 0.094941
vn -0.602335 -0.796225 0.056734
vn -0.700455 -0.655984 -0.281154
vn -0.526466 -0.706390 -0.473125
vn -0.477574 -0.877584 0.042061
vn -0.591749 -0.502383 0.630432
vn -0.701569 -0.346951 0.622436
vn -0.763135 -0.465276 0.448490
vn -0.615187 -0.659426 0.432091
vn -0.336647 -0.835953 0.433419
vn -0.122212 -0.894015 0.431047
vn 0.488705 -0.872378 0.011117
vn 0.800376 -0.498287 -0.333330
vn 0.799238 -0.555598 -0.229193
vn 0.507171 -0.731032 -0.456476
vn -0.019891 -0.762362 -0.646845
vn -0.210370 -0.693841 -0.688716
vn -0.325763 -0.659777 -0.677180
vn -0.430568 -0.594026 -0.679518
vn 0.653168 -0.727597 0.209698
vn 0.438214 -0.821920 0.363891
vn 0.186971 -0.789032 0.585210
vn 0.036067 -0.685620 0.727066
vn 0.320726 -0.802578 0.502994
vn 0.552961 -0.833080 0.014554
vn 0.416045 -0.893842 -0.167189
vn 0.482428 -0.865216 -0.136620
vn 0.687796 -0.673025 0.271982
vn 0.801773 -0.580321 0.142787
vn 0.374833 -0.893370 0.247770
vn -0.505663 -0.751196 0.424275
vn -0.669273 -0.698730 0.252687
vn -0.521346 -0.848022 -0.095166
vn -0.559205 -0.771107 -0.304439
vn -0.686061 -0.676875 -0.266759
vn -0.595717 -0.794122 0.120381
vn 0.094011 -0.975334 0.199714
vn 0.174356 -0.874877 0.451873
vn -0.329337 -0.678922 0.656203
vn -0.520643 -0.464784 0.716175
vn -0.390696 -0.531944 0.751261
vn -0.090007 -0.820244 0.564888
vn -0.104859 -0.871346 0.479333
vn -0.101979 -0.836422 0.538515
vn 0.391851 -0.913658 0.108086
vn 0.627754 -0.661554 -0.410210
vn 0.459059 -0.535936 -0.708546
vn 0.183057 -0.536599 -0.823742
vn -0.005072 -0.673765 -0.738928
vn -0.110170 -0.652254 -0.749952
vn -0.232236 -0.637601 -0.734528
vn 0.305875 -0.842176 0.444051
vn 0.663872 -0.714960 0.219332
vn 0.636520 -0.758204 0.141311
vn 0.162653 -0.841295 0.515526
vn -0.279629 -0.659475 0.697782
vn 0.074304 -0.973087 0.218128
vn 0.274237 -0.896791 -0.347217
vn 0.122690 -0.980369 -0.154350
vn -0.036007 -0.839279 0.542507
vn 0.254437 -0.854248 0.453345
vn 0.558730 -0.754130 -0.345123
vn 0.117818 -0.943198 -0.310639
vn -0.436207 -0.875406 0.208298
vn -0.548881 -0.793903 0.261626
vn -0.300592 -0.900486 -0.314278
vn -0.075973 -0.893934 -0.441713
vn -0.264080 -0.944323 0.196253
vn -0.319899 -0.707489 0.630177
vn 0.031998 -0.905436 0.423275
vn 0.224419 -0.858679 0.460767
vn 0.185127 -0.625235 0.758161
vn 0.083517 -0.476751 0.875062
vn 0.116307 -0.783897 0.609900
vn 0.018861 -0.899753 0.435992
vn -0.049259 -0.832228 0.552242
vn -0.071789 -0.884713 0.460576
vn 0.046619 -0.930291 -0.363848
vn -0.112745 -0.576781 -0.809081
vn -0.008258 -0.518544 -0.855011
vn 0.264909 -0.710749 -0.651658
vn 0.392751 -0.560689 -0.728954
vn 0.159267 -0.532641 -0.831221
vn -0.309352 -0.734897 0.603513
vn -0.130028 -0.778303 0.614278
vn 0.297206 -0.947167 0.120597
vn 0.378210 -0.923468 -0.064529
vn -0.036151 -0.842872 0.536899
vn -0.122671 -0.776969 0.617471
vn 0.211051 -0.962324 -0.171435
vn 0.304308 -0.901389 -0.308051
vn 0.051234 -0.951093 0.304627
vn -0.253766 -0.738501 0.624675
vn 0.017815 -0.996948 0.076009
vn 0.421607 -0.700774 -0.575468
vn 0.332547 -0.919028 -0.211657
vn 0.076218 -0.957908 0.276774
vn 0.070847 -0.997399 0.013267
vn 0.248239 -0.881411 -0.401862
vn 0.088523 -0.982083 -0.166364
vn -0.407712 -0.818229 0.405304
vn -0.415109 -0.650881 0.635641
vn -0.060956 -0.758676 0.648610
vn 0.317585 -0.508738 0.800203
vn 0.378252 -0.506189 0.775047
vn 0.297349 -0.799845 0.521375
vn 0.279417 -0.942046 0.185674
vn -0.081897 -0.901683 0.424572
vn -0.375926 -0.887827 0.265412
vn -0.560430 -0.775383 -0.291032
vn -0.523223 -0.448780 -0.724454
vn -0.497110 -0.609017 -0.618046
vn -0.147594 -0.889811 -0.431802
vn 0.128358 -0.837669 -0.530881
vn 0.368785 -0.425161 -0.826581
vn -0.355245 -0.898630 0.257420
vn -0.535803 -0.619996 0.573166
vn -0.505456 -0.733534 0.454359
vn -0.011062 -0.998346 0.056425
vn 0.272238 -0.921715 0.276274
vn -0.049389 -0.758114 0.650249
vn -0.000055 -0.991437 0.130587
vn 0.407173 -0.878363 -0.250377
vn 0.535867 -0.843943 -0.024624
vn 0.214130 -0.885495 0.412367
vn -0.137221 -0.890986 0.432797
vn 0.167757 -0.973431 -0.155849
vn 0.597724 -0.754880 -0.269965
vn 0.605346 -0.794022 0.055553
vn 0.305571 -0.951419 0.037793
vn 0.125504 -0.904741 -0.407053
vn 0.045618 -0.844961 -0.532879
vn -0.374776 -0.927115 -0.000561
vn -0.461767 -0.609615 0.644314
vn -0.292568 -0.507141 0.810686
vn -0.120991 -0.428707 0.895305
vn -0.010699 -0.610946 0.791600
vn -0.183199 -0.828533 0.529123
vn -0.186208 -0.976022 0.112725
vn -0.330540 -0.943660 -0.015787
vn -0.639503 -0.740851 -0.205365
vn -0.668676 -0.517324 -0.534086
vn -0.476587 -0.534320 -0.698117
vn -0.470051 -0.831323 -0.296570
vn -0.331252 -0.932773 -0.142153
vn -0.163102 -0.925201 -0.342639
vn 0.090938 -0.681495 -0.726150
vn -0.053500 -0.805377 -0.590344
vn -0.477123 -0.874360 0.088590
vn -0.586491 -0.561187 0.584035
vn -0.411790 -0.696047 0.588174
vn -0.050306 -0.924302 0.378332
vn -0.137924 -0.918533 0.370506
vn -0.214919 -0.867427 0.448754
vn 0.318139 -0.914906 0.248465
vn 0.571586 -0.820272 0.021034
vn 0.418225 -0.899323 -0.127697
vn 0.073273 -0.954456 0.289213
vn 0.158201 -0.944562 0.287706
vn 0.499761 -0.842342 0.201740
vn 0.582759 -0.789543 -0.192388
vn 0.297051 -0.866945 -0.400209
vn 0.195246 -0.853261 -0.483555
vn 0.173170 -0.784488 -0.595475
vn -0.006146 -0.941534 -0.336861
vn -0.307516 -0.738481 0.600067
vn -0.340766 -0.482244 0.807043
vn -0.415743 -0.381558 0.825573
vn -0.562550 -0.453948 0.690991
vn -0.659649 -0.634122 0.403427
vn -0.704106 -0.703602 0.095810
vn -0.707487 -0.648920 -0.279937
vn -0.765051 -0.524305 -0.373900
vn -0.725496 -0.564845 -0.393199
vn -0.363626 -0.786355 -0.499422
vn -0.025962 -0.923527 -0.382655
vn -0.192488 -0.979960 -0.051247
vn -0.169172 -0.975761 -0.138825
vn 0.097375 -0.921096 -0.376961
vn -0.190541 -0.769026 -0.610159
vn -0.273380 -0.881475 -0.385052
vn -0.517085 -0.707082 0.482347
vn -0.277151 -0.643064 0.713902
vn -0.351102 -0.720492 0.598012
vn -0.296801 -0.924957 0.237413
vn -0.290544 -0.787121 0.544081
vn 0.549838 -0.700617 0.454768
vn 0.623906 -0.760373 0.180485
vn 0.358033 -0.792740 -0.493331
vn -0.225294 -0.965902 0.127574
vn 0.160842 -0.903167 0.398020
vn 0.388441 -0.816942 0.426286
vn 0.467842 -0.872779 -0.139213
vn -0.160362 -0.855835 -0.491762
vn 0.146368 -0.850440 -0.505301
vn 0.426681 -0.790265 -0.439801
vn 0.464230 -0.656249 -0.594834
vn -0.007860 -0.945275 0.326180
vn -0.249415 -0.584743 0.771925
vn -0.339796 -0.427825 0.837559
vn -0.557513 -0.466325 0.686818
vn -0.782046 -0.485329 0.390971
vn -0.844036 -0.530185 0.080666
vn -0.844486 -0.503216 -0.183349
vn -0.774426 -0.479659 -0.412542
vn -0.813242 -0.546148 -0.200896
vn -0.528029 -0.821938 -0.213550
vn -0.055403 -0.961025 -0.270854
vn -0.107896 -0.967822 -0.227332
vn -0.206954 -0.978145 -0.020042
vn 0.063606 -0.997401 0.033844

g Procedural_Terrain_Heightmap_Group
s 1
f 1//1 33//33 34//34
f 1//1 34//34 2//2
f 2//2 34//34 35//35
f 2//2 35//35 3//3
f 3//3 35//35 36//36
f 3//3 36//36 4//4
f 4//4 36//36 37//37
f 4//4 37//37 5//5
f 5//5 37//37 38//38
f 5//5 38//38 6//6
f 6//6 38//38 39//39
f 6//6 39//39 7//7
f 7//7 39//39 40//40
f 7//7 40//40 8//8
f 8//8 40//40 41//41
f 8//8 41//41 9//9
f 9//9 41//41 42//42
f 9//9 42//42 10//10
f 10//10 42//42 43//43
f 10//10 43//43 11//11
f 11//11 43//43 44//44
f 11//11 44//44 12//12
f 12//12 44//44 45//45
f 12//12 45//45 13//13
f 13//13 45//45 46//46
f 13//13 46//46 14//14
f 14//14 46//46 47//47
f 14//14 47//47 15//15
f 15//15 47//47 48//48
f 15//15 48//48 16//16
f 16//16 48//48 49//49
f 16//16 49//49 17//17
f 17//17 49//49 50//50
f 17//17 50//50 18//18
f 18//18 50//50 51//51
f 18//18 51//51 19//19
f 19//19 51//51 52//52
f 19//19 52//52 20//20
f 20//20 52//52 53//53
f 20//20 53//53 21//21
f 21//21 53//53 54//54
f 21//21 54//54 22//22
f 22//22 54//54 55//55
f 22//22 55//55 23//23
f 23//23 55//55 56//56
f 23//23 56//56 24//24
f 24//24 56//56 57//57
f 24//24 57//57 25//25
f 25//25 57//57 58//58
f 25//25 58//58 26//26
f 26//26 58//58 59//59
f 26//26 59//59 27//27
f 27//27 59//59 60//60
f 27//27 60//60 28//28
f 28//28 60//60 61//61
f 28//28 61//61 29//29
f 29//29 61//61 62//62
f 29//29 62//62 30//30
f 30//30 62//62 63//63
f 30//30 63//63 31//31
f 31//31 63//63 64//64
f 31//31 64//64 32//32
f 33//33 65//65 66//66
f 33//33 66//66 34//34
f 34//34 66//66 67//67
f 34//34 67//67 35//35
f 35//35 67//67 68//68
f 35//35 68//68 36//36
f 36//36 68//68 69//69
f 36//36 69//69 37//37
f 37//37 69//69 70//70
f 37//37 70//70 38//38
f 38//38 70//70 71//71
f 38//38 71//71 39//39
f 39//39 71//71 72//72
f 39//39 72//72 40//40
f 40//40 72//72 73//73
f 40//40 73//73 41//41
f 41//41 73//73 74//74
f 41//41 74//74 42//42
f 42//42 74//74 75//75
f 42//42 75//75 43//43
f 43//43 75//75 76//76
f 43//43 76//76 44//44
f 44//44 76//76 77//77
f 44//44 77//77 45//45
f 45//45 77//77 78//78
f 45//45 78//78 46//46
f 46//46 78//78 79//79
f 46//46 79//79 47//47
f 47//47 79//79 80//80
f 47//47 80//80 48//48
f 48//48 80//80 81//81
f 48//48 81//81 49//49
f 49//49 81//81 82//82
f 49//49 82//82 50//50
f 50//50 82//82 83//83
f 50//50 83//83 51//51
f 51//51 83//83 84//84
f 51//51 84//84 52//52
f 52//52 84//84 85//85
f 52//52 85//85 53//53
f 53//53 85//85 86//86
f 53//53 86//86 54//54
f 54//54 86//86 87//87
f 54//54 87//87 55//55
f 55//55 87//87 88//88
f 55//55 88//88 56//56
f 56//56 88//88 89//89
f 56//56 89//89 57//57
f 57//57 89//89 90//90
f 57//57 90//90 58//58
f 58//58 90//90 91//91
f 58//58 91//91 59//59
f 59//59 91//91 92//92
f 59//59 92//92 60//60
f 60//60 92//92 93//93
f 60//60 93//93 61//61
f 61//61 93//93 94//94
f 61//61 94//94 62//62
f 62//62 94//94 95//95
f 62//62 95//95 63//63
f 63//63 95//95 96//96
f 63//63 96//96 64//64
f 65//65 97//97 98//98
f 65//65 98//98 66//66
f 66//66 98//98 99//99
f 66//66 99//99 67//67
f 67//67 99//99 100//100
f 67//67 100//100 68//68
f 68//68 100//100 101//101
f 68//68 101//101 69//69
f 69//69 101//101 102//102
f 69//69 102//102 70//70
f 70//70 102//102 103//103
f 70//70 103//103 71//71
f 71//71 103//103 104//104
f 71//71 104//104 72//72
f 72//72 104//104 105//105
f 72//72 105//105 73//73
f 73//73 105//105 106//106
f 73//73 106//106 74//74
f 74//74 106//106 107//107
f 74//74 107//107 75//75
f 75//75 107//107 108//108
f 75//75 108//108 76//76
f 76//76 108//108 109//109
f 76//76 109//109 77//77
f 77//77 109//109 110//110
f 77//77 110//110 78//78
f 78//78 110//110 111//111
f 78//78 111//111 79//79
f 79//79 111//111 112//112
f 79//79 112//112 80//80
f 80//80 112//112 113//113
f 80//80 113//113 81//81
f 81//81 113//113 114//114
f 81//81 114//114 82//82
f 82//82 114//114 115//115
f 82//82 115//115 83//83
f 83//83 115//115 116//116
f 83//83 116//116 84//84
f 84//84 116//116 117//117
f 84//84 117//117 85//85
f 85//85 117//117 118//118
f 85//85 118//118 86//86
f 86//86 118//118 119//119
f 86//86 119//119 87//87
f 87//87 119//119 120//120
f 87//87 120//120 88//88
f 88//88 120//120 121//121
f 88//88 121//121 89//89
f 89//89 121//121 122//122
f 89//89 122//122 90//90
f 90//90 122//122 123//123
f 90//90 123//123 91//91
f 91//91 123//123 124//124
f 91//91 124//124 92//92
f 92//92 124//124 125//125
f 92//92 125//125 93//93
f 93//93 125//125 126//126
f 93//93 126//126 94//94
f 94//94 126//126 127//127
f 94//94 127//127 95//95
f 95//95 127//127 128//128
f 95//95 128//128 96//96
f 97//97 129//129 130//130
f 97//97 130//130 98//98
f 98//98 130//130 131//131
f 98//98 131//131 99//99
f 99//99 131//131 132//132
f 99//99 132//132 100//100
f 100//100 132//132 133//133
f 100//100 133//133 101//101
f 101//101 133//133 134//134
f 101//101 134//134 102//102
f 102//102 134//134 135//135
f 102//102 135//135 103//103
f 103//103 135//135 136//136
f 103//103 136//136 104//104
f 104//104 136//136 137//137
f 104//104 137//137 105//105
f 105//105 137//137 138//138
f 105//105 138//138 106//106
f 106//106 138//138 139//139
f 106//106 139//139 107//107
f 107//107 139//139 140//140
f 107//107 140//140 108//108
f 108//108 140//140 141//141
f 108//108 141//141 109//109
f 109//109 141//141 142//142
f 109//109 142//142 110//110
f 110//110 142//142 143//143
f 110//110 143//143 111//111
f 111//111 143//143 144//144
f 111//111 144//144 112//112
f 112//112 144//144 145//145
f 112//112 145//145 113//113
f 113//113 145//145 146//146
f 113//113 146//146 114//114
f 114//114 146//146 147//147
f 114//114 147//147 115//115
f 115//115 147//147 148//148
f 115//115 148//148 116//116
f 116//116 148//148 149//149
f 116//116 149//149 117//117
f 117//117 149//149 150//150
f 117//117 150//150 118//118
f 118//118 150//150 151//151
f 118//118 151//151 119//119
f 119//119 151//151 152//152
f 119//119 152//152 120//120
f 120//120 152//152 153//153
f 120//120 153//153 121//121
f 121//121 153//153 154//154
f 121//121 154//154 122//122
f 122//122 154//154 155//155
f 122//122 155//155 123//123
f 123//123 155//155 156//156
f 123//123 156//156 124//124
f 124//124 156//156 157//157
f 124//124 157//157 125//125
f 125//125 157//157 158//158
f 125//125 158//158 126//126
f 126//126 158//158 159//159
f 126//126 159//159 127//127
f 127//127 159//159 160//160
f 127//127 160//160 128//128
f 129//129 161//161 162//162
f 129//129 162//162 130//130
f 130//130 162//162 163//163
f 130//130 163//163 131//131
f 131//131 163//163 164//164
f 131//131 164//164 132//132
f 132//132 164//164 165//165
f 132//132 165//165 133//133
f 133//133 165//165 166//166
f 133//133 166//166 134//134
f 134//134 166//166 167//167
f 134//134 167//167 135//135
f 135//135 167//167 168//168
f 135//135 168//168 136//136
f 136//136 168//168 169//169
f 136//136 169//169 137//137
f 137//137 169//169 170//170
f 137//137 170//170 138//138
f 138//138 170//170 171//171
f 138//138 171//171 139//139
f 139//139 171//171 172//172
f 139//139 172//172 140//140
f 140//140 172//172 173//173
f 140//140 173//173 141//141
f 141//141 173//173 174//174
f 141//141 174//174 142//142
f 142//142 174//174 175//175
f 142//142 175//175 143//143
f 143//143 175//175 176//176
f 143//143 176//176 144//144
f 144//144 176//176 177//177
f 144//144 177//177 145//145
f 145//145 177//177 178//178
f 145//145 178//178 146//146
f 146//146 178//178 179//179
f 146//146 179//179 147//147
f 147//147 179//179 180//180
f 147//147 180//180 148//148
f 148//148 180//180 181//181
f 148//148 181//181 149//149
f 149//149 181//181 182//182
f 149//149 182//182 150//150
f 150//150 182//182 183//183
f 150//150 183//183 151//151
f 151//151 183//183 184//184
f 151//151 184//184 152//152
f 152//152 184//184 185//185
f 152//152 185//185 153//153
f 153//153 185//185 186//186
f 153//153 186//186 154//154
f 154//154 186//186 187//187
f 154//154 187//187 155//155
f 155//155 187//187 188//188
f 155//155 188//188 156//156
f 156//156 188//188 189//189
f 156//156 189//189 157//157
f 157//157 189//189 190//190
f 157//157 190//190 158//158
f 158//158 190//190 191//191
f 158//158 191//191 159//159
f 159//159 191//191 192//192
f 159//159 192//192 160//160
f 161//161 193//193 194//194
f 161//161 194//194 162//162
f 162//162 194//194 195//195
f 162//162 195//195 163//163
f 163//163 195//195 196//196
f 163//163 196//196 164//164
f 164//164 196//196 197//197
f 164//164 197//197 165//165
f 165//165 197//197 198//198
f 165//165 198//198 166//166
f 166//166 198//198 199//199
f 166//166 199//199 167//167
f 167//167 199//199 200//200
f 167//167 200//200 168//168
f 168//168 200//200 201//201
f 168//168 201//201 169//169
f 169//169 201//201 202//202
f 169//169 202//202 170//170
f 170//170 202//202 203//203
f 170//170 203//203 171//171
f 171//171 203//203 204//204
f 171//171 204//204 172//172
f 172//172 204//204 205//205
f 172//172 205//205 173//173
f 173//173 205//205 206//206
f 173//173 206//206 174//174
f 174//174 206//206 207//207
f 174//174 207//207 175//175
f 175//175 207//207 208//208
f 175//175 208//208 176//176
f 176//176 208//208 209//209
f 176//176 209//209 177//177
f 177//177 209//209 210//210
f 177//177 210//210 178//178
f 178//178 210//210 211//211
f 178//178 211//211 179//179
f 179//179 211//211 212//212
f 179//179 212//212 180//180
f 180//180 212//212 213//213
f 180//180 213//213 181//181
f 181//181 213//213 214//214
f 181//181 214//214 182//182
f 182//182 214//214 215//215
f 182//182 215//215 183//183
f 183//183 215//215 216//216
f 183//183 216//216 184//184
f 184//184 216//216 217//217
f 184//184 217//217 185//185
f 185//185 217//217 218//218
f 185//185 218//218 186//186
f 186//186 218//218 219//219
f 186//186 219//219 187//187
f 187//187 219//219 220//220
f 187//187 220//220 188//188
f 188//188 220//220 221//221
f 188//188 221//221 189//189
f 189//189 221//221 222//222
f 189//189 222//222 190//190
f 190//190 222//222 223//223
f 190//190 223//223 191//191
f 191//191 223//223 224//224
f 191//191 224//224 192//192
f 193//193 225//225 226//226
f 193//193 226//226 194//194
f 194//194 226//226 227//227
f 194//194 227//227 195//195
f 195//195 227//227 228//228
f 195//195 228//228 196//196
f 196//196 228//228 229//229
f 196//196 229//229 197//197
f 197//197 229//229 230//230
f 197//197 230//230 198//198
f 198//198 230//230 231//231
f 198//198 231//231 199//199
f 199//199 231//231 232//232
f 199//199 232//232 200//200
f 200//200 232//232 233//233
f 200//200 233//233 201//201
f 201//201 233//233 234//234
f 201//201 234//234 202//202
f 202//202 234//234 235//235
f 202//202 235//235 203//203
f 203//203 235//235 236//236
f 203//203 236//236 204//204
f 204//204 236//236 237//237
f 204//204 237//237 205//205
f 205//205 237//237 238//238
f 205//205 238//238 206//206
f 206//206 238//238 239//239
f 206//206 239//239 207//207
f 207//207 239//239 240//240
f 207//207 240//240 208//208
f 208//208 240//240 241//241
f 208//208 241//241 209//209
f 209//209 241//241 242//242
f 209//209 242//242 210//210
f 210//210 242//242 243//243
f 210//210 243//243 211//211
f 211//211 243//243 244//244
f 211//211 244//244 212//212
f 212//212 244//244 245//245
f 212//212 245//245 213//213
f 213//213 245//245 246//246
f 213//213 246//246 214//214
f 214//214 246//246 247//247
f 214//214 247//247 215//215
f 215//215 247//247 248//248
f 215//215 248//248 216//216
f 216//216 248//248 249//249
f 216//216 249//249 217//217
f 217//217 249//249 250//250
f 217//217 250//250 218//218
f 218//218 250//250 251//251
f 218//218 251//251 219//219
f 219//219 251//251 252//252
f 219//219 252//252 220//220
f 220//220 252//252 253//253
f 220//220 253//253 221//221
f 221//221 253//253 254//254
f 221//221 254//254 222//222
f 222//222 254//254 255//255
f 222//222 255//255 223//223
f 223//223 255//255 256//256
f 223//223 256//256 224//224
f 225//225 257//257 258//258
f 225//225 258//258 226//226
f 226//226 258//258 259//259
f 226//226 259//259 227//227
f 227//227 259//259 260//260
f 227//227 260//260 228//228
f 228//228 260//260 261//261
f 228//228 261//261 229//229
f 229//229 261//261 262//262
f 229//229 262//262 230//230
f 230//230 262//262 263//263
f 230//230 263//263 231//231
f 231//231 263//263 264//264
f 231//231 264//264 232//232
f 232//232 264//264 265//265
f 232//232 265//265 233//233
f 233//233 265//265 266//266
f 233//233 266//266 234//234
f 234//234 266//266 267//267
f 234//234 267//267 235//235
f 235//235 267//267 268//268
f 235//235 268//268 236//236
f 236//236 268//268 269//269
f 236//236 269//269 237//237
f 237//237 269//269 270//270
f 237//237 270//270 238//238
f 238//238 270//270 271//271
f 238//238 271//271 239//239
f 239//239 271//271 272//272
f 239//239 272//272 240//240
f 240//240 272//272 273//273
f 240//240 273//273 241//241
f 241//241 273//273 274//274
f 241//241 274//274 242//242
f 242//242 274//274 275//275
f 242//242 275//275 243//243
f 243//243 275//275 276//276
f 243//243 276//276 244//244
f 244//244 276//276 277//277
f 244//244 277//277 245//245
f 245//245 277//277 278//278
f 245//245 278//278 246//246
f 246//246 278//278 279//279
f 246//246 279//279 247//247
f 247//247 279//279 280//280
f 247//247 280//280 248//248
f 248//248 280//280 281//281
f 248//248 281//281 249//249
f 249//249 281//281 282//282
f 249//249 282//282 250//250
f 250//250 282//282 283//283
f 250//250 283//283 251//251
f 251//251 283//283 284//284
f 251//251 284//284 252//252
f 252//252 284//284 285//285
f 252//252 285//285 253//253
f 253//253 285//285 286//286
f 253//253 286//286 254//254
f 254//254 286//286 287//287
f 254//254 287//287 255//255
f 255//255 287//287 288//288
f 255//255 288//288 256//256
f 257//257 289//289 290//290
f 257//257 290//290 258//258
f 258//258 290//290 291//291
f 258//258 291//291 259//259
f 259//259 291//291 292//292
f 259//259 292//292 260//260
f 260//260 292//292 293//293
f 260//260 293//293 261//261
f 261//261 293//293 294//294
f 261//261 294//294 262//262
f 262//262 294//294 295//295
f 262//262 295//295 263//263
f 263//263 295//295 296//296
f 263//263 296//296 264//264
f 264//264 296//296 297//297
f 264//264 297//297 265//265
f 265//265 297//297 298//298
f 265//265 298//298 266//266
f 266//266 298//298 299//299
f 266//266 299//299 267//267
f 267//267 299//299 300//300
f 267//267 300//300 268//268
f 268//268 300//300 301//301
f 268//268 301//301 269//269
f 269//269 301//301 302//302
f 269//269 302//302 270//270
f 270//270 302//302 303//303
f 270//270 303//303 271//271
f 271//271 303//303 304//304
f 271//271 304//304 272//272
f 272//272 304//304 305//305
f 272//272 305//305 273//273
f 273//273 305//305 306//306
f 273//273 306//306 274//274
f 274//274 306//306 307//307
f 274//274 307//307 275//275
f 275//275 307//307 308//308
f 275//275 308//308 276//276
f 276//276 308//308 309//309
f 276//276 309//309 277//277
f 277//277 309//309 310//310
f 277//277 310//310 278//278
f 278//278 310//310 311//311
f 278//278 311//311 279//279
f 279//279 311//311 312//312
f 279//279 312//312 280//280
f 280//280 312//312 313//313
f 280//280 313//313 281//281
f 281//281 313//313 314//314
f 281//281 314//314 282//282
f 282//282 314//314 315//315
f 282//282 315//315 283//283
f 283//283 315//315 316//316
f 283//283 316//316 284//284
f 284//284 316//316 317//317
f 284//284 317//317 285//285
f 285//285 317//317 318//318
f 285//285 318//318 286//286
f 286//286 318//318 319//319
f 286//286 319//319 287//287
f 287//287 319//319 320//320
f 287//287 320//320 288//288
f 289//289 321//321 322//322
f 289//289 322//322 290//290
f 290//290 322//322 323//323
f 290//290 323//323 291//291
f 291//291 323//323 324//324
f 291//291 324//324 292//292
f 292//292 324//324 325//325
f 292//292 325//325 293//293
f 293//293 325//325 326//326
f 293//293 326//326 294//294
f 294//294 326//326 327//327
f 294//294 327//327 295//295
f 295//295 327//327 328//328
f 295//295 328//328 296//296
f 296//296 328//328 329//329
f 296//296 329//329 297//297
f 297//297 329//329 330//330
f 297//297 330//330 298//298
f 298//298 330//330 331//331
f 298//298 331//331 299//299
f 299//299 331//331 332//332
f 299//299 332//332 300//300
f 300//300 332//332 333//333
f 300//300 333//333 301//301
f 301//301 333//333 334//334
f 301//301 334//334 302//302
f 302//302 334//334 335//335
f 302//302 335//335 303//303
f 303//303 335//335 336//336
f 303//303 336//336 304//304
f 304//304 336//336 337//337
f 304//304 337//337 305//305
f 305//305 337//337 338//338
f 305//305 338//338 306//306
f 306//306 338//338 339//339
f 306//306 339//339 307//307
f 307//307 339//339 340//340
f 307//307 340//340 308//308
f 308//308 340//340 341//341
f 308//308 341//341 309//309
f 309//309 341//341 342//342
f 309//309 342//342 310//310
f 310//310 342//342 343//343
f 310//310 343//343 311//311
f 311//311 343//343 344//344
f 311//311 344//344 312//312
f 312//312 344//344 345//345
f 312//312 345//345 313//313
f 313//313 345//345 346//346
f 313//313 346//346 314//314
f 314//314 346//346 347//347
f 314//314 347//347 315//315
f 315//315 347//347 348//348
f 315//315 348//348 316//316
f 316//316 348//348 349//349
f 316//316 349//349 317//317
f 317//317 349//349 350//350
f 317//317 350//350 318//318
f 318//318 350//350 351//351
f 318//318 351//351 319//319
f 319//319 351//351 352//352
f 319//319 352//352 320//320
f 321//321 353//353 354//354
f 321//321 354//354 322//322
f 322//322 354//354 355//355
f 322//322 355//355 323//323
f 323//323 355//355 356//356
f 323//323 356//356 324//324
f 324//324 356//356 357//357
f 324//324 357//357 325//325
f 325//325 357//357 358//358
f 325//325 358//358 326//326
f 326//326 358//358 359//359
f 326//326 359//359 327//327
f 327//327 359//359 360//360
f 327//327 360//360 328//328
f 328//328 360//360 361//361
f 328//328 361//361 329//329
f 329//329 361//361 362//362
f 329//329 362//362 330//330
f 330//330 362//362 363//363
f 330//330 363//363 331//331
f 331//331 363//363 364//364
f 331//331 364//364 332//332
f 332//332 364//364 365//365
f 332//332 365//365 333//333
f 333//333 365//365 366//366
f 333//333 366//366 334//334
f 334//334 366//366 367//367
f 334//334 367//367 335//335
f 335//335 367//367 368//368
f 335//335 368//368 336//336
f 336//336 368//368 369//369
f 336//336 369//369 337//337
f 337//337 369//369 370//370
f 337//337 370//370 338//338
f 338//338 370//370 371//371
f 338//338 371//371 339//339
f 339//339 371//371 372//372
f 339//339 372//372 340//340
f 340//340 372//372 373//373
f 340//340 373//373 341//341
f 341//341 373//373 374//374
f 341//341 374//374 342//342
f 342//342 374//374 375//375
f 342//342 375//375 343//343
f 343//343 375//375 376//376
f 343//343 376//376 344//344
f 344//344 376//376 377//377
f 344//344 377//377 345//345
f 345//345 377//377 378//378
f 345//345 378//378 346//346
f 346//346 378//378 379//379
f 346//346 379//379 347//347
f 347//347 379//379 380//380
f 347//347 380//380 348//348
f 348//348 380//380 381//381
f 348//348 381//381 349//349
f 349//349 381//381 382//382
f 349//349 382//382 350//350
f 350//350 382//382 383//383
f 350//350 383//383 351//351
f 351//351 383//383 384//384
f 351//351 384//384 352//352
f 353//353 385//385 386//386
f 353//353 386//386 354//354
f 354//354 386//386 387//387
f 354//354 387//387 355//355
f 355//355 387//387 388//388
f 355//355 388//388 356//356
f 356//356 388//388 389//389
f 356//356 389//389 357//357
f 357//357 389//389 390//390
f 357//357 390//390 358//358
f 358//358 390//390 391//391
f 358//358 391//391 359//359
f 359//359 391//391 392//392
f 359//359 392//392 360//360
f 360//360 392//392 393//393
f 360//360 393//393 361//361
f 361//361 393//393 394//394
f 361//361 394//394 362//362
f 362//362 394//394 395//395
f 362//362 395//395 363//363
f 363//363 395//395 396//396
f 363//363 396//396 364//364
f 364//364 396//396 397//397
f 364//364 397//397 365//365
f 365//365 397//397 398//398
f 365//365 398//398 366//366
f 366//366 398//398 399//399
f 366//366 399//399 367//367
f 367//367 399//399 400//400
f 367//367 400//400 368//368
f 368//368 400//400 401//401
f 368//368 401//401 369//369
f 369//369 401//401 402//402
f 369//369 402//402 370//370
f 370//370 402//402 403//403
f 370//370 403//403 371//371
f 371//371 403//403 404//404
f 371//371 404//404 372//372
f 372//372 404//404 405//405
f 372//372 405//405 373//373
f 373//373 405//405 406//406
f 373//373 406//406 374//374
f 374//374 406//406 407//407
f 374//374 407//407 375//375
f 375//375 407//407 408//408
f 375//375 408//408 376//376
f 376//376 408//408 409//409
f 376//376 409//409 377//377
f 377//377 409//409 410//410
f 377//377 410//410 378//378
f 378//378 410//410 411//411
f 378//378 411//411 379//379
f 379//379 411//411 412//412
f 379//379 412//412 380//380
f 380//380 412//412 413//413
f 380//380 413//413 381//381
f 381//381 413//413 414//414
f 381//381 414//414 382//382
f 382//382 414//414 415//415
f 382//382 415//415 383//383
f 383//383 415//415 416//416
f 383//383 416//416 384//384
f 385//385 417//417 418//418
f 385//385 418//418 386//386
f 386//386 418//418 419//419
f 386//386 419//419 387//387
f 387//387 419//419 420//420
f 387//387 420//420 388//388
f 388//388 420//420 421//421
f 388//388 421//421 389//389
f 389//389 421//421 422//422
f 389//389 422//422 390//390
f 390//390 422//422 423//423
f 390//390 423//423 391//391
f 391//391 423//423 424//424
f 391//391 424//424 392//392
f 392//392 424//424 425//425
f 392//392 425//425 393//393
f 393//393 425//425 426//426
f 393//393 426//426 394//394
f 394//394 426//426 427//427
f 394//394 427//427 395//395
f 395//395 427//427 428//428
f 395//395 428//428 396//396
f 396//396 428//428 429//429
f 396//396 429//429 397//397
f 397//397 429//429 430//430
f 397//397 430//430 398//398
f 398//398 430//430 431//431
f 398//398 431//431 399//399
f 399//399 431//431 432//432
f 399//399 432//432 400//400
f 400//400 432//432 433//433
f 400//400 433//433 401//401
f 401//401 433//433 434//434
f 401//401 434//434 402//402
f 402//402 434//434 435//435
f 402//402 435//435 403//403
f 403//403 435//435 436//436
f 403//403 436//436 404//404
f 404//404 436//436 437//437
f 404//404 437//437 405//405
f 405//405 437//437 438//438
f 405//405 438//438 406//406
f 406//406 438//438 439//439
f 406//406 439//439 407//407
f 407//407 439//439 440//440
f 407//407 440//440 408//408
f 408//408 440//440 441//441
f 408//408 441//441 409//409
f 409//409 441//441 442//442
f 409//409 442//442 410//410
f 410//410 442//442 443//443
f 410//410 443//443 411//411
f 411//411 443//443 444//444
f 411//411 444//444 412//412
f 412//412 444//444 445//445
f 412//412 445//445 413//413
f 413//413 445//445 446//446
f 413//413 446//446 414//414
f 414//414 446//446 447//447
f 414//414 447//447 415//415
f 415//415 447//447 448//448
f 415//415 448//448 416//416
f 417//417 449//449 450//450
f 417//417 450//450 418//418
f 418//418 450//450 451//451
f 418//418 451//451 419//419
f 419//419 451//451 452//452
f 419//419 452//452 420//420
f 420//420 452//452 453//453
f 420//420 453//453 421//421
f 421//421 453//453 454//454
f 421//421 454//454 422//422
f 422//422 454//454 455//455
f 422//422 455//455 423//423
f 423//423 455//455 456//456
f 423//423 456//456 424//424
f 424//424 456//456 457//457
f 424//424 457//457 425//425
f 425//425 457//457 458//458
f 425//425 458//458 426//426
f 426//426 458//458 459//459
f 426//426 459//459 427//427
f 427//427 459//459 460//460
f 427//427 460//460 428//428
f 428//428 460//460 461//461
f 428//428 461//461 429//429
f 429//429 461//461 462//462
f 429//429 462//462 430//430
f 430//430 462//462 463//463
f 430//430 463//463 431//431
f 431//431 463//463 464//464
f 431//431 464//464 432//432
f 432//432 464//464 465//465
f 432//432 465//465 433//433
f 433//433 465//465 466//466
f 433//433 466//466 434//434
f 434//434 466//466 467//467
f 434//434 467//467 435//435
f 435//435 467//467 468//468
f 435//435 468//468 436//436
f 436//436 468//468 469//469
f 436//436 469//469 437//437
f 437//437 469//469 470//470
f 437//437 470//470 438//438
f 438//438 470//470 471//471
f 438//438 471//471 439//439
f 439//439 471//471 472//472
f 439//439 472//472 440//440
f 440//440 472//472 473//473
f 440//440 473//473 441//441
f 441//441 473//473 474//474
f 441//441 474//474 442//442
f 442//442 474//474 475//475
f 442//442 475//475 443//443
f 443//443 475//475 476//476
f 443//443 476//476 444//444
f 444//444 476//476 477//477
f 444//444 477//477 445//445
f 445//445 477//477 478//478
f 445//445 478//478 446//446
f 446//446 478//478 479//479
f 446//446 479//479 447//447
f 447//447 479//479 480//480
f 447//447 480//480 448//448
f 449//449 481//481 482//482
f 449//449 482//482 450//450
f 450//450 482//482 483//483
f 450//450 483//483 451//451
f 451//451 483//483 484//484
f 451//451 484//484 452//452
f 452//452 484//484 485//485
f 452//452 485//485 453//453
f 453//453 485//485 486//486
f 453//453 486//486 454//454
f 454//454 486//486 487//487
f 454//454 487//487 455//455
f 455//455 487//487 488//488
f 455//455 488//488 456//456
f 456//456 488//488 489//489
f 456//456 489//489 457//457
f 457//457 489//489 490//490
f 457//457 490//490 458//458
f 458//458 490//490 491//491
f 458//458 491//491 459//459
f 459//459 491//491 492//492
f 459//459 492//492 460//460
f 460//460 492//492 493//493
f 460//460 493//493 461//461
f 461//461 493//493 494//494
f 461//461 494//494 462//462
f 462//462 494//494 495//495
f 462//462 495//495 463//463
f 463//463 495//495 496//496
f 463//463 496//496 464//464
f 464//464 496//496 497//497
f 464//464 497//497 465//465
f 465//465 497//497 498//498
f 465//465 498//498 466//466
f 466//466 498//498 499//499
f 466//466 499//499 467//467
f 467//467 499//499 500//500
f 467//467 500//500 468//468
f 468//468 500//500 501//501
f 468//468 501//501 469//469
f 469//469 501//501 502//502
f 469//469 502//502 470//470
f 470//470 502//502 503//503
f 470//470 503//503 471//471
f 471//471 503//503 504//504
f 471//471 504//504 472//472
f 472//472 504//504 505//505
f 472//472 505//505 473//473
f 473//473 505//505 506//506
f 473//473 506//506 474//474
f 474//474 506//506 507//507
f 474//474 507//507 475//475
f 475//475 507//507 508//508
f 475//475 508//508 476//476
f 476//476 508//508 509//509
f 476//476 509//509 477//477
f 477//477 509//509 510//510
f 477//477 510//510 478//478
f 478//478 510//510 511//511
f 478//478 511//511 479//479
f 479//479 511//511 512//512
f 479//479 512//512 480//480
f 481//481 513//513 514//514
f 481//481 514//514 482//482
f 482//482 514//514 515//515
f 482//482 515//515 483//483
f 483//483 515//515 516//516
f 483//483 516//516 484//484
f 484//484 516//516 517//517
f 484//484 517//517 485//485
f 485//485 517//517 518//518
f 485//485 518//518 486//486
f 486//486 518//518 519//519
f 486//486 519//519 487//487
f 487//487 519//519 520//520
f 487//487 520//520 488//488
f 488//488 520//520 521//521
f 488//488 521//521 489//489
f 489//489 521//521 522//522
f 489//489 522//522 490//490
f 490//490 522//522 523//523
f 490//490 523//523 491//491
f 491//491 523//523 524//524
f 491//491 524//524 492//492
f 492//492 524//524 525//525
f 492//492 525//525 493//493
f 493//493 525//525 526//526
f 493//493 526//526 494//494
f 494//494 526//526 527//527
f 494//494 527//527 495//495
f 495//495 527//527 528//528
f 495//495 528//528 496//496
f 496//496 528//528 529//529
f 496//496 529//529 497//497
f 497//497 529//529 530//530
f 497//497 530//530 498//498
f 498//498 530//530 531//531
f 498//498 531//531 499//499
f 499//499 531//531 532//532
f 499//499 532//532 500//500
f 500//500 532//532 533//533
f 500//500 533//533 501//501
f 501//501 533//533 534//534
f 501//501 534//534 502//502
f 502//502 534//534 535//535
f 502//502 535//535 503//503
f 503//503 535//535 536//536
f 503//503 536//536 504//504
f 504//504 536//536 537//537
f 504//504 537//537 505//505
f 505//505 537//537 538//538
f 505//505 538//538 506//506
f 506//506 538//538 539//539
f 506//506 539//539 507//507
f 507//507 539//539 540//540
f 507//507 540//540 508//508
f 508//508 540//540 541//541
f 508//508 541//541 509//509
f 509//509 541//541 542//542
f 509//509 542//542 510//510
f 510//510 542//542 543//543
f 510//510 543//543 511//511
f 511//511 543//543 544//544
f 511//511 544//544 512//512
f 513//513 545//545 546//546
f 513//513 546//546 514//514
f 514//514 546//546 547//547
f 514//514 547//547 515//515
f 515//515 547//547 548//548
f 515//515 548//548 516//516
f 516//516 548//548 549//549
f 516//516 549//549 517//517
f 517//517 549//549 550//550
f 517//517 550//550 518//518
f 518//518 550//550 551//551
f 518//518 551//551 519//519
f 519//519 551//551 552//552
f 519//519 552//552 520//520
f 520//520 552//552 553//553
f 520//520 553//553 521//521
f 521//521 553//553 554//554
f 521//521 554//554 522//522
f 522//522 554//554 555//555
f 522//522 555//555 523//523
f 523//523 555//555 556//556
f 523//523 556//556 524//524
f 524//524 556//556 557//557
f 524//524 557//557 525//525
f 525//525 557//557 558//558
f 525//525 558//558 526//526
f 526//526 558//558 559//559
f 526//526 559//559 527//527
f 527//527 559//559 560//560
f 527//527 560//560 528//528
f 528//528 560//560 561//561
f 528//528 561//561 529//529
f 529//529 561//561 562//562
f 529//529 562//562 530//530
f 530//530 562//562 563//563
f 530//530 563//563 531//531
f 531//531 563//563 564//564
f 531//531 564//564 532//532
f 532//532 564//564 565//565
f 532//532 565//565 533//533
f 533//533 565//565 566//566
f 533//533 566//566 534//534
f 534//534 566//566 567//567
f 534//534 567//567 535//535
f 535//535 567//567 568//568
f 535//535 568//568 536//536
f 536//536 568//568 569//569
f 536//536 569//569 537//537
f 537//537 569//569 570//570
f 537//537 570//570 538//538
f 538//538 570//570 571//571
f 538//538 571//571 539//539
f 539//539 571//571 572//572
f 539//539 572//572 540//540
f 540//540 572//572 573//573
f 540//540 573//573 541//541
f 541//541 573//573 574//574
f 541//541 574//574 542//542
f 542//542 574//574 575//575
f 542//542 575//575 543//543
f 543//543 575//575 576//576
f 543//543 576//576 544//544
f 545//545 577//577 578//578
f 545//545 578//578 546//546
f 546//546 578//578 579//579
f 546//546 579//579 547//547
f 547//547 579//579 580//580
f 547//547 580//580 548//548
f 548//548 580//580 581//581
f 548//548 581//581 549//549
f 549//549 581//581 582//582
f 549//549 582//582 550//550
f 550//550 582//582 583//583
f 550//550 583//583 551//551
f 551//551 583//583 584//584
f 551//551 584//584 552//552
f 552//552 584//584 585//585
f 552//552 585//585 553//553
f 553//553 585//585 586//586
f 553//553 586//586 554//554
f 554//554 586//586 587//587
f 554//554 587//587 555//555
f 555//555 587//587 588//588
f 555//555 588//588 556//556
f 556//556 588//588 589//589
f 556//556 589//589 557//557
f 557//557 589//589 590//590
f 557//557 590//590 558//558
f 558//558 590//590 591//591
f 558//558 591//591 559//559
f 559//559 591//591 592//592
f 559//559 592//592 560//560
f 560//560 592//592 593//593
f 560//560 593//593 561//561
f 561//561 593//593 594//594
f 561//561 594//594 562//562
f 562//562 594//594 595//595
f 562//562 595//595 563//563
f 563//563 595//595 596//596
f 563//563 596//596 564//564
f 564//564 596//596 597//597
f 564//564 597//597 565//565
f 565//565 597//597 598//598
f 565//565 598//598 566//566
f 566//566 598//598 599//599
f 566//566 599//599 567//567
f 567//567 599//599 600//600
f 567//567 600//600 568//568
f 568//568 600//600 601//601
f 568//568 601//601 569//569
f 569//569 601//601 602//602
f 569//569 602//602 570//570
f 570//570 602//602 603//603
f 570//570 603//603 571//571
f 571//571 603//603 604//604
f 571//571 604//604 572//572
f 572//572 604//604 605//605
f 572//572 605//605 573//573
f 573//573 605//605 606//606
f 573//573 606//606 574//574
f 574//574 606//606 607//607
f 574//574 607//607 575//575
f 575//575 607//607 608//608
f 575//575 608//608 576//576
f 577//577 609//609 610//610
f 577//577 610//610 578//578
f 578//578 610//610 611//611
f 578//578 611//611 579//579
f 579//579 611//611 612//612
f 579//579 612//612 580//580
f 580//580 612//612 613//613
f 580//580 613//613 581//581
f 581//581 613//613 614//614
f 581//581 614//614 582//582
f 582//582 614//614 615//615
f 582//582 615//615 583//583
f 583//583 615//615 616//616
f 583//583 616//616 584//584
f 584//584 616//616 617//617
f 584//584 617//617 585//585
f 585//585 617//617 618//618
f 585//585 618//618 586//586
f 586//586 618//618 619//619
f 586//586 619//619 587//587
f 587//587 619//619 620//620
f 587//587 620//620 588//588
f 588//588 620//620 621//621
f 588//588 621//621 589//589
f 589//589 621//621 622//622
f 589//589 622//622 590//590
f 590//590 622//622 623//623
f 590//590 623//623 591//591
f 591//591 623//623 624//624
f 591//591 624//624 592//592
f 592//592 624//624 625//625
f 592//592 625//625 593//593
f 593//593 625//625 626//626
f 593//593 626//626 594//594
f 594//594 626//626 627//627
f 594//594 627//627 595//595
f 595//595 627//627 628//628
f 595//595 628//628 596//596
f 596//596 628//628 629//629
f 596//596 629//629 597//597
f 597//597 629//629 630//630
f 597//597 630//630 598//598
f 598//598 630//630 631//631
f 598//598 631//631 599//599
f 599//599 631//631 632//632
f 599//599 632//632 600//600
f 600//600 632//632 633//633
f 600//600 633//633 601//601
f 601//601 633//633 634//634
f 601//601 634//634 602//602
f 602//602 634//634 635//635
f 602//602 635//635 603//603
f 603//603 635//635 636//636
f 603//603 636//636 604//604
f 604//604 636//636 637//637
f 604//604 637//637 605//605
f 605//605 637//637 638//638
f 605//605 638//638 606//606
f 606//606 638//638 639//639
f 606//606 639//639 607//607
f 607//607 639//639 640//640
f 607//607 640//640 608//608
f 609//609 641//641 642//642
f 609//609 642//642 610//610
f 610//610 642//642 643//643
f 610//610 643//643 611//611
f 611//611 643//643 644//644
f 611//611 644//644 612//612
f 612//612 644//644 645//645
f 612//612 645//645 613//613
f 613//613 645//645 646//646
f 613//613 646//646 614//614
f 614//614 646//646 647//647
f 614//614 647//647 615//615
f 615//615 647//647 648//648
f 615//615 648//648 616//616
f 616//616 648//648 649//649
f 616//616 649//649 617//617
f 617//617 649//649 650//650
f 617//617 650//650 618//618
f 618//618 650//650 651//651
f 618//618 651//651 619//619
f 619//619 651//651 652//652
f 619//619 652//652 620//620
f 620//620 652//652 653//653
f 620//620 653//653 621//621
f 621//621 653//653 654//654
f 621//621 654//654 622//622
f 622//622 654//654 655//655
f 622//622 655//655 623//623
f 623//623 655//655 656//656
f 623//623 656//656 624//624
f 624//624 656//656 657//657
f 624//624 657//657 625//625
f 625//625 657//657 658//658
f 625//625 658//658 626//626
f 626//626 658//658 659//659
f 626//626 659//659 627//627
f 627//627 659//659 660//660
f 627//627 660//660 628//628
f 628//628 660//660 661//661
f 628//628 661//661 629//629
f 629//629 661//661 662//662
f 629//629 662//662 630//630
f 630//630 662//662 663//663
f 630//630 663//663 631//631
f 631//631 663//663 664//664
f 631//631 664//664 632//632
f 632//632 664//664 665//665
f 632//632 665//665 633//633
f 633//633 665//665 666//666
f 633//633 666//666 634//634
f 634//634 666//666 667//667
f 634//634 667//667 635//635
f 635//635 667//667 668//668
f 635//635 668//668 636//636
f 636//636 668//668 669//669
f 636//636 669//669 637//637
f 637//637 669//669 670//670
f 637//637 670//670 638//638
f 638//638 670//670 671//671
f 638//638 671//671 639//639
f 639//639 671//671 672//672
f 639//639 672//672 640//640
f 641//641 673//673 674//674
f 641//641 674//674 642//642
f 642//642 674//674 675//675
f 642//642 675//675 643//643
f 643//643 675//675 676//676
f 643//643 676//676 644//644
f 644//644 676//676 677//677
f 644//644 677//677 645//645
f 645//645 677//677 678//678
f 645//645 678//678 646//646
f 646//646 678//678 679//679
f 646//646 679//679 647//647
f 647//647 679//679 680//680
f 647//647 680//680 648//648
f 648//648 680//680 681//681
f 648//648 681//681 649//649
f 649//649 681//681 682//682
f 649//649 682//682 650//650
f 650//650 682//682 683//683
f 650//650 683//683 651//651
f 651//651 683//683 684//684
f 651//651 684//684 652//652
f 652//652 684//684 685//685
f 652//652 685//685 653//653
f 653//653 685//685 686//686
f 653//653 686//686 654//654
f 654//654 686//686 687//687
f 654//654 687//687 655//655
f 655//655 687//687 688//688
f 655//655 688//688 656//656
f 656//656 688//688 689//689
f 656//656 689//689 657//657
f 657//657 689//689 690//690
f 657//657 690//690 658//658
f 658//658 690//690 691//691
f 658//658 691//691 659//659
f 659//659 691//691 692//692
f 659//659 692//692 660//660
f 660//660 692//692 693//693
f 660//660 693//693 661//661
f 661//661 693//693 694//694
f 661//661 694//694 662//662
f 662//662 694//694 695//695
f 662//662 695//695 663//663
f 663//663 695//695 696//696
f 663//663 696//696 664//664
f 664//664 696//696 697//697
f 664//664 697//697 665//665
f 665//665 697//697 698//698
f 665//665 698//698 666//666
f 666//666 698//698 699//699
f 666//666 699//699 667//667
f 667//667 699//699 700//700
f 667//667 700//700 668//668
f 668//668 700//700 701//701
f 668//668 701//701 669//669
f 669//669 701//701 702//702
f 669//669 702//702 670//670
f 670//670 702//702 703//703
f 670//670 703//703 671//671
f 671//671 703//703 704//704
f 671//671 704//704 672//672
f 673//673 705//705 706//706
f 673//673 706//706 674//674
f 674//674 706//706 707//707
f 674//674 707//707 675//675
f 675//675 707//707 708//708
f 675//675 708//708 676//676
f 676//676 708//708 709//709
f 676//676 709//709 677//677
f 677//677 709//709 710//710
f 677//677 710//710 678//678
f 678//678 710//710 711//711
f 678//678 711//711 679//679
f 679//679 711//711 712//712
f 679//679 712//712 680//680
f 680//680 712//712 713//713
f 680//680 713//713 681//681
f 681//681 713//713 714//714
f 681//681 714//714 682//682
f 682//682 714//714 715//715
f 682//682 715//715 683//683
f 683//683 715//715 716//716
f 683//683 716//716 684//684
f 684//684 716//716 717//717
f 684//684 717//717 685//685
f 685//685 717//717 718//718
f 685//685 718//718 686//686
f 686//686 718//718 719//719
f 686//686 719//719 687//687
f 687//687 719//719 720//720
f 687//687 720//720 688//688
f 688//688 720//720 721//721
f 688//688 721//721 689//689
f 689//689 721//721 722//722
f 689//689 722//722 690//690
f 690//690 722//722 723//723
f 690//690 723//723 691//691
f 691//691 723//723 724//724
f 691//691 724//724 692//692
f 692//692 724//724 725//725
f 692//692 725//725 693//693
f 693//693 725//725 726//726
f 693//693 726//726 694//694
f 694//694 726//726 727//727
f 694//694 727//727 695//695
f 695//695 727//727 728//728
f 695//695 728//728 696//696
f 696//696 728//728 729//729
f 696//696 729//729 697//697
f 697//697 729//729 730//730
f 697//697 730//730 698//698
f 698//698 730//730 731//731
f 698//698 731//731 699//699
f 699//699 731//731 732//732
f 699//699 732//732 700//700
f 700//700 732//732 733//733
f 700//700 733//733 701//701
f 701//701 733//733 734//734
f 701//701 734//734 702//702
f 702//702 734//734 735//735
f 702//702 735//735 703//703
f 703//703 735//735 736//736
f 703//703 736//736 704//704
f 705//705 737//737 738//738
f 705//705 738//738 706//706
f 706//706 738//738 739//739
f 706//706 739//739 707//707
f 707//707 739//739 740//740
f 707//707 740//740 708//708
f 708//708 740//740 741//741
f 708//708 741//741 709//709
f 709//709 741//741 742//742
f 709//709 742//742 710//710
f 710//710 742//742 743//743
f 710//710 743//743 711//711
f 711//711 743//743 744//744
f 711//711 744//744 712//712
f 712//712 744//744 745//745
f 712//712 745//745 713//713
f 713//713 745//745 746//746
f 713//713 746//746 714//714
f 714//714 746//746 747//747
f 714//714 747//747 715//715
f 715//715 747//747 748//748
f 715//715 748//748 716//716
f 716//716 748//748 749//749
f 716//716 749//749 717//717
f 717//717 749//749 750//750
f 717//717 750//750 718//718
f 718//718 750//750 751//751
f 718//718 751//751 719//719
f 719//719 751//751 752//752
f 719//719 752//752 720//720
f 720//720 752//752 753//753
f 720//720 753//753 721//721
f 721//721 753//753 754//754
f 721//721 754//754 722//722
f 722//722 754//754 755//755
f 722//722 755//755 723//723
f 723//723 755//755 756//756
f 723//723 756//756 724//724
f 724//724 756//756 757//757
f 724//724 757//757 725//725
f 725//725 757//757 758//758
f 725//725 758//758 726//726
f 726//726 758//758 759//759
f 726//726 759//759 727//727
f 727//727 759//759 760//760
f 727//727 760//760 728//728
f 728//728 760//760 761//761
f 728//728 761//761 729//729
f 729//729 761//761 762//762
f 729//729 762//762 730//730
f 730//730 762//762 763//763
f 730//730 763//763 731//731
f 731//731 763//763 764//764
f 731//731 764//764 732//732
f 732//732 764//764 765//765
f 732//732 765//765 733//733
f 733//733 765//765 766//766
f 733//733 766//766 734//734
f 734//734 766//766 767//767
f 734//734 767//767 735//735
f 735//735 767//767 768//768
f 735//735 768//768 736//736
f 737//737 769//769 770//770
f 737//737 770//770 738//738
f 738//738 770//770 771//771
f 738//738 771//771 739//739
f 739//739 771//771 772//772
f 739//739 772//772 740//740
f 740//740 772//772 773//773
f 740//740 773//773 741//741
f 741//741 773//773 774//774
f 741//741 774//774 742//742
f 742//742 774//774 775//775
f 742//742 775//775 743//743
f 743//743 775//775 776//776
f 743//743 776//776 744//744
f 744//744 776//776 777//777
f 744//744 777//777 745//745
f 745//745 777//777 778//778
f 745//745 778//778 746//746
f 746//746 778//778 779//779
f 746//746 779//779 747//747
f 747//747 779//779 780//780
f 747//747 780//780 748//748
f 748//748 780//780 781//781
f 748//748 781//781 749//749
f 749//749 781//781 782//782
f 749//749 782//782 750//750
f 750//750 782//782 783//783
f 750//750 783//783 751//751
f 751//751 783//783 784//784
f 751//751 784//784 752//752
f 752//752 784//784 785//785
f 752//752 785//785 753//753
f 753//753 785//785 786//786
f 753//753 786//786 754//754
f 754//754 786//786 787//787
f 754//754 787//787 755//755
f 755//755 787//787 788//788
f 755//755 788//788 756//756
f 756//756 788//788 789//789
f 756//756 789//789 757//757
f 757//757 789//789 790//790
f 757//757 790//790 758//758
f 758//758 790//790 791//791
f 758//758 791//791 759//759
f 759//759 791//791 792//792
f 759//759 792//792 760//760
f 760//760 792//792 793//793
f 760//760 793//793 761//761
f 761//761 793//793 794//794
f 761//761 794//794 762//762
f 762//762 794//794 795//795
f 762//762 795//795 763//763
f 763//763 795//795 796//796
f 763//763 796//796 764//764
f 764//764 796//796 797//797
f 764//764 797//797 765//765
f 765//765 797//797 798//798
f 765//765 798//798 766//766
f 766//766 798//798 799//799
f 766//766 799//799 767//767
f 767//767 799//799 800//800
f 767//767 800//800 768//768
f 769//769 801//801 802//802
f 769//769 802//802 770//770
f 770//770 802//802 803//803
f 770//770 803//803 771//771
f 771//771 803//803 804//804
f 771//771 804//804 772//772
f 772//772 804//804 805//805
f 772//772 805//805 773//773
f 773//773 805//805 806//806
f 773//773 806//806 774//774
f 774//774 806//806 807//807
f 774//774 807//807 775//775
f 775//775 807//807 808//808
f 775//775 808//808 776//776
f 776//776 808//808 809//809
f 776//776 809//809 777//777
f 777//777 809//809 810//810
f 777//777 810//810 778//778
f 778//778 810//810 811//811
f 778//778 811//811 779//779
f 779//779 811//811 812//812
f 779//779 812//812 780//780
f 780//780 812//812 813//813
f 780//780 813//813 781//781
f 781//781 813//813 814//814
f 781//781 814//814 782//782
f 782//782 814//814 815//815
f 782//782 815//815 783//783
f 783//783 815//815 816//816
f 783//783 816//816 784//784
f 784//784 816//816 817//817
f 784//784 817//817 785//785
f 785//785 817//817 818//818
f 785//785 818//818 786//786
f 786//786 818//818 819//819
f 786//786 819//819 787//787
f 787//787 819//819 820//820
f 787//787 820//820 788//788
f 788//788 820//820 821//821
f 788//788 821//821 789//789
f 789//789 821//821 822//822
f 789//789 822//822 790//790
f 790//790 822//822 823//823
f 790//790 823//823 791//791
f 791//791 823//823 824//824
f 791//791 824//824 792//792
f 792//792 824//824 825//825
f 792//792 825//825 793//793
f 793//793 825//825 826//826
f 793//793 826//826 794//794
f 794//794 826//826 827//827
f 794//794 827//827 795//795
f 795//795 827//827 828//828
f 795//795 828//828 796//796
f 796//796 828//828 829//829
f 796//796 829//829 797//797
f 797//797 829//829 830//830
f 797//797 830//830 798//798
f 798//798 830//830 831//831
f 798//798 831//831 799//799
f 799//799 831//831 832//832
f 799//799 832//832 800//800
f 801//801 833//833 834//834
f 801//801 834//834 802//802
f 802//802 834//834 835//835
f 802//802 835//835 803//803
f 803//803 835//835 836//836
f 803//803 836//836 804//804
f 804//804 836//836 837//837
f 804//804 837//837 805//805
f 805//805 837//837 838//838
f 805//805 838//838 806//806
f 806//806 838//838 839//839
f 806//806 839//839 807//807
f 807//807 839//839 840//840
f 807//807 840//840 808//808
f 808//808 840//840 841//841
f 808//808 841//841 809//809
f 809//809 841//841 842//842
f 809//809 842//842 810//810
f 810//810 842//842 843//843
f 810//810 843//843 811//811
f 811//811 843//843 844//844
f 811//811 844//844 812//812
f 812//812 844//844 845//845
f 812//812 845//845 813//813
f 813//813 845//845 846//846
f 813//813 846//846 814//814
f 814//814 846//846 847//847
f 814//814 847//847 815//815
f 815//815 847//847 848//848
f 815//815 848//848 816//816
f 816//816 848//848 849//849
f 816//816 849//849 817//817
f 817//817 849//849 850//850
f 817//817 850//850 818//818
f 818//818 850//850 851//851
f 818//818 851//851 819//819
f 819//819 851//851 852//852
f 819//819 852//852 820//820
f 820//820 852//852 853//853
f 820//820 853//853 821//821
f 821//821 853//853 854//854
f 821//821 854//854 822//822
f 822//822 854//854 855//855
f 822//822 855//855 823//823
f 823//823 855//855 856//856
f 823//823 856//856 824//824
f 824//824 856//856 857//857
f 824//824 857//857 825//825
f 825//825 857//857 858//858
f 825//825 858//858 826//826
f 826//826 858//858 859//859
f 826//826 859//859 827//827
f 827//827 859//859 860//860
f 827//827 860//860 828//828
f 828//828 860//860 861//861
f 828//828 861//861 829//829
f 829//829 861//861 862//862
f 829//829 862//862 830//830
f 830//830 862//862 863//863
f 830//830 863//863 831//831
f 831//831 863//863 864//864
f 831//831 864//864 832//832
f 833//833 865//865 866//866
f 833//833 866//866 834//834
f 834//834 866//866 867//867
f 834//834 867//867 835//835
f 835//835 867//867 868//868
f 835//835 868//868 836//836
f 836//836 868//868 869//869
f 836//836 869//869 837//837
f 837//837 869//869 870//870
f 837//837 870//870 838//838
f 838//838 870//870 871//871
f 838//838 871//871 839//839
f 839//839 871//871 872//872
f 839//839 872//872 840//840
f 840//840 872//872 873//873
f 840//840 873//873 841//841
f 841//841 873//873 874//874
f 841//841 874//874 842//842
f 842//842 874//874 875//875
f 842//842 875//875 843//843
f 843//843 875//875 876//876
f 843//843 876//876 844//844
f 844//844 876//876 877//877
f 844//844 877//877 845//845
f 845//845 877//877 878//878
f 845//845 878//878 846//846
f 846//846 878//878 879//879
f 846//846 879//879 847//847
f 847//847 879//879 880//880
f 847//847 880//880 848//848
f 848//848 880//880 881//881
f 848//848 881//881 849//849
f 849//849 881//881 882//882
f 849//849 882//882 850//850
f 850//850 882//882 883//883
f 850//850 883//883 851//851
f 851//851 883//883 884//884
f 851//851 884//884 852//852
f 852//852 884//884 885//885
f 852//852 885//885 853//853
f 853//853 885//885 886//886
f 853//853 886//886 854//854
f 854//854 886//886 887//887
f 854//854 887//887 855//855
f 855//855 887//887 888//888
f 855//855 888//888 856//856
f 856//856 888//888 889//889
f 856//856 889//889 857//857
f 857//857 889//889 890//890
f 857//857 890//890 858//858
f 858//858 890//890 891//891
f 858//858 891//891 859//859
f 859//859 891//891 892//892
f 859//859 892//892 860//860
f 860//860 892//892 893//893
f 860//860 893//893 861//861
f 861//861 893//893 894//894
f 861//861 894//894 862//862
f 862//862 894//894 895//895
f 862//862 895//895 863//863
f 863//863 895//895 896//896
f 863//863 896//896 864//864
f 865//865 897//897 898//898
f 865//865 898//898 866//866
f 866//866 898//898 899//899
f 866//866 899//899 867//867
f 867//867 899//899 900//900
f 867//867 900//900 868//868
f 868//868 900//900 901//901
f 868//868 901//901 869//869
f 869//869 901//901 902//902
f 869//869 902//902 870//870
f 870//870 902//902 903//903
f 870//870 903//903 871//871
f 871//871 903//903 904//904
f 871//871 904//904 872//872
f 872//872 904//904 905//905
f 872//872 905//905 873//873
f 873//873 905//905 906//906
f 873//873 906//906 874//874
f 874//874 906//906 907//907
f 874//874 907//907 875//875
f 875//875 907//907 908//908
f 875//875 908//908 876//876
f 876//876 908//908 909//909
f 876//876 909//909 877//877
f 877//877 909//909 910//910
f 877//877 910//910 878//878
f 878//878 910//910 911//911
f 878//878 911//911 879//879
f 879//879 911//911 912//912
f 879//879 912//912 880//880
f 880//880 912//912 913//913
f 880//880 913//913 881//881
f 881//881 913//913 914//914
f 881//881 914//914 882//882
f 882//882 914//914 915//915
f 882//882 915//915 883//883
f 883//883 915//915 916//916
f 883//883 916//916 884//884
f 884//884 916//916 917//917
f 884//884 917//917 885//885
f 885//885 917//917 918//918
f 885//885 918//918 886//886
f 886//886 918//918 919//919
f 886//886 919//919 887//887
f 887//887 919//919 920//920
f 887//887 920//920 888//888
f 888//888 920//920 921//921
f 888//888 921//921 889//889
f 889//889 921//921 922//922
f 889//889 922//922 890//890
f 890//890 922//922 923//923
f 890//890 923//923 891//891
f 891//891 923//923 924//924
f 891//891 924//924 892//892
f 892//892 924//924 925//925
f 892//892 925//925 893//893
f 893//893 925//925 926//926
f 893//893 926//926 894//894
f 894//894 926//926 927//927
f 894//894 927//927 895//895
f 895//895 927//927 928//928
f 895//895 928//928 896//896
f 897//897 929//929 930//930
f 897//897 930//930 898//898
f 898//898 930//930 931//931
f 898//898 931//931 899//899
f 899//899 931//931 932//932
f 899//899 932//932 900//900
f 900//900 932//932 933//933
f 900//900 933//933 901//901
f 901//901 933//933 934//934
f 901//901 934//934 902//902
f 902//902 934//934 935//935
f 902//902 935//935 903//903
f 903//903 935//935 936//936
f 903//903 936//936 904//904
f 904//904 936//936 937//937
f 904//904 937//937 905//905
f 905//905 937//937 938//938
f 905//905 938//938 906//906
f 906//906 938//938 939//939
f 906//906 939//939 907//907
f 907//907 939//939 940//940
f 907//907 940//940 908//908
f 908//908 940//940 941//941
f 908//908 941//941 909//909
f 909//909 941//941 942//942
f 909//909 942//942 910//910
f 910//910 942//942 943//943
f 910//910 943//943 911//911
f 911//911 943//943 944//944
f 911//911 944//944 912//912
f 912//912 944//944 945//945
f 912//912 945//945 913//913
f 913//913 945//945 946//946
f 913//913 946//946 914//914
f 914//914 946//946 947//947
f 914//914 947//947 915//915
f 915//915 947//947 948//948
f 915//915 948//948 916//916
f 916//916 948//948 949//949
f 916//916 949//949 917//917
f 917//917 949//949 950//950
f 917//917 950//950 918//918
f 918//918 950//950 951//951
f 918//918 951//951 919//919
f 919//919 951//951 952//952
f 919//919 952//952 920//920
f 920//920 952//952 953//953
f 920//920 953//953 921//921
f 921//921 953//953 954//954
f 921//921 954//954 922//922
f 922//922 954//954 955//955
f 922//922 955//955 923//923
f 923//923 955//955 956//956
f 923//923 956//956 924//924
f 924//924 956//956 957//957
f 924//924 957//957 925//925
f 925//925 957//957 958//958
f 925//925 958//958 926//926
f 926//926 958//958 959//959
f 926//926 959//959 927//927
f 927//927 959//959 960//960
f 927//927 960//960 928//928
f 929//929 961//961 962//962
f 929//929 962//962 930//930
f 930//930 962//962 963//963
f 930//930 963//963 931//931
f 931//931 963//963 964//964
f 931//931 964//964 932//932
f 932//932 964//964 965//965
f 932//932 965//965 933//933
f 933//933 965//965 966//966
f 933//933 966//966 934//934
f 934//934 966//966 967//967
f 934//934 967//967 935//935
f 935//935 967//967 968//968
f 935//935 968//968 936//936
f 936//936 968//968 969//969
f 936//936 969//969 937//937
f 937//937 969//969 970//970
f 937//937 970//970 938//938
f 938//938 970//970 971//971
f 938//938 971//971 939//939
f 939//939 971//971 972//972
f 939//939 972//972 940//940
f 940//940 972//972 973//973
f 940//940 973//973 941//941
f 941//941 973//973 974//974
f 941//941 974//974 942//942
f 942//942 974//974 975//975
f 942//942 975//975 943//943
f 943//943 975//975 976//976
f 943//943 976//976 944//944
f 944//944 976//976 977//977
f 944//944 977//977 945//945
f 945//945 977//977 978//978
f 945//945 978//978 946//946
f 946//946 978//978 979//979
f 946//946 979//979 947//947
f 947//947 979//979 980//980
f 947//947 980//980 948//948
f 948//948 980//980 981//981
f 948//948 981//981 949//949
f 949//949 981//981 982//982
f 949//949 982//982 950//950
f 950//950 982//982 983//983
f 950//950 983//983 951//951
f 951//951 983//983 984//984
f 951//951 984//984 952//952
f 952//952 984//984 985//985
f 952//952 985//985 953//953
f 953//953 985//985 986//986
f 953//953 986//986 954//954
f 954//954 986//986 987//987
f 954//954 987//987 955//955
f 955//955 987//987 988//988
f 955//955 988//988 956//956
f 956//956 988//988 989//989
f 956//956 989//989 957//957
f 957//957 989//989 990//990
f 957//957 990//990 958//958
f 958//958 990//990 991//991
f 958//958 991//991 959//959
f 959//959 991//991 992//992
f 959//959 992//992 960//960
f 961//961 993//993 994//994
f 961//961 994//994 962//962
f 962//962 994//994 995//995
f 962//962 995//995 963//963
f 963//963 995//995 996//996
f 963//963 996//996 964//964
f 964//964 996//996 997//997
f 964//964 997//997 965//965
f 965//965 997//997 998//998
f 965//965 998//998 966//966
f 966//966 998//998 999//999
f 966//966 999//999 967//967
f 967//967 999//999 1000//1000
f 967//967 1000//1000 968//968
f 968//968 1000//1000 1001//1001
f 968//968 1001//1001 969//969
f 969//969 1001//1001 1002//1002
f 969//969 1002//1002 970//970
f 970//970 1002//1002 1003//1003
f 970//970 1003//1003 971//971
f 971//971 1003//1003 1004//1004
f 971//971 1004//1004 972//972
f 972//972 1004//1004 1005//1005
f 972//972 1005//1005 973//973
f 973//973 1005//1005 1006//1006
f 973//973 1006//1006 974//974
f 974//974 1006//1006 1007//1007
f 974//974 1007//1007 975//975
f 975//975 1007//1007 1008//1008
f 975//975 1008//1008 976//976
f 976//976 1008//1008 1009//1009
f 976//976 1009//1009 977//977
f 977//977 1009//1009 1010//1010
f 977//977 1010//1010 978//978
f 978//978 1010//1010 1011//1011
f 978//978 1011//1011 979//979
f 979//979 1011//1011 1012//1012
f 979//979 1012//1012 980//980
f 980//980 1012//1012 1013//1013
f 980//980 1013//1013 981//981
f 981//981 1013//1013 1014//1014
f 981//981 1014//1014 982//982
f 982//982 1014//1014 1015//1015
f 982//982 1015//1015 983//983
f 983//983 1015//1015 1016//1016
f 983//983 1016//1016 984//984
f 984//984 1016//1016 1017//1017
f 984//984 1017//1017 985//985
f 985//985 1017//1017 1018//1018
f 985//985 1018//1018 986//986
f 986//986 1018//1018 1019//1019
f 986//986 1019//1019 987//987
f 987//987 1019//1019 1020//1020
f 987//987 1020//1020 988//988
f 988//988 1020//1020 1021//1021
f 988//988 1021//1021 989//989
f 989//989 1021//1021 1022//1022
f 989//989 1022//1022 990//990
f 990//990 1022//1022 1023//1023
f 990//990 1023//1023 991//991
f 991//991 1023//1023 1024//1024
f 991//991 1024//1024 992//992
