solid Procedural_Terrain_Heightmap
  facet normal 1.880368e-01 -7.297301e-01 6.573706e-01
    outer loop
      vertex -2.000000e+00 8.619748e-03 -2.000000e+00
      vertex -1.870968e+00 4.186877e-02 -2.000000e+00
      vertex -1.870968e+00 1.581063e-01 -1.870968e+00
    endloop
  endfacet
  facet normal 4.115173e-01 -7.725687e-01 4.835196e-01
    outer loop
      vertex -2.000000e+00 8.619748e-03 -2.000000e+00
      vertex -1.870968e+00 1.581063e-01 -1.870968e+00
      vertex -2.000000e+00 8.937583e-02 -1.870968e+00
    endloop
  endfacet
  facet normal 4.130286e-01 -7.754060e-01 4.776535e-01
    outer loop
      vertex -2.000000e+00 8.937583e-02 -1.870968e+00
      vertex -1.870968e+00 1.581063e-01 -1.870968e+00
      vertex -1.870968e+00 2.375907e-01 -1.741935e+00
    endloop
  endfacet
  facet normal 2.664688e-02 -6.694753e-01 7.423562e-01
    outer loop
      vertex -2.000000e+00 8.937583e-02 -1.870968e+00
      vertex -1.870968e+00 2.375907e-01 -1.741935e+00
      vertex -2.000000e+00 2.324549e-01 -1.741935e+00
    endloop
  endfacet
  facet normal 3.821189e-02 -9.600343e-01 2.772616e-01
    outer loop
      vertex -2.000000e+00 2.324549e-01 -1.741935e+00
      vertex -1.870968e+00 2.375907e-01 -1.741935e+00
      vertex -1.870968e+00 2.748557e-01 -1.612903e+00
    endloop
  endfacet
  facet normal 3.256970e-01 -9.453544e-01 -1.504740e-02
    outer loop
      vertex -2.000000e+00 2.324549e-01 -1.741935e+00
      vertex -1.870968e+00 2.748557e-01 -1.612903e+00
      vertex -2.000000e+00 2.304011e-01 -1.612903e+00
    endloop
  endfacet
  facet normal 2.728909e-01 -7.920817e-01 -5.460193e-01
    outer loop
      vertex -2.000000e+00 2.304011e-01 -1.612903e+00
      vertex -1.870968e+00 2.748557e-01 -1.612903e+00
      vertex -1.870968e+00 1.859077e-01 -1.483871e+00
    endloop
  endfacet
  facet normal 4.233136e-01 -6.379492e-01 -6.432934e-01
    outer loop
      vertex -2.000000e+00 2.304011e-01 -1.612903e+00
      vertex -1.870968e+00 1.859077e-01 -1.483871e+00
      vertex -2.000000e+00 1.002879e-01 -1.483871e+00
    endloop
  endfacet
  facet normal 5.306867e-01 -7.997644e-01 -2.806217e-01
    outer loop
      vertex -2.000000e+00 1.002879e-01 -1.483871e+00
      vertex -1.870968e+00 1.859077e-01 -1.483871e+00
      vertex -1.870968e+00 1.406328e-01 -1.354839e+00
    endloop
  endfacet
  facet normal 5.444226e-01 -7.835476e-01 -2.994282e-01
    outer loop
      vertex -2.000000e+00 1.002879e-01 -1.483871e+00
      vertex -1.870968e+00 1.406328e-01 -1.354839e+00
      vertex -2.000000e+00 5.097895e-02 -1.354839e+00
    endloop
  endfacet
  facet normal 5.662827e-01 -8.150094e-01 1.228153e-01
    outer loop
      vertex -2.000000e+00 5.097895e-02 -1.354839e+00
      vertex -1.870968e+00 1.406328e-01 -1.354839e+00
      vertex -1.870968e+00 1.600769e-01 -1.225806e+00
    endloop
  endfacet
  facet normal -2.502314e-01 -6.014182e-01 7.587361e-01
    outer loop
      vertex -2.000000e+00 5.097895e-02 -1.354839e+00
      vertex -1.870968e+00 1.600769e-01 -1.225806e+00
      vertex -2.000000e+00 2.137632e-01 -1.225806e+00
    endloop
  endfacet
  facet normal -3.419432e-01 -8.218426e-01 -4.556858e-01
    outer loop
      vertex -2.000000e+00 2.137632e-01 -1.225806e+00
      vertex -1.870968e+00 1.600769e-01 -1.225806e+00
      vertex -1.870968e+00 8.853261e-02 -1.096774e+00
    endloop
  endfacet
  facet normal -7.935261e-01 -5.505969e-01 2.591512e-01
    outer loop
      vertex -2.000000e+00 2.137632e-01 -1.225806e+00
      vertex -1.870968e+00 8.853261e-02 -1.096774e+00
      vertex -2.000000e+00 2.744953e-01 -1.096774e+00
    endloop
  endfacet
  facet normal -6.181736e-01 -4.289266e-01 -6.586982e-01
    outer loop
      vertex -2.000000e+00 2.744953e-01 -1.096774e+00
      vertex -1.870968e+00 8.853261e-02 -1.096774e+00
      vertex -1.870968e+00 -1.096209e-01 -9.677419e-01
    endloop
  endfacet
  facet normal -7.242361e-01 -4.255480e-01 -5.425781e-01
    outer loop
      vertex -2.000000e+00 2.744953e-01 -1.096774e+00
      vertex -1.870968e+00 -1.096209e-01 -9.677419e-01
      vertex -2.000000e+00 1.099778e-01 -9.677419e-01
    endloop
  endfacet
  facet normal -6.786349e-01 -3.987536e-01 -6.168065e-01
    outer loop
      vertex -2.000000e+00 1.099778e-01 -9.677419e-01
      vertex -1.870968e+00 -1.096209e-01 -9.677419e-01
      vertex -1.870968e+00 -3.092127e-01 -8.387097e-01
    endloop
  endfacet
  facet normal -4.222518e-01 -3.828875e-01 -8.216450e-01
    outer loop
      vertex -2.000000e+00 1.099778e-01 -9.677419e-01
      vertex -1.870968e+00 -3.092127e-01 -8.387097e-01
      vertex -2.000000e+00 -1.669147e-01 -8.387097e-01
    endloop
  endfacet
  facet normal -5.040592e-01 -4.570684e-01 -7.328115e-01
    outer loop
      vertex -2.000000e+00 -1.669147e-01 -8.387097e-01
      vertex -1.870968e+00 -3.092127e-01 -8.387097e-01
      vertex -1.870968e+00 -5.160883e-01 -7.096774e-01
    endloop
  endfacet
  facet normal -8.525131e-01 -4.266345e-01 -3.020006e-01
    outer loop
      vertex -2.000000e+00 -1.669147e-01 -8.387097e-01
      vertex -1.870968e+00 -5.160883e-01 -7.096774e-01
      vertex -2.000000e+00 -2.582524e-01 -7.096774e-01
    endloop
  endfacet
  facet normal -8.931846e-01 -4.469883e-01 -4.922149e-02
    outer loop
      vertex -2.000000e+00 -2.582524e-01 -7.096774e-01
      vertex -1.870968e+00 -5.160883e-01 -7.096774e-01
      vertex -1.870968e+00 -5.302971e-01 -5.806452e-01
    endloop
  endfacet
  facet normal -8.723283e-01 -4.728026e-01 -1.245032e-01
    outer loop
      vertex -2.000000e+00 -2.582524e-01 -7.096774e-01
      vertex -1.870968e+00 -5.302971e-01 -5.806452e-01
      vertex -2.000000e+00 -2.922305e-01 -5.806452e-01
    endloop
  endfacet
  facet normal -8.542123e-01 -4.629837e-01 -2.365744e-01
    outer loop
      vertex -2.000000e+00 -2.922305e-01 -5.806452e-01
      vertex -1.870968e+00 -5.302971e-01 -5.806452e-01
      vertex -1.870968e+00 -5.962297e-01 -4.516129e-01
    endloop
  endfacet
  facet normal -6.601713e-01 -5.130564e-01 -5.485864e-01
    outer loop
      vertex -2.000000e+00 -2.922305e-01 -5.806452e-01
      vertex -1.870968e+00 -5.962297e-01 -4.516129e-01
      vertex -2.000000e+00 -4.301985e-01 -4.516129e-01
    endloop
  endfacet
  facet normal -6.922042e-01 -5.379510e-01 4.811052e-01
    outer loop
      vertex -2.000000e+00 -4.301985e-01 -4.516129e-01
      vertex -1.870968e+00 -5.962297e-01 -4.516129e-01
      vertex -1.870968e+00 -4.808324e-01 -3.225806e-01
    endloop
  endfacet
  facet normal 2.992523e-01 -7.477752e-01 -5.926891e-01
    outer loop
      vertex -2.000000e+00 -4.301985e-01 -4.516129e-01
      vertex -1.870968e+00 -4.808324e-01 -3.225806e-01
      vertex -2.000000e+00 -5.324699e-01 -3.225806e-01
    endloop
  endfacet
  facet normal 2.340079e-01 -5.847417e-01 7.767352e-01
    outer loop
      vertex -2.000000e+00 -5.324699e-01 -3.225806e-01
      vertex -1.870968e+00 -4.808324e-01 -3.225806e-01
      vertex -1.870968e+00 -3.094338e-01 -1.935484e-01
    endloop
  endfacet
  facet normal 1.290339e-01 -5.514519e-01 8.241669e-01
    outer loop
      vertex -2.000000e+00 -5.324699e-01 -3.225806e-01
      vertex -1.870968e+00 -3.094338e-01 -1.935484e-01
      vertex -2.000000e+00 -3.396260e-01 -1.935484e-01
    endloop
  endfacet
  facet normal 1.450483e-01 -6.198929e-01 7.711639e-01
    outer loop
      vertex -2.000000e+00 -3.396260e-01 -1.935484e-01
      vertex -1.870968e+00 -3.094338e-01 -1.935484e-01
      vertex -1.870968e+00 -1.489141e-01 -6.451613e-02
    endloop
  endfacet
  facet normal -3.032918e-02 -5.459575e-01 8.372637e-01
    outer loop
      vertex -2.000000e+00 -3.396260e-01 -1.935484e-01
      vertex -1.870968e+00 -1.489141e-01 -6.451613e-02
      vertex -2.000000e+00 -1.417461e-01 -6.451613e-02
    endloop
  endfacet
  facet normal -4.769675e-02 -8.585922e-01 5.104355e-01
    outer loop
      vertex -2.000000e+00 -1.417461e-01 -6.451613e-02
      vertex -1.870968e+00 -1.489141e-01 -6.451613e-02
      vertex -1.870968e+00 -7.220409e-02 6.451613e-02
    endloop
  endfacet
  facet normal -4.113987e-01 -5.644766e-01 7.156237e-01
    outer loop
      vertex -2.000000e+00 -1.417461e-01 -6.451613e-02
      vertex -1.870968e+00 -7.220409e-02 6.451613e-02
      vertex -2.000000e+00 2.183649e-02 6.451613e-02
    endloop
  endfacet
  facet normal -5.313590e-01 -7.290730e-01 4.314049e-01
    outer loop
      vertex -2.000000e+00 2.183649e-02 6.451613e-02
      vertex -1.870968e+00 -7.220409e-02 6.451613e-02
      vertex -1.870968e+00 4.146490e-03 1.935484e-01
    endloop
  endfacet
  facet normal 1.407936e-01 -9.521333e-01 -2.713287e-01
    outer loop
      vertex -2.000000e+00 2.183649e-02 6.451613e-02
      vertex -1.870968e+00 4.146490e-03 1.935484e-01
      vertex -2.000000e+00 -1.493374e-02 1.935484e-01
    endloop
  endfacet
  facet normal 1.451683e-01 -9.817173e-01 -1.231150e-01
    outer loop
      vertex -2.000000e+00 -1.493374e-02 1.935484e-01
      vertex -1.870968e+00 4.146490e-03 1.935484e-01
      vertex -1.870968e+00 -1.203516e-02 3.225806e-01
    endloop
  endfacet
  facet normal -3.831629e-02 -9.974190e-01 6.072227e-02
    outer loop
      vertex -2.000000e+00 -1.493374e-02 1.935484e-01
      vertex -1.870968e+00 -1.203516e-02 3.225806e-01
      vertex -2.000000e+00 -7.078330e-03 3.225806e-01
    endloop
  endfacet
  facet normal -2.840961e-02 -7.395362e-01 6.725170e-01
    outer loop
      vertex -2.000000e+00 -7.078330e-03 3.225806e-01
      vertex -1.870968e+00 -1.203516e-02 3.225806e-01
      vertex -1.870968e+00 1.053038e-01 4.516129e-01
    endloop
  endfacet
  facet normal 5.373655e-01 -8.238735e-01 1.801965e-01
    outer loop
      vertex -2.000000e+00 -7.078330e-03 3.225806e-01
      vertex -1.870968e+00 1.053038e-01 4.516129e-01
      vertex -2.000000e+00 2.114342e-02 4.516129e-01
    endloop
  endfacet
  facet normal 5.185075e-01 -7.949609e-01 -3.149398e-01
    outer loop
      vertex -2.000000e+00 2.114342e-02 4.516129e-01
      vertex -1.870968e+00 1.053038e-01 4.516129e-01
      vertex -1.870968e+00 5.418505e-02 5.806452e-01
    endloop
  endfacet
  facet normal 3.186218e-01 -9.447744e-01 -7.669099e-02
    outer loop
      vertex -2.000000e+00 2.114342e-02 4.516129e-01
      vertex -1.870968e+00 5.418505e-02 5.806452e-01
      vertex -2.000000e+00 1.066938e-02 5.806452e-01
    endloop
  endfacet
  facet normal 2.777844e-01 -8.236839e-01 4.943487e-01
    outer loop
      vertex -2.000000e+00 1.066938e-02 5.806452e-01
      vertex -1.870968e+00 5.418505e-02 5.806452e-01
      vertex -1.870968e+00 1.316261e-01 7.096774e-01
    endloop
  endfacet
  facet normal 7.965647e-01 -5.189887e-01 -3.100572e-01
    outer loop
      vertex -2.000000e+00 1.066938e-02 5.806452e-01
      vertex -1.870968e+00 1.316261e-01 7.096774e-01
      vertex -2.000000e+00 -6.641781e-02 7.096774e-01
    endloop
  endfacet
  facet normal 8.331575e-01 -5.428302e-01 1.057541e-01
    outer loop
      vertex -2.000000e+00 -6.641781e-02 7.096774e-01
      vertex -1.870968e+00 1.316261e-01 7.096774e-01
      vertex -1.870968e+00 1.567641e-01 8.387097e-01
    endloop
  endfacet
  facet normal 6.095595e-01 -6.303476e-01 4.807276e-01
    outer loop
      vertex -2.000000e+00 -6.641781e-02 7.096774e-01
      vertex -1.870968e+00 1.567641e-01 8.387097e-01
      vertex -2.000000e+00 3.198720e-02 8.387097e-01
    endloop
  endfacet
  facet normal 6.460776e-01 -6.681111e-01 3.690683e-01
    outer loop
      vertex -2.000000e+00 3.198720e-02 8.387097e-01
      vertex -1.870968e+00 1.567641e-01 8.387097e-01
      vertex -1.870968e+00 2.280423e-01 9.677419e-01
    endloop
  endfacet
  facet normal 7.623125e-01 -6.212155e-01 1.815789e-01
    outer loop
      vertex -2.000000e+00 3.198720e-02 8.387097e-01
      vertex -1.870968e+00 2.280423e-01 9.677419e-01
      vertex -2.000000e+00 6.970285e-02 9.677419e-01
    endloop
  endfacet
  facet normal 7.356143e-01 -5.994589e-01 -3.154689e-01
    outer loop
      vertex -2.000000e+00 6.970285e-02 9.677419e-01
      vertex -1.870968e+00 2.280423e-01 9.677419e-01
      vertex -1.870968e+00 1.601382e-01 1.096774e+00
    endloop
  endfacet
  facet normal 3.984190e-01 -8.892245e-01 2.248156e-01
    outer loop
      vertex -2.000000e+00 6.970285e-02 9.677419e-01
      vertex -1.870968e+00 1.601382e-01 1.096774e+00
      vertex -2.000000e+00 1.023251e-01 1.096774e+00
    endloop
  endfacet
  facet normal 2.814824e-01 -6.282355e-01 -7.253191e-01
    outer loop
      vertex -2.000000e+00 1.023251e-01 1.096774e+00
      vertex -1.870968e+00 1.601382e-01 1.096774e+00
      vertex -1.870968e+00 1.116616e-02 1.225806e+00
    endloop
  endfacet
  facet normal 3.468285e-01 -5.668215e-01 -7.472773e-01
    outer loop
      vertex -2.000000e+00 1.023251e-01 1.096774e+00
      vertex -1.870968e+00 1.116616e-02 1.225806e+00
      vertex -2.000000e+00 -6.778649e-02 1.225806e+00
    endloop
  endfacet
  facet normal 2.036671e-01 -3.328529e-01 -9.207218e-01
    outer loop
      vertex -2.000000e+00 -6.778649e-02 1.225806e+00
      vertex -1.870968e+00 1.116616e-02 1.225806e+00
      vertex -1.870968e+00 -3.457567e-01 1.354839e+00
    endloop
  endfacet
  facet normal -3.675851e-01 -5.264875e-01 -7.666108e-01
    outer loop
      vertex -2.000000e+00 -6.778649e-02 1.225806e+00
      vertex -1.870968e+00 -3.457567e-01 1.354839e+00
      vertex -2.000000e+00 -2.556685e-01 1.354839e+00
    endloop
  endfacet
  facet normal -3.212371e-01 -4.601039e-01 -8.277144e-01
    outer loop
      vertex -2.000000e+00 -2.556685e-01 1.354839e+00
      vertex -1.870968e+00 -3.457567e-01 1.354839e+00
      vertex -1.870968e+00 -5.778823e-01 1.483871e+00
    endloop
  endfacet
  facet normal -1.866952e-01 -4.287370e-01 -8.839284e-01
    outer loop
      vertex -2.000000e+00 -2.556685e-01 1.354839e+00
      vertex -1.870968e+00 -5.778823e-01 1.483871e+00
      vertex -2.000000e+00 -5.216947e-01 1.483871e+00
    endloop
  endfacet
  facet normal -1.961420e-01 -4.504312e-01 -8.709995e-01
    outer loop
      vertex -2.000000e+00 -5.216947e-01 1.483871e+00
      vertex -1.870968e+00 -5.778823e-01 1.483871e+00
      vertex -1.870968e+00 -8.273921e-01 1.612903e+00
    endloop
  endfacet
  facet normal -3.380023e-01 -4.834898e-01 -8.074602e-01
    outer loop
      vertex -2.000000e+00 -5.216947e-01 1.483871e+00
      vertex -1.870968e+00 -8.273921e-01 1.612903e+00
      vertex -2.000000e+00 -7.371871e-01 1.612903e+00
    endloop
  endfacet
  facet normal -4.773250e-01 -6.827816e-01 5.531457e-01
    outer loop
      vertex -2.000000e+00 -7.371871e-01 1.612903e+00
      vertex -1.870968e+00 -8.273921e-01 1.612903e+00
      vertex -1.870968e+00 -7.228585e-01 1.741935e+00
    endloop
  endfacet
  facet normal 5.982381e-01 -5.995394e-01 -5.316612e-01
    outer loop
      vertex -2.000000e+00 -7.371871e-01 1.612903e+00
      vertex -1.870968e+00 -7.228585e-01 1.741935e+00
      vertex -2.000000e+00 -8.516107e-01 1.741935e+00
    endloop
  endfacet
  facet normal 6.183255e-01 -6.196705e-01 4.834067e-01
    outer loop
      vertex -2.000000e+00 -8.516107e-01 1.741935e+00
      vertex -1.870968e+00 -7.228585e-01 1.741935e+00
      vertex -1.870968e+00 -6.222001e-01 1.870968e+00
    endloop
  endfacet
  facet normal 3.143711e-01 -5.935254e-01 7.408768e-01
    outer loop
      vertex -2.000000e+00 -8.516107e-01 1.741935e+00
      vertex -1.870968e+00 -6.222001e-01 1.870968e+00
      vertex -2.000000e+00 -6.905443e-01 1.870968e+00
    endloop
  endfacet
  facet normal 2.333222e-01 -4.405068e-01 8.668994e-01
    outer loop
      vertex -2.000000e+00 -6.905443e-01 1.870968e+00
      vertex -1.870968e+00 -6.222001e-01 1.870968e+00
      vertex -1.870968e+00 -3.682699e-01 2.000000e+00
    endloop
  endfacet
  facet normal 5.968721e-01 -4.925564e-01 6.333498e-01
    outer loop
      vertex -2.000000e+00 -6.905443e-01 1.870968e+00
      vertex -1.870968e+00 -3.682699e-01 2.000000e+00
      vertex -2.000000e+00 -5.246292e-01 2.000000e+00
    endloop
  endfacet
  facet normal 6.649438e-01 -7.403384e-01 -9.873632e-02
    outer loop
      vertex -1.870968e+00 4.186877e-02 -2.000000e+00
      vertex -1.741935e+00 1.577606e-01 -2.000000e+00
      vertex -1.741935e+00 1.405521e-01 -1.870968e+00
    endloop
  endfacet
  facet normal -1.005670e-01 -7.392167e-01 6.659166e-01
    outer loop
      vertex -1.870968e+00 4.186877e-02 -2.000000e+00
      vertex -1.741935e+00 1.405521e-01 -1.870968e+00
      vertex -1.870968e+00 1.581063e-01 -1.870968e+00
    endloop
  endfacet
  facet normal -1.347617e-01 -9.905649e-01 2.490989e-02
    outer loop
      vertex -1.870968e+00 1.581063e-01 -1.870968e+00
      vertex -1.741935e+00 1.405521e-01 -1.870968e+00
      vertex -1.741935e+00 1.437969e-01 -1.741935e+00
    endloop
  endfacet
  facet normal -5.262647e-01 -7.239825e-01 4.459763e-01
    outer loop
      vertex -1.870968e+00 1.581063e-01 -1.870968e+00
      vertex -1.741935e+00 1.437969e-01 -1.741935e+00
      vertex -1.870968e+00 2.375907e-01 -1.741935e+00
    endloop
  endfacet
  facet normal -5.656246e-01 -7.781300e-01 2.730980e-01
    outer loop
      vertex -1.870968e+00 2.375907e-01 -1.741935e+00
      vertex -1.741935e+00 1.437969e-01 -1.741935e+00
      vertex -1.741935e+00 1.890829e-01 -1.612903e+00
    endloop
  endfacet
  facet normal -5.382397e-01 -8.097004e-01 2.338446e-01
    outer loop
      vertex -1.870968e+00 2.375907e-01 -1.741935e+00
      vertex -1.741935e+00 1.890829e-01 -1.612903e+00
      vertex -1.870968e+00 2.748557e-01 -1.612903e+00
    endloop
  endfacet
  facet normal -5.437469e-01 -8.179851e-01 1.877226e-01
    outer loop
      vertex -1.870968e+00 2.748557e-01 -1.612903e+00
      vertex -1.741935e+00 1.890829e-01 -1.612903e+00
      vertex -1.741935e+00 2.186950e-01 -1.483871e+00
    endloop
  endfacet
  facet normal 2.047765e-01 -8.058839e-01 -5.555338e-01
    outer loop
      vertex -1.870968e+00 2.748557e-01 -1.612903e+00
      vertex -1.741935e+00 2.186950e-01 -1.483871e+00
      vertex -1.870968e+00 1.859077e-01 -1.483871e+00
    endloop
  endfacet
  facet normal 1.440283e-01 -5.668136e-01 -8.111586e-01
    outer loop
      vertex -1.870968e+00 1.859077e-01 -1.483871e+00
      vertex -1.741935e+00 2.186950e-01 -1.483871e+00
      vertex -1.741935e+00 3.403886e-02 -1.354839e+00
    endloop
  endfacet
  facet normal -6.147916e-01 -7.442068e-01 -2.611276e-01
    outer loop
      vertex -1.870968e+00 1.859077e-01 -1.483871e+00
      vertex -1.741935e+00 3.403886e-02 -1.354839e+00
      vertex -1.870968e+00 1.406328e-01 -1.354839e+00
    endloop
  endfacet
  facet normal -5.263218e-01 -6.371139e-01 -5.630908e-01
    outer loop
      vertex -1.870968e+00 1.406328e-01 -1.354839e+00
      vertex -1.741935e+00 3.403886e-02 -1.354839e+00
      vertex -1.741935e+00 -8.000177e-02 -1.225806e+00
    endloop
  endfacet
  facet normal -8.786068e-01 -4.722144e-01 7.115885e-02
    outer loop
      vertex -1.870968e+00 1.406328e-01 -1.354839e+00
      vertex -1.741935e+00 -8.000177e-02 -1.225806e+00
      vertex -1.870968e+00 1.600769e-01 -1.225806e+00
    endloop
  endfacet
  facet normal -8.177870e-01 -4.395263e-01 -3.715387e-01
    outer loop
      vertex -1.870968e+00 1.600769e-01 -1.225806e+00
      vertex -1.741935e+00 -8.000177e-02 -1.225806e+00
      vertex -1.741935e+00 -1.890748e-01 -1.096774e+00
    endloop
  endfacet
  facet normal -8.830359e-01 -4.104361e-01 -2.275739e-01
    outer loop
      vertex -1.870968e+00 1.600769e-01 -1.225806e+00
      vertex -1.741935e+00 -1.890748e-01 -1.096774e+00
      vertex -1.870968e+00 8.853261e-02 -1.096774e+00
    endloop
  endfacet
  facet normal -9.048714e-01 -4.205853e-01 -6.569453e-02
    outer loop
      vertex -1.870968e+00 8.853261e-02 -1.096774e+00
      vertex -1.741935e+00 -1.890748e-01 -1.096774e+00
      vertex -1.741935e+00 -2.092294e-01 -9.677419e-01
    endloop
  endfacet
  facet normal -3.882080e-01 -5.028826e-01 -7.722717e-01
    outer loop
      vertex -1.870968e+00 8.853261e-02 -1.096774e+00
      vertex -1.741935e+00 -2.092294e-01 -9.677419e-01
      vertex -1.870968e+00 -1.096209e-01 -9.677419e-01
    endloop
  endfacet
  facet normal -4.093414e-01 -5.302587e-01 -7.424725e-01
    outer loop
      vertex -1.870968e+00 -1.096209e-01 -9.677419e-01
      vertex -1.741935e+00 -2.092294e-01 -9.677419e-01
      vertex -1.741935e+00 -3.899014e-01 -8.387097e-01
    endloop
  endfacet
  facet normal -3.214796e-01 -5.140896e-01 -7.952124e-01
    outer loop
      vertex -1.870968e+00 -1.096209e-01 -9.677419e-01
      vertex -1.741935e+00 -3.899014e-01 -8.387097e-01
      vertex -1.870968e+00 -3.092127e-01 -8.387097e-01
    endloop
  endfacet
  facet normal -2.669607e-01 -4.269066e-01 -8.639923e-01
    outer loop
      vertex -1.870968e+00 -3.092127e-01 -8.387097e-01
      vertex -1.741935e+00 -3.899014e-01 -8.387097e-01
      vertex -1.741935e+00 -6.510425e-01 -7.096774e-01
    endloop
  endfacet
  facet normal -4.842718e-01 -4.630213e-01 -7.423557e-01
    outer loop
      vertex -1.870968e+00 -3.092127e-01 -8.387097e-01
      vertex -1.741935e+00 -6.510425e-01 -7.096774e-01
      vertex -1.870968e+00 -5.160883e-01 -7.096774e-01
    endloop
  endfacet
  facet normal -6.518205e-01 -6.232178e-01 -4.321223e-01
    outer loop
      vertex -1.870968e+00 -5.160883e-01 -7.096774e-01
      vertex -1.741935e+00 -6.510425e-01 -7.096774e-01
      vertex -1.741935e+00 -7.405100e-01 -5.806452e-01
    endloop
  endfacet
  facet normal -8.508435e-01 -5.222622e-01 -5.751051e-02
    outer loop
      vertex -1.870968e+00 -5.160883e-01 -7.096774e-01
      vertex -1.741935e+00 -7.405100e-01 -5.806452e-01
      vertex -1.870968e+00 -5.302971e-01 -5.806452e-01
    endloop
  endfacet
  facet normal -6.681223e-01 -4.101049e-01 6.208273e-01
    outer loop
      vertex -1.870968e+00 -5.302971e-01 -5.806452e-01
      vertex -1.741935e+00 -7.405100e-01 -5.806452e-01
      vertex -1.741935e+00 -5.451776e-01 -4.516129e-01
    endloop
  endfacet
  facet normal 3.323014e-01 -8.398795e-01 -4.291599e-01
    outer loop
      vertex -1.870968e+00 -5.302971e-01 -5.806452e-01
      vertex -1.741935e+00 -5.451776e-01 -4.516129e-01
      vertex -1.870968e+00 -5.962297e-01 -4.516129e-01
    endloop
  endfacet
  facet normal 1.905419e-01 -4.815876e-01 8.554339e-01
    outer loop
      vertex -1.870968e+00 -5.962297e-01 -4.516129e-01
      vertex -1.741935e+00 -5.451776e-01 -4.516129e-01
      vertex -1.741935e+00 -3.159803e-01 -3.225806e-01
    endloop
  endfacet
  facet normal 6.896305e-01 -5.397844e-01 4.827448e-01
    outer loop
      vertex -1.870968e+00 -5.962297e-01 -4.516129e-01
      vertex -1.741935e+00 -3.159803e-01 -3.225806e-01
      vertex -1.870968e+00 -4.808324e-01 -3.225806e-01
    endloop
  endfacet
  facet normal 7.337218e-01 -5.742953e-01 3.630941e-01
    outer loop
      vertex -1.870968e+00 -4.808324e-01 -3.225806e-01
      vertex -1.741935e+00 -3.159803e-01 -3.225806e-01
      vertex -1.741935e+00 -2.344006e-01 -1.935484e-01
    endloop
  endfacet
  facet normal 3.301338e-01 -5.677206e-01 7.541254e-01
    outer loop
      vertex -1.870968e+00 -4.808324e-01 -3.225806e-01
      vertex -1.741935e+00 -2.344006e-01 -1.935484e-01
      vertex -1.870968e+00 -3.094338e-01 -1.935484e-01
    endloop
  endfacet
  facet normal 4.940441e-01 -8.495920e-01 -1.846994e-01
    outer loop
      vertex -1.870968e+00 -3.094338e-01 -1.935484e-01
      vertex -1.741935e+00 -2.344006e-01 -1.935484e-01
      vertex -1.741935e+00 -2.624520e-01 -6.451613e-02
    endloop
  endfacet
  facet normal -4.827825e-01 -5.486676e-01 6.825577e-01
    outer loop
      vertex -1.870968e+00 -3.094338e-01 -1.935484e-01
      vertex -1.741935e+00 -2.624520e-01 -6.451613e-02
      vertex -1.870968e+00 -1.489141e-01 -6.451613e-02
    endloop
  endfacet
  facet normal -4.865827e-01 -5.529864e-01 6.763455e-01
    outer loop
      vertex -1.870968e+00 -1.489141e-01 -6.451613e-02
      vertex -1.741935e+00 -2.624520e-01 -6.451613e-02
      vertex -1.741935e+00 -1.046354e-01 6.451613e-02
    endloop
  endfacet
  facet normal -2.111747e-01 -8.401858e-01 4.994928e-01
    outer loop
      vertex -1.870968e+00 -1.489141e-01 -6.451613e-02
      vertex -1.741935e+00 -1.046354e-01 6.451613e-02
      vertex -1.870968e+00 -7.220409e-02 6.451613e-02
    endloop
  endfacet
  facet normal -1.685286e-01 -6.705130e-01 7.225029e-01
    outer loop
      vertex -1.870968e+00 -7.220409e-02 6.451613e-02
      vertex -1.741935e+00 -1.046354e-01 6.451613e-02
      vertex -1.741935e+00 3.440168e-02 1.935484e-01
    endloop
  endfacet
  facet normal 1.978092e-01 -8.436164e-01 4.991822e-01
    outer loop
      vertex -1.870968e+00 -7.220409e-02 6.451613e-02
      vertex -1.741935e+00 3.440168e-02 1.935484e-01
      vertex -1.870968e+00 4.146490e-03 1.935484e-01
    endloop
  endfacet
  facet normal 2.153536e-01 -9.184396e-01 3.318004e-01
    outer loop
      vertex -1.870968e+00 4.146490e-03 1.935484e-01
      vertex -1.741935e+00 3.440168e-02 1.935484e-01
      vertex -1.741935e+00 8.101657e-02 3.225806e-01
    endloop
  endfacet
  facet normal 5.819167e-01 -8.069278e-01 -1.011950e-01
    outer loop
      vertex -1.870968e+00 4.146490e-03 1.935484e-01
      vertex -1.741935e+00 8.101657e-02 3.225806e-01
      vertex -1.870968e+00 -1.203516e-02 3.225806e-01
    endloop
  endfacet
  facet normal 5.736685e-01 -7.954903e-01 -1.951913e-01
    outer loop
      vertex -1.870968e+00 -1.203516e-02 3.225806e-01
      vertex -1.741935e+00 8.101657e-02 3.225806e-01
      vertex -1.741935e+00 4.935562e-02 4.516129e-01
    endloop
  endfacet
  facet normal -3.054589e-01 -7.044746e-01 6.406328e-01
    outer loop
      vertex -1.870968e+00 -1.203516e-02 3.225806e-01
      vertex -1.741935e+00 4.935562e-02 4.516129e-01
      vertex -1.870968e+00 1.053038e-01 4.516129e-01
    endloop
  endfacet
  facet normal -3.913853e-01 -9.026451e-01 -1.790236e-01
    outer loop
      vertex -1.870968e+00 1.053038e-01 4.516129e-01
      vertex -1.741935e+00 4.935562e-02 4.516129e-01
      vertex -1.741935e+00 2.376437e-02 5.806452e-01
    endloop
  endfacet
  facet normal -2.141034e-01 -9.081406e-01 -3.597782e-01
    outer loop
      vertex -1.870968e+00 1.053038e-01 4.516129e-01
      vertex -1.741935e+00 2.376437e-02 5.806452e-01
      vertex -1.870968e+00 5.418505e-02 5.806452e-01
    endloop
  endfacet
  facet normal -1.594361e-01 -6.762638e-01 7.191991e-01
    outer loop
      vertex -1.870968e+00 5.418505e-02 5.806452e-01
      vertex -1.741935e+00 2.376437e-02 5.806452e-01
      vertex -1.741935e+00 1.609888e-01 7.096774e-01
    endloop
  endfacet
  facet normal 1.915059e-01 -8.415596e-01 5.050772e-01
    outer loop
      vertex -1.870968e+00 5.418505e-02 5.806452e-01
      vertex -1.741935e+00 1.609888e-01 7.096774e-01
      vertex -1.870968e+00 1.316261e-01 7.096774e-01
    endloop
  endfacet
  facet normal 1.812499e-01 -7.964903e-01 5.768464e-01
    outer loop
      vertex -1.870968e+00 1.316261e-01 7.096774e-01
      vertex -1.741935e+00 1.609888e-01 7.096774e-01
      vertex -1.741935e+00 2.544385e-01 8.387097e-01
    endloop
  endfacet
  facet normal 5.964015e-01 -7.878737e-01 1.534935e-01
    outer loop
      vertex -1.870968e+00 1.316261e-01 7.096774e-01
      vertex -1.741935e+00 2.544385e-01 8.387097e-01
      vertex -1.870968e+00 1.567641e-01 8.387097e-01
    endloop
  endfacet
  facet normal 5.680442e-01 -7.504124e-01 -3.379452e-01
    outer loop
      vertex -1.870968e+00 1.567641e-01 8.387097e-01
      vertex -1.741935e+00 2.544385e-01 8.387097e-01
      vertex -1.741935e+00 1.963293e-01 9.677419e-01
    endloop
  endfacet
  facet normal -2.103214e-01 -8.557463e-01 4.727190e-01
    outer loop
      vertex -1.870968e+00 1.567641e-01 8.387097e-01
      vertex -1.741935e+00 1.963293e-01 9.677419e-01
      vertex -1.870968e+00 2.280423e-01 9.677419e-01
    endloop
  endfacet
  facet normal -2.096989e-01 -8.532135e-01 -4.775490e-01
    outer loop
      vertex -1.870968e+00 2.280423e-01 9.677419e-01
      vertex -1.741935e+00 1.963293e-01 9.677419e-01
      vertex -1.741935e+00 1.241092e-01 1.096774e+00
    endloop
  endfacet
  facet normal -2.398830e-01 -8.591013e-01 -4.521074e-01
    outer loop
      vertex -1.870968e+00 2.280423e-01 9.677419e-01
      vertex -1.741935e+00 1.241092e-01 1.096774e+00
      vertex -1.870968e+00 1.601382e-01 1.096774e+00
    endloop
  endfacet
  facet normal -1.530717e-01 -5.482009e-01 -8.222195e-01
    outer loop
      vertex -1.870968e+00 1.601382e-01 1.096774e+00
      vertex -1.741935e+00 1.241092e-01 1.096774e+00
      vertex -1.741935e+00 -6.941997e-02 1.225806e+00
    endloop
  endfacet
  facet normal -3.784758e-01 -6.060048e-01 -6.996529e-01
    outer loop
      vertex -1.870968e+00 1.601382e-01 1.096774e+00
      vertex -1.741935e+00 -6.941997e-02 1.225806e+00
      vertex -1.870968e+00 1.116616e-02 1.225806e+00
    endloop
  endfacet
  facet normal -2.798435e-01 -4.480775e-01 -8.490667e-01
    outer loop
      vertex -1.870968e+00 1.116616e-02 1.225806e+00
      vertex -1.741935e+00 -6.941997e-02 1.225806e+00
      vertex -1.741935e+00 -3.139245e-01 1.354839e+00
    endloop
  endfacet
  facet normal 8.357915e-02 -3.387892e-01 -9.371427e-01
    outer loop
      vertex -1.870968e+00 1.116616e-02 1.225806e+00
      vertex -1.741935e+00 -3.139245e-01 1.354839e+00
      vertex -1.870968e+00 -3.457567e-01 1.354839e+00
    endloop
  endfacet
  facet normal 1.426421e-01 -5.782017e-01 -8.033281e-01
    outer loop
      vertex -1.870968e+00 -3.457567e-01 1.354839e+00
      vertex -1.741935e+00 -3.139245e-01 1.354839e+00
      vertex -1.741935e+00 -4.931963e-01 1.483871e+00
    endloop
  endfacet
  facet normal 3.038028e-01 -4.628908e-01 -8.327280e-01
    outer loop
      vertex -1.870968e+00 -3.457567e-01 1.354839e+00
      vertex -1.741935e+00 -4.931963e-01 1.483871e+00
      vertex -1.870968e+00 -5.778823e-01 1.483871e+00
    endloop
  endfacet
  facet normal 4.138593e-01 -6.305790e-01 -6.565749e-01
    outer loop
      vertex -1.870968e+00 -5.778823e-01 1.483871e+00
      vertex -1.741935e+00 -4.931963e-01 1.483871e+00
      vertex -1.741935e+00 -6.275480e-01 1.612903e+00
    endloop
  endfacet
  facet normal 5.797038e-01 -3.742941e-01 -7.237730e-01
    outer loop
      vertex -1.870968e+00 -5.778823e-01 1.483871e+00
      vertex -1.741935e+00 -6.275480e-01 1.612903e+00
      vertex -1.870968e+00 -8.273921e-01 1.612903e+00
    endloop
  endfacet
  facet normal 8.102978e-01 -5.231803e-01 2.640073e-01
    outer loop
      vertex -1.870968e+00 -8.273921e-01 1.612903e+00
      vertex -1.741935e+00 -6.275480e-01 1.612903e+00
      vertex -1.741935e+00 -5.624357e-01 1.741935e+00
    endloop
  endfacet
  facet normal 6.947896e-01 -5.588374e-01 4.527341e-01
    outer loop
      vertex -1.870968e+00 -8.273921e-01 1.612903e+00
      vertex -1.741935e+00 -5.624357e-01 1.741935e+00
      vertex -1.870968e+00 -7.228585e-01 1.741935e+00
    endloop
  endfacet
  facet normal 6.518153e-01 -5.242721e-01 5.479741e-01
    outer loop
      vertex -1.870968e+00 -7.228585e-01 1.741935e+00
      vertex -1.741935e+00 -5.624357e-01 1.741935e+00
      vertex -1.741935e+00 -4.275700e-01 1.870968e+00
    endloop
  endfacet
  facet normal 7.653928e-01 -5.074259e-01 3.958444e-01
    outer loop
      vertex -1.870968e+00 -7.228585e-01 1.741935e+00
      vertex -1.741935e+00 -4.275700e-01 1.870968e+00
      vertex -1.870968e+00 -6.222001e-01 1.870968e+00
    endloop
  endfacet
  facet normal 6.218514e-01 -4.122635e-01 6.658376e-01
    outer loop
      vertex -1.870968e+00 -6.222001e-01 1.870968e+00
      vertex -1.741935e+00 -4.275700e-01 1.870968e+00
      vertex -1.741935e+00 -2.191728e-01 2.000000e+00
    endloop
  endfacet
  facet normal 4.637600e-01 -4.013493e-01 7.898389e-01
    outer loop
      vertex -1.870968e+00 -6.222001e-01 1.870968e+00
      vertex -1.741935e+00 -2.191728e-01 2.000000e+00
      vertex -1.870968e+00 -3.682699e-01 2.000000e+00
    endloop
  endfacet
  facet normal 4.528414e-02 -8.575244e-01 5.124463e-01
    outer loop
      vertex -1.741935e+00 1.577606e-01 -2.000000e+00
      vertex -1.612903e+00 1.645746e-01 -2.000000e+00
      vertex -1.612903e+00 2.416827e-01 -1.870968e+00
    endloop
  endfacet
  facet normal 6.135006e-01 -7.827635e-01 -1.043944e-01
    outer loop
      vertex -1.741935e+00 1.577606e-01 -2.000000e+00
      vertex -1.612903e+00 2.416827e-01 -1.870968e+00
      vertex -1.741935e+00 1.405521e-01 -1.870968e+00
    endloop
  endfacet
  facet normal 5.021476e-01 -6.406886e-01 -5.808321e-01
    outer loop
      vertex -1.741935e+00 1.405521e-01 -1.870968e+00
      vertex -1.612903e+00 2.416827e-01 -1.870968e+00
      vertex -1.612903e+00 1.247053e-01 -1.741935e+00
    endloop
  endfacet
  facet normal -1.463207e-01 -9.889246e-01 2.486864e-02
    outer loop
      vertex -1.741935e+00 1.405521e-01 -1.870968e+00
      vertex -1.612903e+00 1.247053e-01 -1.741935e+00
      vertex -1.741935e+00 1.437969e-01 -1.741935e+00
    endloop
  endfacet
  facet normal -1.444835e-01 -9.765075e-01 -1.598677e-01
    outer loop
      vertex -1.741935e+00 1.437969e-01 -1.741935e+00
      vertex -1.612903e+00 1.247053e-01 -1.741935e+00
      vertex -1.612903e+00 1.035810e-01 -1.612903e+00
    endloop
  endfacet
  facet normal -5.301512e-01 -8.000589e-01 2.807943e-01
    outer loop
      vertex -1.741935e+00 1.437969e-01 -1.741935e+00
      vertex -1.612903e+00 1.035810e-01 -1.612903e+00
      vertex -1.741935e+00 1.890829e-01 -1.612903e+00
    endloop
  endfacet
  facet normal -4.675026e-01 -7.055151e-01 -5.326254e-01
    outer loop
      vertex -1.741935e+00 1.890829e-01 -1.612903e+00
      vertex -1.612903e+00 1.035810e-01 -1.612903e+00
      vertex -1.612903e+00 6.168647e-03 -1.483871e+00
    endloop
  endfacet
  facet normal -8.487915e-01 -5.153312e-01 1.182654e-01
    outer loop
      vertex -1.741935e+00 1.890829e-01 -1.612903e+00
      vertex -1.612903e+00 6.168647e-03 -1.483871e+00
      vertex -1.741935e+00 2.186950e-01 -1.483871e+00
    endloop
  endfacet
  facet normal -8.225734e-01 -4.994133e-01 -2.719547e-01
    outer loop
      vertex -1.741935e+00 2.186950e-01 -1.483871e+00
      vertex -1.612903e+00 6.168647e-03 -1.483871e+00
      vertex -1.612903e+00 -6.409565e-02 -1.354839e+00
    endloop
  endfacet
  facet normal -3.993777e-01 -5.251222e-01 -7.514946e-01
    outer loop
      vertex -1.741935e+00 2.186950e-01 -1.483871e+00
      vertex -1.612903e+00 -6.409565e-02 -1.354839e+00
      vertex -1.741935e+00 3.403886e-02 -1.354839e+00
    endloop
  endfacet
  facet normal -3.475029e-01 -4.569146e-01 -8.188228e-01
    outer loop
      vertex -1.741935e+00 3.403886e-02 -1.354839e+00
      vertex -1.612903e+00 -6.409565e-02 -1.354839e+00
      vertex -1.612903e+00 -2.953305e-01 -1.225806e+00
    endloop
  endfacet
  facet normal -7.809712e-01 -4.679844e-01 -4.136116e-01
    outer loop
      vertex -1.741935e+00 3.403886e-02 -1.354839e+00
      vertex -1.612903e+00 -2.953305e-01 -1.225806e+00
      vertex -1.741935e+00 -8.000177e-02 -1.225806e+00
    endloop
  endfacet
  facet normal -8.267995e-01 -4.954463e-01 -2.663373e-01
    outer loop
      vertex -1.741935e+00 -8.000177e-02 -1.225806e+00
      vertex -1.612903e+00 -2.953305e-01 -1.225806e+00
      vertex -1.612903e+00 -3.646944e-01 -1.096774e+00
    endloop
  endfacet
  facet normal -7.206457e-01 -5.294770e-01 -4.475754e-01
    outer loop
      vertex -1.741935e+00 -8.000177e-02 -1.225806e+00
      vertex -1.612903e+00 -3.646944e-01 -1.096774e+00
      vertex -1.741935e+00 -1.890748e-01 -1.096774e+00
    endloop
  endfacet
  facet normal -7.376622e-01 -5.419795e-01 -4.026321e-01
    outer loop
      vertex -1.741935e+00 -1.890748e-01 -1.096774e+00
      vertex -1.612903e+00 -3.646944e-01 -1.096774e+00
      vertex -1.612903e+00 -4.605514e-01 -9.677419e-01
    endloop
  endfacet
  facet normal -8.873478e-01 -4.555768e-01 -7.116013e-02
    outer loop
      vertex -1.741935e+00 -1.890748e-01 -1.096774e+00
      vertex -1.612903e+00 -4.605514e-01 -9.677419e-01
      vertex -1.741935e+00 -2.092294e-01 -9.677419e-01
    endloop
  endfacet
  facet normal -8.805879e-01 -4.521062e-01 -1.420031e-01
    outer loop
      vertex -1.741935e+00 -2.092294e-01 -9.677419e-01
      vertex -1.612903e+00 -4.605514e-01 -9.677419e-01
      vertex -1.612903e+00 -5.010795e-01 -8.387097e-01
    endloop
  endfacet
  facet normal -4.477593e-01 -5.196654e-01 -7.276397e-01
    outer loop
      vertex -1.741935e+00 -2.092294e-01 -9.677419e-01
      vertex -1.612903e+00 -5.010795e-01 -8.387097e-01
      vertex -1.741935e+00 -3.899014e-01 -8.387097e-01
    endloop
  endfacet
  facet normal -3.762324e-01 -4.366518e-01 -8.171808e-01
    outer loop
      vertex -1.741935e+00 -3.899014e-01 -8.387097e-01
      vertex -1.612903e+00 -5.010795e-01 -8.387097e-01
      vertex -1.612903e+00 -7.425594e-01 -7.096774e-01
    endloop
  endfacet
  facet normal -2.997424e-01 -4.226153e-01 -8.553074e-01
    outer loop
      vertex -1.741935e+00 -3.899014e-01 -8.387097e-01
      vertex -1.612903e+00 -7.425594e-01 -7.096774e-01
      vertex -1.741935e+00 -6.510425e-01 -7.096774e-01
    endloop
  endfacet
  facet normal -5.782426e-01 -8.152804e-01 3.087624e-02
    outer loop
      vertex -1.741935e+00 -6.510425e-01 -7.096774e-01
      vertex -1.612903e+00 -7.425594e-01 -7.096774e-01
      vertex -1.612903e+00 -7.376727e-01 -5.806452e-01
    endloop
  endfacet
  facet normal 1.806700e-02 -8.216482e-01 -5.697085e-01
    outer loop
      vertex -1.741935e+00 -6.510425e-01 -7.096774e-01
      vertex -1.612903e+00 -7.376727e-01 -5.806452e-01
      vertex -1.741935e+00 -7.405100e-01 -5.806452e-01
    endloop
  endfacet
  facet normal 1.427029e-02 -6.489820e-01 7.606699e-01
    outer loop
      vertex -1.741935e+00 -7.405100e-01 -5.806452e-01
      vertex -1.612903e+00 -7.376727e-01 -5.806452e-01
      vertex -1.612903e+00 -5.864344e-01 -4.516129e-01
    endloop
  endfacet
  facet normal -1.735591e-01 -5.428131e-01 8.217245e-01
    outer loop
      vertex -1.741935e+00 -7.405100e-01 -5.806452e-01
      vertex -1.612903e+00 -5.864344e-01 -4.516129e-01
      vertex -1.741935e+00 -5.451776e-01 -4.516129e-01
    endloop
  endfacet
  facet normal -1.344185e-01 -4.203993e-01 8.973272e-01
    outer loop
      vertex -1.741935e+00 -5.451776e-01 -4.516129e-01
      vertex -1.612903e+00 -5.864344e-01 -4.516129e-01
      vertex -1.612903e+00 -3.110197e-01 -3.225806e-01
    endloop
  endfacet
  facet normal 1.885676e-02 -4.904881e-01 8.712438e-01
    outer loop
      vertex -1.741935e+00 -5.451776e-01 -4.516129e-01
      vertex -1.612903e+00 -3.110197e-01 -3.225806e-01
      vertex -1.741935e+00 -3.159803e-01 -3.225806e-01
    endloop
  endfacet
  facet normal 3.762440e-02 -9.786581e-01 -2.020215e-01
    outer loop
      vertex -1.741935e+00 -3.159803e-01 -3.225806e-01
      vertex -1.612903e+00 -3.110197e-01 -3.225806e-01
      vertex -1.612903e+00 -3.376555e-01 -1.935484e-01
    endloop
  endfacet
  facet normal -5.602570e-01 -7.001244e-01 4.426486e-01
    outer loop
      vertex -1.741935e+00 -3.159803e-01 -3.225806e-01
      vertex -1.612903e+00 -3.376555e-01 -1.935484e-01
      vertex -1.741935e+00 -2.344006e-01 -1.935484e-01
    endloop
  endfacet
  facet normal -5.881350e-01 -7.349622e-01 3.375319e-01
    outer loop
      vertex -1.741935e+00 -2.344006e-01 -1.935484e-01
      vertex -1.612903e+00 -3.376555e-01 -1.935484e-01
      vertex -1.612903e+00 -2.783973e-01 -6.451613e-02
    endloop
  endfacet
  facet normal -1.198848e-01 -9.701275e-01 -2.109036e-01
    outer loop
      vertex -1.741935e+00 -2.344006e-01 -1.935484e-01
      vertex -1.612903e+00 -2.783973e-01 -6.451613e-02
      vertex -1.741935e+00 -2.624520e-01 -6.451613e-02
    endloop
  endfacet
  facet normal -8.427695e-02 -6.819827e-01 7.264964e-01
    outer loop
      vertex -1.741935e+00 -2.624520e-01 -6.451613e-02
      vertex -1.612903e+00 -2.783973e-01 -6.451613e-02
      vertex -1.612903e+00 -1.409430e-01 6.451613e-02
    endloop
  endfacet
  facet normal -1.753484e-01 -6.231653e-01 7.621798e-01
    outer loop
      vertex -1.741935e+00 -2.624520e-01 -6.451613e-02
      vertex -1.612903e+00 -1.409430e-01 6.451613e-02
      vertex -1.741935e+00 -1.046354e-01 6.451613e-02
    endloop
  endfacet
  facet normal -1.281394e-01 -4.553908e-01 8.810218e-01
    outer loop
      vertex -1.741935e+00 -1.046354e-01 6.451613e-02
      vertex -1.612903e+00 -1.409430e-01 6.451613e-02
      vertex -1.612903e+00 1.086893e-01 1.935484e-01
    endloop
  endfacet
  facet normal 3.646666e-01 -6.333999e-01 6.825122e-01
    outer loop
      vertex -1.741935e+00 -1.046354e-01 6.451613e-02
      vertex -1.612903e+00 1.086893e-01 1.935484e-01
      vertex -1.741935e+00 3.440168e-02 1.935484e-01
    endloop
  endfacet
  facet normal 4.953274e-01 -8.603483e-01 -1.202151e-01
    outer loop
      vertex -1.741935e+00 3.440168e-02 1.935484e-01
      vertex -1.612903e+00 1.086893e-01 1.935484e-01
      vertex -1.612903e+00 9.065981e-02 3.225806e-01
    endloop
  endfacet
  facet normal 7.011594e-02 -9.381928e-01 3.389366e-01
    outer loop
      vertex -1.741935e+00 3.440168e-02 1.935484e-01
      vertex -1.612903e+00 9.065981e-02 3.225806e-01
      vertex -1.741935e+00 8.101657e-02 3.225806e-01
    endloop
  endfacet
  facet normal 7.443302e-02 -9.959578e-01 5.027670e-02
    outer loop
      vertex -1.741935e+00 8.101657e-02 3.225806e-01
      vertex -1.612903e+00 9.065981e-02 3.225806e-01
      vertex -1.612903e+00 9.717345e-02 4.516129e-01
    endloop
  endfacet
  facet normal 3.386460e-01 -9.138068e-01 -2.242229e-01
    outer loop
      vertex -1.741935e+00 8.101657e-02 3.225806e-01
      vertex -1.612903e+00 9.717345e-02 4.516129e-01
      vertex -1.741935e+00 4.935562e-02 4.516129e-01
    endloop
  endfacet
  facet normal 3.447452e-01 -9.302649e-01 -1.255308e-01
    outer loop
      vertex -1.741935e+00 4.935562e-02 4.516129e-01
      vertex -1.612903e+00 9.717345e-02 4.516129e-01
      vertex -1.612903e+00 7.976172e-02 5.806452e-01
    endloop
  endfacet
  facet normal 3.916767e-01 -9.025235e-01 -1.789994e-01
    outer loop
      vertex -1.741935e+00 4.935562e-02 4.516129e-01
      vertex -1.612903e+00 7.976172e-02 5.806452e-01
      vertex -1.741935e+00 2.376437e-02 5.806452e-01
    endloop
  endfacet
  facet normal 2.753475e-01 -6.344713e-01 7.222395e-01
    outer loop
      vertex -1.741935e+00 2.376437e-02 5.806452e-01
      vertex -1.612903e+00 7.976172e-02 5.806452e-01
      vertex -1.612903e+00 2.266434e-01 7.096774e-01
    endloop
  endfacet
  facet normal 3.291367e-01 -6.468584e-01 6.879268e-01
    outer loop
      vertex -1.741935e+00 2.376437e-02 5.806452e-01
      vertex -1.612903e+00 2.266434e-01 7.096774e-01
      vertex -1.741935e+00 1.609888e-01 7.096774e-01
    endloop
  endfacet
  facet normal 4.185524e-01 -8.225886e-01 -3.849179e-01
    outer loop
      vertex -1.741935e+00 1.609888e-01 7.096774e-01
      vertex -1.612903e+00 2.266434e-01 7.096774e-01
      vertex -1.612903e+00 1.662647e-01 8.387097e-01
    endloop
  endfacet
  facet normal -4.842317e-01 -7.086178e-01 5.132061e-01
    outer loop
      vertex -1.741935e+00 1.609888e-01 7.096774e-01
      vertex -1.612903e+00 1.662647e-01 8.387097e-01
      vertex -1.741935e+00 2.544385e-01 8.387097e-01
    endloop
  endfacet
  facet normal -4.839131e-01 -7.081516e-01 -5.141493e-01
    outer loop
      vertex -1.741935e+00 2.544385e-01 8.387097e-01
      vertex -1.612903e+00 1.662647e-01 8.387097e-01
      vertex -1.612903e+00 7.258159e-02 9.677419e-01
    endloop
  endfacet
  facet normal -6.582745e-01 -6.863855e-01 -3.091109e-01
    outer loop
      vertex -1.741935e+00 2.544385e-01 8.387097e-01
      vertex -1.612903e+00 7.258159e-02 9.677419e-01
      vertex -1.741935e+00 1.963293e-01 9.677419e-01
    endloop
  endfacet
  facet normal -5.917694e-01 -6.170403e-01 -5.187198e-01
    outer loop
      vertex -1.741935e+00 1.963293e-01 9.677419e-01
      vertex -1.612903e+00 7.258159e-02 9.677419e-01
      vertex -1.612903e+00 -3.589039e-02 1.096774e+00
    endloop
  endfacet
  facet normal -7.343994e-01 -5.922593e-01 -3.314912e-01
    outer loop
      vertex -1.741935e+00 1.963293e-01 9.677419e-01
      vertex -1.612903e+00 -3.589039e-02 1.096774e+00
      vertex -1.741935e+00 1.241092e-01 1.096774e+00
    endloop
  endfacet
  facet normal -7.695634e-01 -6.206174e-01 -1.503534e-01
    outer loop
      vertex -1.741935e+00 1.241092e-01 1.096774e+00
      vertex -1.612903e+00 -3.589039e-02 1.096774e+00
      vertex -1.612903e+00 -6.715030e-02 1.225806e+00
    endloop
  endfacet
  facet normal 9.757372e-03 -5.547120e-01 -8.319852e-01
    outer loop
      vertex -1.741935e+00 1.241092e-01 1.096774e+00
      vertex -1.612903e+00 -6.715030e-02 1.225806e+00
      vertex -1.741935e+00 -6.941997e-02 1.225806e+00
    endloop
  endfacet
  facet normal 9.280284e-03 -5.275893e-01 -8.494489e-01
    outer loop
      vertex -1.741935e+00 -6.941997e-02 1.225806e+00
      vertex -1.612903e+00 -6.715030e-02 1.225806e+00
      vertex -1.612903e+00 -2.748996e-01 1.354839e+00
    endloop
  endfacet
  facet normal 1.397723e-01 -4.621437e-01 -8.757208e-01
    outer loop
      vertex -1.741935e+00 -6.941997e-02 1.225806e+00
      vertex -1.612903e+00 -2.748996e-01 1.354839e+00
      vertex -1.741935e+00 -3.139245e-01 1.354839e+00
    endloop
  endfacet
  facet normal 2.204111e-01 -7.287684e-01 -6.483174e-01
    outer loop
      vertex -1.741935e+00 -3.139245e-01 1.354839e+00
      vertex -1.612903e+00 -2.748996e-01 1.354839e+00
      vertex -1.612903e+00 -3.896876e-01 1.483871e+00
    endloop
  endfacet
  facet normal 4.243382e-01 -5.289729e-01 -7.349318e-01
    outer loop
      vertex -1.741935e+00 -3.139245e-01 1.354839e+00
      vertex -1.612903e+00 -3.896876e-01 1.483871e+00
      vertex -1.741935e+00 -4.931963e-01 1.483871e+00
    endloop
  endfacet
  facet normal 6.255862e-01 -7.798453e-01 -2.198370e-02
    outer loop
      vertex -1.741935e+00 -4.931963e-01 1.483871e+00
      vertex -1.612903e+00 -3.896876e-01 1.483871e+00
      vertex -1.612903e+00 -3.933250e-01 1.612903e+00
    endloop
  endfacet
  facet normal 7.826584e-01 -4.311625e-01 -4.489374e-01
    outer loop
      vertex -1.741935e+00 -4.931963e-01 1.483871e+00
      vertex -1.612903e+00 -3.933250e-01 1.612903e+00
      vertex -1.741935e+00 -6.275480e-01 1.612903e+00
    endloop
  endfacet
  facet normal 7.439618e-01 -4.098448e-01 5.277765e-01
    outer loop
      vertex -1.741935e+00 -6.275480e-01 1.612903e+00
      vertex -1.612903e+00 -3.933250e-01 1.612903e+00
      vertex -1.612903e+00 -2.271640e-01 1.741935e+00
    endloop
  endfacet
  facet normal 9.183078e-01 -3.534189e-01 1.783423e-01
    outer loop
      vertex -1.741935e+00 -6.275480e-01 1.612903e+00
      vertex -1.612903e+00 -2.271640e-01 1.741935e+00
      vertex -1.741935e+00 -5.624357e-01 1.741935e+00
    endloop
  endfacet
  facet normal 9.146010e-01 -3.519923e-01 1.990136e-01
    outer loop
      vertex -1.741935e+00 -5.624357e-01 1.741935e+00
      vertex -1.612903e+00 -2.271640e-01 1.741935e+00
      vertex -1.612903e+00 -1.542102e-01 1.870968e+00
    endloop
  endfacet
  facet normal 8.258503e-01 -3.898209e-01 4.074445e-01
    outer loop
      vertex -1.741935e+00 -5.624357e-01 1.741935e+00
      vertex -1.612903e+00 -1.542102e-01 1.870968e+00
      vertex -1.741935e+00 -4.275700e-01 1.870968e+00
    endloop
  endfacet
  facet normal 8.593257e-01 -4.056221e-01 3.114966e-01
    outer loop
      vertex -1.741935e+00 -4.275700e-01 1.870968e+00
      vertex -1.612903e+00 -1.542102e-01 1.870968e+00
      vertex -1.612903e+00 -5.512020e-02 2.000000e+00
    endloop
  endfacet
  facet normal 5.562162e-01 -4.374806e-01 7.065652e-01
    outer loop
      vertex -1.741935e+00 -4.275700e-01 1.870968e+00
      vertex -1.612903e+00 -5.512020e-02 2.000000e+00
      vertex -1.741935e+00 -2.191728e-01 2.000000e+00
    endloop
  endfacet
  facet normal 4.896652e-02 -8.573921e-01 5.123291e-01
    outer loop
      vertex -1.612903e+00 1.645746e-01 -2.000000e+00
      vertex -1.483871e+00 1.719437e-01 -2.000000e+00
      vertex -1.483871e+00 2.490461e-01 -1.870968e+00
    endloop
  endfacet
  facet normal 4.892753e-02 -8.573770e-01 5.123581e-01
    outer loop
      vertex -1.612903e+00 1.645746e-01 -2.000000e+00
      vertex -1.483871e+00 2.490461e-01 -1.870968e+00
      vertex -1.612903e+00 2.416827e-01 -1.870968e+00
    endloop
  endfacet
  facet normal 4.484192e-02 -7.857833e-01 -6.168743e-01
    outer loop
      vertex -1.612903e+00 2.416827e-01 -1.870968e+00
      vertex -1.483871e+00 2.490461e-01 -1.870968e+00
      vertex -1.483871e+00 1.477501e-01 -1.741935e+00
    endloop
  endfacet
  facet normal 1.311737e-01 -7.344657e-01 -6.658480e-01
    outer loop
      vertex -1.612903e+00 2.416827e-01 -1.870968e+00
      vertex -1.483871e+00 1.477501e-01 -1.741935e+00
      vertex -1.612903e+00 1.247053e-01 -1.741935e+00
    endloop
  endfacet
  facet normal 9.796477e-02 -5.485227e-01 -8.303769e-01
    outer loop
      vertex -1.612903e+00 1.247053e-01 -1.741935e+00
      vertex -1.483871e+00 1.477501e-01 -1.741935e+00
      vertex -1.483871e+00 -4.758435e-02 -1.612903e+00
    endloop
  endfacet
  facet normal -7.563324e-01 -6.455931e-01 -1.056924e-01
    outer loop
      vertex -1.612903e+00 1.247053e-01 -1.741935e+00
      vertex -1.483871e+00 -4.758435e-02 -1.612903e+00
      vertex -1.612903e+00 1.035810e-01 -1.612903e+00
    endloop
  endfacet
  facet normal -5.448734e-01 -4.650951e-01 -6.977102e-01
    outer loop
      vertex -1.612903e+00 1.035810e-01 -1.612903e+00
      vertex -1.483871e+00 -4.758435e-02 -1.612903e+00
      vertex -1.483871e+00 -2.411515e-01 -1.483871e+00
    endloop
  endfacet
  facet normal -8.370243e-01 -4.366937e-01 -3.296799e-01
    outer loop
      vertex -1.612903e+00 1.035810e-01 -1.612903e+00
      vertex -1.483871e+00 -2.411515e-01 -1.483871e+00
      vertex -1.612903e+00 6.168647e-03 -1.483871e+00
    endloop
  endfacet
  facet normal -8.805849e-01 -4.594202e-01 -1.162041e-01
    outer loop
      vertex -1.612903e+00 6.168647e-03 -1.483871e+00
      vertex -1.483871e+00 -2.411515e-01 -1.483871e+00
      vertex -1.483871e+00 -2.737884e-01 -1.354839e+00
    endloop
  endfacet
  facet normal -8.189784e-01 -5.039498e-01 -2.744250e-01
    outer loop
      vertex -1.612903e+00 6.168647e-03 -1.483871e+00
      vertex -1.483871e+00 -2.737884e-01 -1.354839e+00
      vertex -1.612903e+00 -6.409565e-02 -1.354839e+00
    endloop
  endfacet
  facet normal -6.702750e-01 -4.124467e-01 -6.169434e-01
    outer loop
      vertex -1.612903e+00 -6.409565e-02 -1.354839e+00
      vertex -1.483871e+00 -2.737884e-01 -1.354839e+00
      vertex -1.483871e+00 -4.667966e-01 -1.225806e+00
    endloop
  endfacet
  facet normal -5.435310e-01 -4.090197e-01 -7.329918e-01
    outer loop
      vertex -1.612903e+00 -6.409565e-02 -1.354839e+00
      vertex -1.483871e+00 -4.667966e-01 -1.225806e+00
      vertex -1.612903e+00 -2.953305e-01 -1.225806e+00
    endloop
  endfacet
  facet normal -6.067887e-01 -4.566225e-01 -6.506176e-01
    outer loop
      vertex -1.612903e+00 -2.953305e-01 -1.225806e+00
      vertex -1.483871e+00 -4.667966e-01 -1.225806e+00
      vertex -1.483871e+00 -6.506480e-01 -1.096774e+00
    endloop
  endfacet
  facet normal -8.900047e-01 -4.016013e-01 -2.158890e-01
    outer loop
      vertex -1.612903e+00 -2.953305e-01 -1.225806e+00
      vertex -1.483871e+00 -6.506480e-01 -1.096774e+00
      vertex -1.612903e+00 -3.646944e-01 -1.096774e+00
    endloop
  endfacet
  facet normal -8.953002e-01 -4.039908e-01 -1.876937e-01
    outer loop
      vertex -1.612903e+00 -3.646944e-01 -1.096774e+00
      vertex -1.483871e+00 -6.506480e-01 -1.096774e+00
      vertex -1.483871e+00 -7.105962e-01 -9.677419e-01
    endloop
  endfacet
  facet normal -8.411806e-01 -4.340799e-01 -3.224744e-01
    outer loop
      vertex -1.612903e+00 -3.646944e-01 -1.096774e+00
      vertex -1.483871e+00 -7.105962e-01 -9.677419e-01
      vertex -1.612903e+00 -4.605514e-01 -9.677419e-01
    endloop
  endfacet
  facet normal -8.473158e-01 -4.372459e-01 3.014496e-01
    outer loop
      vertex -1.612903e+00 -4.605514e-01 -9.677419e-01
      vertex -1.483871e+00 -7.105962e-01 -9.677419e-01
      vertex -1.483871e+00 -6.216378e-01 -8.387097e-01
    endloop
  endfacet
  facet normal -6.654067e-01 -7.121776e-01 -2.236896e-01
    outer loop
      vertex -1.612903e+00 -4.605514e-01 -9.677419e-01
      vertex -1.483871e+00 -6.216378e-01 -8.387097e-01
      vertex -1.612903e+00 -5.010795e-01 -8.387097e-01
    endloop
  endfacet
  facet normal -6.687671e-01 -7.157743e-01 2.010418e-01
    outer loop
      vertex -1.612903e+00 -5.010795e-01 -8.387097e-01
      vertex -1.483871e+00 -6.216378e-01 -8.387097e-01
      vertex -1.483871e+00 -5.853961e-01 -7.096774e-01
    endloop
  endfacet
  facet normal 4.978357e-01 -4.087267e-01 -7.649197e-01
    outer loop
      vertex -1.612903e+00 -5.010795e-01 -8.387097e-01
      vertex -1.483871e+00 -5.853961e-01 -7.096774e-01
      vertex -1.612903e+00 -7.425594e-01 -7.096774e-01
    endloop
  endfacet
  facet normal 7.715907e-01 -6.334814e-01 5.787149e-02
    outer loop
      vertex -1.612903e+00 -7.425594e-01 -7.096774e-01
      vertex -1.483871e+00 -5.853961e-01 -7.096774e-01
      vertex -1.483871e+00 -5.736084e-01 -5.806452e-01
    endloop
  endfacet
  facet normal 7.858131e-01 -6.180210e-01 2.340565e-02
    outer loop
      vertex -1.612903e+00 -7.425594e-01 -7.096774e-01
      vertex -1.483871e+00 -5.736084e-01 -5.806452e-01
      vertex -1.612903e+00 -7.376727e-01 -5.806452e-01
    endloop
  endfacet
  facet normal 7.746470e-01 -6.092391e-01 1.695574e-01
    outer loop
      vertex -1.612903e+00 -7.376727e-01 -5.806452e-01
      vertex -1.483871e+00 -5.736084e-01 -5.806452e-01
      vertex -1.483871e+00 -5.376974e-01 -4.516129e-01
    endloop
  endfacet
  facet normal 2.381027e-01 -6.303815e-01 7.388683e-01
    outer loop
      vertex -1.612903e+00 -7.376727e-01 -5.806452e-01
      vertex -1.483871e+00 -5.376974e-01 -4.516129e-01
      vertex -1.612903e+00 -5.864344e-01 -4.516129e-01
    endloop
  endfacet
  facet normal 2.590556e-01 -6.858547e-01 6.800687e-01
    outer loop
      vertex -1.612903e+00 -5.864344e-01 -4.516129e-01
      vertex -1.483871e+00 -5.376974e-01 -4.516129e-01
      vertex -1.483871e+00 -4.097537e-01 -3.225806e-01
    endloop
  endfacet
  facet normal -3.087683e-01 -4.035195e-01 8.612979e-01
    outer loop
      vertex -1.612903e+00 -5.864344e-01 -4.516129e-01
      vertex -1.483871e+00 -4.097537e-01 -3.225806e-01
      vertex -1.612903e+00 -3.110197e-01 -3.225806e-01
    endloop
  endfacet
  facet normal -5.954713e-01 -7.782025e-01 1.995363e-01
    outer loop
      vertex -1.612903e+00 -3.110197e-01 -3.225806e-01
      vertex -1.483871e+00 -4.097537e-01 -3.225806e-01
      vertex -1.483871e+00 -3.766689e-01 -1.935484e-01
    endloop
  endfacet
  facet normal -2.839252e-01 -9.390477e-01 -1.938448e-01
    outer loop
      vertex -1.612903e+00 -3.110197e-01 -3.225806e-01
      vertex -1.483871e+00 -3.766689e-01 -1.935484e-01
      vertex -1.612903e+00 -3.376555e-01 -1.935484e-01
    endloop
  endfacet
  facet normal -2.708574e-01 -8.958273e-01 3.523205e-01
    outer loop
      vertex -1.612903e+00 -3.376555e-01 -1.935484e-01
      vertex -1.483871e+00 -3.766689e-01 -1.935484e-01
      vertex -1.483871e+00 -3.259218e-01 -6.451613e-02
    endloop
  endfacet
  facet normal -3.173986e-01 -8.617594e-01 3.957637e-01
    outer loop
      vertex -1.612903e+00 -3.376555e-01 -1.935484e-01
      vertex -1.483871e+00 -3.259218e-01 -6.451613e-02
      vertex -1.612903e+00 -2.783973e-01 -6.451613e-02
    endloop
  endfacet
  facet normal -3.123764e-01 -8.481237e-01 4.279102e-01
    outer loop
      vertex -1.612903e+00 -2.783973e-01 -6.451613e-02
      vertex -1.483871e+00 -3.259218e-01 -6.451613e-02
      vertex -1.483871e+00 -2.608201e-01 6.451613e-02
    endloop
  endfacet
  facet normal -5.365711e-01 -5.775493e-01 6.152465e-01
    outer loop
      vertex -1.612903e+00 -2.783973e-01 -6.451613e-02
      vertex -1.483871e+00 -2.608201e-01 6.451613e-02
      vertex -1.612903e+00 -1.409430e-01 6.451613e-02
    endloop
  endfacet
  facet normal -4.835736e-01 -5.205043e-01 7.037271e-01
    outer loop
      vertex -1.612903e+00 -1.409430e-01 6.451613e-02
      vertex -1.483871e+00 -2.608201e-01 6.451613e-02
      vertex -1.483871e+00 -8.636722e-02 1.935484e-01
    endloop
  endfacet
  facet normal -5.702221e-01 -3.772089e-01 7.297672e-01
    outer loop
      vertex -1.612903e+00 -1.409430e-01 6.451613e-02
      vertex -1.483871e+00 -8.636722e-02 1.935484e-01
      vertex -1.612903e+00 1.086893e-01 1.935484e-01
    endloop
  endfacet
  facet normal -7.349464e-01 -4.861760e-01 4.727437e-01
    outer loop
      vertex -1.612903e+00 1.086893e-01 1.935484e-01
      vertex -1.483871e+00 -8.636722e-02 1.935484e-01
      vertex -1.483871e+00 3.910007e-02 3.225806e-01
    endloop
  endfacet
  facet normal -3.679762e-01 -9.208889e-01 -1.286744e-01
    outer loop
      vertex -1.612903e+00 1.086893e-01 1.935484e-01
      vertex -1.483871e+00 3.910007e-02 3.225806e-01
      vertex -1.612903e+00 9.065981e-02 3.225806e-01
    endloop
  endfacet
  facet normal -3.186548e-01 -7.974584e-01 5.123663e-01
    outer loop
      vertex -1.612903e+00 9.065981e-02 3.225806e-01
      vertex -1.483871e+00 3.910007e-02 3.225806e-01
      vertex -1.483871e+00 1.220032e-01 4.516129e-01
    endloop
  endfacet
  facet normal 1.887318e-01 -9.807798e-01 4.951050e-02
    outer loop
      vertex -1.612903e+00 9.065981e-02 3.225806e-01
      vertex -1.483871e+00 1.220032e-01 4.516129e-01
      vertex -1.612903e+00 9.717345e-02 4.516129e-01
    endloop
  endfacet
  facet normal 1.631956e-01 -8.480764e-01 5.041166e-01
    outer loop
      vertex -1.612903e+00 9.717345e-02 4.516129e-01
      vertex -1.483871e+00 1.220032e-01 4.516129e-01
      vertex -1.483871e+00 1.987030e-01 5.806452e-01
    endloop
  endfacet
  facet normal 6.744593e-01 -7.316805e-01 -9.873363e-02
    outer loop
      vertex -1.612903e+00 9.717345e-02 4.516129e-01
      vertex -1.483871e+00 1.987030e-01 5.806452e-01
      vertex -1.612903e+00 7.976172e-02 5.806452e-01
    endloop
  endfacet
  facet normal 6.733110e-01 -7.304349e-01 1.145299e-01
    outer loop
      vertex -1.612903e+00 7.976172e-02 5.806452e-01
      vertex -1.483871e+00 1.987030e-01 5.806452e-01
      vertex -1.483871e+00 2.189348e-01 7.096774e-01
    endloop
  endfacet
  facet normal -3.939768e-02 -6.594707e-01 7.506972e-01
    outer loop
      vertex -1.612903e+00 7.976172e-02 5.806452e-01
      vertex -1.483871e+00 2.189348e-01 7.096774e-01
      vertex -1.612903e+00 2.266434e-01 7.096774e-01
    endloop
  endfacet
  facet normal -4.300023e-02 -7.197731e-01 -6.928763e-01
    outer loop
      vertex -1.612903e+00 2.266434e-01 7.096774e-01
      vertex -1.483871e+00 2.189348e-01 7.096774e-01
      vertex -1.483871e+00 9.472430e-02 8.387097e-01
    endloop
  endfacet
  facet normal -4.487701e-01 -8.094143e-01 -3.787532e-01
    outer loop
      vertex -1.612903e+00 2.266434e-01 7.096774e-01
      vertex -1.483871e+00 9.472430e-02 8.387097e-01
      vertex -1.612903e+00 1.662647e-01 8.387097e-01
    endloop
  endfacet
  facet normal -4.174933e-01 -7.530025e-01 -5.086124e-01
    outer loop
      vertex -1.612903e+00 1.662647e-01 8.387097e-01
      vertex -1.483871e+00 9.472430e-02 8.387097e-01
      vertex -1.483871e+00 7.570008e-03 9.677419e-01
    endloop
  endfacet
  facet normal -3.775384e-01 -7.493224e-01 -5.440411e-01
    outer loop
      vertex -1.612903e+00 1.662647e-01 8.387097e-01
      vertex -1.483871e+00 7.570008e-03 9.677419e-01
      vertex -1.612903e+00 7.258159e-02 9.677419e-01
    endloop
  endfacet
  facet normal -4.093184e-01 -8.123980e-01 -4.152927e-01
    outer loop
      vertex -1.612903e+00 7.258159e-02 9.677419e-01
      vertex -1.483871e+00 7.570008e-03 9.677419e-01
      vertex -1.483871e+00 -5.839046e-02 1.096774e+00
    endloop
  endfacet
  facet normal -1.323036e-01 -7.587279e-01 -6.378305e-01
    outer loop
      vertex -1.612903e+00 7.258159e-02 9.677419e-01
      vertex -1.483871e+00 -5.839046e-02 1.096774e+00
      vertex -1.612903e+00 -3.589039e-02 1.096774e+00
    endloop
  endfacet
  facet normal -1.717762e-01 -9.850936e-01 -9.143416e-03
    outer loop
      vertex -1.612903e+00 -3.589039e-02 1.096774e+00
      vertex -1.483871e+00 -5.839046e-02 1.096774e+00
      vertex -1.483871e+00 -5.958811e-02 1.225806e+00
    endloop
  endfacet
  facet normal 5.686710e-02 -9.703129e-01 -2.350722e-01
    outer loop
      vertex -1.612903e+00 -3.589039e-02 1.096774e+00
      vertex -1.483871e+00 -5.958811e-02 1.225806e+00
      vertex -1.612903e+00 -6.715030e-02 1.225806e+00
    endloop
  endfacet
  facet normal 4.904021e-02 -8.367642e-01 -5.453629e-01
    outer loop
      vertex -1.612903e+00 -6.715030e-02 1.225806e+00
      vertex -1.483871e+00 -5.958811e-02 1.225806e+00
      vertex -1.483871e+00 -1.436852e-01 1.354839e+00
    endloop
  endfacet
  facet normal 4.727832e-01 -4.649205e-01 -7.485486e-01
    outer loop
      vertex -1.612903e+00 -6.715030e-02 1.225806e+00
      vertex -1.483871e+00 -1.436852e-01 1.354839e+00
      vertex -1.612903e+00 -2.748996e-01 1.354839e+00
    endloop
  endfacet
  facet normal 6.557288e-01 -6.448237e-01 -3.927113e-01
    outer loop
      vertex -1.612903e+00 -2.748996e-01 1.354839e+00
      vertex -1.483871e+00 -1.436852e-01 1.354839e+00
      vertex -1.483871e+00 -2.222685e-01 1.483871e+00
    endloop
  endfacet
  facet normal 6.960419e-01 -5.364495e-01 -4.772292e-01
    outer loop
      vertex -1.612903e+00 -2.748996e-01 1.354839e+00
      vertex -1.483871e+00 -2.222685e-01 1.483871e+00
      vertex -1.612903e+00 -3.896876e-01 1.483871e+00
    endloop
  endfacet
  facet normal 6.236578e-01 -4.806620e-01 6.164536e-01
    outer loop
      vertex -1.612903e+00 -3.896876e-01 1.483871e+00
      vertex -1.483871e+00 -2.222685e-01 1.483871e+00
      vertex -1.483871e+00 -5.678344e-02 1.612903e+00
    endloop
  endfacet
  facet normal 9.336757e-01 -3.579775e-01 -1.009132e-02
    outer loop
      vertex -1.612903e+00 -3.896876e-01 1.483871e+00
      vertex -1.483871e+00 -5.678344e-02 1.612903e+00
      vertex -1.612903e+00 -3.933250e-01 1.612903e+00
    endloop
  endfacet
  facet normal 8.238046e-01 -3.158521e-01 4.707265e-01
    outer loop
      vertex -1.612903e+00 -3.933250e-01 1.612903e+00
      vertex -1.483871e+00 -5.678344e-02 1.612903e+00
      vertex -1.483871e+00 1.355183e-01 1.741935e+00
    endloop
  endfacet
  facet normal 8.650085e-01 -3.077459e-01 3.962989e-01
    outer loop
      vertex -1.612903e+00 -3.933250e-01 1.612903e+00
      vertex -1.483871e+00 1.355183e-01 1.741935e+00
      vertex -1.612903e+00 -2.271640e-01 1.741935e+00
    endloop
  endfacet
  facet normal 9.407874e-01 -3.347059e-01 -5.376831e-02
    outer loop
      vertex -1.612903e+00 -2.271640e-01 1.741935e+00
      vertex -1.483871e+00 1.355183e-01 1.741935e+00
      vertex -1.483871e+00 1.147901e-01 1.870968e+00
    endloop
  endfacet
  facet normal 8.758335e-01 -4.201139e-01 2.375290e-01
    outer loop
      vertex -1.612903e+00 -2.271640e-01 1.741935e+00
      vertex -1.483871e+00 1.147901e-01 1.870968e+00
      vertex -1.612903e+00 -1.542102e-01 1.870968e+00
    endloop
  endfacet
  facet normal 8.690746e-01 -4.168718e-01 -2.663216e-01
    outer loop
      vertex -1.612903e+00 -1.542102e-01 1.870968e+00
      vertex -1.483871e+00 1.147901e-01 1.870968e+00
      vertex -1.483871e+00 3.235689e-02 2.000000e+00
    endloop
  endfacet
  facet normal 4.735734e-01 -6.985399e-01 5.364422e-01
    outer loop
      vertex -1.612903e+00 -1.542102e-01 1.870968e+00
      vertex -1.483871e+00 3.235689e-02 2.000000e+00
      vertex -1.612903e+00 -5.512020e-02 2.000000e+00
    endloop
  endfacet
  facet normal -7.610148e-01 -5.544299e-01 3.368442e-01
    outer loop
      vertex -1.483871e+00 1.719437e-01 -2.000000e+00
      vertex -1.354839e+00 -5.166935e-03 -2.000000e+00
      vertex -1.354839e+00 7.322667e-02 -1.870968e+00
    endloop
  endfacet
  facet normal -7.600870e-01 -5.578208e-01 3.333222e-01
    outer loop
      vertex -1.483871e+00 1.719437e-01 -2.000000e+00
      vertex -1.354839e+00 7.322667e-02 -1.870968e+00
      vertex -1.483871e+00 2.490461e-01 -1.870968e+00
    endloop
  endfacet
  facet normal -7.683799e-01 -5.639069e-01 3.026572e-01
    outer loop
      vertex -1.483871e+00 2.490461e-01 -1.870968e+00
      vertex -1.354839e+00 7.322667e-02 -1.870968e+00
      vertex -1.354839e+00 1.424802e-01 -1.741935e+00
    endloop
  endfacet
  facet normal -3.210873e-02 -7.861689e-01 -6.171770e-01
    outer loop
      vertex -1.483871e+00 2.490461e-01 -1.870968e+00
      vertex -1.354839e+00 1.424802e-01 -1.741935e+00
      vertex -1.483871e+00 1.477501e-01 -1.741935e+00
    endloop
  endfacet
  facet normal -2.979286e-02 -7.294658e-01 -6.833681e-01
    outer loop
      vertex -1.483871e+00 1.477501e-01 -1.741935e+00
      vertex -1.354839e+00 1.424802e-01 -1.741935e+00
      vertex -1.354839e+00 2.160199e-02 -1.612903e+00
    endloop
  endfacet
  facet normal 2.834182e-01 -5.285738e-01 -8.001774e-01
    outer loop
      vertex -1.483871e+00 1.477501e-01 -1.741935e+00
      vertex -1.354839e+00 2.160199e-02 -1.612903e+00
      vertex -1.483871e+00 -4.758435e-02 -1.612903e+00
    endloop
  endfacet
  facet normal 2.205188e-01 -4.112667e-01 -8.844384e-01
    outer loop
      vertex -1.483871e+00 -4.758435e-02 -1.612903e+00
      vertex -1.354839e+00 2.160199e-02 -1.612903e+00
      vertex -1.354839e+00 -2.558848e-01 -1.483871e+00
    endloop
  endfacet
  facet normal -6.320675e-02 -5.535540e-01 -8.304113e-01
    outer loop
      vertex -1.483871e+00 -4.758435e-02 -1.612903e+00
      vertex -1.354839e+00 -2.558848e-01 -1.483871e+00
      vertex -1.483871e+00 -2.411515e-01 -1.483871e+00
    endloop
  endfacet
  facet normal -6.452511e-02 -5.650999e-01 -8.224953e-01
    outer loop
      vertex -1.483871e+00 -2.411515e-01 -1.483871e+00
      vertex -1.354839e+00 -2.558848e-01 -1.483871e+00
      vertex -1.354839e+00 -4.436895e-01 -1.354839e+00
    endloop
  endfacet
  facet normal -7.872132e-01 -5.978530e-01 -1.512188e-01
    outer loop
      vertex -1.483871e+00 -2.411515e-01 -1.483871e+00
      vertex -1.354839e+00 -4.436895e-01 -1.354839e+00
      vertex -1.483871e+00 -2.737884e-01 -1.354839e+00
    endloop
  endfacet
  facet normal -5.898282e-01 -4.479480e-01 -6.718968e-01
    outer loop
      vertex -1.483871e+00 -2.737884e-01 -1.354839e+00
      vertex -1.354839e+00 -4.436895e-01 -1.354839e+00
      vertex -1.354839e+00 -6.372306e-01 -1.225806e+00
    endloop
  endfacet
  facet normal -5.917660e-01 -4.480145e-01 -6.701462e-01
    outer loop
      vertex -1.483871e+00 -2.737884e-01 -1.354839e+00
      vertex -1.354839e+00 -6.372306e-01 -1.225806e+00
      vertex -1.483871e+00 -4.667966e-01 -1.225806e+00
    endloop
  endfacet
  facet normal -7.079624e-01 -5.359846e-01 -4.599019e-01
    outer loop
      vertex -1.483871e+00 -4.667966e-01 -1.225806e+00
      vertex -1.354839e+00 -6.372306e-01 -1.225806e+00
      vertex -1.354839e+00 -7.479469e-01 -1.096774e+00
    endloop
  endfacet
  facet normal -3.974937e-01 -5.271336e-01 -7.510852e-01
    outer loop
      vertex -1.483871e+00 -4.667966e-01 -1.225806e+00
      vertex -1.354839e+00 -7.479469e-01 -1.096774e+00
      vertex -1.483871e+00 -6.506480e-01 -1.096774e+00
    endloop
  endfacet
  facet normal -6.001750e-01 -7.959180e-01 -7.940127e-02
    outer loop
      vertex -1.483871e+00 -6.506480e-01 -1.096774e+00
      vertex -1.354839e+00 -7.479469e-01 -1.096774e+00
      vertex -1.354839e+00 -7.608192e-01 -9.677419e-01
    endloop
  endfacet
  facet normal -3.328620e-01 -8.551850e-01 -3.973180e-01
    outer loop
      vertex -1.483871e+00 -6.506480e-01 -1.096774e+00
      vertex -1.354839e+00 -7.608192e-01 -9.677419e-01
      vertex -1.483871e+00 -7.105962e-01 -9.677419e-01
    endloop
  endfacet
  facet normal -3.308136e-01 -8.499224e-01 4.101150e-01
    outer loop
      vertex -1.483871e+00 -7.105962e-01 -9.677419e-01
      vertex -1.354839e+00 -7.608192e-01 -9.677419e-01
      vertex -1.354839e+00 -6.985570e-01 -8.387097e-01
    endloop
  endfacet
  facet normal -4.405862e-01 -7.390851e-01 5.095460e-01
    outer loop
      vertex -1.483871e+00 -7.105962e-01 -9.677419e-01
      vertex -1.354839e+00 -6.985570e-01 -8.387097e-01
      vertex -1.483871e+00 -6.216378e-01 -8.387097e-01
    endloop
  endfacet
  facet normal -3.551165e-01 -5.957093e-01 7.204323e-01
    outer loop
      vertex -1.483871e+00 -6.216378e-01 -8.387097e-01
      vertex -1.354839e+00 -6.985570e-01 -8.387097e-01
      vertex -1.354839e+00 -5.425094e-01 -7.096774e-01
    endloop
  endfacet
  facet normal 3.047667e-01 -9.169448e-01 2.575452e-01
    outer loop
      vertex -1.483871e+00 -6.216378e-01 -8.387097e-01
      vertex -1.354839e+00 -5.425094e-01 -7.096774e-01
      vertex -1.483871e+00 -5.853961e-01 -7.096774e-01
    endloop
  endfacet
  facet normal 2.126699e-01 -6.398551e-01 7.384828e-01
    outer loop
      vertex -1.483871e+00 -5.853961e-01 -7.096774e-01
      vertex -1.354839e+00 -5.425094e-01 -7.096774e-01
      vertex -1.354839e+00 -3.935880e-01 -5.806452e-01
    endloop
  endfacet
  facet normal 8.116307e-01 -5.817483e-01 5.314543e-02
    outer loop
      vertex -1.483871e+00 -5.853961e-01 -7.096774e-01
      vertex -1.354839e+00 -3.935880e-01 -5.806452e-01
      vertex -1.483871e+00 -5.736084e-01 -5.806452e-01
    endloop
  endfacet
  facet normal 8.124856e-01 -5.823611e-01 2.688333e-02
    outer loop
      vertex -1.483871e+00 -5.736084e-01 -5.806452e-01
      vertex -1.354839e+00 -3.935880e-01 -5.806452e-01
      vertex -1.354839e+00 -3.876315e-01 -4.516129e-01
    endloop
  endfacet
  facet normal 7.460639e-01 -6.414937e-01 1.785342e-01
    outer loop
      vertex -1.483871e+00 -5.736084e-01 -5.806452e-01
      vertex -1.354839e+00 -3.876315e-01 -4.516129e-01
      vertex -1.483871e+00 -5.376974e-01 -4.516129e-01
    endloop
  endfacet
  facet normal 7.502685e-01 -6.451090e-01 1.446771e-01
    outer loop
      vertex -1.483871e+00 -5.376974e-01 -4.516129e-01
      vertex -1.354839e+00 -3.876315e-01 -4.516129e-01
      vertex -1.354839e+00 -3.586938e-01 -3.225806e-01
    endloop
  endfacet
  facet normal 2.705180e-01 -6.836197e-01 6.778526e-01
    outer loop
      vertex -1.483871e+00 -5.376974e-01 -4.516129e-01
      vertex -1.354839e+00 -3.586938e-01 -3.225806e-01
      vertex -1.483871e+00 -4.097537e-01 -3.225806e-01
    endloop
  endfacet
  facet normal 3.033955e-01 -7.667037e-01 -5.657885e-01
    outer loop
      vertex -1.483871e+00 -4.097537e-01 -3.225806e-01
      vertex -1.354839e+00 -3.586938e-01 -3.225806e-01
      vertex -1.354839e+00 -4.539130e-01 -1.935484e-01
    endloop
  endfacet
  facet normal -5.016425e-01 -8.379677e-01 2.148604e-01
    outer loop
      vertex -1.483871e+00 -4.097537e-01 -3.225806e-01
      vertex -1.354839e+00 -4.539130e-01 -1.935484e-01
      vertex -1.483871e+00 -3.766689e-01 -1.935484e-01
    endloop
  endfacet
  facet normal -5.074231e-01 -8.476239e-01 1.550986e-01
    outer loop
      vertex -1.483871e+00 -3.766689e-01 -1.935484e-01
      vertex -1.354839e+00 -4.539130e-01 -1.935484e-01
      vertex -1.354839e+00 -4.303027e-01 -6.451613e-02
    endloop
  endfacet
  facet normal -6.014420e-01 -7.434829e-01 2.924049e-01
    outer loop
      vertex -1.483871e+00 -3.766689e-01 -1.935484e-01
      vertex -1.354839e+00 -4.303027e-01 -6.451613e-02
      vertex -1.483871e+00 -3.259218e-01 -6.451613e-02
    endloop
  endfacet
  facet normal -6.078688e-01 -7.514275e-01 2.566169e-01
    outer loop
      vertex -1.483871e+00 -3.259218e-01 -6.451613e-02
      vertex -1.354839e+00 -4.303027e-01 -6.451613e-02
      vertex -1.354839e+00 -3.862374e-01 6.451613e-02
    endloop
  endfacet
  facet normal -6.554140e-01 -6.743055e-01 3.402125e-01
    outer loop
      vertex -1.483871e+00 -3.259218e-01 -6.451613e-02
      vertex -1.354839e+00 -3.862374e-01 6.451613e-02
      vertex -1.483871e+00 -2.608201e-01 6.451613e-02
    endloop
  endfacet
  facet normal -5.425394e-01 -5.581775e-01 6.277650e-01
    outer loop
      vertex -1.483871e+00 -2.608201e-01 6.451613e-02
      vertex -1.354839e+00 -3.862374e-01 6.451613e-02
      vertex -1.354839e+00 -2.411188e-01 1.935484e-01
    endloop
  endfacet
  facet normal -5.806447e-01 -4.841431e-01 6.545664e-01
    outer loop
      vertex -1.483871e+00 -2.608201e-01 6.451613e-02
      vertex -1.354839e+00 -2.411188e-01 1.935484e-01
      vertex -1.483871e+00 -8.636722e-02 1.935484e-01
    endloop
  endfacet
  facet normal -6.084411e-01 -5.073198e-01 6.102672e-01
    outer loop
      vertex -1.483871e+00 -8.636722e-02 1.935484e-01
      vertex -1.354839e+00 -2.411188e-01 1.935484e-01
      vertex -1.354839e+00 -8.590276e-02 3.225806e-01
    endloop
  endfacet
  facet normal -5.704558e-01 -5.888443e-01 5.725754e-01
    outer loop
      vertex -1.483871e+00 -8.636722e-02 1.935484e-01
      vertex -1.354839e+00 -8.590276e-02 3.225806e-01
      vertex -1.483871e+00 3.910007e-02 3.225806e-01
    endloop
  endfacet
  facet normal -4.833542e-01 -4.989350e-01 7.193279e-01
    outer loop
      vertex -1.483871e+00 3.910007e-02 3.225806e-01
      vertex -1.354839e+00 -8.590276e-02 3.225806e-01
      vertex -1.354839e+00 1.001265e-01 4.516129e-01
    endloop
  endfacet
  facet normal -1.412110e-01 -8.328851e-01 5.351279e-01
    outer loop
      vertex -1.483871e+00 3.910007e-02 3.225806e-01
      vertex -1.354839e+00 1.001265e-01 4.516129e-01
      vertex -1.483871e+00 1.220032e-01 4.516129e-01
    endloop
  endfacet
  facet normal -1.408963e-01 -8.310295e-01 5.380876e-01
    outer loop
      vertex -1.483871e+00 1.220032e-01 4.516129e-01
      vertex -1.354839e+00 1.001265e-01 4.516129e-01
      vertex -1.354839e+00 1.836743e-01 5.806452e-01
    endloop
  endfacet
  facet normal -9.962188e-02 -8.553243e-01 5.084249e-01
    outer loop
      vertex -1.483871e+00 1.220032e-01 4.516129e-01
      vertex -1.354839e+00 1.836743e-01 5.806452e-01
      vertex -1.483871e+00 1.987030e-01 5.806452e-01
    endloop
  endfacet
  facet normal -9.020767e-02 -7.744967e-01 6.261130e-01
    outer loop
      vertex -1.483871e+00 1.987030e-01 5.806452e-01
      vertex -1.354839e+00 1.836743e-01 5.806452e-01
      vertex -1.354839e+00 2.879856e-01 7.096774e-01
    endloop
  endfacet
  facet normal 4.673850e-01 -8.733829e-01 1.369437e-01
    outer loop
      vertex -1.483871e+00 1.987030e-01 5.806452e-01
      vertex -1.354839e+00 2.879856e-01 7.096774e-01
      vertex -1.483871e+00 2.189348e-01 7.096774e-01
    endloop
  endfacet
  facet normal 3.529694e-01 -6.595792e-01 -6.636022e-01
    outer loop
      vertex -1.483871e+00 2.189348e-01 7.096774e-01
      vertex -1.354839e+00 2.879856e-01 7.096774e-01
      vertex -1.354839e+00 1.581663e-01 8.387097e-01
    endloop
  endfacet
  facet normal 3.338939e-01 -6.790940e-01 -6.537173e-01
    outer loop
      vertex -1.483871e+00 2.189348e-01 7.096774e-01
      vertex -1.354839e+00 1.581663e-01 8.387097e-01
      vertex -1.483871e+00 9.472430e-02 8.387097e-01
    endloop
  endfacet
  facet normal 4.024243e-01 -8.184753e-01 -4.100645e-01
    outer loop
      vertex -1.483871e+00 9.472430e-02 8.387097e-01
      vertex -1.354839e+00 1.581663e-01 8.387097e-01
      vertex -1.354839e+00 9.351983e-02 9.677419e-01
    endloop
  endfacet
  facet normal 4.832566e-01 -7.254894e-01 -4.900288e-01
    outer loop
      vertex -1.483871e+00 9.472430e-02 8.387097e-01
      vertex -1.354839e+00 9.351983e-02 9.677419e-01
      vertex -1.483871e+00 7.570008e-03 9.677419e-01
    endloop
  endfacet
  facet normal 3.827808e-01 -5.746501e-01 -7.233644e-01
    outer loop
      vertex -1.483871e+00 7.570008e-03 9.677419e-01
      vertex -1.354839e+00 9.351983e-02 9.677419e-01
      vertex -1.354839e+00 -6.890483e-02 1.096774e+00
    endloop
  endfacet
  facet normal -7.236563e-02 -8.880704e-01 -4.539759e-01
    outer loop
      vertex -1.483871e+00 7.570008e-03 9.677419e-01
      vertex -1.354839e+00 -6.890483e-02 1.096774e+00
      vertex -1.483871e+00 -5.839046e-02 1.096774e+00
    endloop
  endfacet
  facet normal -7.943014e-02 -9.747661e-01 2.086191e-01
    outer loop
      vertex -1.483871e+00 -5.839046e-02 1.096774e+00
      vertex -1.354839e+00 -6.890483e-02 1.096774e+00
      vertex -1.354839e+00 -4.128939e-02 1.225806e+00
    endloop
  endfacet
  facet normal 1.404042e-01 -9.900516e-01 -9.189435e-03
    outer loop
      vertex -1.483871e+00 -5.839046e-02 1.096774e+00
      vertex -1.354839e+00 -4.128939e-02 1.225806e+00
      vertex -1.483871e+00 -5.958811e-02 1.225806e+00
    endloop
  endfacet
  facet normal 1.404101e-01 -9.900934e-01 3.096619e-04
    outer loop
      vertex -1.483871e+00 -5.958811e-02 1.225806e+00
      vertex -1.354839e+00 -4.128939e-02 1.225806e+00
      vertex -1.354839e+00 -4.124904e-02 1.354839e+00
    endloop
  endfacet
  facet normal 5.537913e-01 -6.975757e-01 -4.546464e-01
    outer loop
      vertex -1.483871e+00 -5.958811e-02 1.225806e+00
      vertex -1.354839e+00 -4.124904e-02 1.354839e+00
      vertex -1.483871e+00 -1.436852e-01 1.354839e+00
    endloop
  endfacet
  facet normal 5.876314e-01 -7.402018e-01 3.267883e-01
    outer loop
      vertex -1.483871e+00 -1.436852e-01 1.354839e+00
      vertex -1.354839e+00 -4.124904e-02 1.354839e+00
      vertex -1.354839e+00 1.571682e-02 1.483871e+00
    endloop
  endfacet
  facet normal 8.442505e-01 -4.577405e-01 -2.787737e-01
    outer loop
      vertex -1.483871e+00 -1.436852e-01 1.354839e+00
      vertex -1.354839e+00 1.571682e-02 1.483871e+00
      vertex -1.483871e+00 -2.222685e-01 1.483871e+00
    endloop
  endfacet
  facet normal 8.711697e-01 -4.723357e-01 1.340238e-01
    outer loop
      vertex -1.483871e+00 -2.222685e-01 1.483871e+00
      vertex -1.354839e+00 1.571682e-02 1.483871e+00
      vertex -1.354839e+00 5.232931e-02 1.612903e+00
    endloop
  endfacet
  facet normal 4.613318e-01 -5.455520e-01 6.996756e-01
    outer loop
      vertex -1.483871e+00 -2.222685e-01 1.483871e+00
      vertex -1.354839e+00 5.232931e-02 1.612903e+00
      vertex -1.483871e+00 -5.678344e-02 1.612903e+00
    endloop
  endfacet
  facet normal 5.074228e-01 -6.000574e-01 6.184280e-01
    outer loop
      vertex -1.483871e+00 -5.678344e-02 1.612903e+00
      vertex -1.354839e+00 5.232931e-02 1.612903e+00
      vertex -1.354839e+00 1.853119e-01 1.741935e+00
    endloop
  endfacet
  facet normal 2.102125e-01 -5.447325e-01 8.118357e-01
    outer loop
      vertex -1.483871e+00 -5.678344e-02 1.612903e+00
      vertex -1.354839e+00 1.853119e-01 1.741935e+00
      vertex -1.483871e+00 1.355183e-01 1.741935e+00
    endloop
  endfacet
  facet normal 3.425434e-01 -8.876472e-01 -3.078091e-01
    outer loop
      vertex -1.483871e+00 1.355183e-01 1.741935e+00
      vertex -1.354839e+00 1.853119e-01 1.741935e+00
      vertex -1.354839e+00 1.405674e-01 1.870968e+00
    endloop
  endfacet
  facet normal 1.935168e-01 -9.686776e-01 -1.556117e-01
    outer loop
      vertex -1.483871e+00 1.355183e-01 1.741935e+00
      vertex -1.354839e+00 1.405674e-01 1.870968e+00
      vertex -1.483871e+00 1.147901e-01 1.870968e+00
    endloop
  endfacet
  facet normal 1.701920e-01 -8.519220e-01 4.952409e-01
    outer loop
      vertex -1.483871e+00 1.147901e-01 1.870968e+00
      vertex -1.354839e+00 1.405674e-01 1.870968e+00
      vertex -1.354839e+00 2.155767e-01 2.000000e+00
    endloop
  endfacet
  facet normal 7.673287e-01 -5.403901e-01 -3.452321e-01
    outer loop
      vertex -1.483871e+00 1.147901e-01 1.870968e+00
      vertex -1.354839e+00 2.155767e-01 2.000000e+00
      vertex -1.483871e+00 3.235689e-02 2.000000e+00
    endloop
  endfacet
  facet normal 2.432574e-01 -9.695149e-01 -2.943784e-02
    outer loop
      vertex -1.354839e+00 -5.166935e-03 -2.000000e+00
      vertex -1.225806e+00 2.720807e-02 -2.000000e+00
      vertex -1.225806e+00 2.329021e-02 -1.870968e+00
    endloop
  endfacet
  facet normal -3.140191e-01 -8.114028e-01 4.929681e-01
    outer loop
      vertex -1.354839e+00 -5.166935e-03 -2.000000e+00
      vertex -1.225806e+00 2.329021e-02 -1.870968e+00
      vertex -1.354839e+00 7.322667e-02 -1.870968e+00
    endloop
  endfacet
  facet normal -3.523582e-01 -9.104684e-01 -2.165431e-01
    outer loop
      vertex -1.354839e+00 7.322667e-02 -1.870968e+00
      vertex -1.225806e+00 2.329021e-02 -1.870968e+00
      vertex -1.225806e+00 -7.398434e-03 -1.741935e+00
    endloop
  endfacet
  facet normal -7.152586e-01 -6.157744e-01 3.304953e-01
    outer loop
      vertex -1.354839e+00 7.322667e-02 -1.870968e+00
      vertex -1.225806e+00 -7.398434e-03 -1.741935e+00
      vertex -1.354839e+00 1.424802e-01 -1.741935e+00
    endloop
  endfacet
  facet normal -7.042329e-01 -6.062823e-01 3.694291e-01
    outer loop
      vertex -1.354839e+00 1.424802e-01 -1.741935e+00
      vertex -1.225806e+00 -7.398434e-03 -1.741935e+00
      vertex -1.225806e+00 7.122545e-02 -1.612903e+00
    endloop
  endfacet
  facet normal 2.702226e-01 -7.026401e-01 -6.582376e-01
    outer loop
      vertex -1.354839e+00 1.424802e-01 -1.741935e+00
      vertex -1.225806e+00 7.122545e-02 -1.612903e+00
      vertex -1.354839e+00 2.160199e-02 -1.612903e+00
    endloop
  endfacet
  facet normal 2.397222e-01 -6.233321e-01 -7.443053e-01
    outer loop
      vertex -1.354839e+00 2.160199e-02 -1.612903e+00
      vertex -1.225806e+00 7.122545e-02 -1.612903e+00
      vertex -1.225806e+00 -8.284874e-02 -1.483871e+00
    endloop
  endfacet
  facet normal 4.922044e-01 -3.670347e-01 -7.893164e-01
    outer loop
      vertex -1.354839e+00 2.160199e-02 -1.612903e+00
      vertex -1.225806e+00 -8.284874e-02 -1.483871e+00
      vertex -1.354839e+00 -2.558848e-01 -1.483871e+00
    endloop
  endfacet
  facet normal 4.731440e-01 -3.528214e-01 -8.072495e-01
    outer loop
      vertex -1.354839e+00 -2.558848e-01 -1.483871e+00
      vertex -1.225806e+00 -8.284874e-02 -1.483871e+00
      vertex -1.225806e+00 -3.780724e-01 -1.354839e+00
    endloop
  endfacet
  facet normal 2.767263e-01 -5.441661e-01 -7.920264e-01
    outer loop
      vertex -1.354839e+00 -2.558848e-01 -1.483871e+00
      vertex -1.225806e+00 -3.780724e-01 -1.354839e+00
      vertex -1.354839e+00 -4.436895e-01 -1.354839e+00
    endloop
  endfacet
  facet normal 1.831110e-01 -3.600770e-01 -9.147759e-01
    outer loop
      vertex -1.354839e+00 -4.436895e-01 -1.354839e+00
      vertex -1.225806e+00 -3.780724e-01 -1.354839e+00
      vertex -1.225806e+00 -7.058789e-01 -1.225806e+00
    endloop
  endfacet
  facet normal -2.830524e-01 -5.320293e-01 -7.980139e-01
    outer loop
      vertex -1.354839e+00 -4.436895e-01 -1.354839e+00
      vertex -1.225806e+00 -7.058789e-01 -1.225806e+00
      vertex -1.354839e+00 -6.372306e-01 -1.225806e+00
    endloop
  endfacet
  facet normal -4.023071e-01 -7.561821e-01 -5.160791e-01
    outer loop
      vertex -1.354839e+00 -6.372306e-01 -1.225806e+00
      vertex -1.225806e+00 -7.058789e-01 -1.225806e+00
      vertex -1.225806e+00 -7.939408e-01 -1.096774e+00
    endloop
  endfacet
  facet normal -2.611320e-01 -7.325841e-01 -6.285942e-01
    outer loop
      vertex -1.354839e+00 -6.372306e-01 -1.225806e+00
      vertex -1.225806e+00 -7.939408e-01 -1.096774e+00
      vertex -1.354839e+00 -7.479469e-01 -1.096774e+00
    endloop
  endfacet
  facet normal -2.855477e-01 -8.010804e-01 5.260539e-01
    outer loop
      vertex -1.354839e+00 -7.479469e-01 -1.096774e+00
      vertex -1.225806e+00 -7.939408e-01 -1.096774e+00
      vertex -1.225806e+00 -7.092079e-01 -9.677419e-01
    endloop
  endfacet
  facet normal 3.697980e-01 -9.245231e-01 -9.223099e-02
    outer loop
      vertex -1.354839e+00 -7.479469e-01 -1.096774e+00
      vertex -1.225806e+00 -7.092079e-01 -9.677419e-01
      vertex -1.354839e+00 -7.608192e-01 -9.677419e-01
    endloop
  endfacet
  facet normal 2.801630e-01 -7.004289e-01 6.564359e-01
    outer loop
      vertex -1.354839e+00 -7.608192e-01 -9.677419e-01
      vertex -1.225806e+00 -7.092079e-01 -9.677419e-01
      vertex -1.225806e+00 -5.882799e-01 -8.387097e-01
    endloop
  endfacet
  facet normal 6.099552e-01 -7.136926e-01 3.443798e-01
    outer loop
      vertex -1.354839e+00 -7.608192e-01 -9.677419e-01
      vertex -1.225806e+00 -5.882799e-01 -8.387097e-01
      vertex -1.354839e+00 -6.985570e-01 -8.387097e-01
    endloop
  endfacet
  facet normal 6.045852e-01 -7.074093e-01 3.661269e-01
    outer loop
      vertex -1.354839e+00 -6.985570e-01 -8.387097e-01
      vertex -1.225806e+00 -5.882799e-01 -8.387097e-01
      vertex -1.225806e+00 -5.214980e-01 -7.096774e-01
    endloop
  endfacet
  facet normal 1.032134e-01 -6.338402e-01 7.665466e-01
    outer loop
      vertex -1.354839e+00 -6.985570e-01 -8.387097e-01
      vertex -1.225806e+00 -5.214980e-01 -7.096774e-01
      vertex -1.354839e+00 -5.425094e-01 -7.096774e-01
    endloop
  endfacet
  facet normal 1.080315e-01 -6.634285e-01 7.403998e-01
    outer loop
      vertex -1.354839e+00 -5.425094e-01 -7.096774e-01
      vertex -1.225806e+00 -5.214980e-01 -7.096774e-01
      vertex -1.225806e+00 -3.774953e-01 -5.806452e-01
    endloop
  endfacet
  facet normal 8.139878e-02 -6.526621e-01 7.532639e-01
    outer loop
      vertex -1.354839e+00 -5.425094e-01 -7.096774e-01
      vertex -1.225806e+00 -3.774953e-01 -5.806452e-01
      vertex -1.354839e+00 -3.935880e-01 -5.806452e-01
    endloop
  endfacet
  facet normal 1.126275e-01 -9.030566e-01 4.144924e-01
    outer loop
      vertex -1.354839e+00 -3.935880e-01 -5.806452e-01
      vertex -1.225806e+00 -3.774953e-01 -5.806452e-01
      vertex -1.225806e+00 -3.182710e-01 -4.516129e-01
    endloop
  endfacet
  facet normal 4.730821e-01 -8.800811e-01 4.062688e-02
    outer loop
      vertex -1.354839e+00 -3.935880e-01 -5.806452e-01
      vertex -1.225806e+00 -3.182710e-01 -4.516129e-01
      vertex -1.354839e+00 -3.876315e-01 -4.516129e-01
    endloop
  endfacet
  facet normal 4.496535e-01 -8.364966e-01 3.131856e-01
    outer loop
      vertex -1.354839e+00 -3.876315e-01 -4.516129e-01
      vertex -1.225806e+00 -3.182710e-01 -4.516129e-01
      vertex -1.225806e+00 -2.699612e-01 -3.225806e-01
    endloop
  endfacet
  facet normal 5.571946e-01 -8.102556e-01 1.817141e-01
    outer loop
      vertex -1.354839e+00 -3.876315e-01 -4.516129e-01
      vertex -1.225806e+00 -2.699612e-01 -3.225806e-01
      vertex -1.354839e+00 -3.586938e-01 -3.225806e-01
    endloop
  endfacet
  facet normal 4.452478e-01 -6.474659e-01 -6.185001e-01
    outer loop
      vertex -1.354839e+00 -3.586938e-01 -3.225806e-01
      vertex -1.225806e+00 -2.699612e-01 -3.225806e-01
      vertex -1.225806e+00 -3.932209e-01 -1.935484e-01
    endloop
  endfacet
  facet normal 3.539664e-01 -7.525369e-01 -5.553342e-01
    outer loop
      vertex -1.354839e+00 -3.586938e-01 -3.225806e-01
      vertex -1.225806e+00 -3.932209e-01 -1.935484e-01
      vertex -1.354839e+00 -4.539130e-01 -1.935484e-01
    endloop
  endfacet
  facet normal 4.225552e-01 -8.983575e-01 -1.200037e-01
    outer loop
      vertex -1.354839e+00 -4.539130e-01 -1.935484e-01
      vertex -1.225806e+00 -3.932209e-01 -1.935484e-01
      vertex -1.225806e+00 -4.104572e-01 -6.451613e-02
    endloop
  endfacet
  facet normal 1.495884e-01 -9.726002e-01 1.779668e-01
    outer loop
      vertex -1.354839e+00 -4.539130e-01 -1.935484e-01
      vertex -1.225806e+00 -4.104572e-01 -6.451613e-02
      vertex -1.354839e+00 -4.303027e-01 -6.451613e-02
    endloop
  endfacet
  facet normal 1.516849e-01 -9.862314e-01 -6.587376e-02
    outer loop
      vertex -1.354839e+00 -4.303027e-01 -6.451613e-02
      vertex -1.225806e+00 -4.104572e-01 -6.451613e-02
      vertex -1.225806e+00 -4.190757e-01 6.451613e-02
    endloop
  endfacet
  facet normal -2.341449e-01 -9.200310e-01 3.141960e-01
    outer loop
      vertex -1.354839e+00 -4.303027e-01 -6.451613e-02
      vertex -1.225806e+00 -4.190757e-01 6.451613e-02
      vertex -1.354839e+00 -3.862374e-01 6.451613e-02
    endloop
  endfacet
  facet normal -1.936779e-01 -7.610232e-01 6.191385e-01
    outer loop
      vertex -1.354839e+00 -3.862374e-01 6.451613e-02
      vertex -1.225806e+00 -4.190757e-01 6.451613e-02
      vertex -1.225806e+00 -3.141001e-01 1.935484e-01
    endloop
  endfacet
  facet normal -3.518041e-01 -6.219956e-01 6.995394e-01
    outer loop
      vertex -1.354839e+00 -3.862374e-01 6.451613e-02
      vertex -1.225806e+00 -3.141001e-01 1.935484e-01
      vertex -1.354839e+00 -2.411188e-01 1.935484e-01
    endloop
  endfacet
  facet normal -3.185391e-01 -5.631826e-01 7.624684e-01
    outer loop
      vertex -1.354839e+00 -2.411188e-01 1.935484e-01
      vertex -1.225806e+00 -3.141001e-01 1.935484e-01
      vertex -1.225806e+00 -1.394090e-01 3.225806e-01
    endloop
  endfacet
  facet normal -2.562358e-01 -6.179223e-01 7.433137e-01
    outer loop
      vertex -1.354839e+00 -2.411188e-01 1.935484e-01
      vertex -1.225806e+00 -1.394090e-01 3.225806e-01
      vertex -1.354839e+00 -8.590276e-02 3.225806e-01
    endloop
  endfacet
  facet normal -2.287441e-01 -5.516251e-01 8.021133e-01
    outer loop
      vertex -1.354839e+00 -8.590276e-02 3.225806e-01
      vertex -1.225806e+00 -1.394090e-01 3.225806e-01
      vertex -1.225806e+00 4.821572e-02 4.516129e-01
    endloop
  endfacet
  facet normal -2.234899e-01 -5.555189e-01 8.009064e-01
    outer loop
      vertex -1.354839e+00 -8.590276e-02 3.225806e-01
      vertex -1.225806e+00 4.821572e-02 4.516129e-01
      vertex -1.354839e+00 1.001265e-01 4.516129e-01
    endloop
  endfacet
  facet normal -3.662487e-01 -9.103681e-01 1.925924e-01
    outer loop
      vertex -1.354839e+00 1.001265e-01 4.516129e-01
      vertex -1.225806e+00 4.821572e-02 4.516129e-01
      vertex -1.225806e+00 7.551307e-02 5.806452e-01
    endloop
  endfacet
  facet normal -5.754525e-01 -6.864934e-01 4.445012e-01
    outer loop
      vertex -1.354839e+00 1.001265e-01 4.516129e-01
      vertex -1.225806e+00 7.551307e-02 5.806452e-01
      vertex -1.354839e+00 1.836743e-01 5.806452e-01
    endloop
  endfacet
  facet normal -6.177383e-01 -7.369387e-01 2.744462e-01
    outer loop
      vertex -1.354839e+00 1.836743e-01 5.806452e-01
      vertex -1.225806e+00 7.551307e-02 5.806452e-01
      vertex -1.225806e+00 1.235665e-01 7.096774e-01
    endloop
  endfacet
  facet normal -7.038821e-01 -5.523901e-01 4.465592e-01
    outer loop
      vertex -1.354839e+00 1.836743e-01 5.806452e-01
      vertex -1.225806e+00 1.235665e-01 7.096774e-01
      vertex -1.354839e+00 2.879856e-01 7.096774e-01
    endloop
  endfacet
  facet normal -7.401476e-01 -5.808505e-01 -3.388129e-01
    outer loop
      vertex -1.354839e+00 2.879856e-01 7.096774e-01
      vertex -1.225806e+00 1.235665e-01 7.096774e-01
      vertex -1.225806e+00 4.830131e-02 8.387097e-01
    endloop
  endfacet
  facet normal -5.146441e-01 -6.044300e-01 -6.081166e-01
    outer loop
      vertex -1.354839e+00 2.879856e-01 7.096774e-01
      vertex -1.225806e+00 4.830131e-02 8.387097e-01
      vertex -1.354839e+00 1.581663e-01 8.387097e-01
    endloop
  endfacet
  facet normal -5.842474e-01 -6.861763e-01 4.333786e-01
    outer loop
      vertex -1.354839e+00 1.581663e-01 8.387097e-01
      vertex -1.225806e+00 4.830131e-02 8.387097e-01
      vertex -1.225806e+00 1.297961e-01 9.677419e-01
    endloop
  endfacet
  facet normal 2.437758e-01 -8.670931e-01 -4.344225e-01
    outer loop
      vertex -1.354839e+00 1.581663e-01 8.387097e-01
      vertex -1.225806e+00 1.297961e-01 9.677419e-01
      vertex -1.354839e+00 9.351983e-02 9.677419e-01
    endloop
  endfacet
  facet normal 2.514696e-01 -8.944596e-01 -3.697365e-01
    outer loop
      vertex -1.354839e+00 9.351983e-02 9.677419e-01
      vertex -1.225806e+00 1.297961e-01 9.677419e-01
      vertex -1.225806e+00 7.645898e-02 1.096774e+00
    endloop
  endfacet
  facet normal 5.738763e-01 -5.094016e-01 -6.412301e-01
    outer loop
      vertex -1.354839e+00 9.351983e-02 9.677419e-01
      vertex -1.225806e+00 7.645898e-02 1.096774e+00
      vertex -1.354839e+00 -6.890483e-02 1.096774e+00
    endloop
  endfacet
  facet normal 6.914530e-01 -6.137686e-01 -3.810260e-01
    outer loop
      vertex -1.354839e+00 -6.890483e-02 1.096774e+00
      vertex -1.225806e+00 7.645898e-02 1.096774e+00
      vertex -1.225806e+00 -3.643912e-03 1.225806e+00
    endloop
  endfacet
  facet normal 2.743455e-01 -9.403365e-01 2.012505e-01
    outer loop
      vertex -1.354839e+00 -6.890483e-02 1.096774e+00
      vertex -1.225806e+00 -3.643912e-03 1.225806e+00
      vertex -1.354839e+00 -4.128939e-02 1.225806e+00
    endloop
  endfacet
  facet normal 2.787366e-01 -9.553873e-01 9.767854e-02
    outer loop
      vertex -1.354839e+00 -4.128939e-02 1.225806e+00
      vertex -1.225806e+00 -3.643912e-03 1.225806e+00
      vertex -1.225806e+00 9.548312e-03 1.354839e+00
    endloop
  endfacet
  facet normal 3.663151e-01 -9.304908e-01 2.910205e-04
    outer loop
      vertex -1.354839e+00 -4.128939e-02 1.225806e+00
      vertex -1.225806e+00 9.548312e-03 1.354839e+00
      vertex -1.354839e+00 -4.124904e-02 1.354839e+00
    endloop
  endfacet
  facet normal 2.517590e-01 -6.395026e-01 7.263978e-01
    outer loop
      vertex -1.354839e+00 -4.124904e-02 1.354839e+00
      vertex -1.225806e+00 9.548312e-03 1.354839e+00
      vertex -1.225806e+00 1.561134e-01 1.483871e+00
    endloop
  endfacet
  facet normal 7.054691e-01 -6.483654e-01 2.862439e-01
    outer loop
      vertex -1.354839e+00 -4.124904e-02 1.354839e+00
      vertex -1.225806e+00 1.561134e-01 1.483871e+00
      vertex -1.354839e+00 1.571682e-02 1.483871e+00
    endloop
  endfacet
  facet normal 7.214639e-01 -6.630655e-01 1.995849e-01
    outer loop
      vertex -1.354839e+00 1.571682e-02 1.483871e+00
      vertex -1.225806e+00 1.561134e-01 1.483871e+00
      vertex -1.225806e+00 1.949525e-01 1.612903e+00
    endloop
  endfacet
  facet normal 7.284741e-01 -6.590559e-01 1.870050e-01
    outer loop
      vertex -1.354839e+00 1.571682e-02 1.483871e+00
      vertex -1.225806e+00 1.949525e-01 1.612903e+00
      vertex -1.354839e+00 5.232931e-02 1.612903e+00
    endloop
  endfacet
  facet normal 7.410540e-01 -6.704370e-01 -3.678731e-02
    outer loop
      vertex -1.354839e+00 5.232931e-02 1.612903e+00
      vertex -1.225806e+00 1.949525e-01 1.612903e+00
      vertex -1.225806e+00 1.878724e-01 1.741935e+00
    endloop
  endfacet
  facet normal 1.381771e-02 -6.963004e-01 7.176174e-01
    outer loop
      vertex -1.354839e+00 5.232931e-02 1.612903e+00
      vertex -1.225806e+00 1.878724e-01 1.741935e+00
      vertex -1.354839e+00 1.853119e-01 1.741935e+00
    endloop
  endfacet
  facet normal 1.334493e-02 -6.724759e-01 -7.399987e-01
    outer loop
      vertex -1.354839e+00 1.853119e-01 1.741935e+00
      vertex -1.225806e+00 1.878724e-01 1.741935e+00
      vertex -1.225806e+00 4.588413e-02 1.870968e+00
    endloop
  endfacet
  facet normal -5.697579e-01 -7.764535e-01 -2.692505e-01
    outer loop
      vertex -1.354839e+00 1.853119e-01 1.741935e+00
      vertex -1.225806e+00 4.588413e-02 1.870968e+00
      vertex -1.354839e+00 1.405674e-01 1.870968e+00
    endloop
  endfacet
  facet normal -4.837438e-01 -6.592354e-01 5.756741e-01
    outer loop
      vertex -1.354839e+00 1.405674e-01 1.870968e+00
      vertex -1.225806e+00 4.588413e-02 1.870968e+00
      vertex -1.225806e+00 1.585609e-01 2.000000e+00
    endloop
  endfacet
  facet normal -3.568609e-01 -8.076117e-01 4.694824e-01
    outer loop
      vertex -1.354839e+00 1.405674e-01 1.870968e+00
      vertex -1.225806e+00 1.585609e-01 2.000000e+00
      vertex -1.354839e+00 2.155767e-01 2.000000e+00
    endloop
  endfacet
  facet normal 5.448842e-01 -8.138749e-01 -2.017643e-01
    outer loop
      vertex -1.225806e+00 2.720807e-02 -2.000000e+00
      vertex -1.096774e+00 1.135944e-01 -2.000000e+00
      vertex -1.096774e+00 8.160653e-02 -1.870968e+00
    endloop
  endfacet
  facet normal 4.116854e-01 -9.109062e-01 -2.765828e-02
    outer loop
      vertex -1.225806e+00 2.720807e-02 -2.000000e+00
      vertex -1.096774e+00 8.160653e-02 -1.870968e+00
      vertex -1.225806e+00 2.329021e-02 -1.870968e+00
    endloop
  endfacet
  facet normal 3.640035e-01 -8.054038e-01 -4.677886e-01
    outer loop
      vertex -1.225806e+00 2.329021e-02 -1.870968e+00
      vertex -1.096774e+00 8.160653e-02 -1.870968e+00
      vertex -1.096774e+00 6.662987e-03 -1.741935e+00
    endloop
  endfacet
  facet normal 1.054279e-01 -9.674410e-01 -2.300932e-01
    outer loop
      vertex -1.225806e+00 2.329021e-02 -1.870968e+00
      vertex -1.096774e+00 6.662987e-03 -1.741935e+00
      vertex -1.225806e+00 -7.398434e-03 -1.741935e+00
    endloop
  endfacet
  facet normal 9.311043e-02 -8.544121e-01 5.111853e-01
    outer loop
      vertex -1.225806e+00 -7.398434e-03 -1.741935e+00
      vertex -1.096774e+00 6.662987e-03 -1.741935e+00
      vertex -1.096774e+00 8.386155e-02 -1.612903e+00
    endloop
  endfacet
  facet normal 8.333684e-02 -8.509854e-01 5.185353e-01
    outer loop
      vertex -1.225806e+00 -7.398434e-03 -1.741935e+00
      vertex -1.096774e+00 8.386155e-02 -1.612903e+00
      vertex -1.225806e+00 7.122545e-02 -1.612903e+00
    endloop
  endfacet
  facet normal 7.416307e-02 -7.573084e-01 -6.488326e-01
    outer loop
      vertex -1.225806e+00 7.122545e-02 -1.612903e+00
      vertex -1.096774e+00 8.386155e-02 -1.612903e+00
      vertex -1.096774e+00 -2.668831e-02 -1.483871e+00
    endloop
  endfacet
  facet normal 2.691382e-01 -6.183626e-01 -7.383714e-01
    outer loop
      vertex -1.225806e+00 7.122545e-02 -1.612903e+00
      vertex -1.096774e+00 -2.668831e-02 -1.483871e+00
      vertex -1.225806e+00 -8.284874e-02 -1.483871e+00
    endloop
  endfacet
  facet normal 1.595019e-01 -3.664660e-01 -9.166580e-01
    outer loop
      vertex -1.225806e+00 -8.284874e-02 -1.483871e+00
      vertex -1.096774e+00 -2.668831e-02 -1.483871e+00
      vertex -1.096774e+00 -3.494425e-01 -1.354839e+00
    endloop
  endfacet
  facet normal 8.851154e-02 -3.989133e-01 -9.127069e-01
    outer loop
      vertex -1.225806e+00 -8.284874e-02 -1.483871e+00
      vertex -1.096774e+00 -3.494425e-01 -1.354839e+00
      vertex -1.225806e+00 -3.780724e-01 -1.354839e+00
    endloop
  endfacet
  facet normal 8.410838e-02 -3.790686e-01 -9.215383e-01
    outer loop
      vertex -1.225806e+00 -3.780724e-01 -1.354839e+00
      vertex -1.096774e+00 -3.494425e-01 -1.354839e+00
      vertex -1.096774e+00 -6.631276e-01 -1.225806e+00
    endloop
  endfacet
  facet normal 1.204698e-01 -3.636023e-01 -9.237318e-01
    outer loop
      vertex -1.225806e+00 -3.780724e-01 -1.354839e+00
      vertex -1.096774e+00 -6.631276e-01 -1.225806e+00
      vertex -1.225806e+00 -7.058789e-01 -1.225806e+00
    endloop
  endfacet
  facet normal 3.142191e-01 -9.483770e-01 -4.298244e-02
    outer loop
      vertex -1.225806e+00 -7.058789e-01 -1.225806e+00
      vertex -1.096774e+00 -6.631276e-01 -1.225806e+00
      vertex -1.096774e+00 -6.689756e-01 -1.096774e+00
    endloop
  endfacet
  facet normal 6.246659e-01 -6.449957e-01 -4.401966e-01
    outer loop
      vertex -1.225806e+00 -7.058789e-01 -1.225806e+00
      vertex -1.096774e+00 -6.689756e-01 -1.096774e+00
      vertex -1.225806e+00 -7.939408e-01 -1.096774e+00
    endloop
  endfacet
  facet normal 5.949969e-01 -6.143611e-01 5.182076e-01
    outer loop
      vertex -1.225806e+00 -7.939408e-01 -1.096774e+00
      vertex -1.096774e+00 -6.689756e-01 -1.096774e+00
      vertex -1.096774e+00 -5.601381e-01 -9.677419e-01
    endloop
  endfacet
  facet normal 6.946579e-01 -6.012841e-01 3.948516e-01
    outer loop
      vertex -1.225806e+00 -7.939408e-01 -1.096774e+00
      vertex -1.096774e+00 -5.601381e-01 -9.677419e-01
      vertex -1.225806e+00 -7.092079e-01 -9.677419e-01
    endloop
  endfacet
  facet normal 7.387433e-01 -6.394437e-01 2.130025e-01
    outer loop
      vertex -1.225806e+00 -7.092079e-01 -9.677419e-01
      vertex -1.096774e+00 -5.601381e-01 -9.677419e-01
      vertex -1.096774e+00 -5.171567e-01 -8.387097e-01
    endloop
  endfacet
  facet normal 3.731389e-01 -6.769510e-01 6.344326e-01
    outer loop
      vertex -1.225806e+00 -7.092079e-01 -9.677419e-01
      vertex -1.096774e+00 -5.171567e-01 -8.387097e-01
      vertex -1.225806e+00 -5.882799e-01 -8.387097e-01
    endloop
  endfacet
  facet normal 4.809912e-01 -8.726174e-01 8.477227e-02
    outer loop
      vertex -1.225806e+00 -5.882799e-01 -8.387097e-01
      vertex -1.096774e+00 -5.171567e-01 -8.387097e-01
      vertex -1.096774e+00 -5.046216e-01 -7.096774e-01
    endloop
  endfacet
  facet normal 1.153809e-01 -8.821707e-01 4.565765e-01
    outer loop
      vertex -1.225806e+00 -5.882799e-01 -8.387097e-01
      vertex -1.096774e+00 -5.046216e-01 -7.096774e-01
      vertex -1.225806e+00 -5.214980e-01 -7.096774e-01
    endloop
  endfacet
  facet normal 9.574833e-02 -7.320654e-01 6.744720e-01
    outer loop
      vertex -1.225806e+00 -5.214980e-01 -7.096774e-01
      vertex -1.096774e+00 -5.046216e-01 -7.096774e-01
      vertex -1.096774e+00 -3.857406e-01 -5.806452e-01
    endloop
  endfacet
  facet normal -4.260456e-02 -6.667281e-01 7.440823e-01
    outer loop
      vertex -1.225806e+00 -5.214980e-01 -7.096774e-01
      vertex -1.096774e+00 -3.857406e-01 -5.806452e-01
      vertex -1.225806e+00 -3.774953e-01 -5.806452e-01
    endloop
  endfacet
  facet normal -4.819364e-02 -7.541929e-01 6.548820e-01
    outer loop
      vertex -1.225806e+00 -3.774953e-01 -5.806452e-01
      vertex -1.096774e+00 -3.857406e-01 -5.806452e-01
      vertex -1.096774e+00 -2.736991e-01 -4.516129e-01
    endloop
  endfacet
  facet normal 2.995286e-01 -8.671120e-01 3.979942e-01
    outer loop
      vertex -1.225806e+00 -3.774953e-01 -5.806452e-01
      vertex -1.096774e+00 -2.736991e-01 -4.516129e-01
      vertex -1.225806e+00 -3.182710e-01 -4.516129e-01
    endloop
  endfacet
  facet normal 3.186488e-01 -9.224635e-01 -2.179999e-01
    outer loop
      vertex -1.225806e+00 -3.182710e-01 -4.516129e-01
      vertex -1.096774e+00 -2.736991e-01 -4.516129e-01
      vertex -1.096774e+00 -3.041925e-01 -3.225806e-01
    endloop
  endfacet
  facet normal -2.411197e-01 -9.088819e-01 3.402867e-01
    outer loop
      vertex -1.225806e+00 -3.182710e-01 -4.516129e-01
      vertex -1.096774e+00 -3.041925e-01 -3.225806e-01
      vertex -1.225806e+00 -2.699612e-01 -3.225806e-01
    endloop
  endfacet
  facet normal -1.881229e-01 -7.091147e-01 -6.795337e-01
    outer loop
      vertex -1.225806e+00 -2.699612e-01 -3.225806e-01
      vertex -1.096774e+00 -3.041925e-01 -3.225806e-01
      vertex -1.096774e+00 -4.278421e-01 -1.935484e-01
    endloop
  endfacet
  facet normal -1.904655e-01 -7.098593e-01 -6.781023e-01
    outer loop
      vertex -1.225806e+00 -2.699612e-01 -3.225806e-01
      vertex -1.096774e+00 -4.278421e-01 -1.935484e-01
      vertex -1.225806e+00 -3.932209e-01 -1.935484e-01
    endloop
  endfacet
  facet normal -2.571841e-01 -9.585175e-01 1.228845e-01
    outer loop
      vertex -1.225806e+00 -3.932209e-01 -1.935484e-01
      vertex -1.096774e+00 -4.278421e-01 -1.935484e-01
      vertex -1.096774e+00 -4.112998e-01 -6.451613e-02
    endloop
  endfacet
  facet normal -6.472913e-03 -9.911749e-01 -1.324023e-01
    outer loop
      vertex -1.225806e+00 -3.932209e-01 -1.935484e-01
      vertex -1.096774e+00 -4.112998e-01 -6.451613e-02
      vertex -1.225806e+00 -4.104572e-01 -6.451613e-02
    endloop
  endfacet
  facet normal -4.379241e-03 -6.705782e-01 7.418259e-01
    outer loop
      vertex -1.225806e+00 -4.104572e-01 -6.451613e-02
      vertex -1.096774e+00 -4.112998e-01 -6.451613e-02
      vertex -1.096774e+00 -2.685581e-01 6.451613e-02
    endloop
  endfacet
  facet normal 7.584973e-01 -6.502273e-01 -4.343090e-02
    outer loop
      vertex -1.225806e+00 -4.104572e-01 -6.451613e-02
      vertex -1.096774e+00 -2.685581e-01 6.451613e-02
      vertex -1.225806e+00 -4.190757e-01 6.451613e-02
    endloop
  endfacet
  facet normal 7.239413e-01 -6.206039e-01 3.012636e-01
    outer loop
      vertex -1.225806e+00 -4.190757e-01 6.451613e-02
      vertex -1.096774e+00 -2.685581e-01 6.451613e-02
      vertex -1.096774e+00 -2.059212e-01 1.935484e-01
    endloop
  endfacet
  facet normal 5.451922e-01 -6.502873e-01 5.290481e-01
    outer loop
      vertex -1.225806e+00 -4.190757e-01 6.451613e-02
      vertex -1.096774e+00 -2.059212e-01 1.935484e-01
      vertex -1.225806e+00 -3.141001e-01 1.935484e-01
    endloop
  endfacet
  facet normal 5.833603e-01 -6.958129e-01 4.189692e-01
    outer loop
      vertex -1.225806e+00 -3.141001e-01 1.935484e-01
      vertex -1.096774e+00 -2.059212e-01 1.935484e-01
      vertex -1.096774e+00 -1.282271e-01 3.225806e-01
    endloop
  endfacet
  facet normal 5.141895e-02 -5.933452e-01 8.033042e-01
    outer loop
      vertex -1.225806e+00 -3.141001e-01 1.935484e-01
      vertex -1.096774e+00 -1.282271e-01 3.225806e-01
      vertex -1.225806e+00 -1.394090e-01 3.225806e-01
    endloop
  endfacet
  facet normal 7.885456e-02 -9.099363e-01 4.071828e-01
    outer loop
      vertex -1.225806e+00 -1.394090e-01 3.225806e-01
      vertex -1.096774e+00 -1.282271e-01 3.225806e-01
      vertex -1.096774e+00 -7.048712e-02 4.516129e-01
    endloop
  endfacet
  facet normal -4.622508e-01 -5.024755e-01 7.306453e-01
    outer loop
      vertex -1.225806e+00 -1.394090e-01 3.225806e-01
      vertex -1.096774e+00 -7.048712e-02 4.516129e-01
      vertex -1.225806e+00 4.821572e-02 4.516129e-01
    endloop
  endfacet
  facet normal -6.396267e-01 -6.952865e-01 3.278022e-01
    outer loop
      vertex -1.225806e+00 4.821572e-02 4.516129e-01
      vertex -1.096774e+00 -7.048712e-02 4.516129e-01
      vertex -1.096774e+00 -9.653123e-03 5.806452e-01
    endloop
  endfacet
  facet normal -5.424736e-01 -8.218824e-01 1.738729e-01
    outer loop
      vertex -1.225806e+00 4.821572e-02 4.516129e-01
      vertex -1.096774e+00 -9.653123e-03 5.806452e-01
      vertex -1.225806e+00 7.551307e-02 5.806452e-01
    endloop
  endfacet
  facet normal -5.332143e-01 -8.078540e-01 -2.511065e-01
    outer loop
      vertex -1.225806e+00 7.551307e-02 5.806452e-01
      vertex -1.096774e+00 -9.653123e-03 5.806452e-01
      vertex -1.096774e+00 -4.976042e-02 7.096774e-01
    endloop
  endfacet
  facet normal -7.830058e-01 -5.829044e-01 2.170817e-01
    outer loop
      vertex -1.225806e+00 7.551307e-02 5.806452e-01
      vertex -1.096774e+00 -4.976042e-02 7.096774e-01
      vertex -1.225806e+00 1.235665e-01 7.096774e-01
    endloop
  endfacet
  facet normal -8.011316e-01 -5.963981e-01 -4.997416e-02
    outer loop
      vertex -1.225806e+00 1.235665e-01 7.096774e-01
      vertex -1.096774e+00 -4.976042e-02 7.096774e-01
      vertex -1.096774e+00 -6.057245e-02 8.387097e-01
    endloop
  endfacet
  facet normal -5.890004e-01 -6.980566e-01 -4.071799e-01
    outer loop
      vertex -1.225806e+00 1.235665e-01 7.096774e-01
      vertex -1.096774e+00 -6.057245e-02 8.387097e-01
      vertex -1.225806e+00 4.830131e-02 8.387097e-01
    endloop
  endfacet
  facet normal -6.066050e-01 -7.189208e-01 3.393866e-01
    outer loop
      vertex -1.225806e+00 4.830131e-02 8.387097e-01
      vertex -1.096774e+00 -6.057245e-02 8.387097e-01
      vertex -1.096774e+00 3.408269e-04 9.677419e-01
    endloop
  endfacet
  facet normal -6.468772e-01 -6.447632e-01 4.072227e-01
    outer loop
      vertex -1.225806e+00 4.830131e-02 8.387097e-01
      vertex -1.096774e+00 3.408269e-04 9.677419e-01
      vertex -1.225806e+00 1.297961e-01 9.677419e-01
    endloop
  endfacet
  facet normal -5.439744e-01 -5.421967e-01 6.404019e-01
    outer loop
      vertex -1.225806e+00 1.297961e-01 9.677419e-01
      vertex -1.096774e+00 3.408269e-04 9.677419e-01
      vertex -1.096774e+00 1.527440e-01 1.096774e+00
    endloop
  endfacet
  facet normal 4.794711e-01 -8.110013e-01 -3.352379e-01
    outer loop
      vertex -1.225806e+00 1.297961e-01 9.677419e-01
      vertex -1.096774e+00 1.527440e-01 1.096774e+00
      vertex -1.225806e+00 7.645898e-02 1.096774e+00
    endloop
  endfacet
  facet normal 5.072961e-01 -8.580659e-01 -7.983425e-02
    outer loop
      vertex -1.225806e+00 7.645898e-02 1.096774e+00
      vertex -1.096774e+00 1.527440e-01 1.096774e+00
      vertex -1.096774e+00 1.407389e-01 1.225806e+00
    endloop
  endfacet
  facet normal 6.890058e-01 -6.157519e-01 -3.822572e-01
    outer loop
      vertex -1.225806e+00 7.645898e-02 1.096774e+00
      vertex -1.096774e+00 1.407389e-01 1.225806e+00
      vertex -1.225806e+00 -3.643912e-03 1.225806e+00
    endloop
  endfacet
  facet normal 6.804966e-01 -6.081475e-01 4.087554e-01
    outer loop
      vertex -1.225806e+00 -3.643912e-03 1.225806e+00
      vertex -1.096774e+00 1.407389e-01 1.225806e+00
      vertex -1.096774e+00 2.274656e-01 1.354839e+00
    endloop
  endfacet
  facet normal 8.593063e-01 -5.088089e-01 5.202048e-02
    outer loop
      vertex -1.225806e+00 -3.643912e-03 1.225806e+00
      vertex -1.096774e+00 2.274656e-01 1.354839e+00
      vertex -1.225806e+00 9.548312e-03 1.354839e+00
    endloop
  endfacet
  facet normal 8.446939e-01 -5.001566e-01 1.906187e-01
    outer loop
      vertex -1.225806e+00 9.548312e-03 1.354839e+00
      vertex -1.096774e+00 2.274656e-01 1.354839e+00
      vertex -1.096774e+00 2.766421e-01 1.483871e+00
    endloop
  endfacet
  facet normal 5.252416e-01 -5.622984e-01 6.387032e-01
    outer loop
      vertex -1.225806e+00 9.548312e-03 1.354839e+00
      vertex -1.096774e+00 2.766421e-01 1.483871e+00
      vertex -1.225806e+00 1.561134e-01 1.483871e+00
    endloop
  endfacet
  facet normal 6.532442e-01 -6.993318e-01 2.901845e-01
    outer loop
      vertex -1.225806e+00 1.561134e-01 1.483871e+00
      vertex -1.096774e+00 2.766421e-01 1.483871e+00
      vertex -1.096774e+00 3.301834e-01 1.612903e+00
    endloop
  endfacet
  facet normal 7.083629e-01 -6.758932e-01 2.034461e-01
    outer loop
      vertex -1.225806e+00 1.561134e-01 1.483871e+00
      vertex -1.096774e+00 3.301834e-01 1.612903e+00
      vertex -1.225806e+00 1.949525e-01 1.612903e+00
    endloop
  endfacet
  facet normal 5.379347e-01 -5.132771e-01 -6.687099e-01
    outer loop
      vertex -1.225806e+00 1.949525e-01 1.612903e+00
      vertex -1.096774e+00 3.301834e-01 1.612903e+00
      vertex -1.096774e+00 1.620771e-01 1.741935e+00
    endloop
  endfacet
  facet normal -1.957520e-01 -9.791805e-01 -5.372827e-02
    outer loop
      vertex -1.225806e+00 1.949525e-01 1.612903e+00
      vertex -1.096774e+00 1.620771e-01 1.741935e+00
      vertex -1.225806e+00 1.878724e-01 1.741935e+00
    endloop
  endfacet
  facet normal -1.579261e-01 -7.899700e-01 -5.924582e-01
    outer loop
      vertex -1.225806e+00 1.878724e-01 1.741935e+00
      vertex -1.096774e+00 1.620771e-01 1.741935e+00
      vertex -1.096774e+00 6.530601e-02 1.870968e+00
    endloop
  endfacet
  facet normal 1.007151e-01 -6.691161e-01 -7.363016e-01
    outer loop
      vertex -1.225806e+00 1.878724e-01 1.741935e+00
      vertex -1.096774e+00 6.530601e-02 1.870968e+00
      vertex -1.225806e+00 4.588413e-02 1.870968e+00
    endloop
  endfacet
  facet normal 1.482149e-01 -9.846882e-01 9.176831e-02
    outer loop
      vertex -1.225806e+00 4.588413e-02 1.870968e+00
      vertex -1.096774e+00 6.530601e-02 1.870968e+00
      vertex -1.096774e+00 7.733121e-02 2.000000e+00
    endloop
  endfacet
  facet normal -4.284536e-01 -6.805926e-01 5.943242e-01
    outer loop
      vertex -1.225806e+00 4.588413e-02 1.870968e+00
      vertex -1.096774e+00 7.733121e-02 2.000000e+00
      vertex -1.225806e+00 1.585609e-01 2.000000e+00
    endloop
  endfacet
  facet normal 5.837890e-01 -8.069925e-01 -8.918215e-02
    outer loop
      vertex -1.096774e+00 1.135944e-01 -2.000000e+00
      vertex -9.677419e-01 2.069380e-01 -2.000000e+00
      vertex -9.677419e-01 1.926784e-01 -1.870968e+00
    endloop
  endfacet
  facet normal 6.411723e-01 -7.448500e-01 -1.846526e-01
    outer loop
      vertex -1.096774e+00 1.135944e-01 -2.000000e+00
      vertex -9.677419e-01 1.926784e-01 -1.870968e+00
      vertex -1.096774e+00 8.160653e-02 -1.870968e+00
    endloop
  endfacet
  facet normal 4.984036e-01 -5.789956e-01 -6.452580e-01
    outer loop
      vertex -1.096774e+00 8.160653e-02 -1.870968e+00
      vertex -9.677419e-01 1.926784e-01 -1.870968e+00
      vertex -9.677419e-01 4.887926e-02 -1.741935e+00
    endloop
  endfacet
  facet normal 2.722324e-01 -8.320667e-01 -4.832747e-01
    outer loop
      vertex -1.096774e+00 8.160653e-02 -1.870968e+00
      vertex -9.677419e-01 4.887926e-02 -1.741935e+00
      vertex -1.096774e+00 6.662987e-03 -1.741935e+00
    endloop
  endfacet
  facet normal 3.087914e-01 -9.438080e-01 -1.177894e-01
    outer loop
      vertex -1.096774e+00 6.662987e-03 -1.741935e+00
      vertex -9.677419e-01 4.887926e-02 -1.741935e+00
      vertex -9.677419e-01 3.277573e-02 -1.612903e+00
    endloop
  endfacet
  facet normal -3.216910e-01 -8.125254e-01 4.861249e-01
    outer loop
      vertex -1.096774e+00 6.662987e-03 -1.741935e+00
      vertex -9.677419e-01 3.277573e-02 -1.612903e+00
      vertex -1.096774e+00 8.386155e-02 -1.612903e+00
    endloop
  endfacet
  facet normal -2.953499e-01 -7.459930e-01 -5.968776e-01
    outer loop
      vertex -1.096774e+00 8.386155e-02 -1.612903e+00
      vertex -9.677419e-01 3.277573e-02 -1.612903e+00
      vertex -9.677419e-01 -7.046447e-02 -1.483871e+00
    endloop
  endfacet
  facet normal -2.494907e-01 -7.353854e-01 -6.300498e-01
    outer loop
      vertex -1.096774e+00 8.386155e-02 -1.612903e+00
      vertex -9.677419e-01 -7.046447e-02 -1.483871e+00
      vertex -1.096774e+00 -2.668831e-02 -1.483871e+00
    endloop
  endfacet
  facet normal -2.099895e-01 -6.189538e-01 -7.568359e-01
    outer loop
      vertex -1.096774e+00 -2.668831e-02 -1.483871e+00
      vertex -9.677419e-01 -7.046447e-02 -1.483871e+00
      vertex -9.677419e-01 -2.282408e-01 -1.354839e+00
    endloop
  endfacet
  facet normal 3.292487e-01 -3.505206e-01 -8.767729e-01
    outer loop
      vertex -1.096774e+00 -2.668831e-02 -1.483871e+00
      vertex -9.677419e-01 -2.282408e-01 -1.354839e+00
      vertex -1.096774e+00 -3.494425e-01 -1.354839e+00
    endloop
  endfacet
  facet normal 4.223609e-01 -4.496485e-01 -7.870372e-01
    outer loop
      vertex -1.096774e+00 -3.494425e-01 -1.354839e+00
      vertex -9.677419e-01 -2.282408e-01 -1.354839e+00
      vertex -9.677419e-01 -4.540909e-01 -1.225806e+00
    endloop
  endfacet
  facet normal 5.246550e-01 -3.238543e-01 -7.873090e-01
    outer loop
      vertex -1.096774e+00 -3.494425e-01 -1.354839e+00
      vertex -9.677419e-01 -4.540909e-01 -1.225806e+00
      vertex -1.096774e+00 -6.631276e-01 -1.225806e+00
    endloop
  endfacet
  facet normal 8.484808e-01 -5.237427e-01 -7.598664e-02
    outer loop
      vertex -1.096774e+00 -6.631276e-01 -1.225806e+00
      vertex -9.677419e-01 -4.540909e-01 -1.225806e+00
      vertex -9.677419e-01 -4.728114e-01 -1.096774e+00
    endloop
  endfacet
  facet normal 8.352032e-01 -5.493775e-01 -2.489894e-02
    outer loop
      vertex -1.096774e+00 -6.631276e-01 -1.225806e+00
      vertex -9.677419e-01 -4.728114e-01 -1.096774e+00
      vertex -1.096774e+00 -6.689756e-01 -1.096774e+00
    endloop
  endfacet
  facet normal 8.258279e-01 -5.432107e-01 -1.514279e-01
    outer loop
      vertex -1.096774e+00 -6.689756e-01 -1.096774e+00
      vertex -9.677419e-01 -4.728114e-01 -1.096774e+00
      vertex -9.677419e-01 -5.087811e-01 -9.677419e-01
    endloop
  endfacet
  facet normal 2.910672e-01 -7.312932e-01 6.168388e-01
    outer loop
      vertex -1.096774e+00 -6.689756e-01 -1.096774e+00
      vertex -9.677419e-01 -5.087811e-01 -9.677419e-01
      vertex -1.096774e+00 -5.601381e-01 -9.677419e-01
    endloop
  endfacet
  facet normal 3.400950e-01 -8.544733e-01 3.926968e-01
    outer loop
      vertex -1.096774e+00 -5.601381e-01 -9.677419e-01
      vertex -9.677419e-01 -5.087811e-01 -9.677419e-01
      vertex -9.677419e-01 -4.494807e-01 -8.387097e-01
    endloop
  endfacet
  facet normal 4.454993e-01 -8.493973e-01 2.829393e-01
    outer loop
      vertex -1.096774e+00 -5.601381e-01 -9.677419e-01
      vertex -9.677419e-01 -4.494807e-01 -8.387097e-01
      vertex -1.096774e+00 -5.171567e-01 -8.387097e-01
    endloop
  endfacet
  facet normal 4.617245e-01 -8.803324e-01 -1.087443e-01
    outer loop
      vertex -1.096774e+00 -5.171567e-01 -8.387097e-01
      vertex -9.677419e-01 -4.494807e-01 -8.387097e-01
      vertex -9.677419e-01 -4.654196e-01 -7.096774e-01
    endloop
  endfacet
  facet normal 2.894475e-01 -9.527088e-01 9.255292e-02
    outer loop
      vertex -1.096774e+00 -5.171567e-01 -8.387097e-01
      vertex -9.677419e-01 -4.654196e-01 -7.096774e-01
      vertex -1.096774e+00 -5.046216e-01 -7.096774e-01
    endloop
  endfacet
  facet normal 2.433334e-01 -8.009254e-01 5.470900e-01
    outer loop
      vertex -1.096774e+00 -5.046216e-01 -7.096774e-01
      vertex -9.677419e-01 -4.654196e-01 -7.096774e-01
      vertex -9.677419e-01 -3.772812e-01 -5.806452e-01
    endloop
  endfacet
  facet normal 4.815985e-02 -7.345910e-01 6.767989e-01
    outer loop
      vertex -1.096774e+00 -5.046216e-01 -7.096774e-01
      vertex -9.677419e-01 -3.772812e-01 -5.806452e-01
      vertex -1.096774e+00 -3.857406e-01 -5.806452e-01
    endloop
  endfacet
  facet normal 5.929994e-02 -9.045127e-01 -4.223035e-01
    outer loop
      vertex -1.096774e+00 -3.857406e-01 -5.806452e-01
      vertex -9.677419e-01 -3.772812e-01 -5.806452e-01
      vertex -9.677419e-01 -4.375245e-01 -4.516129e-01
    endloop
  endfacet
  facet normal -6.920330e-01 -5.450595e-01 4.732869e-01
    outer loop
      vertex -1.096774e+00 -3.857406e-01 -5.806452e-01
      vertex -9.677419e-01 -4.375245e-01 -4.516129e-01
      vertex -1.096774e+00 -2.736991e-01 -4.516129e-01
    endloop
  endfacet
  facet normal -7.312759e-01 -5.759680e-01 -3.653716e-01
    outer loop
      vertex -1.096774e+00 -2.736991e-01 -4.516129e-01
      vertex -9.677419e-01 -4.375245e-01 -4.516129e-01
      vertex -9.677419e-01 -5.193775e-01 -3.225806e-01
    endloop
  endfacet
  facet normal -8.513670e-01 -5.105086e-01 -1.206452e-01
    outer loop
      vertex -1.096774e+00 -2.736991e-01 -4.516129e-01
      vertex -9.677419e-01 -5.193775e-01 -3.225806e-01
      vertex -1.096774e+00 -3.041925e-01 -3.225806e-01
    endloop
  endfacet
  facet normal -8.568351e-01 -5.137874e-01 4.308200e-02
    outer loop
      vertex -1.096774e+00 -3.041925e-01 -3.225806e-01
      vertex -9.677419e-01 -5.193775e-01 -3.225806e-01
      vertex -9.677419e-01 -5.085579e-01 -1.935484e-01
    endloop
  endfacet
  facet normal -4.116140e-01 -6.580059e-01 -6.305570e-01
    outer loop
      vertex -1.096774e+00 -3.041925e-01 -3.225806e-01
      vertex -9.677419e-01 -5.085579e-01 -1.935484e-01
      vertex -1.096774e+00 -4.278421e-01 -1.935484e-01
    endloop
  endfacet
  facet normal -2.955906e-01 -4.725309e-01 8.302655e-01
    outer loop
      vertex -1.096774e+00 -4.278421e-01 -1.935484e-01
      vertex -9.677419e-01 -5.085579e-01 -1.935484e-01
      vertex -9.677419e-01 -2.818404e-01 -6.451613e-02
    endloop
  endfacet
  facet normal 7.053914e-01 -7.030638e-01 9.013466e-02
    outer loop
      vertex -1.096774e+00 -4.278421e-01 -1.935484e-01
      vertex -9.677419e-01 -2.818404e-01 -6.451613e-02
      vertex -1.096774e+00 -4.112998e-01 -6.451613e-02
    endloop
  endfacet
  facet normal 6.005909e-01 -5.986092e-01 5.300543e-01
    outer loop
      vertex -1.096774e+00 -4.112998e-01 -6.451613e-02
      vertex -9.677419e-01 -2.818404e-01 -6.451613e-02
      vertex -9.677419e-01 -1.675854e-01 6.451613e-02
    endloop
  endfacet
  facet normal 4.646662e-01 -5.937933e-01 6.568827e-01
    outer loop
      vertex -1.096774e+00 -4.112998e-01 -6.451613e-02
      vertex -9.677419e-01 -1.675854e-01 6.451613e-02
      vertex -1.096774e+00 -2.685581e-01 6.451613e-02
    endloop
  endfacet
  facet normal 5.533397e-01 -7.071084e-01 4.402418e-01
    outer loop
      vertex -1.096774e+00 -2.685581e-01 6.451613e-02
      vertex -9.677419e-01 -1.675854e-01 6.451613e-02
      vertex -9.677419e-01 -8.725062e-02 1.935484e-01
    endloop
  endfacet
  facet normal 6.374667e-01 -6.931269e-01 3.364689e-01
    outer loop
      vertex -1.096774e+00 -2.685581e-01 6.451613e-02
      vertex -9.677419e-01 -8.725062e-02 1.935484e-01
      vertex -1.096774e+00 -2.059212e-01 1.935484e-01
    endloop
  endfacet
  facet normal 6.733352e-01 -7.321273e-01 -1.030018e-01
    outer loop
      vertex -1.096774e+00 -2.059212e-01 1.935484e-01
      vertex -9.677419e-01 -8.725062e-02 1.935484e-01
      vertex -9.677419e-01 -1.054039e-01 3.225806e-01
    endloop
  endfacet
  facet normal 1.498201e-01 -8.470180e-01 5.100142e-01
    outer loop
      vertex -1.096774e+00 -2.059212e-01 1.935484e-01
      vertex -9.677419e-01 -1.054039e-01 3.225806e-01
      vertex -1.096774e+00 -1.282271e-01 3.225806e-01
    endloop
  endfacet
  facet normal 1.204494e-01 -6.809685e-01 7.223391e-01
    outer loop
      vertex -1.096774e+00 -1.282271e-01 3.225806e-01
      vertex -9.677419e-01 -1.054039e-01 3.225806e-01
      vertex -9.677419e-01 3.146736e-02 4.516129e-01
    endloop
  endfacet
  facet normal 5.849613e-01 -7.403193e-01 3.312817e-01
    outer loop
      vertex -1.096774e+00 -1.282271e-01 3.225806e-01
      vertex -9.677419e-01 3.146736e-02 4.516129e-01
      vertex -1.096774e+00 -7.048712e-02 4.516129e-01
    endloop
  endfacet
  facet normal 6.093364e-01 -7.711682e-01 1.844150e-01
    outer loop
      vertex -1.096774e+00 -7.048712e-02 4.516129e-01
      vertex -9.677419e-01 3.146736e-02 4.516129e-01
      vertex -9.677419e-01 6.232378e-02 5.806452e-01
    endloop
  endfacet
  facet normal 4.504651e-01 -8.075442e-01 3.807276e-01
    outer loop
      vertex -1.096774e+00 -7.048712e-02 4.516129e-01
      vertex -9.677419e-01 6.232378e-02 5.806452e-01
      vertex -1.096774e+00 -9.653123e-03 5.806452e-01
    endloop
  endfacet
  facet normal 3.396026e-01 -6.088022e-01 -7.169588e-01
    outer loop
      vertex -1.096774e+00 -9.653123e-03 5.806452e-01
      vertex -9.677419e-01 6.232378e-02 5.806452e-01
      vertex -9.677419e-01 -8.963167e-02 7.096774e-01
    endloop
  endfacet
  facet normal -2.830124e-01 -9.158913e-01 -2.846879e-01
    outer loop
      vertex -1.096774e+00 -9.653123e-03 5.806452e-01
      vertex -9.677419e-01 -8.963167e-02 7.096774e-01
      vertex -1.096774e+00 -4.976042e-02 7.096774e-01
    endloop
  endfacet
  facet normal -2.414072e-01 -7.812475e-01 -5.756517e-01
    outer loop
      vertex -1.096774e+00 -4.976042e-02 7.096774e-01
      vertex -9.677419e-01 -8.963167e-02 7.096774e-01
      vertex -9.677419e-01 -1.847073e-01 8.387097e-01
    endloop
  endfacet
  facet normal -6.920379e-01 -7.193402e-01 -6.027588e-02
    outer loop
      vertex -1.096774e+00 -4.976042e-02 7.096774e-01
      vertex -9.677419e-01 -1.847073e-01 8.387097e-01
      vertex -1.096774e+00 -6.057245e-02 8.387097e-01
    endloop
  endfacet
  facet normal -4.463721e-01 -4.639824e-01 7.651616e-01
    outer loop
      vertex -1.096774e+00 -6.057245e-02 8.387097e-01
      vertex -9.677419e-01 -1.847073e-01 8.387097e-01
      vertex -9.677419e-01 2.808204e-02 9.677419e-01
    endloop
  endfacet
  facet normal 1.908458e-01 -8.876780e-01 4.190532e-01
    outer loop
      vertex -1.096774e+00 -6.057245e-02 8.387097e-01
      vertex -9.677419e-01 2.808204e-02 9.677419e-01
      vertex -1.096774e+00 3.408269e-04 9.677419e-01
    endloop
  endfacet
  facet normal 9.767356e-02 -4.543075e-01 8.854742e-01
    outer loop
      vertex -1.096774e+00 3.408269e-04 9.677419e-01
      vertex -9.677419e-01 2.808204e-02 9.677419e-01
      vertex -9.677419e-01 2.795741e-01 1.096774e+00
    endloop
  endfacet
  facet normal 5.361373e-01 -5.454463e-01 6.442400e-01
    outer loop
      vertex -1.096774e+00 3.408269e-04 9.677419e-01
      vertex -9.677419e-01 2.795741e-01 1.096774e+00
      vertex -1.096774e+00 1.527440e-01 1.096774e+00
    endloop
  endfacet
  facet normal 5.801472e-01 -5.902203e-01 5.613102e-01
    outer loop
      vertex -1.096774e+00 1.527440e-01 1.096774e+00
      vertex -9.677419e-01 2.795741e-01 1.096774e+00
      vertex -9.677419e-01 4.022861e-01 1.225806e+00
    endloop
  endfacet
  facet normal 8.960440e-01 -4.420561e-01 -4.112880e-02
    outer loop
      vertex -1.096774e+00 1.527440e-01 1.096774e+00
      vertex -9.677419e-01 4.022861e-01 1.225806e+00
      vertex -1.096774e+00 1.407389e-01 1.225806e+00
    endloop
  endfacet
  facet normal 8.776654e-01 -4.329892e-01 -2.054842e-01
    outer loop
      vertex -1.096774e+00 1.407389e-01 1.225806e+00
      vertex -9.677419e-01 4.022861e-01 1.225806e+00
      vertex -9.677419e-01 3.410511e-01 1.354839e+00
    endloop
  endfacet
  facet normal 5.899253e-01 -6.701503e-01 4.504295e-01
    outer loop
      vertex -1.096774e+00 1.407389e-01 1.225806e+00
      vertex -9.677419e-01 3.410511e-01 1.354839e+00
      vertex -1.096774e+00 2.274656e-01 1.354839e+00
    endloop
  endfacet
  facet normal 6.604174e-01 -7.502288e-01 -3.170996e-02
    outer loop
      vertex -1.096774e+00 2.274656e-01 1.354839e+00
      vertex -9.677419e-01 3.410511e-01 1.354839e+00
      vertex -9.677419e-01 3.355973e-01 1.483871e+00
    endloop
  endfacet
  facet normal 3.926565e-01 -8.593872e-01 3.275279e-01
    outer loop
      vertex -1.096774e+00 2.274656e-01 1.354839e+00
      vertex -9.677419e-01 3.355973e-01 1.483871e+00
      vertex -1.096774e+00 2.766421e-01 1.483871e+00
    endloop
  endfacet
  facet normal 4.116117e-01 -9.008734e-01 1.378514e-01
    outer loop
      vertex -1.096774e+00 2.766421e-01 1.483871e+00
      vertex -9.677419e-01 3.355973e-01 1.483871e+00
      vertex -9.677419e-01 3.553418e-01 1.612903e+00
    endloop
  endfacet
  facet normal 1.772377e-01 -9.090174e-01 3.771926e-01
    outer loop
      vertex -1.096774e+00 2.766421e-01 1.483871e+00
      vertex -9.677419e-01 3.553418e-01 1.612903e+00
      vertex -1.096774e+00 3.301834e-01 1.612903e+00
    endloop
  endfacet
  facet normal 1.450881e-01 -7.441282e-01 -6.520910e-01
    outer loop
      vertex -1.096774e+00 3.301834e-01 1.612903e+00
      vertex -9.677419e-01 3.553418e-01 1.612903e+00
      vertex -9.677419e-01 2.422688e-01 1.741935e+00
    endloop
  endfacet
  facet normal 3.539180e-01 -5.694705e-01 -7.419201e-01
    outer loop
      vertex -1.096774e+00 3.301834e-01 1.612903e+00
      vertex -9.677419e-01 2.422688e-01 1.741935e+00
      vertex -1.096774e+00 1.620771e-01 1.741935e+00
    endloop
  endfacet
  facet normal 3.046431e-01 -4.901848e-01 -8.166464e-01
    outer loop
      vertex -1.096774e+00 1.620771e-01 1.741935e+00
      vertex -9.677419e-01 2.422688e-01 1.741935e+00
      vertex -9.677419e-01 2.730148e-02 1.870968e+00
    endloop
  endfacet
  facet normal -2.293499e-01 -7.786843e-01 -5.839943e-01
    outer loop
      vertex -1.096774e+00 1.620771e-01 1.741935e+00
      vertex -9.677419e-01 2.730148e-02 1.870968e+00
      vertex -1.096774e+00 6.530601e-02 1.870968e+00
    endloop
  endfacet
  facet normal -2.508751e-01 -8.517664e-01 -4.599518e-01
    outer loop
      vertex -1.096774e+00 6.530601e-02 1.870968e+00
      vertex -9.677419e-01 2.730148e-02 1.870968e+00
      vertex -9.677419e-01 -4.237563e-02 2.000000e+00
    endloop
  endfacet
  facet normal -6.785372e-01 -7.313967e-01 6.816273e-02
    outer loop
      vertex -1.096774e+00 6.530601e-02 1.870968e+00
      vertex -9.677419e-01 -4.237563e-02 2.000000e+00
      vertex -1.096774e+00 7.733121e-02 2.000000e+00
    endloop
  endfacet
  facet normal 3.252477e-01 -6.834986e-01 -6.534857e-01
    outer loop
      vertex -9.677419e-01 2.069380e-01 -2.000000e+00
      vertex -8.387097e-01 2.683389e-01 -2.000000e+00
      vertex -8.387097e-01 1.449726e-01 -1.870968e+00
    endloop
  endfacet
  facet normal -3.449302e-01 -9.329487e-01 -1.031018e-01
    outer loop
      vertex -9.677419e-01 2.069380e-01 -2.000000e+00
      vertex -8.387097e-01 1.449726e-01 -1.870968e+00
      vertex -9.677419e-01 1.926784e-01 -1.870968e+00
    endloop
  endfacet
  facet normal -3.205719e-01 -8.670657e-01 -3.813537e-01
    outer loop
      vertex -9.677419e-01 1.926784e-01 -1.870968e+00
      vertex -8.387097e-01 1.449726e-01 -1.870968e+00
      vertex -8.387097e-01 8.822147e-02 -1.741935e+00
    endloop
  endfacet
  facet normal 1.995362e-01 -6.544270e-01 -7.293220e-01
    outer loop
      vertex -9.677419e-01 1.926784e-01 -1.870968e+00
      vertex -8.387097e-01 8.822147e-02 -1.741935e+00
      vertex -9.677419e-01 4.887926e-02 -1.741935e+00
    endloop
  endfacet
  facet normal 2.125224e-01 -6.970183e-01 -6.848355e-01
    outer loop
      vertex -9.677419e-01 4.887926e-02 -1.741935e+00
      vertex -8.387097e-01 8.822147e-02 -1.741935e+00
      vertex -8.387097e-01 -3.855551e-02 -1.612903e+00
    endloop
  endfacet
  facet normal -4.809502e-01 -8.699987e-01 -1.085778e-01
    outer loop
      vertex -9.677419e-01 4.887926e-02 -1.741935e+00
      vertex -8.387097e-01 -3.855551e-02 -1.612903e+00
      vertex -9.677419e-01 3.277573e-02 -1.612903e+00
    endloop
  endfacet
  facet normal -4.812239e-01 -8.704939e-01 1.032661e-01
    outer loop
      vertex -9.677419e-01 3.277573e-02 -1.612903e+00
      vertex -8.387097e-01 -3.855551e-02 -1.612903e+00
      vertex -8.387097e-01 -2.324850e-02 -1.483871e+00
    endloop
  endfacet
  facet normal 2.747288e-01 -7.507815e-01 -6.007090e-01
    outer loop
      vertex -9.677419e-01 3.277573e-02 -1.612903e+00
      vertex -8.387097e-01 -2.324850e-02 -1.483871e+00
      vertex -9.677419e-01 -7.046447e-02 -1.483871e+00
    endloop
  endfacet
  facet normal 2.102373e-01 -5.745386e-01 -7.910156e-01
    outer loop
      vertex -9.677419e-01 -7.046447e-02 -1.483871e+00
      vertex -8.387097e-01 -2.324850e-02 -1.483871e+00
      vertex -8.387097e-01 -2.008981e-01 -1.354839e+00
    endloop
  endfacet
  facet normal 1.329600e-01 -6.274482e-01 -7.672225e-01
    outer loop
      vertex -9.677419e-01 -7.046447e-02 -1.483871e+00
      vertex -8.387097e-01 -2.008981e-01 -1.354839e+00
      vertex -9.677419e-01 -2.282408e-01 -1.354839e+00
    endloop
  endfacet
  facet normal 1.927637e-01 -9.096660e-01 -3.678994e-01
    outer loop
      vertex -9.677419e-01 -2.282408e-01 -1.354839e+00
      vertex -8.387097e-01 -2.008981e-01 -1.354839e+00
      vertex -8.387097e-01 -2.530830e-01 -1.225806e+00
    endloop
  endfacet
  facet normal 6.114727e-01 -3.925204e-01 -6.870436e-01
    outer loop
      vertex -9.677419e-01 -2.282408e-01 -1.354839e+00
      vertex -8.387097e-01 -2.530830e-01 -1.225806e+00
      vertex -9.677419e-01 -4.540909e-01 -1.225806e+00
    endloop
  endfacet
  facet normal 7.318001e-01 -4.697617e-01 -4.937535e-01
    outer loop
      vertex -9.677419e-01 -4.540909e-01 -1.225806e+00
      vertex -8.387097e-01 -2.530830e-01 -1.225806e+00
      vertex -8.387097e-01 -3.887053e-01 -1.096774e+00
    endloop
  endfacet
  facet normal 5.420722e-01 -8.316249e-01 -1.206554e-01
    outer loop
      vertex -9.677419e-01 -4.540909e-01 -1.225806e+00
      vertex -8.387097e-01 -3.887053e-01 -1.096774e+00
      vertex -9.677419e-01 -4.728114e-01 -1.096774e+00
    endloop
  endfacet
  facet normal 5.372153e-01 -8.241735e-01 -1.792700e-01
    outer loop
      vertex -9.677419e-01 -4.728114e-01 -1.096774e+00
      vertex -8.387097e-01 -3.887053e-01 -1.096774e+00
      vertex -8.387097e-01 -4.167717e-01 -9.677419e-01
    endloop
  endfacet
  facet normal 5.661835e-01 -7.940054e-01 -2.213405e-01
    outer loop
      vertex -9.677419e-01 -4.728114e-01 -1.096774e+00
      vertex -8.387097e-01 -4.167717e-01 -9.677419e-01
      vertex -9.677419e-01 -5.087811e-01 -9.677419e-01
    endloop
  endfacet
  facet normal 5.609820e-01 -7.867109e-01 -2.576533e-01
    outer loop
      vertex -9.677419e-01 -5.087811e-01 -9.677419e-01
      vertex -8.387097e-01 -4.167717e-01 -9.677419e-01
      vertex -8.387097e-01 -4.590307e-01 -8.387097e-01
    endloop
  endfacet
  facet normal -6.709840e-02 -9.065884e-01 4.166477e-01
    outer loop
      vertex -9.677419e-01 -5.087811e-01 -9.677419e-01
      vertex -8.387097e-01 -4.590307e-01 -8.387097e-01
      vertex -9.677419e-01 -4.494807e-01 -8.387097e-01
    endloop
  endfacet
  facet normal -7.311445e-02 -9.878732e-01 1.369704e-01
    outer loop
      vertex -9.677419e-01 -4.494807e-01 -8.387097e-01
      vertex -8.387097e-01 -4.590307e-01 -8.387097e-01
      vertex -8.387097e-01 -4.411401e-01 -7.096774e-01
    endloop
  endfacet
  facet normal 1.835733e-01 -9.755910e-01 -1.205112e-01
    outer loop
      vertex -9.677419e-01 -4.494807e-01 -8.387097e-01
      vertex -8.387097e-01 -4.411401e-01 -7.096774e-01
      vertex -9.677419e-01 -4.654196e-01 -7.096774e-01
    endloop
  endfacet
  facet normal 1.678638e-01 -8.921039e-01 -4.194907e-01
    outer loop
      vertex -9.677419e-01 -4.654196e-01 -7.096774e-01
      vertex -8.387097e-01 -4.411401e-01 -7.096774e-01
      vertex -8.387097e-01 -5.018145e-01 -5.806452e-01
    endloop
  endfacet
  facet normal -6.232412e-01 -6.457571e-01 4.410988e-01
    outer loop
      vertex -9.677419e-01 -4.654196e-01 -7.096774e-01
      vertex -8.387097e-01 -5.018145e-01 -5.806452e-01
      vertex -9.677419e-01 -3.772812e-01 -5.806452e-01
    endloop
  endfacet
  facet normal -6.941984e-01 -7.192779e-01 2.697851e-02
    outer loop
      vertex -9.677419e-01 -3.772812e-01 -5.806452e-01
      vertex -8.387097e-01 -5.018145e-01 -5.806452e-01
      vertex -8.387097e-01 -4.969747e-01 -4.516129e-01
    endloop
  endfacet
  facet normal -3.852544e-01 -8.361652e-01 -3.903931e-01
    outer loop
      vertex -9.677419e-01 -3.772812e-01 -5.806452e-01
      vertex -8.387097e-01 -4.969747e-01 -4.516129e-01
      vertex -9.677419e-01 -4.375245e-01 -4.516129e-01
    endloop
  endfacet
  facet normal -3.558609e-01 -7.723689e-01 -5.261268e-01
    outer loop
      vertex -9.677419e-01 -4.375245e-01 -4.516129e-01
      vertex -8.387097e-01 -4.969747e-01 -4.516129e-01
      vertex -8.387097e-01 -5.848697e-01 -3.225806e-01
    endloop
  endfacet
  facet normal -3.939422e-01 -7.761422e-01 -4.923543e-01
    outer loop
      vertex -9.677419e-01 -4.375245e-01 -4.516129e-01
      vertex -8.387097e-01 -5.848697e-01 -3.225806e-01
      vertex -9.677419e-01 -5.193775e-01 -3.225806e-01
    endloop
  endfacet
  facet normal -2.647113e-01 -5.215323e-01 8.111301e-01
    outer loop
      vertex -9.677419e-01 -5.193775e-01 -3.225806e-01
      vertex -8.387097e-01 -5.848697e-01 -3.225806e-01
      vertex -8.387097e-01 -3.841881e-01 -1.935484e-01
    endloop
  endfacet
  facet normal 6.927178e-01 -7.186866e-01 6.026317e-02
    outer loop
      vertex -9.677419e-01 -5.193775e-01 -3.225806e-01
      vertex -8.387097e-01 -3.841881e-01 -1.935484e-01
      vertex -9.677419e-01 -5.085579e-01 -1.935484e-01
    endloop
  endfacet
  facet normal 5.504007e-01 -5.710343e-01 6.090803e-01
    outer loop
      vertex -9.677419e-01 -5.085579e-01 -1.935484e-01
      vertex -8.387097e-01 -3.841881e-01 -1.935484e-01
      vertex -8.387097e-01 -2.465589e-01 -6.451613e-02
    endloop
  endfacet
  facet normal 1.340284e-01 -4.901709e-01 8.612601e-01
    outer loop
      vertex -9.677419e-01 -5.085579e-01 -1.935484e-01
      vertex -8.387097e-01 -2.465589e-01 -6.451613e-02
      vertex -9.677419e-01 -2.818404e-01 -6.451613e-02
    endloop
  endfacet
  facet normal 1.809083e-01 -6.616209e-01 7.276881e-01
    outer loop
      vertex -9.677419e-01 -2.818404e-01 -6.451613e-02
      vertex -8.387097e-01 -2.465589e-01 -6.451613e-02
      vertex -8.387097e-01 -1.046419e-01 6.451613e-02
    endloop
  endfacet
  facet normal 3.430512e-01 -7.032444e-01 6.227063e-01
    outer loop
      vertex -9.677419e-01 -2.818404e-01 -6.451613e-02
      vertex -8.387097e-01 -1.046419e-01 6.451613e-02
      vertex -9.677419e-01 -1.675854e-01 6.451613e-02
    endloop
  endfacet
  facet normal 4.212008e-01 -8.634486e-01 2.775723e-01
    outer loop
      vertex -9.677419e-01 -1.675854e-01 6.451613e-02
      vertex -8.387097e-01 -1.046419e-01 6.451613e-02
      vertex -8.387097e-01 -6.316195e-02 1.935484e-01
    endloop
  endfacet
  facet normal 1.565280e-01 -8.384507e-01 5.220148e-01
    outer loop
      vertex -9.677419e-01 -1.675854e-01 6.451613e-02
      vertex -8.387097e-01 -6.316195e-02 1.935484e-01
      vertex -9.677419e-01 -8.725062e-02 1.935484e-01
    endloop
  endfacet
  facet normal 1.708434e-01 -9.151322e-01 3.651651e-01
    outer loop
      vertex -9.677419e-01 -8.725062e-02 1.935484e-01
      vertex -8.387097e-01 -6.316195e-02 1.935484e-01
      vertex -8.387097e-01 -1.167423e-02 3.225806e-01
    endloop
  endfacet
  facet normal 5.839418e-01 -8.038788e-01 -1.130964e-01
    outer loop
      vertex -9.677419e-01 -8.725062e-02 1.935484e-01
      vertex -8.387097e-01 -1.167423e-02 3.225806e-01
      vertex -9.677419e-01 -1.054039e-01 3.225806e-01
    endloop
  endfacet
  facet normal 5.811340e-01 -8.000134e-01 1.492038e-01
    outer loop
      vertex -9.677419e-01 -1.054039e-01 3.225806e-01
      vertex -8.387097e-01 -1.167423e-02 3.225806e-01
      vertex -8.387097e-01 1.239049e-02 4.516129e-01
    endloop
  endfacet
  facet normal -1.008991e-01 -6.824620e-01 7.239233e-01
    outer loop
      vertex -9.677419e-01 -1.054039e-01 3.225806e-01
      vertex -8.387097e-01 1.239049e-02 4.516129e-01
      vertex -9.677419e-01 3.146736e-02 4.516129e-01
    endloop
  endfacet
  facet normal -1.459286e-01 -9.870329e-01 6.686398e-02
    outer loop
      vertex -9.677419e-01 3.146736e-02 4.516129e-01
      vertex -8.387097e-01 1.239049e-02 4.516129e-01
      vertex -8.387097e-01 2.113144e-02 5.806452e-01
    endloop
  endfacet
  facet normal -2.965223e-01 -9.288366e-01 2.221194e-01
    outer loop
      vertex -9.677419e-01 3.146736e-02 4.516129e-01
      vertex -8.387097e-01 2.113144e-02 5.806452e-01
      vertex -9.677419e-01 6.232378e-02 5.806452e-01
    endloop
  endfacet
  facet normal -1.947422e-01 -6.100172e-01 -7.680850e-01
    outer loop
      vertex -9.677419e-01 6.232378e-02 5.806452e-01
      vertex -8.387097e-01 2.113144e-02 5.806452e-01
      vertex -8.387097e-01 -1.413357e-01 7.096774e-01
    endloop
  endfacet
  facet normal -2.510582e-01 -6.265394e-01 -7.378470e-01
    outer loop
      vertex -9.677419e-01 6.232378e-02 5.806452e-01
      vertex -8.387097e-01 -1.413357e-01 7.096774e-01
      vertex -9.677419e-01 -8.963167e-02 7.096774e-01
    endloop
  endfacet
  facet normal -3.085903e-01 -7.701163e-01 5.582946e-01
    outer loop
      vertex -9.677419e-01 -8.963167e-02 7.096774e-01
      vertex -8.387097e-01 -1.413357e-01 7.096774e-01
      vertex -8.387097e-01 -4.779395e-02 8.387097e-01
    endloop
  endfacet
  facet normal 6.495137e-01 -6.121258e-01 -4.510366e-01
    outer loop
      vertex -9.677419e-01 -8.963167e-02 7.096774e-01
      vertex -8.387097e-01 -4.779395e-02 8.387097e-01
      vertex -9.677419e-01 -1.847073e-01 8.387097e-01
    endloop
  endfacet
  facet normal 5.052174e-01 -4.761356e-01 7.197571e-01
    outer loop
      vertex -9.677419e-01 -1.847073e-01 8.387097e-01
      vertex -8.387097e-01 -4.779395e-02 8.387097e-01
      vertex -8.387097e-01 1.472595e-01 9.677419e-01
    endloop
  endfacet
  facet normal 4.319275e-01 -4.676435e-01 7.711992e-01
    outer loop
      vertex -9.677419e-01 -1.847073e-01 8.387097e-01
      vertex -8.387097e-01 1.472595e-01 9.677419e-01
      vertex -9.677419e-01 2.808204e-02 9.677419e-01
    endloop
  endfacet
  facet normal 3.372159e-01 -3.651003e-01 8.677484e-01
    outer loop
      vertex -9.677419e-01 2.808204e-02 9.677419e-01
      vertex -8.387097e-01 1.472595e-01 9.677419e-01
      vertex -8.387097e-01 4.539356e-01 1.096774e+00
    endloop
  endfacet
  facet normal 5.250055e-01 -3.885183e-01 7.572468e-01
    outer loop
      vertex -9.677419e-01 2.808204e-02 9.677419e-01
      vertex -8.387097e-01 4.539356e-01 1.096774e+00
      vertex -9.677419e-01 2.795741e-01 1.096774e+00
    endloop
  endfacet
  facet normal 6.963071e-01 -5.152861e-01 4.996365e-01
    outer loop
      vertex -9.677419e-01 2.795741e-01 1.096774e+00
      vertex -8.387097e-01 4.539356e-01 1.096774e+00
      vertex -8.387097e-01 5.790491e-01 1.225806e+00
    endloop
  endfacet
  facet normal 7.045050e-01 -5.142699e-01 4.890800e-01
    outer loop
      vertex -9.677419e-01 2.795741e-01 1.096774e+00
      vertex -8.387097e-01 5.790491e-01 1.225806e+00
      vertex -9.677419e-01 4.022861e-01 1.225806e+00
    endloop
  endfacet
  facet normal 8.037628e-01 -5.867255e-01 -9.858306e-02
    outer loop
      vertex -9.677419e-01 4.022861e-01 1.225806e+00
      vertex -8.387097e-01 5.790491e-01 1.225806e+00
      vertex -8.387097e-01 5.573688e-01 1.354839e+00
    endloop
  endfacet
  facet normal 8.345108e-01 -4.977810e-01 -2.362325e-01
    outer loop
      vertex -9.677419e-01 4.022861e-01 1.225806e+00
      vertex -8.387097e-01 5.573688e-01 1.354839e+00
      vertex -9.677419e-01 3.410511e-01 1.354839e+00
    endloop
  endfacet
  facet normal 8.134369e-01 -4.852106e-01 -3.207665e-01
    outer loop
      vertex -9.677419e-01 3.410511e-01 1.354839e+00
      vertex -8.387097e-01 5.573688e-01 1.354839e+00
      vertex -8.387097e-01 4.720672e-01 1.483871e+00
    endloop
  endfacet
  facet normal 7.263240e-01 -6.867393e-01 -2.902645e-02
    outer loop
      vertex -9.677419e-01 3.410511e-01 1.354839e+00
      vertex -8.387097e-01 4.720672e-01 1.483871e+00
      vertex -9.677419e-01 3.355973e-01 1.483871e+00
    endloop
  endfacet
  facet normal 6.510127e-01 -6.155325e-01 -4.441872e-01
    outer loop
      vertex -9.677419e-01 3.355973e-01 1.483871e+00
      vertex -8.387097e-01 4.720672e-01 1.483871e+00
      vertex -8.387097e-01 3.789535e-01 1.612903e+00
    endloop
  endfacet
  facet normal 1.779970e-01 -9.727089e-01 1.488437e-01
    outer loop
      vertex -9.677419e-01 3.355973e-01 1.483871e+00
      vertex -8.387097e-01 3.789535e-01 1.612903e+00
      vertex -9.677419e-01 3.553418e-01 1.612903e+00
    endloop
  endfacet
  facet normal 1.095418e-01 -5.986183e-01 -7.935092e-01
    outer loop
      vertex -9.677419e-01 3.553418e-01 1.612903e+00
      vertex -8.387097e-01 3.789535e-01 1.612903e+00
      vertex -8.387097e-01 2.079125e-01 1.741935e+00
    endloop
  endfacet
  facet normal -1.963533e-01 -7.374455e-01 -6.462349e-01
    outer loop
      vertex -9.677419e-01 3.553418e-01 1.612903e+00
      vertex -8.387097e-01 2.079125e-01 1.741935e+00
      vertex -9.677419e-01 2.422688e-01 1.741935e+00
    endloop
  endfacet
  facet normal -1.834923e-01 -6.891435e-01 -7.010077e-01
    outer loop
      vertex -9.677419e-01 2.422688e-01 1.741935e+00
      vertex -8.387097e-01 2.079125e-01 1.741935e+00
      vertex -8.387097e-01 7.665884e-02 1.870968e+00
    endloop
  endfacet
  facet normal 1.931555e-01 -5.049561e-01 -8.412552e-01
    outer loop
      vertex -9.677419e-01 2.422688e-01 1.741935e+00
      vertex -8.387097e-01 7.665884e-02 1.870968e+00
      vertex -9.677419e-01 2.730148e-02 1.870968e+00
    endloop
  endfacet
  facet normal 2.798686e-01 -7.316453e-01 -6.215857e-01
    outer loop
      vertex -9.677419e-01 2.730148e-02 1.870968e+00
      vertex -8.387097e-01 7.665884e-02 1.870968e+00
      vertex -8.387097e-01 -3.296342e-02 2.000000e+00
    endloop
  endfacet
  facet normal 6.405264e-02 -8.780994e-01 -4.741716e-01
    outer loop
      vertex -9.677419e-01 2.730148e-02 1.870968e+00
      vertex -8.387097e-01 -3.296342e-02 2.000000e+00
      vertex -9.677419e-01 -4.237563e-02 2.000000e+00
    endloop
  endfacet
  facet normal 4.912751e-02 -8.931008e-01 -4.471659e-01
    outer loop
      vertex -8.387097e-01 2.683389e-01 -2.000000e+00
      vertex -7.096774e-01 2.754367e-01 -2.000000e+00
      vertex -7.096774e-01 2.108317e-01 -1.870968e+00
    endloop
  endfacet
  facet normal 3.461190e-01 -6.781223e-01 -6.483454e-01
    outer loop
      vertex -8.387097e-01 2.683389e-01 -2.000000e+00
      vertex -7.096774e-01 2.108317e-01 -1.870968e+00
      vertex -8.387097e-01 1.449726e-01 -1.870968e+00
    endloop
  endfacet
  facet normal 4.228511e-01 -8.284572e-01 -3.672269e-01
    outer loop
      vertex -8.387097e-01 1.449726e-01 -1.870968e+00
      vertex -7.096774e-01 2.108317e-01 -1.870968e+00
      vertex -7.096774e-01 1.536360e-01 -1.741935e+00
    endloop
  endfacet
  facet normal 4.209439e-01 -8.303248e-01 -3.651943e-01
    outer loop
      vertex -8.387097e-01 1.449726e-01 -1.870968e+00
      vertex -7.096774e-01 1.536360e-01 -1.741935e+00
      vertex -8.387097e-01 8.822147e-02 -1.741935e+00
    endloop
  endfacet
  facet normal 4.459763e-01 -8.797019e-01 -1.650141e-01
    outer loop
      vertex -8.387097e-01 8.822147e-02 -1.741935e+00
      vertex -7.096774e-01 1.536360e-01 -1.741935e+00
      vertex -7.096774e-01 1.294322e-01 -1.612903e+00
    endloop
  endfacet
  facet normal 6.804882e-01 -5.226866e-01 -5.135509e-01
    outer loop
      vertex -8.387097e-01 8.822147e-02 -1.741935e+00
      vertex -7.096774e-01 1.294322e-01 -1.612903e+00
      vertex -8.387097e-01 -3.855551e-02 -1.612903e+00
    endloop
  endfacet
  facet normal 7.751102e-01 -5.953662e-01 2.115263e-01
    outer loop
      vertex -8.387097e-01 -3.855551e-02 -1.612903e+00
      vertex -7.096774e-01 1.294322e-01 -1.612903e+00
      vertex -7.096774e-01 1.752758e-01 -1.483871e+00
    endloop
  endfacet
  facet normal 8.367134e-01 -5.438277e-01 6.451390e-02
    outer loop
      vertex -8.387097e-01 -3.855551e-02 -1.612903e+00
      vertex -7.096774e-01 1.752758e-01 -1.483871e+00
      vertex -8.387097e-01 -2.324850e-02 -1.483871e+00
    endloop
  endfacet
  facet normal 6.694800e-01 -4.351332e-01 -6.020429e-01
    outer loop
      vertex -8.387097e-01 -2.324850e-02 -1.483871e+00
      vertex -7.096774e-01 1.752758e-01 -1.483871e+00
      vertex -7.096774e-01 -3.251054e-03 -1.354839e+00
    endloop
  endfacet
  facet normal 6.690371e-01 -4.367755e-01 -6.013456e-01
    outer loop
      vertex -8.387097e-01 -2.324850e-02 -1.483871e+00
      vertex -7.096774e-01 -3.251054e-03 -1.354839e+00
      vertex -8.387097e-01 -2.008981e-01 -1.354839e+00
    endloop
  endfacet
  facet normal 6.838625e-01 -4.464541e-01 -5.770709e-01
    outer loop
      vertex -8.387097e-01 -2.008981e-01 -1.354839e+00
      vertex -7.096774e-01 -3.251054e-03 -1.354839e+00
      vertex -7.096774e-01 -1.700336e-01 -1.225806e+00
    endloop
  endfacet
  facet normal 5.123990e-01 -7.961042e-01 -3.219712e-01
    outer loop
      vertex -8.387097e-01 -2.008981e-01 -1.354839e+00
      vertex -7.096774e-01 -1.700336e-01 -1.225806e+00
      vertex -8.387097e-01 -2.530830e-01 -1.225806e+00
    endloop
  endfacet
  facet normal 3.525213e-01 -5.477053e-01 -7.587803e-01
    outer loop
      vertex -8.387097e-01 -2.530830e-01 -1.225806e+00
      vertex -7.096774e-01 -1.700336e-01 -1.225806e+00
      vertex -7.096774e-01 -3.487924e-01 -1.096774e+00
    endloop
  endfacet
  facet normal 2.085261e-01 -6.741333e-01 -7.085628e-01
    outer loop
      vertex -8.387097e-01 -2.530830e-01 -1.225806e+00
      vertex -7.096774e-01 -3.487924e-01 -1.096774e+00
      vertex -8.387097e-01 -3.887053e-01 -1.096774e+00
    endloop
  endfacet
  facet normal 2.770206e-01 -8.955656e-01 -3.481693e-01
    outer loop
      vertex -8.387097e-01 -3.887053e-01 -1.096774e+00
      vertex -7.096774e-01 -3.487924e-01 -1.096774e+00
      vertex -7.096774e-01 -3.989563e-01 -9.677419e-01
    endloop
  endfacet
  facet normal 1.337034e-01 -9.683778e-01 -2.106366e-01
    outer loop
      vertex -8.387097e-01 -3.887053e-01 -1.096774e+00
      vertex -7.096774e-01 -3.989563e-01 -9.677419e-01
      vertex -8.387097e-01 -4.167717e-01 -9.677419e-01
    endloop
  endfacet
  facet normal 1.365550e-01 -9.890316e-01 -5.629652e-02
    outer loop
      vertex -8.387097e-01 -4.167717e-01 -9.677419e-01
      vertex -7.096774e-01 -3.989563e-01 -9.677419e-01
      vertex -7.096774e-01 -4.063009e-01 -8.387097e-01
    endloop
  endfacet
  facet normal 3.620165e-01 -8.858720e-01 -2.901292e-01
    outer loop
      vertex -8.387097e-01 -4.167717e-01 -9.677419e-01
      vertex -7.096774e-01 -4.063009e-01 -8.387097e-01
      vertex -8.387097e-01 -4.590307e-01 -8.387097e-01
    endloop
  endfacet
  facet normal 2.725487e-01 -6.669400e-01 -6.934754e-01
    outer loop
      vertex -8.387097e-01 -4.590307e-01 -8.387097e-01
      vertex -7.096774e-01 -4.063009e-01 -8.387097e-01
      vertex -7.096774e-01 -5.404669e-01 -7.096774e-01
    endloop
  endfacet
  facet normal -6.063370e-01 -7.876726e-01 1.092122e-01
    outer loop
      vertex -8.387097e-01 -4.590307e-01 -8.387097e-01
      vertex -7.096774e-01 -5.404669e-01 -7.096774e-01
      vertex -8.387097e-01 -4.411401e-01 -7.096774e-01
    endloop
  endfacet
  facet normal -5.108702e-01 -6.636547e-01 -5.464194e-01
    outer loop
      vertex -8.387097e-01 -4.411401e-01 -7.096774e-01
      vertex -7.096774e-01 -5.404669e-01 -7.096774e-01
      vertex -7.096774e-01 -6.467055e-01 -5.806452e-01
    endloop
  endfacet
  facet normal -7.127542e-01 -6.347409e-01 -2.984719e-01
    outer loop
      vertex -8.387097e-01 -4.411401e-01 -7.096774e-01
      vertex -7.096774e-01 -6.467055e-01 -5.806452e-01
      vertex -8.387097e-01 -5.018145e-01 -5.806452e-01
    endloop
  endfacet
  facet normal -6.648507e-01 -5.920806e-01 4.554274e-01
    outer loop
      vertex -8.387097e-01 -5.018145e-01 -5.806452e-01
      vertex -7.096774e-01 -6.467055e-01 -5.806452e-01
      vertex -7.096774e-01 -5.474541e-01 -4.516129e-01
    endloop
  endfacet
  facet normal -3.641053e-01 -9.307033e-01 3.490861e-02
    outer loop
      vertex -8.387097e-01 -5.018145e-01 -5.806452e-01
      vertex -7.096774e-01 -5.474541e-01 -4.516129e-01
      vertex -8.387097e-01 -4.969747e-01 -4.516129e-01
    endloop
  endfacet
  facet normal -2.389068e-01 -6.106787e-01 7.549802e-01
    outer loop
      vertex -8.387097e-01 -4.969747e-01 -4.516129e-01
      vertex -7.096774e-01 -5.474541e-01 -4.516129e-01
      vertex -7.096774e-01 -3.879319e-01 -3.225806e-01
    endloop
  endfacet
  facet normal 7.836285e-01 -5.134280e-01 -3.497399e-01
    outer loop
      vertex -8.387097e-01 -4.969747e-01 -4.516129e-01
      vertex -7.096774e-01 -3.879319e-01 -3.225806e-01
      vertex -8.387097e-01 -5.848697e-01 -3.225806e-01
    endloop
  endfacet
  facet normal 7.299012e-01 -4.782262e-01 4.884096e-01
    outer loop
      vertex -8.387097e-01 -5.848697e-01 -3.225806e-01
      vertex -7.096774e-01 -3.879319e-01 -3.225806e-01
      vertex -7.096774e-01 -2.561521e-01 -1.935484e-01
    endloop
  endfacet
  facet normal 4.728613e-01 -4.765406e-01 7.411553e-01
    outer loop
      vertex -8.387097e-01 -5.848697e-01 -3.225806e-01
      vertex -7.096774e-01 -2.561521e-01 -1.935484e-01
      vertex -8.387097e-01 -3.841881e-01 -1.935484e-01
    endloop
  endfacet
  facet normal 7.032750e-01 -7.087472e-01 5.551345e-02
    outer loop
      vertex -8.387097e-01 -3.841881e-01 -1.935484e-01
      vertex -7.096774e-01 -2.561521e-01 -1.935484e-01
      vertex -7.096774e-01 -2.460455e-01 -6.451613e-02
    endloop
  endfacet
  facet normal 2.721308e-03 -6.839523e-01 7.295216e-01
    outer loop
      vertex -8.387097e-01 -3.841881e-01 -1.935484e-01
      vertex -7.096774e-01 -2.460455e-01 -6.451613e-02
      vertex -8.387097e-01 -2.465589e-01 -6.451613e-02
    endloop
  endfacet
  facet normal 3.408647e-03 -8.567026e-01 5.157993e-01
    outer loop
      vertex -8.387097e-01 -2.465589e-01 -6.451613e-02
      vertex -7.096774e-01 -2.460455e-01 -6.451613e-02
      vertex -7.096774e-01 -1.683584e-01 6.451613e-02
    endloop
  endfacet
  facet normal -3.152522e-01 -6.384174e-01 7.021676e-01
    outer loop
      vertex -8.387097e-01 -2.465589e-01 -6.451613e-02
      vertex -7.096774e-01 -1.683584e-01 6.451613e-02
      vertex -8.387097e-01 -1.046419e-01 6.451613e-02
    endloop
  endfacet
  facet normal -2.879936e-01 -5.832159e-01 7.595517e-01
    outer loop
      vertex -8.387097e-01 -1.046419e-01 6.451613e-02
      vertex -7.096774e-01 -1.683584e-01 6.451613e-02
      vertex -7.096774e-01 -3.130961e-04 1.935484e-01
    endloop
  endfacet
  facet normal 4.206795e-01 -8.636789e-01 2.776464e-01
    outer loop
      vertex -8.387097e-01 -1.046419e-01 6.451613e-02
      vertex -7.096774e-01 -3.130961e-04 1.935484e-01
      vertex -8.387097e-01 -6.316195e-02 1.935484e-01
    endloop
  endfacet
  facet normal 4.159282e-01 -8.539241e-01 3.127576e-01
    outer loop
      vertex -8.387097e-01 -6.316195e-02 1.935484e-01
      vertex -7.096774e-01 -3.130961e-04 1.935484e-01
      vertex -7.096774e-01 4.694617e-02 3.225806e-01
    endloop
  endfacet
  facet normal 3.887634e-01 -8.557265e-01 3.414604e-01
    outer loop
      vertex -8.387097e-01 -6.316195e-02 1.935484e-01
      vertex -7.096774e-01 4.694617e-02 3.225806e-01
      vertex -8.387097e-01 -1.167423e-02 3.225806e-01
    endloop
  endfacet
  facet normal 3.953750e-01 -8.702795e-01 -2.937554e-01
    outer loop
      vertex -8.387097e-01 -1.167423e-02 3.225806e-01
      vertex -7.096774e-01 4.694617e-02 3.225806e-01
      vertex -7.096774e-01 3.392437e-03 4.516129e-01
    endloop
  endfacet
  facet normal -6.839234e-02 -9.807477e-01 1.829110e-01
    outer loop
      vertex -8.387097e-01 -1.167423e-02 3.225806e-01
      vertex -7.096774e-01 3.392437e-03 4.516129e-01
      vertex -8.387097e-01 1.239049e-02 4.516129e-01
    endloop
  endfacet
  facet normal -5.594038e-02 -8.021863e-01 -5.944475e-01
    outer loop
      vertex -8.387097e-01 1.239049e-02 4.516129e-01
      vertex -7.096774e-01 3.392437e-03 4.516129e-01
      vertex -7.096774e-01 -9.222489e-02 5.806452e-01
    endloop
  endfacet
  facet normal -6.591444e-01 -7.502968e-01 5.082690e-02
    outer loop
      vertex -8.387097e-01 1.239049e-02 4.516129e-01
      vertex -7.096774e-01 -9.222489e-02 5.806452e-01
      vertex -8.387097e-01 2.113144e-02 5.806452e-01
    endloop
  endfacet
  facet normal -5.912299e-01 -6.729905e-01 4.444446e-01
    outer loop
      vertex -8.387097e-01 2.113144e-02 5.806452e-01
      vertex -7.096774e-01 -9.222489e-02 5.806452e-01
      vertex -7.096774e-01 -7.011665e-03 7.096774e-01
    endloop
  endfacet
  facet normal 5.434709e-01 -5.220606e-01 -6.573371e-01
    outer loop
      vertex -8.387097e-01 2.113144e-02 5.806452e-01
      vertex -7.096774e-01 -7.011665e-03 7.096774e-01
      vertex -8.387097e-01 -1.413357e-01 7.096774e-01
    endloop
  endfacet
  facet normal 5.341702e-01 -5.131263e-01 6.718359e-01
    outer loop
      vertex -8.387097e-01 -1.413357e-01 7.096774e-01
      vertex -7.096774e-01 -7.011665e-03 7.096774e-01
      vertex -7.096774e-01 1.619302e-01 8.387097e-01
    endloop
  endfacet
  facet normal 7.961960e-01 -4.898577e-01 3.551216e-01
    outer loop
      vertex -8.387097e-01 -1.413357e-01 7.096774e-01
      vertex -7.096774e-01 1.619302e-01 8.387097e-01
      vertex -8.387097e-01 -4.779395e-02 8.387097e-01
    endloop
  endfacet
  facet normal 7.640824e-01 -4.700998e-01 4.417966e-01
    outer loop
      vertex -8.387097e-01 -4.779395e-02 8.387097e-01
      vertex -7.096774e-01 1.619302e-01 8.387097e-01
      vertex -7.096774e-01 2.831938e-01 9.677419e-01
    endloop
  endfacet
  facet normal 5.025192e-01 -4.770039e-01 7.210698e-01
    outer loop
      vertex -8.387097e-01 -4.779395e-02 8.387097e-01
      vertex -7.096774e-01 2.831938e-01 9.677419e-01
      vertex -8.387097e-01 1.472595e-01 9.677419e-01
    endloop
  endfacet
  facet normal 5.700948e-01 -5.411484e-01 6.181831e-01
    outer loop
      vertex -8.387097e-01 1.472595e-01 9.677419e-01
      vertex -7.096774e-01 2.831938e-01 9.677419e-01
      vertex -7.096774e-01 4.305943e-01 1.096774e+00
    endloop
  endfacet
  facet normal -6.998195e-02 -3.868649e-01 9.194771e-01
    outer loop
      vertex -8.387097e-01 1.472595e-01 9.677419e-01
      vertex -7.096774e-01 4.305943e-01 1.096774e+00
      vertex -8.387097e-01 4.539356e-01 1.096774e+00
    endloop
  endfacet
  facet normal -1.112413e-01 -6.149492e-01 7.806810e-01
    outer loop
      vertex -8.387097e-01 4.539356e-01 1.096774e+00
      vertex -7.096774e-01 4.305943e-01 1.096774e+00
      vertex -7.096774e-01 5.944014e-01 1.225806e+00
    endloop
  endfacet
  facet normal 8.510913e-02 -7.153198e-01 6.935950e-01
    outer loop
      vertex -8.387097e-01 4.539356e-01 1.096774e+00
      vertex -7.096774e-01 5.944014e-01 1.225806e+00
      vertex -8.387097e-01 5.790491e-01 1.225806e+00
    endloop
  endfacet
  facet normal 1.181330e-01 -9.928764e-01 -1.552849e-02
    outer loop
      vertex -8.387097e-01 5.790491e-01 1.225806e+00
      vertex -7.096774e-01 5.944014e-01 1.225806e+00
      vertex -7.096774e-01 5.923834e-01 1.354839e+00
    endloop
  endfacet
  facet normal 2.585150e-01 -9.526534e-01 -1.600672e-01
    outer loop
      vertex -8.387097e-01 5.790491e-01 1.225806e+00
      vertex -7.096774e-01 5.923834e-01 1.354839e+00
      vertex -8.387097e-01 5.573688e-01 1.354839e+00
    endloop
  endfacet
  facet normal 2.430611e-01 -8.957044e-01 -3.723371e-01
    outer loop
      vertex -8.387097e-01 5.573688e-01 1.354839e+00
      vertex -7.096774e-01 5.923834e-01 1.354839e+00
      vertex -7.096774e-01 5.387457e-01 1.483871e+00
    endloop
  endfacet
  facet normal 3.958613e-01 -7.660473e-01 -5.064241e-01
    outer loop
      vertex -8.387097e-01 5.573688e-01 1.354839e+00
      vertex -7.096774e-01 5.387457e-01 1.483871e+00
      vertex -8.387097e-01 4.720672e-01 1.483871e+00
    endloop
  endfacet
  facet normal 2.421962e-01 -4.686837e-01 -8.495155e-01
    outer loop
      vertex -8.387097e-01 4.720672e-01 1.483871e+00
      vertex -7.096774e-01 5.387457e-01 1.483871e+00
      vertex -7.096774e-01 3.048674e-01 1.612903e+00
    endloop
  endfacet
  facet normal -4.220883e-01 -7.351314e-01 -5.304935e-01
    outer loop
      vertex -8.387097e-01 4.720672e-01 1.483871e+00
      vertex -7.096774e-01 3.048674e-01 1.612903e+00
      vertex -8.387097e-01 3.789535e-01 1.612903e+00
    endloop
  endfacet
  facet normal -4.386765e-01 -7.640222e-01 -4.731098e-01
    outer loop
      vertex -8.387097e-01 3.789535e-01 1.612903e+00
      vertex -7.096774e-01 3.048674e-01 1.612903e+00
      vertex -7.096774e-01 2.249661e-01 1.741935e+00
    endloop
  endfacet
  facet normal 7.934446e-02 -6.003437e-01 -7.957964e-01
    outer loop
      vertex -8.387097e-01 3.789535e-01 1.612903e+00
      vertex -7.096774e-01 2.249661e-01 1.741935e+00
      vertex -8.387097e-01 2.079125e-01 1.741935e+00
    endloop
  endfacet
  facet normal 1.289781e-01 -9.758866e-01 -1.760963e-01
    outer loop
      vertex -8.387097e-01 2.079125e-01 1.741935e+00
      vertex -7.096774e-01 2.249661e-01 1.741935e+00
      vertex -7.096774e-01 2.016825e-01 1.870968e+00
    endloop
  endfacet
  facet normal 5.618956e-01 -5.799113e-01 -5.898951e-01
    outer loop
      vertex -8.387097e-01 2.079125e-01 1.741935e+00
      vertex -7.096774e-01 2.016825e-01 1.870968e+00
      vertex -8.387097e-01 7.665884e-02 1.870968e+00
    endloop
  endfacet
  facet normal 6.951413e-01 -7.174292e-01 4.554009e-02
    outer loop
      vertex -8.387097e-01 7.665884e-02 1.870968e+00
      vertex -7.096774e-01 2.016825e-01 1.870968e+00
      vertex -7.096774e-01 2.098731e-01 2.000000e+00
    endloop
  endfacet
  facet normal 8.203003e-01 -4.358702e-01 -3.703034e-01
    outer loop
      vertex -8.387097e-01 7.665884e-02 1.870968e+00
      vertex -7.096774e-01 2.098731e-01 2.000000e+00
      vertex -8.387097e-01 -3.296342e-02 2.000000e+00
    endloop
  endfacet
  facet normal 7.571023e-01 -6.074750e-01 -2.403544e-01
    outer loop
      vertex -7.096774e-01 2.754367e-01 -2.000000e+00
      vertex -5.806452e-01 4.362509e-01 -2.000000e+00
      vertex -5.806452e-01 3.851979e-01 -1.870968e+00
    endloop
  endfacet
  facet normal 7.703961e-01 -5.700987e-01 -2.854422e-01
    outer loop
      vertex -7.096774e-01 2.754367e-01 -2.000000e+00
      vertex -5.806452e-01 3.851979e-01 -1.870968e+00
      vertex -7.096774e-01 2.108317e-01 -1.870968e+00
    endloop
  endfacet
  facet normal 6.822843e-01 -5.048953e-01 -5.287426e-01
    outer loop
      vertex -7.096774e-01 2.108317e-01 -1.870968e+00
      vertex -5.806452e-01 3.851979e-01 -1.870968e+00
      vertex -5.806452e-01 2.500711e-01 -1.741935e+00
    endloop
  endfacet
  facet normal 5.641468e-01 -7.548407e-01 -3.345952e-01
    outer loop
      vertex -7.096774e-01 2.108317e-01 -1.870968e+00
      vertex -5.806452e-01 2.500711e-01 -1.741935e+00
      vertex -7.096774e-01 1.536360e-01 -1.741935e+00
    endloop
  endfacet
  facet normal 5.587551e-01 -7.476264e-01 -3.589534e-01
    outer loop
      vertex -7.096774e-01 1.536360e-01 -1.741935e+00
      vertex -5.806452e-01 2.500711e-01 -1.741935e+00
      vertex -5.806452e-01 1.881197e-01 -1.612903e+00
    endloop
  endfacet
  facet normal 4.081093e-01 -8.972836e-01 -1.683121e-01
    outer loop
      vertex -7.096774e-01 1.536360e-01 -1.741935e+00
      vertex -5.806452e-01 1.881197e-01 -1.612903e+00
      vertex -7.096774e-01 1.294322e-01 -1.612903e+00
    endloop
  endfacet
  facet normal 3.695733e-01 -8.125568e-01 4.507405e-01
    outer loop
      vertex -7.096774e-01 1.294322e-01 -1.612903e+00
      vertex -5.806452e-01 1.881197e-01 -1.612903e+00
      vertex -5.806452e-01 2.596963e-01 -1.483871e+00
    endloop
  endfacet
  facet normal 5.247885e-01 -8.021117e-01 2.849804e-01
    outer loop
      vertex -7.096774e-01 1.294322e-01 -1.612903e+00
      vertex -5.806452e-01 2.596963e-01 -1.483871e+00
      vertex -7.096774e-01 1.752758e-01 -1.483871e+00
    endloop
  endfacet
  facet normal 4.250444e-01 -6.496580e-01 -6.303029e-01
    outer loop
      vertex -7.096774e-01 1.752758e-01 -1.483871e+00
      vertex -5.806452e-01 2.596963e-01 -1.483871e+00
      vertex -5.806452e-01 1.345082e-01 -1.354839e+00
    endloop
  endfacet
  facet normal 5.302405e-01 -4.966499e-01 -6.871564e-01
    outer loop
      vertex -7.096774e-01 1.752758e-01 -1.483871e+00
      vertex -5.806452e-01 1.345082e-01 -1.354839e+00
      vertex -7.096774e-01 -3.251054e-03 -1.354839e+00
    endloop
  endfacet
  facet normal 4.437804e-01 -4.156670e-01 -7.939017e-01
    outer loop
      vertex -7.096774e-01 -3.251054e-03 -1.354839e+00
      vertex -5.806452e-01 1.345082e-01 -1.354839e+00
      vertex -5.806452e-01 -1.119365e-01 -1.225806e+00
    endloop
  endfacet
  facet normal 2.656161e-01 -5.899268e-01 -7.625185e-01
    outer loop
      vertex -7.096774e-01 -3.251054e-03 -1.354839e+00
      vertex -5.806452e-01 -1.119365e-01 -1.225806e+00
      vertex -7.096774e-01 -1.700336e-01 -1.225806e+00
    endloop
  endfacet
  facet normal 1.837777e-01 -4.081656e-01 -8.942184e-01
    outer loop
      vertex -7.096774e-01 -1.700336e-01 -1.225806e+00
      vertex -5.806452e-01 -1.119365e-01 -1.225806e+00
      vertex -5.806452e-01 -3.946233e-01 -1.096774e+00
    endloop
  endfacet
  facet normal -2.035331e-01 -5.730270e-01 -7.938604e-01
    outer loop
      vertex -7.096774e-01 -1.700336e-01 -1.225806e+00
      vertex -5.806452e-01 -3.946233e-01 -1.096774e+00
      vertex -7.096774e-01 -3.487924e-01 -1.096774e+00
    endloop
  endfacet
  facet normal -3.272276e-01 -9.212764e-01 2.101713e-01
    outer loop
      vertex -7.096774e-01 -3.487924e-01 -1.096774e+00
      vertex -5.806452e-01 -3.946233e-01 -1.096774e+00
      vertex -5.806452e-01 -3.651871e-01 -9.677419e-01
    endloop
  endfacet
  facet normal 2.369779e-01 -9.054929e-01 -3.520287e-01
    outer loop
      vertex -7.096774e-01 -3.487924e-01 -1.096774e+00
      vertex -5.806452e-01 -3.651871e-01 -9.677419e-01
      vertex -7.096774e-01 -3.989563e-01 -9.677419e-01
    endloop
  endfacet
  facet normal 2.386716e-01 -9.119647e-01 3.337009e-01
    outer loop
      vertex -7.096774e-01 -3.989563e-01 -9.677419e-01
      vertex -5.806452e-01 -3.651871e-01 -9.677419e-01
      vertex -5.806452e-01 -3.179723e-01 -8.387097e-01
    endloop
  endfacet
  facet normal 5.642507e-01 -8.242693e-01 -4.691811e-02
    outer loop
      vertex -7.096774e-01 -3.989563e-01 -9.677419e-01
      vertex -5.806452e-01 -3.179723e-01 -8.387097e-01
      vertex -7.096774e-01 -4.063009e-01 -8.387097e-01
    endloop
  endfacet
  facet normal 5.047940e-01 -7.374136e-01 -4.487808e-01
    outer loop
      vertex -7.096774e-01 -4.063009e-01 -8.387097e-01
      vertex -5.806452e-01 -3.179723e-01 -8.387097e-01
      vertex -5.806452e-01 -3.964997e-01 -7.096774e-01
    endloop
  endfacet
  facet normal 6.117883e-01 -5.483223e-01 -5.701383e-01
    outer loop
      vertex -7.096774e-01 -4.063009e-01 -8.387097e-01
      vertex -5.806452e-01 -3.964997e-01 -7.096774e-01
      vertex -7.096774e-01 -5.404669e-01 -7.096774e-01
    endloop
  endfacet
  facet normal 5.956269e-01 -5.338375e-01 -6.002051e-01
    outer loop
      vertex -7.096774e-01 -5.404669e-01 -7.096774e-01
      vertex -5.806452e-01 -3.964997e-01 -7.096774e-01
      vertex -5.806452e-01 -5.415735e-01 -5.806452e-01
    endloop
  endfacet
  facet normal 5.324337e-01 -6.534750e-01 -5.380379e-01
    outer loop
      vertex -7.096774e-01 -5.404669e-01 -7.096774e-01
      vertex -5.806452e-01 -5.415735e-01 -5.806452e-01
      vertex -7.096774e-01 -6.467055e-01 -5.806452e-01
    endloop
  endfacet
  facet normal 4.747136e-01 -5.826329e-01 6.596862e-01
    outer loop
      vertex -7.096774e-01 -6.467055e-01 -5.806452e-01
      vertex -5.806452e-01 -5.415735e-01 -5.806452e-01
      vertex -5.806452e-01 -3.954767e-01 -4.516129e-01
    endloop
  endfacet
  facet normal 6.824173e-01 -5.793877e-01 4.456641e-01
    outer loop
      vertex -7.096774e-01 -6.467055e-01 -5.806452e-01
      vertex -5.806452e-01 -3.954767e-01 -4.516129e-01
      vertex -7.096774e-01 -5.474541e-01 -4.516129e-01
    endloop
  endfacet
  facet normal 5.690227e-01 -4.831131e-01 6.654434e-01
    outer loop
      vertex -7.096774e-01 -5.474541e-01 -4.516129e-01
      vertex -5.806452e-01 -3.954767e-01 -4.516129e-01
      vertex -5.806452e-01 -2.177468e-01 -3.225806e-01
    endloop
  endfacet
  facet normal 6.384254e-01 -4.840462e-01 5.984248e-01
    outer loop
      vertex -7.096774e-01 -5.474541e-01 -4.516129e-01
      vertex -5.806452e-01 -2.177468e-01 -3.225806e-01
      vertex -7.096774e-01 -3.879319e-01 -3.225806e-01
    endloop
  endfacet
  facet normal 6.857103e-01 -5.198970e-01 5.094198e-01
    outer loop
      vertex -7.096774e-01 -3.879319e-01 -3.225806e-01
      vertex -5.806452e-01 -2.177468e-01 -3.225806e-01
      vertex -5.806452e-01 -9.131487e-02 -1.935484e-01
    endloop
  endfacet
  facet normal 6.663881e-01 -5.216393e-01 5.327470e-01
    outer loop
      vertex -7.096774e-01 -3.879319e-01 -3.225806e-01
      vertex -5.806452e-01 -9.131487e-02 -1.935484e-01
      vertex -7.096774e-01 -2.561521e-01 -1.935484e-01
    endloop
  endfacet
  facet normal 7.478216e-01 -5.853843e-01 -3.131903e-01
    outer loop
      vertex -7.096774e-01 -2.561521e-01 -1.935484e-01
      vertex -5.806452e-01 -9.131487e-02 -1.935484e-01
      vertex -5.806452e-01 -1.603493e-01 -6.451613e-02
    endloop
  endfacet
  facet normal 5.520715e-01 -8.312508e-01 6.510869e-02
    outer loop
      vertex -7.096774e-01 -2.561521e-01 -1.935484e-01
      vertex -5.806452e-01 -1.603493e-01 -6.451613e-02
      vertex -7.096774e-01 -2.460455e-01 -6.451613e-02
    endloop
  endfacet
  facet normal 4.989614e-01 -7.512832e-01 4.319851e-01
    outer loop
      vertex -7.096774e-01 -2.460455e-01 -6.451613e-02
      vertex -5.806452e-01 -1.603493e-01 -6.451613e-02
      vertex -5.806452e-01 -8.615618e-02 6.451613e-02
    endloop
  endfacet
  facet normal 4.790723e-01 -7.519969e-01 4.527586e-01
    outer loop
      vertex -7.096774e-01 -2.460455e-01 -6.451613e-02
      vertex -5.806452e-01 -8.615618e-02 6.451613e-02
      vertex -7.096774e-01 -1.683584e-01 6.451613e-02
    endloop
  endfacet
  facet normal 5.059384e-01 -7.941685e-01 3.366345e-01
    outer loop
      vertex -7.096774e-01 -1.683584e-01 6.451613e-02
      vertex -5.806452e-01 -8.615618e-02 6.451613e-02
      vertex -5.806452e-01 -3.146161e-02 1.935484e-01
    endloop
  endfacet
  facet normal -1.454541e-01 -6.025417e-01 7.847207e-01
    outer loop
      vertex -7.096774e-01 -1.683584e-01 6.451613e-02
      vertex -5.806452e-01 -3.146161e-02 1.935484e-01
      vertex -7.096774e-01 -3.130961e-04 1.935484e-01
    endloop
  endfacet
  facet normal -2.109358e-01 -8.737986e-01 4.381576e-01
    outer loop
      vertex -7.096774e-01 -3.130961e-04 1.935484e-01
      vertex -5.806452e-01 -3.146161e-02 1.935484e-01
      vertex -5.806452e-01 3.324033e-02 3.225806e-01
    endloop
  endfacet
  facet normal -9.924832e-02 -9.343638e-01 3.422194e-01
    outer loop
      vertex -7.096774e-01 -3.130961e-04 1.935484e-01
      vertex -5.806452e-01 3.324033e-02 3.225806e-01
      vertex -7.096774e-01 4.694617e-02 3.225806e-01
    endloop
  endfacet
  facet normal -9.313114e-02 -8.767742e-01 -4.717983e-01
    outer loop
      vertex -7.096774e-01 4.694617e-02 3.225806e-01
      vertex -5.806452e-01 3.324033e-02 3.225806e-01
      vertex -5.806452e-01 -3.619283e-02 4.516129e-01
    endloop
  endfacet
  facet normal -2.791210e-01 -9.098237e-01 -3.071032e-01
    outer loop
      vertex -7.096774e-01 4.694617e-02 3.225806e-01
      vertex -5.806452e-01 -3.619283e-02 4.516129e-01
      vertex -7.096774e-01 3.392437e-03 4.516129e-01
    endloop
  endfacet
  facet normal -2.706280e-01 -8.821397e-01 3.854738e-01
    outer loop
      vertex -7.096774e-01 3.392437e-03 4.516129e-01
      vertex -5.806452e-01 -3.619283e-02 4.516129e-01
      vertex -5.806452e-01 2.019116e-02 5.806452e-01
    endloop
  endfacet
  facet normal 5.734515e-01 -6.582134e-01 -4.877587e-01
    outer loop
      vertex -7.096774e-01 3.392437e-03 4.516129e-01
      vertex -5.806452e-01 2.019116e-02 5.806452e-01
      vertex -7.096774e-01 -9.222489e-02 5.806452e-01
    endloop
  endfacet
  facet normal 6.329376e-01 -7.264921e-01 2.675802e-01
    outer loop
      vertex -7.096774e-01 -9.222489e-02 5.806452e-01
      vertex -5.806452e-01 2.019116e-02 5.806452e-01
      vertex -5.806452e-01 6.771608e-02 7.096774e-01
    endloop
  endfacet
  facet normal 4.351197e-01 -7.513204e-01 4.961739e-01
    outer loop
      vertex -7.096774e-01 -9.222489e-02 5.806452e-01
      vertex -5.806452e-01 6.771608e-02 7.096774e-01
      vertex -7.096774e-01 -7.011665e-03 7.096774e-01
    endloop
  endfacet
  facet normal 4.277774e-01 -7.386424e-01 5.209741e-01
    outer loop
      vertex -7.096774e-01 -7.011665e-03 7.096774e-01
      vertex -5.806452e-01 6.771608e-02 7.096774e-01
      vertex -5.806452e-01 1.587242e-01 8.387097e-01
    endloop
  endfacet
  facet normal -1.507943e-02 -6.069103e-01 7.946272e-01
    outer loop
      vertex -7.096774e-01 -7.011665e-03 7.096774e-01
      vertex -5.806452e-01 1.587242e-01 8.387097e-01
      vertex -7.096774e-01 1.619302e-01 8.387097e-01
    endloop
  endfacet
  facet normal -2.469387e-02 -9.938680e-01 1.077802e-01
    outer loop
      vertex -7.096774e-01 1.619302e-01 8.387097e-01
      vertex -5.806452e-01 1.587242e-01 8.387097e-01
      vertex -5.806452e-01 1.727171e-01 9.677419e-01
    endloop
  endfacet
  facet normal -5.293345e-01 -6.182412e-01 5.810188e-01
    outer loop
      vertex -7.096774e-01 1.619302e-01 8.387097e-01
      vertex -5.806452e-01 1.727171e-01 9.677419e-01
      vertex -7.096774e-01 2.831938e-01 9.677419e-01
    endloop
  endfacet
  facet normal -3.936729e-01 -4.597941e-01 7.959969e-01
    outer loop
      vertex -7.096774e-01 2.831938e-01 9.677419e-01
      vertex -5.806452e-01 1.727171e-01 9.677419e-01
      vertex -5.806452e-01 3.960982e-01 1.096774e+00
    endloop
  endfacet
  facet normal -1.734236e-01 -6.486882e-01 7.410316e-01
    outer loop
      vertex -7.096774e-01 2.831938e-01 9.677419e-01
      vertex -5.806452e-01 3.960982e-01 1.096774e+00
      vertex -7.096774e-01 4.305943e-01 1.096774e+00
    endloop
  endfacet
  facet normal -2.046934e-01 -7.656526e-01 6.098170e-01
    outer loop
      vertex -7.096774e-01 4.305943e-01 1.096774e+00
      vertex -5.806452e-01 3.960982e-01 1.096774e+00
      vertex -5.806452e-01 4.988681e-01 1.225806e+00
    endloop
  endfacet
  facet normal -4.165106e-01 -5.625609e-01 7.141738e-01
    outer loop
      vertex -7.096774e-01 4.305943e-01 1.096774e+00
      vertex -5.806452e-01 4.988681e-01 1.225806e+00
      vertex -7.096774e-01 5.944014e-01 1.225806e+00
    endloop
  endfacet
  facet normal -5.749522e-01 -7.765604e-01 2.576509e-01
    outer loop
      vertex -7.096774e-01 5.944014e-01 1.225806e+00
      vertex -5.806452e-01 4.988681e-01 1.225806e+00
      vertex -5.806452e-01 5.416790e-01 1.354839e+00
    endloop
  endfacet
  facet normal -3.656953e-01 -9.306208e-01 -1.455482e-02
    outer loop
      vertex -7.096774e-01 5.944014e-01 1.225806e+00
      vertex -5.806452e-01 5.416790e-01 1.354839e+00
      vertex -7.096774e-01 5.923834e-01 1.354839e+00
    endloop
  endfacet
  facet normal -2.680193e-01 -6.820552e-01 -6.804163e-01
    outer loop
      vertex -7.096774e-01 5.923834e-01 1.354839e+00
      vertex -5.806452e-01 5.416790e-01 1.354839e+00
      vertex -5.806452e-01 4.129568e-01 1.483871e+00
    endloop
  endfacet
  facet normal -6.690408e-01 -6.862917e-01 -2.852859e-01
    outer loop
      vertex -7.096774e-01 5.923834e-01 1.354839e+00
      vertex -5.806452e-01 4.129568e-01 1.483871e+00
      vertex -7.096774e-01 5.387457e-01 1.483871e+00
    endloop
  endfacet
  facet normal -6.885337e-01 -7.062873e-01 1.645588e-01
    outer loop
      vertex -7.096774e-01 5.387457e-01 1.483871e+00
      vertex -5.806452e-01 4.129568e-01 1.483871e+00
      vertex -5.806452e-01 4.430202e-01 1.612903e+00
    endloop
  endfacet
  facet normal 4.594015e-01 -4.290729e-01 -7.777189e-01
    outer loop
      vertex -7.096774e-01 5.387457e-01 1.483871e+00
      vertex -5.806452e-01 4.430202e-01 1.612903e+00
      vertex -7.096774e-01 3.048674e-01 1.612903e+00
    endloop
  endfacet
  facet normal 7.263596e-01 -6.784070e-01 1.102981e-01
    outer loop
      vertex -7.096774e-01 3.048674e-01 1.612903e+00
      vertex -5.806452e-01 4.430202e-01 1.612903e+00
      vertex -5.806452e-01 4.639988e-01 1.741935e+00
    endloop
  endfacet
  facet normal 8.442108e-01 -4.557134e-01 -2.821940e-01
    outer loop
      vertex -7.096774e-01 3.048674e-01 1.612903e+00
      vertex -5.806452e-01 4.639988e-01 1.741935e+00
      vertex -7.096774e-01 2.249661e-01 1.741935e+00
    endloop
  endfacet
  facet normal 8.799641e-01 -4.750135e-01 5.032776e-03
    outer loop
      vertex -7.096774e-01 2.249661e-01 1.741935e+00
      vertex -5.806452e-01 4.639988e-01 1.741935e+00
      vertex -5.806452e-01 4.653659e-01 1.870968e+00
    endloop
  endfacet
  facet normal 8.954105e-01 -4.381651e-01 -7.906578e-02
    outer loop
      vertex -7.096774e-01 2.249661e-01 1.741935e+00
      vertex -5.806452e-01 4.653659e-01 1.870968e+00
      vertex -7.096774e-01 2.016825e-01 1.870968e+00
    endloop
  endfacet
  facet normal 7.999620e-01 -3.914578e-01 -4.547765e-01
    outer loop
      vertex -7.096774e-01 2.016825e-01 1.870968e+00
      vertex -5.806452e-01 4.653659e-01 1.870968e+00
      vertex -5.806452e-01 3.154625e-01 2.000000e+00
    endloop
  endfacet
  facet normal 6.325382e-01 -7.729735e-01 4.906586e-02
    outer loop
      vertex -7.096774e-01 2.016825e-01 1.870968e+00
      vertex -5.806452e-01 3.154625e-01 2.000000e+00
      vertex -7.096774e-01 2.098731e-01 2.000000e+00
    endloop
  endfacet
  facet normal 1.611518e-01 -9.617289e-01 -2.216022e-01
    outer loop
      vertex -5.806452e-01 4.362509e-01 -2.000000e+00
      vertex -4.516129e-01 4.578722e-01 -2.000000e+00
      vertex -4.516129e-01 4.281405e-01 -1.870968e+00
    endloop
  endfacet
  facet normal 2.956306e-01 -8.882987e-01 -3.514654e-01
    outer loop
      vertex -5.806452e-01 4.362509e-01 -2.000000e+00
      vertex -4.516129e-01 4.281405e-01 -1.870968e+00
      vertex -5.806452e-01 3.851979e-01 -1.870968e+00
    endloop
  endfacet
  facet normal 2.607675e-01 -7.835433e-01 -5.639683e-01
    outer loop
      vertex -5.806452e-01 3.851979e-01 -1.870968e+00
      vertex -4.516129e-01 4.281405e-01 -1.870968e+00
      vertex -4.516129e-01 3.352674e-01 -1.741935e+00
    endloop
  endfacet
  facet normal 4.148914e-01 -6.283653e-01 -6.580443e-01
    outer loop
      vertex -5.806452e-01 3.851979e-01 -1.870968e+00
      vertex -4.516129e-01 3.352674e-01 -1.741935e+00
      vertex -5.806452e-01 2.500711e-01 -1.741935e+00
    endloop
  endfacet
  facet normal 3.945000e-01 -5.974820e-01 -6.981297e-01
    outer loop
      vertex -5.806452e-01 2.500711e-01 -1.741935e+00
      vertex -4.516129e-01 3.352674e-01 -1.741935e+00
      vertex -4.516129e-01 1.844993e-01 -1.612903e+00
    endloop
  endfacet
  facet normal -2.528570e-02 -9.011912e-01 -4.326835e-01
    outer loop
      vertex -5.806452e-01 2.500711e-01 -1.741935e+00
      vertex -4.516129e-01 1.844993e-01 -1.612903e+00
      vertex -5.806452e-01 1.881197e-01 -1.612903e+00
    endloop
  endfacet
  facet normal -2.786749e-02 -9.932073e-01 -1.129721e-01
    outer loop
      vertex -5.806452e-01 1.881197e-01 -1.612903e+00
      vertex -4.516129e-01 1.844993e-01 -1.612903e+00
      vertex -4.516129e-01 1.698225e-01 -1.483871e+00
    endloop
  endfacet
  facet normal -5.201900e-01 -7.468397e-01 4.142860e-01
    outer loop
      vertex -5.806452e-01 1.881197e-01 -1.612903e+00
      vertex -4.516129e-01 1.698225e-01 -1.483871e+00
      vertex -5.806452e-01 2.596963e-01 -1.483871e+00
    endloop
  endfacet
  facet normal -5.561424e-01 -7.984567e-01 -2.305917e-01
    outer loop
      vertex -5.806452e-01 2.596963e-01 -1.483871e+00
      vertex -4.516129e-01 1.698225e-01 -1.483871e+00
      vertex -4.516129e-01 1.325584e-01 -1.354839e+00
    endloop
  endfacet
  facet normal -1.084484e-02 -7.176751e-01 -6.962936e-01
    outer loop
      vertex -5.806452e-01 2.596963e-01 -1.483871e+00
      vertex -4.516129e-01 1.325584e-01 -1.354839e+00
      vertex -5.806452e-01 1.345082e-01 -1.354839e+00
    endloop
  endfacet
  facet normal -9.585524e-03 -6.343377e-01 -7.729966e-01
    outer loop
      vertex -5.806452e-01 1.345082e-01 -1.354839e+00
      vertex -4.516129e-01 1.325584e-01 -1.354839e+00
      vertex -4.516129e-01 -2.467879e-02 -1.225806e+00
    endloop
  endfacet
  facet normal 2.992945e-01 -4.425816e-01 -8.453072e-01
    outer loop
      vertex -5.806452e-01 1.345082e-01 -1.354839e+00
      vertex -4.516129e-01 -2.467879e-02 -1.225806e+00
      vertex -5.806452e-01 -1.119365e-01 -1.225806e+00
    endloop
  endfacet
  facet normal 3.966176e-01 -5.864980e-01 -7.061973e-01
    outer loop
      vertex -5.806452e-01 -1.119365e-01 -1.225806e+00
      vertex -4.516129e-01 -2.467879e-02 -1.225806e+00
      vertex -4.516129e-01 -1.800454e-01 -1.096774e+00
    endloop
  endfacet
  facet normal 5.682217e-01 -3.416892e-01 -7.485804e-01
    outer loop
      vertex -5.806452e-01 -1.119365e-01 -1.225806e+00
      vertex -4.516129e-01 -1.800454e-01 -1.096774e+00
      vertex -5.806452e-01 -3.946233e-01 -1.096774e+00
    endloop
  endfacet
  facet normal 8.544484e-01 -5.138061e-01 -7.694911e-02
    outer loop
      vertex -5.806452e-01 -3.946233e-01 -1.096774e+00
      vertex -4.516129e-01 -1.800454e-01 -1.096774e+00
      vertex -4.516129e-01 -1.993697e-01 -9.677419e-01
    endloop
  endfacet
  facet normal 7.815732e-01 -6.081881e-01 1.387463e-01
    outer loop
      vertex -5.806452e-01 -3.946233e-01 -1.096774e+00
      vertex -4.516129e-01 -1.993697e-01 -9.677419e-01
      vertex -5.806452e-01 -3.651871e-01 -9.677419e-01
    endloop
  endfacet
  facet normal 7.786684e-01 -6.059277e-01 -1.628715e-01
    outer loop
      vertex -5.806452e-01 -3.651871e-01 -9.677419e-01
      vertex -4.516129e-01 -1.993697e-01 -9.677419e-01
      vertex -4.516129e-01 -2.340532e-01 -8.387097e-01
    endloop
  endfacet
  facet normal 5.212372e-01 -8.014429e-01 2.932594e-01
    outer loop
      vertex -5.806452e-01 -3.651871e-01 -9.677419e-01
      vertex -4.516129e-01 -2.340532e-01 -8.387097e-01
      vertex -5.806452e-01 -3.179723e-01 -8.387097e-01
    endloop
  endfacet
  facet normal 5.452077e-01 -8.382994e-01 -1.634816e-03
    outer loop
      vertex -5.806452e-01 -3.179723e-01 -8.387097e-01
      vertex -4.516129e-01 -2.340532e-01 -8.387097e-01
      vertex -4.516129e-01 -2.343048e-01 -7.096774e-01
    endloop
  endfacet
  facet normal 7.318036e-01 -5.821776e-01 -3.543061e-01
    outer loop
      vertex -5.806452e-01 -3.179723e-01 -8.387097e-01
      vertex -4.516129e-01 -2.343048e-01 -7.096774e-01
      vertex -5.806452e-01 -3.964997e-01 -7.096774e-01
    endloop
  endfacet
  facet normal 7.677849e-01 -6.108021e-01 -1.934609e-01
    outer loop
      vertex -5.806452e-01 -3.964997e-01 -7.096774e-01
      vertex -4.516129e-01 -2.343048e-01 -7.096774e-01
      vertex -4.516129e-01 -2.751735e-01 -5.806452e-01
    endloop
  endfacet
  facet normal 8.081464e-01 -3.914300e-01 -4.400932e-01
    outer loop
      vertex -5.806452e-01 -3.964997e-01 -7.096774e-01
      vertex -4.516129e-01 -2.751735e-01 -5.806452e-01
      vertex -5.806452e-01 -5.415735e-01 -5.806452e-01
    endloop
  endfacet
  facet normal 8.653205e-01 -4.191226e-01 2.748759e-01
    outer loop
      vertex -5.806452e-01 -5.415735e-01 -5.806452e-01
      vertex -4.516129e-01 -2.751735e-01 -5.806452e-01
      vertex -4.516129e-01 -1.905494e-01 -4.516129e-01
    endloop
  endfacet
  facet normal 7.245781e-01 -4.562299e-01 5.165664e-01
    outer loop
      vertex -5.806452e-01 -5.415735e-01 -5.806452e-01
      vertex -4.516129e-01 -1.905494e-01 -4.516129e-01
      vertex -5.806452e-01 -3.954767e-01 -4.516129e-01
    endloop
  endfacet
  facet normal 8.255314e-01 -5.197951e-01 2.197976e-01
    outer loop
      vertex -5.806452e-01 -3.954767e-01 -4.516129e-01
      vertex -4.516129e-01 -1.905494e-01 -4.516129e-01
      vertex -4.516129e-01 -1.359876e-01 -3.225806e-01
    endloop
  endfacet
  facet normal 3.488705e-01 -5.505869e-01 7.583822e-01
    outer loop
      vertex -5.806452e-01 -3.954767e-01 -4.516129e-01
      vertex -4.516129e-01 -1.359876e-01 -3.225806e-01
      vertex -5.806452e-01 -2.177468e-01 -3.225806e-01
    endloop
  endfacet
  facet normal 5.122404e-01 -8.084170e-01 2.899512e-01
    outer loop
      vertex -5.806452e-01 -2.177468e-01 -3.225806e-01
      vertex -4.516129e-01 -1.359876e-01 -3.225806e-01
      vertex -4.516129e-01 -8.970819e-02 -1.935484e-01
    endloop
  endfacet
  facet normal 8.893523e-03 -7.142391e-01 6.998453e-01
    outer loop
      vertex -5.806452e-01 -2.177468e-01 -3.225806e-01
      vertex -4.516129e-01 -8.970819e-02 -1.935484e-01
      vertex -5.806452e-01 -9.131487e-02 -1.935484e-01
    endloop
  endfacet
  facet normal 1.111525e-02 -8.926659e-01 4.505818e-01
    outer loop
      vertex -5.806452e-01 -9.131487e-02 -1.935484e-01
      vertex -4.516129e-01 -8.970819e-02 -1.935484e-01
      vertex -4.516129e-01 -2.457790e-02 -6.451613e-02
    endloop
  endfacet
  facet normal 6.801424e-01 -6.463830e-01 -3.458257e-01
    outer loop
      vertex -5.806452e-01 -9.131487e-02 -1.935484e-01
      vertex -4.516129e-01 -2.457790e-02 -6.451613e-02
      vertex -5.806452e-01 -1.603493e-01 -6.451613e-02
    endloop
  endfacet
  facet normal 5.628127e-01 -5.348771e-01 6.301971e-01
    outer loop
      vertex -5.806452e-01 -1.603493e-01 -6.451613e-02
      vertex -4.516129e-01 -2.457790e-02 -6.451613e-02
      vertex -4.516129e-01 1.274491e-01 6.451613e-02
    endloop
  endfacet
  facet normal 8.204602e-01 -4.956143e-01 2.849764e-01
    outer loop
      vertex -5.806452e-01 -1.603493e-01 -6.451613e-02
      vertex -4.516129e-01 1.274491e-01 6.451613e-02
      vertex -5.806452e-01 -8.615618e-02 6.451613e-02
    endloop
  endfacet
  facet normal 8.548593e-01 -5.163937e-01 -5.052886e-02
    outer loop
      vertex -5.806452e-01 -8.615618e-02 6.451613e-02
      vertex -4.516129e-01 1.274491e-01 6.451613e-02
      vertex -4.516129e-01 1.148234e-01 1.935484e-01
    endloop
  endfacet
  facet normal 7.220968e-01 -6.369334e-01 2.699852e-01
    outer loop
      vertex -5.806452e-01 -8.615618e-02 6.451613e-02
      vertex -4.516129e-01 1.148234e-01 1.935484e-01
      vertex -5.806452e-01 -3.146161e-02 1.935484e-01
    endloop
  endfacet
  facet normal 6.972402e-01 -6.150084e-01 -3.682673e-01
    outer loop
      vertex -5.806452e-01 -3.146161e-02 1.935484e-01
      vertex -4.516129e-01 1.148234e-01 1.935484e-01
      vertex -4.516129e-01 3.755879e-02 3.225806e-01
    endloop
  endfacet
  facet normal 2.990412e-02 -8.935119e-01 4.480426e-01
    outer loop
      vertex -5.806452e-01 -3.146161e-02 1.935484e-01
      vertex -4.516129e-01 3.755879e-02 3.225806e-01
      vertex -5.806452e-01 3.324033e-02 3.225806e-01
    endloop
  endfacet
  facet normal 3.256224e-02 -9.729344e-01 -2.287757e-01
    outer loop
      vertex -5.806452e-01 3.324033e-02 3.225806e-01
      vertex -4.516129e-01 3.755879e-02 3.225806e-01
      vertex -4.516129e-01 7.218158e-03 4.516129e-01
    endloop
  endfacet
  facet normal 2.840610e-01 -8.443261e-01 -4.543378e-01
    outer loop
      vertex -5.806452e-01 3.324033e-02 3.225806e-01
      vertex -4.516129e-01 7.218158e-03 4.516129e-01
      vertex -5.806452e-01 -3.619283e-02 4.516129e-01
    endloop
  endfacet
  facet normal 1.937324e-01 -5.758387e-01 7.942780e-01
    outer loop
      vertex -5.806452e-01 -3.619283e-02 4.516129e-01
      vertex -4.516129e-01 7.218158e-03 4.516129e-01
      vertex -4.516129e-01 1.851977e-01 5.806452e-01
    endloop
  endfacet
  facet normal 7.606682e-01 -5.948296e-01 2.599262e-01
    outer loop
      vertex -5.806452e-01 -3.619283e-02 4.516129e-01
      vertex -4.516129e-01 1.851977e-01 5.806452e-01
      vertex -5.806452e-01 2.019116e-02 5.806452e-01
    endloop
  endfacet
  facet normal 7.856903e-01 -6.143964e-01 7.216596e-02
    outer loop
      vertex -5.806452e-01 2.019116e-02 5.806452e-01
      vertex -4.516129e-01 1.851977e-01 5.806452e-01
      vertex -4.516129e-01 2.003536e-01 7.096774e-01
    endloop
  endfacet
  facet normal 6.942502e-01 -6.753798e-01 2.487546e-01
    outer loop
      vertex -5.806452e-01 2.019116e-02 5.806452e-01
      vertex -4.516129e-01 2.003536e-01 7.096774e-01
      vertex -5.806452e-01 6.771608e-02 7.096774e-01
    endloop
  endfacet
  facet normal 6.730214e-01 -6.547280e-01 -3.440545e-01
    outer loop
      vertex -5.806452e-01 6.771608e-02 7.096774e-01
      vertex -4.516129e-01 2.003536e-01 7.096774e-01
      vertex -4.516129e-01 1.325481e-01 8.387097e-01
    endloop
  endfacet
  facet normal -1.635464e-01 -8.061841e-01 5.686121e-01
    outer loop
      vertex -5.806452e-01 6.771608e-02 7.096774e-01
      vertex -4.516129e-01 1.325481e-01 8.387097e-01
      vertex -5.806452e-01 1.587242e-01 8.387097e-01
    endloop
  endfacet
  facet normal -1.760377e-01 -8.677589e-01 -4.647635e-01
    outer loop
      vertex -5.806452e-01 1.587242e-01 8.387097e-01
      vertex -4.516129e-01 1.325481e-01 8.387097e-01
      vertex -4.516129e-01 6.343964e-02 9.677419e-01
    endloop
  endfacet
  facet normal -6.440726e-01 -7.605055e-01 8.247319e-02
    outer loop
      vertex -5.806452e-01 1.587242e-01 8.387097e-01
      vertex -4.516129e-01 6.343964e-02 9.677419e-01
      vertex -5.806452e-01 1.727171e-01 9.677419e-01
    endloop
  endfacet
  facet normal -4.184055e-01 -4.940432e-01 7.621405e-01
    outer loop
      vertex -5.806452e-01 1.727171e-01 9.677419e-01
      vertex -4.516129e-01 6.343964e-02 9.677419e-01
      vertex -4.516129e-01 2.624925e-01 1.096774e+00
    endloop
  endfacet
  facet normal -4.598927e-01 -4.441503e-01 7.689143e-01
    outer loop
      vertex -5.806452e-01 1.727171e-01 9.677419e-01
      vertex -4.516129e-01 2.624925e-01 1.096774e+00
      vertex -5.806452e-01 3.960982e-01 1.096774e+00
    endloop
  endfacet
  facet normal -4.836926e-01 -4.671355e-01 7.401526e-01
    outer loop
      vertex -5.806452e-01 3.960982e-01 1.096774e+00
      vertex -4.516129e-01 2.624925e-01 1.096774e+00
      vertex -4.516129e-01 4.669376e-01 1.225806e+00
    endloop
  endfacet
  facet normal -1.900403e-01 -7.679602e-01 6.116549e-01
    outer loop
      vertex -5.806452e-01 3.960982e-01 1.096774e+00
      vertex -4.516129e-01 4.669376e-01 1.225806e+00
      vertex -5.806452e-01 4.988681e-01 1.225806e+00
    endloop
  endfacet
  facet normal -2.293113e-01 -9.266557e-01 2.978684e-01
    outer loop
      vertex -5.806452e-01 4.988681e-01 1.225806e+00
      vertex -4.516129e-01 4.669376e-01 1.225806e+00
      vertex -4.516129e-01 5.084143e-01 1.354839e+00
    endloop
  endfacet
  facet normal -2.376739e-01 -9.219262e-01 3.058811e-01
    outer loop
      vertex -5.806452e-01 4.988681e-01 1.225806e+00
      vertex -4.516129e-01 5.084143e-01 1.354839e+00
      vertex -5.806452e-01 5.416790e-01 1.354839e+00
    endloop
  endfacet
  facet normal -1.769078e-01 -6.862173e-01 -7.055561e-01
    outer loop
      vertex -5.806452e-01 5.416790e-01 1.354839e+00
      vertex -4.516129e-01 5.084143e-01 1.354839e+00
      vertex -4.516129e-01 3.757457e-01 1.483871e+00
    endloop
  endfacet
  facet normal -2.000383e-01 -6.936477e-01 -6.919809e-01
    outer loop
      vertex -5.806452e-01 5.416790e-01 1.354839e+00
      vertex -4.516129e-01 3.757457e-01 1.483871e+00
      vertex -5.806452e-01 4.129568e-01 1.483871e+00
    endloop
  endfacet
  facet normal -1.915969e-01 -6.643766e-01 7.224226e-01
    outer loop
      vertex -5.806452e-01 4.129568e-01 1.483871e+00
      vertex -4.516129e-01 3.757457e-01 1.483871e+00
      vertex -4.516129e-01 5.160514e-01 1.612903e+00
    endloop
  endfacet
  facet normal 4.827441e-01 -8.529171e-01 1.987222e-01
    outer loop
      vertex -5.806452e-01 4.129568e-01 1.483871e+00
      vertex -4.516129e-01 5.160514e-01 1.612903e+00
      vertex -5.806452e-01 4.430202e-01 1.612903e+00
    endloop
  endfacet
  facet normal 4.279063e-01 -7.560291e-01 4.952941e-01
    outer loop
      vertex -5.806452e-01 4.430202e-01 1.612903e+00
      vertex -4.516129e-01 5.160514e-01 1.612903e+00
      vertex -4.516129e-01 6.005838e-01 1.741935e+00
    endloop
  endfacet
  facet normal 7.224305e-01 -6.824822e-01 1.109606e-01
    outer loop
      vertex -5.806452e-01 4.430202e-01 1.612903e+00
      vertex -4.516129e-01 6.005838e-01 1.741935e+00
      vertex -5.806452e-01 4.639988e-01 1.741935e+00
    endloop
  endfacet
  facet normal 7.244993e-01 -6.844366e-01 8.153124e-02
    outer loop
      vertex -5.806452e-01 4.639988e-01 1.741935e+00
      vertex -4.516129e-01 6.005838e-01 1.741935e+00
      vertex -4.516129e-01 6.159543e-01 1.870968e+00
    endloop
  endfacet
  facet normal 7.593471e-01 -6.506493e-01 6.893640e-03
    outer loop
      vertex -5.806452e-01 4.639988e-01 1.741935e+00
      vertex -4.516129e-01 6.159543e-01 1.870968e+00
      vertex -5.806452e-01 4.653659e-01 1.870968e+00
    endloop
  endfacet
  facet normal 5.584338e-01 -4.784960e-01 -6.776380e-01
    outer loop
      vertex -5.806452e-01 4.653659e-01 1.870968e+00
      vertex -4.516129e-01 6.159543e-01 1.870968e+00
      vertex -4.516129e-01 4.332210e-01 2.000000e+00
    endloop
  endfacet
  facet normal 5.115711e-01 -5.605469e-01 -6.512160e-01
    outer loop
      vertex -5.806452e-01 4.653659e-01 1.870968e+00
      vertex -4.516129e-01 4.332210e-01 2.000000e+00
      vertex -5.806452e-01 3.154625e-01 2.000000e+00
    endloop
  endfacet
  facet normal 3.071843e-01 -6.099443e-01 -7.304832e-01
    outer loop
      vertex -4.516129e-01 4.578722e-01 -2.000000e+00
      vertex -3.225806e-01 5.228563e-01 -2.000000e+00
      vertex -3.225806e-01 3.683243e-01 -1.870968e+00
    endloop
  endfacet
  facet normal -4.116815e-01 -8.880575e-01 -2.046268e-01
    outer loop
      vertex -4.516129e-01 4.578722e-01 -2.000000e+00
      vertex -3.225806e-01 3.683243e-01 -1.870968e+00
      vertex -4.516129e-01 4.281405e-01 -1.870968e+00
    endloop
  endfacet
  facet normal -3.359283e-01 -7.246467e-01 -6.016970e-01
    outer loop
      vertex -4.516129e-01 4.281405e-01 -1.870968e+00
      vertex -3.225806e-01 3.683243e-01 -1.870968e+00
      vertex -3.225806e-01 2.611848e-01 -1.741935e+00
    endloop
  endfacet
  facet normal -4.223789e-01 -7.356719e-01 -5.295120e-01
    outer loop
      vertex -4.516129e-01 4.281405e-01 -1.870968e+00
      vertex -3.225806e-01 2.611848e-01 -1.741935e+00
      vertex -4.516129e-01 3.352674e-01 -1.741935e+00
    endloop
  endfacet
  facet normal -3.005682e-01 -5.235100e-01 -7.972428e-01
    outer loop
      vertex -4.516129e-01 3.352674e-01 -1.741935e+00
      vertex -3.225806e-01 2.611848e-01 -1.741935e+00
      vertex -3.225806e-01 6.468418e-02 -1.612903e+00
    endloop
  endfacet
  facet normal -5.168670e-01 -5.566287e-01 -6.503945e-01
    outer loop
      vertex -4.516129e-01 3.352674e-01 -1.741935e+00
      vertex -3.225806e-01 6.468418e-02 -1.612903e+00
      vertex -4.516129e-01 1.844993e-01 -1.612903e+00
    endloop
  endfacet
  facet normal -6.668951e-01 -7.181982e-01 1.986006e-01
    outer loop
      vertex -4.516129e-01 1.844993e-01 -1.612903e+00
      vertex -3.225806e-01 6.468418e-02 -1.612903e+00
      vertex -3.225806e-01 1.003650e-01 -1.483871e+00
    endloop
  endfacet
  facet normal -4.716272e-01 -8.761485e-01 -9.965731e-02
    outer loop
      vertex -4.516129e-01 1.844993e-01 -1.612903e+00
      vertex -3.225806e-01 1.003650e-01 -1.483871e+00
      vertex -4.516129e-01 1.698225e-01 -1.483871e+00
    endloop
  endfacet
  facet normal -4.641671e-01 -8.622898e-01 2.024973e-01
    outer loop
      vertex -4.516129e-01 1.698225e-01 -1.483871e+00
      vertex -3.225806e-01 1.003650e-01 -1.483871e+00
      vertex -3.225806e-01 1.306665e-01 -1.354839e+00
    endloop
  endfacet
  facet normal -1.408537e-02 -9.606425e-01 -2.774305e-01
    outer loop
      vertex -4.516129e-01 1.698225e-01 -1.483871e+00
      vertex -3.225806e-01 1.306665e-01 -1.354839e+00
      vertex -4.516129e-01 1.325584e-01 -1.354839e+00
    endloop
  endfacet
  facet normal -1.415316e-02 -9.652658e-01 -2.608864e-01
    outer loop
      vertex -4.516129e-01 1.325584e-01 -1.354839e+00
      vertex -3.225806e-01 1.306665e-01 -1.354839e+00
      vertex -3.225806e-01 9.579240e-02 -1.225806e+00
    endloop
  endfacet
  facet normal 5.096019e-01 -5.458158e-01 -6.651248e-01
    outer loop
      vertex -4.516129e-01 1.325584e-01 -1.354839e+00
      vertex -3.225806e-01 9.579240e-02 -1.225806e+00
      vertex -4.516129e-01 -2.467879e-02 -1.225806e+00
    endloop
  endfacet
  facet normal 5.732792e-01 -6.140182e-01 -5.425243e-01
    outer loop
      vertex -4.516129e-01 -2.467879e-02 -1.225806e+00
      vertex -3.225806e-01 9.579240e-02 -1.225806e+00
      vertex -3.225806e-01 -1.821585e-02 -1.096774e+00
    endloop
  endfacet
  facet normal 6.253099e-01 -4.985810e-01 -6.003371e-01
    outer loop
      vertex -4.516129e-01 -2.467879e-02 -1.225806e+00
      vertex -3.225806e-01 -1.821585e-02 -1.096774e+00
      vertex -4.516129e-01 -1.800454e-01 -1.096774e+00
    endloop
  endfacet
  facet normal 7.805697e-01 -6.223749e-01 -5.796815e-02
    outer loop
      vertex -4.516129e-01 -1.800454e-01 -1.096774e+00
      vertex -3.225806e-01 -1.821585e-02 -1.096774e+00
      vertex -3.225806e-01 -3.023394e-02 -9.677419e-01
    endloop
  endfacet
  facet normal 7.917933e-01 -6.040526e-01 -9.046469e-02
    outer loop
      vertex -4.516129e-01 -1.800454e-01 -1.096774e+00
      vertex -3.225806e-01 -3.023394e-02 -9.677419e-01
      vertex -4.516129e-01 -1.993697e-01 -9.677419e-01
    endloop
  endfacet
  facet normal 7.938575e-01 -6.056273e-01 -5.482596e-02
    outer loop
      vertex -4.516129e-01 -1.993697e-01 -9.677419e-01
      vertex -3.225806e-01 -3.023394e-02 -9.677419e-01
      vertex -3.225806e-01 -4.191492e-02 -8.387097e-01
    endloop
  endfacet
  facet normal 8.210034e-01 -5.513526e-01 -1.482019e-01
    outer loop
      vertex -4.516129e-01 -1.993697e-01 -9.677419e-01
      vertex -3.225806e-01 -4.191492e-02 -8.387097e-01
      vertex -4.516129e-01 -2.340532e-01 -8.387097e-01
    endloop
  endfacet
  facet normal 8.101330e-01 -5.440525e-01 2.183834e-01
    outer loop
      vertex -4.516129e-01 -2.340532e-01 -8.387097e-01
      vertex -3.225806e-01 -4.191492e-02 -8.387097e-01
      vertex -3.225806e-01 9.878799e-03 -7.096774e-01
    endloop
  endfacet
  facet normal 8.841487e-01 -4.672047e-01 -9.111230e-04
    outer loop
      vertex -4.516129e-01 -2.340532e-01 -8.387097e-01
      vertex -3.225806e-01 9.878799e-03 -7.096774e-01
      vertex -4.516129e-01 -2.343048e-01 -7.096774e-01
    endloop
  endfacet
  facet normal 8.431805e-01 -4.455561e-01 -3.008759e-01
    outer loop
      vertex -4.516129e-01 -2.343048e-01 -7.096774e-01
      vertex -3.225806e-01 9.878799e-03 -7.096774e-01
      vertex -3.225806e-01 -7.725433e-02 -5.806452e-01
    endloop
  endfacet
  facet normal 8.254405e-01 -5.381411e-01 -1.704468e-01
    outer loop
      vertex -4.516129e-01 -2.343048e-01 -7.096774e-01
      vertex -3.225806e-01 -7.725433e-02 -5.806452e-01
      vertex -4.516129e-01 -2.751735e-01 -5.806452e-01
    endloop
  endfacet
  facet normal 8.375779e-01 -5.460540e-01 1.697671e-02
    outer loop
      vertex -4.516129e-01 -2.751735e-01 -5.806452e-01
      vertex -3.225806e-01 -7.725433e-02 -5.806452e-01
      vertex -3.225806e-01 -7.324274e-02 -4.516129e-01
    endloop
  endfacet
  facet normal 6.051932e-01 -6.656861e-01 4.365813e-01
    outer loop
      vertex -4.516129e-01 -2.751735e-01 -5.806452e-01
      vertex -3.225806e-01 -7.324274e-02 -4.516129e-01
      vertex -4.516129e-01 -1.905494e-01 -4.516129e-01
    endloop
  endfacet
  facet normal 6.708785e-01 -7.379371e-01 7.328564e-02
    outer loop
      vertex -4.516129e-01 -1.905494e-01 -4.516129e-01
      vertex -3.225806e-01 -7.324274e-02 -4.516129e-01
      vertex -3.225806e-01 -6.042836e-02 -3.225806e-01
    endloop
  endfacet
  facet normal 4.747038e-01 -8.106500e-01 3.427869e-01
    outer loop
      vertex -4.516129e-01 -1.905494e-01 -4.516129e-01
      vertex -3.225806e-01 -6.042836e-02 -3.225806e-01
      vertex -4.516129e-01 -1.359876e-01 -3.225806e-01
    endloop
  endfacet
  facet normal 4.005302e-01 -6.839840e-01 6.097060e-01
    outer loop
      vertex -4.516129e-01 -1.359876e-01 -3.225806e-01
      vertex -3.225806e-01 -6.042836e-02 -3.225806e-01
      vertex -3.225806e-01 5.459150e-02 -1.935484e-01
    endloop
  endfacet
  facet normal 7.250096e-01 -6.483009e-01 2.325231e-01
    outer loop
      vertex -4.516129e-01 -1.359876e-01 -3.225806e-01
      vertex -3.225806e-01 5.459150e-02 -1.935484e-01
      vertex -4.516129e-01 -8.970819e-02 -1.935484e-01
    endloop
  endfacet
  facet normal 6.120069e-01 -5.472543e-01 5.709293e-01
    outer loop
      vertex -4.516129e-01 -8.970819e-02 -1.935484e-01
      vertex -3.225806e-01 5.459150e-02 -1.935484e-01
      vertex -3.225806e-01 1.892059e-01 -6.451613e-02
    endloop
  endfacet
  facet normal 8.284277e-01 -5.000095e-01 2.523847e-01
    outer loop
      vertex -4.516129e-01 -8.970819e-02 -1.935484e-01
      vertex -3.225806e-01 1.892059e-01 -6.451613e-02
      vertex -4.516129e-01 -2.457790e-02 -6.451613e-02
    endloop
  endfacet
  facet normal 8.387987e-01 -5.062690e-01 2.002711e-01
    outer loop
      vertex -4.516129e-01 -2.457790e-02 -6.451613e-02
      vertex -3.225806e-01 1.892059e-01 -6.451613e-02
      vertex -3.225806e-01 2.402488e-01 6.451613e-02
    endloop
  endfacet
  facet normal 4.923670e-01 -5.632218e-01 6.635932e-01
    outer loop
      vertex -4.516129e-01 -2.457790e-02 -6.451613e-02
      vertex -3.225806e-01 2.402488e-01 6.451613e-02
      vertex -4.516129e-01 1.274491e-01 6.451613e-02
    endloop
  endfacet
  facet normal 6.485144e-01 -7.418398e-01 -1.705955e-01
    outer loop
      vertex -4.516129e-01 1.274491e-01 6.451613e-02
      vertex -3.225806e-01 2.402488e-01 6.451613e-02
      vertex -3.225806e-01 2.105761e-01 1.935484e-01
    endloop
  endfacet
  facet normal 5.940926e-01 -8.005732e-01 -7.833567e-02
    outer loop
      vertex -4.516129e-01 1.274491e-01 6.451613e-02
      vertex -3.225806e-01 2.105761e-01 1.935484e-01
      vertex -4.516129e-01 1.148234e-01 1.935484e-01
    endloop
  endfacet
  facet normal 5.736203e-01 -7.729855e-01 -2.710225e-01
    outer loop
      vertex -4.516129e-01 1.148234e-01 1.935484e-01
      vertex -3.225806e-01 2.105761e-01 1.935484e-01
      vertex -3.225806e-01 1.653351e-01 3.225806e-01
    endloop
  endfacet
  facet normal 6.474697e-01 -6.538336e-01 -3.915158e-01
    outer loop
      vertex -4.516129e-01 1.148234e-01 1.935484e-01
      vertex -3.225806e-01 1.653351e-01 3.225806e-01
      vertex -4.516129e-01 3.755879e-02 3.225806e-01
    endloop
  endfacet
  facet normal 7.034912e-01 -7.104058e-01 2.058293e-02
    outer loop
      vertex -4.516129e-01 3.755879e-02 3.225806e-01
      vertex -3.225806e-01 1.653351e-01 3.225806e-01
      vertex -3.225806e-01 1.690737e-01 4.516129e-01
    endloop
  endfacet
  facet normal 7.736663e-01 -6.167718e-01 -1.450277e-01
    outer loop
      vertex -4.516129e-01 3.755879e-02 3.225806e-01
      vertex -3.225806e-01 1.690737e-01 4.516129e-01
      vertex -4.516129e-01 7.218158e-03 4.516129e-01
    endloop
  endfacet
  facet normal 6.870100e-01 -5.476889e-01 4.775501e-01
    outer loop
      vertex -4.516129e-01 7.218158e-03 4.516129e-01
      vertex -3.225806e-01 1.690737e-01 4.516129e-01
      vertex -3.225806e-01 2.815816e-01 5.806452e-01
    endloop
  endfacet
  facet normal 4.015445e-01 -5.375602e-01 7.414789e-01
    outer loop
      vertex -4.516129e-01 7.218158e-03 4.516129e-01
      vertex -3.225806e-01 2.815816e-01 5.806452e-01
      vertex -4.516129e-01 1.851977e-01 5.806452e-01
    endloop
  endfacet
  facet normal 5.724737e-01 -7.663885e-01 -2.914147e-01
    outer loop
      vertex -4.516129e-01 1.851977e-01 5.806452e-01
      vertex -3.225806e-01 2.815816e-01 5.806452e-01
      vertex -3.225806e-01 2.325179e-01 7.096774e-01
    endloop
  endfacet
  facet normal 2.403164e-01 -9.640670e-01 1.132377e-01
    outer loop
      vertex -4.516129e-01 1.851977e-01 5.806452e-01
      vertex -3.225806e-01 2.325179e-01 7.096774e-01
      vertex -4.516129e-01 2.003536e-01 7.096774e-01
    endloop
  endfacet
  facet normal 1.982403e-01 -7.952723e-01 -5.729247e-01
    outer loop
      vertex -4.516129e-01 2.003536e-01 7.096774e-01
      vertex -3.225806e-01 2.325179e-01 7.096774e-01
      vertex -3.225806e-01 1.395614e-01 8.387097e-01
    endloop
  endfacet
  facet normal 4.805836e-02 -8.841956e-01 -4.646380e-01
    outer loop
      vertex -4.516129e-01 2.003536e-01 7.096774e-01
      vertex -3.225806e-01 1.395614e-01 8.387097e-01
      vertex -4.516129e-01 1.325481e-01 8.387097e-01
    endloop
  endfacet
  facet normal 5.254362e-02 -9.667171e-01 2.503941e-01
    outer loop
      vertex -4.516129e-01 1.325481e-01 8.387097e-01
      vertex -3.225806e-01 1.395614e-01 8.387097e-01
      vertex -3.225806e-01 1.729826e-01 9.677419e-01
    endloop
  endfacet
  facet normal 5.991686e-01 -7.057693e-01 -3.780034e-01
    outer loop
      vertex -4.516129e-01 1.325481e-01 8.387097e-01
      vertex -3.225806e-01 1.729826e-01 9.677419e-01
      vertex -4.516129e-01 6.343964e-02 9.677419e-01
    endloop
  endfacet
  facet normal 5.639515e-01 -6.642866e-01 4.905935e-01
    outer loop
      vertex -4.516129e-01 6.343964e-02 9.677419e-01
      vertex -3.225806e-01 1.729826e-01 9.677419e-01
      vertex -3.225806e-01 2.682764e-01 1.096774e+00
    endloop
  endfacet
  facet normal 2.437511e-02 -5.437828e-01 8.388719e-01
    outer loop
      vertex -4.516129e-01 6.343964e-02 9.677419e-01
      vertex -3.225806e-01 2.682764e-01 1.096774e+00
      vertex -4.516129e-01 2.624925e-01 1.096774e+00
    endloop
  endfacet
  facet normal 2.847341e-02 -6.352115e-01 7.718132e-01
    outer loop
      vertex -4.516129e-01 2.624925e-01 1.096774e+00
      vertex -3.225806e-01 2.682764e-01 1.096774e+00
      vertex -3.225806e-01 4.250569e-01 1.225806e+00
    endloop
  endfacet
  facet normal -1.706914e-01 -5.258913e-01 8.332483e-01
    outer loop
      vertex -4.516129e-01 2.624925e-01 1.096774e+00
      vertex -3.225806e-01 4.250569e-01 1.225806e+00
      vertex -4.516129e-01 4.669376e-01 1.225806e+00
    endloop
  endfacet
  facet normal -3.087189e-01 -9.511470e-01 3.462056e-03
    outer loop
      vertex -4.516129e-01 4.669376e-01 1.225806e+00
      vertex -3.225806e-01 4.250569e-01 1.225806e+00
      vertex -3.225806e-01 4.255266e-01 1.354839e+00
    endloop
  endfacet
  facet normal -5.217296e-01 -8.121821e-01 2.610715e-01
    outer loop
      vertex -4.516129e-01 4.669376e-01 1.225806e+00
      vertex -3.225806e-01 4.255266e-01 1.354839e+00
      vertex -4.516129e-01 5.084143e-01 1.354839e+00
    endloop
  endfacet
  facet normal -5.402792e-01 -8.410584e-01 -2.681664e-02
    outer loop
      vertex -4.516129e-01 5.084143e-01 1.354839e+00
      vertex -3.225806e-01 4.255266e-01 1.354839e+00
      vertex -3.225806e-01 4.214125e-01 1.483871e+00
    endloop
  endfacet
  facet normal 2.395703e-01 -6.769106e-01 -6.959871e-01
    outer loop
      vertex -4.516129e-01 5.084143e-01 1.354839e+00
      vertex -3.225806e-01 4.214125e-01 1.483871e+00
      vertex -4.516129e-01 3.757457e-01 1.483871e+00
    endloop
  endfacet
  facet normal 2.291543e-01 -6.474800e-01 7.268136e-01
    outer loop
      vertex -4.516129e-01 3.757457e-01 1.483871e+00
      vertex -3.225806e-01 4.214125e-01 1.483871e+00
      vertex -3.225806e-01 5.662546e-01 1.612903e+00
    endloop
  endfacet
  facet normal 2.546865e-01 -6.545951e-01 7.117865e-01
    outer loop
      vertex -4.516129e-01 3.757457e-01 1.483871e+00
      vertex -3.225806e-01 5.662546e-01 1.612903e+00
      vertex -4.516129e-01 5.160514e-01 1.612903e+00
    endloop
  endfacet
  facet normal 2.981160e-01 -7.662176e-01 5.692429e-01
    outer loop
      vertex -4.516129e-01 5.160514e-01 1.612903e+00
      vertex -3.225806e-01 5.662546e-01 1.612903e+00
      vertex -3.225806e-01 6.621160e-01 1.741935e+00
    endloop
  endfacet
  facet normal 3.705064e-01 -7.769467e-01 5.089978e-01
    outer loop
      vertex -4.516129e-01 5.160514e-01 1.612903e+00
      vertex -3.225806e-01 6.621160e-01 1.741935e+00
      vertex -4.516129e-01 6.005838e-01 1.741935e+00
    endloop
  endfacet
  facet normal 3.827070e-01 -8.025311e-01 -4.576889e-01
    outer loop
      vertex -4.516129e-01 6.005838e-01 1.741935e+00
      vertex -3.225806e-01 6.621160e-01 1.741935e+00
      vertex -3.225806e-01 5.885281e-01 1.870968e+00
    endloop
  endfacet
  facet normal -2.065116e-01 -9.715751e-01 1.157357e-01
    outer loop
      vertex -4.516129e-01 6.005838e-01 1.741935e+00
      vertex -3.225806e-01 5.885281e-01 1.870968e+00
      vertex -4.516129e-01 6.159543e-01 1.870968e+00
    endloop
  endfacet
  facet normal -1.472125e-01 -6.925908e-01 -7.061490e-01
    outer loop
      vertex -4.516129e-01 6.159543e-01 1.870968e+00
      vertex -3.225806e-01 5.885281e-01 1.870968e+00
      vertex -3.225806e-01 4.569699e-01 2.000000e+00
    endloop
  endfacet
  facet normal 1.055714e-01 -5.735912e-01 -8.123101e-01
    outer loop
      vertex -4.516129e-01 6.159543e-01 1.870968e+00
      vertex -3.225806e-01 4.569699e-01 2.000000e+00
      vertex -4.516129e-01 4.332210e-01 2.000000e+00
    endloop
  endfacet
  facet normal -1.000998e-01 -4.965163e-01 -8.622364e-01
    outer loop
      vertex -3.225806e-01 5.228563e-01 -2.000000e+00
      vertex -1.935484e-01 4.968428e-01 -2.000000e+00
      vertex -1.935484e-01 2.727690e-01 -1.870968e+00
    endloop
  endfacet
  facet normal -4.287957e-01 -5.790202e-01 -6.934478e-01
    outer loop
      vertex -3.225806e-01 5.228563e-01 -2.000000e+00
      vertex -1.935484e-01 2.727690e-01 -1.870968e+00
      vertex -3.225806e-01 3.683243e-01 -1.870968e+00
    endloop
  endfacet
  facet normal -5.852015e-01 -7.902212e-01 -1.819057e-01
    outer loop
      vertex -3.225806e-01 3.683243e-01 -1.870968e+00
      vertex -1.935484e-01 2.727690e-01 -1.870968e+00
      vertex -1.935484e-01 2.430663e-01 -1.741935e+00
    endloop
  endfacet
  facet normal -1.074067e-01 -7.649053e-01 -6.351250e-01
    outer loop
      vertex -3.225806e-01 3.683243e-01 -1.870968e+00
      vertex -1.935484e-01 2.430663e-01 -1.741935e+00
      vertex -3.225806e-01 2.611848e-01 -1.741935e+00
    endloop
  endfacet
  facet normal -9.443025e-02 -6.724923e-01 -7.340552e-01
    outer loop
      vertex -3.225806e-01 2.611848e-01 -1.741935e+00
      vertex -1.935484e-01 2.430663e-01 -1.741935e+00
      vertex -1.935484e-01 1.022218e-01 -1.612903e+00
    endloop
  endfacet
  facet normal 1.576838e-01 -5.420237e-01 -8.254369e-01
    outer loop
      vertex -3.225806e-01 2.611848e-01 -1.741935e+00
      vertex -1.935484e-01 1.022218e-01 -1.612903e+00
      vertex -3.225806e-01 6.468418e-02 -1.612903e+00
    endloop
  endfacet
  facet normal 2.673644e-01 -9.190406e-01 -2.896215e-01
    outer loop
      vertex -3.225806e-01 6.468418e-02 -1.612903e+00
      vertex -1.935484e-01 1.022218e-01 -1.612903e+00
      vertex -1.935484e-01 6.155931e-02 -1.483871e+00
    endloop
  endfacet
  facet normal -2.784053e-01 -9.257221e-01 2.559864e-01
    outer loop
      vertex -3.225806e-01 6.468418e-02 -1.612903e+00
      vertex -1.935484e-01 6.155931e-02 -1.483871e+00
      vertex -3.225806e-01 1.003650e-01 -1.483871e+00
    endloop
  endfacet
  facet normal -2.540370e-01 -8.446955e-01 -4.711208e-01
    outer loop
      vertex -3.225806e-01 1.003650e-01 -1.483871e+00
      vertex -1.935484e-01 6.155931e-02 -1.483871e+00
      vertex -1.935484e-01 -1.040719e-02 -1.354839e+00
    endloop
  endfacet
  facet normal -7.287998e-01 -6.665927e-01 1.565405e-01
    outer loop
      vertex -3.225806e-01 1.003650e-01 -1.483871e+00
      vertex -1.935484e-01 -1.040719e-02 -1.354839e+00
      vertex -3.225806e-01 1.306665e-01 -1.354839e+00
    endloop
  endfacet
  facet normal -7.141940e-01 -6.532335e-01 2.514218e-01
    outer loop
      vertex -3.225806e-01 1.306665e-01 -1.354839e+00
      vertex -1.935484e-01 -1.040719e-02 -1.354839e+00
      vertex -1.935484e-01 3.925579e-02 -1.225806e+00
    endloop
  endfacet
  facet normal -3.895658e-01 -8.890975e-01 -2.403001e-01
    outer loop
      vertex -3.225806e-01 1.306665e-01 -1.354839e+00
      vertex -1.935484e-01 3.925579e-02 -1.225806e+00
      vertex -3.225806e-01 9.579240e-02 -1.225806e+00
    endloop
  endfacet
  facet normal -3.764319e-01 -8.591222e-01 3.467103e-01
    outer loop
      vertex -3.225806e-01 9.579240e-02 -1.225806e+00
      vertex -1.935484e-01 3.925579e-02 -1.225806e+00
      vertex -1.935484e-01 9.132848e-02 -1.096774e+00
    endloop
  endfacet
  facet normal 5.367811e-01 -6.322744e-01 -5.586548e-01
    outer loop
      vertex -3.225806e-01 9.579240e-02 -1.225806e+00
      vertex -1.935484e-01 9.132848e-02 -1.096774e+00
      vertex -3.225806e-01 -1.821585e-02 -1.096774e+00
    endloop
  endfacet
  facet normal 6.323539e-01 -7.448496e-01 2.129030e-01
    outer loop
      vertex -3.225806e-01 -1.821585e-02 -1.096774e+00
      vertex -1.935484e-01 9.132848e-02 -1.096774e+00
      vertex -1.935484e-01 1.282102e-01 -9.677419e-01
    endloop
  endfacet
  facet normal 7.740660e-01 -6.303765e-01 -5.871342e-02
    outer loop
      vertex -3.225806e-01 -1.821585e-02 -1.096774e+00
      vertex -1.935484e-01 1.282102e-01 -9.677419e-01
      vertex -3.225806e-01 -3.023394e-02 -9.677419e-01
    endloop
  endfacet
  facet normal 7.082338e-01 -5.767647e-01 -4.071209e-01
    outer loop
      vertex -3.225806e-01 -3.023394e-02 -9.677419e-01
      vertex -1.935484e-01 1.282102e-01 -9.677419e-01
      vertex -1.935484e-01 3.713023e-02 -8.387097e-01
    endloop
  endfacet
  facet normal 5.208245e-01 -8.501871e-01 -7.696535e-02
    outer loop
      vertex -3.225806e-01 -3.023394e-02 -9.677419e-01
      vertex -1.935484e-01 3.713023e-02 -8.387097e-01
      vertex -3.225806e-01 -4.191492e-02 -8.387097e-01
    endloop
  endfacet
  facet normal 4.470890e-01 -7.298221e-01 5.171761e-01
    outer loop
      vertex -3.225806e-01 -4.191492e-02 -8.387097e-01
      vertex -1.935484e-01 3.713023e-02 -8.387097e-01
      vertex -1.935484e-01 1.285668e-01 -7.096774e-01
    endloop
  endfacet
  facet normal 6.492494e-01 -7.058351e-01 2.833231e-01
    outer loop
      vertex -3.225806e-01 -4.191492e-02 -8.387097e-01
      vertex -1.935484e-01 1.285668e-01 -7.096774e-01
      vertex -3.225806e-01 9.878799e-03 -7.096774e-01
    endloop
  endfacet
  facet normal 6.644042e-01 -7.223107e-01 -1.919225e-01
    outer loop
      vertex -3.225806e-01 9.878799e-03 -7.096774e-01
      vertex -1.935484e-01 1.285668e-01 -7.096774e-01
      vertex -1.935484e-01 9.428207e-02 -5.806452e-01
    endloop
  endfacet
  facet normal 7.404670e-01 -5.569904e-01 -3.761254e-01
    outer loop
      vertex -3.225806e-01 9.878799e-03 -7.096774e-01
      vertex -1.935484e-01 9.428207e-02 -5.806452e-01
      vertex -3.225806e-01 -7.725433e-02 -5.806452e-01
    endloop
  endfacet
  facet normal 7.369470e-01 -5.543426e-01 3.867988e-01
    outer loop
      vertex -3.225806e-01 -7.725433e-02 -5.806452e-01
      vertex -1.935484e-01 9.428207e-02 -5.806452e-01
      vertex -1.935484e-01 1.843158e-01 -4.516129e-01
    endloop
  endfacet
  facet normal 8.939889e-01 -4.478726e-01 1.392427e-02
    outer loop
      vertex -3.225806e-01 -7.725433e-02 -5.806452e-01
      vertex -1.935484e-01 1.843158e-01 -4.516129e-01
      vertex -3.225806e-01 -7.324274e-02 -4.516129e-01
    endloop
  endfacet
  facet normal 8.886529e-01 -4.451994e-01 1.099701e-01
    outer loop
      vertex -3.225806e-01 -7.324274e-02 -4.516129e-01
      vertex -1.935484e-01 1.843158e-01 -4.516129e-01
      vertex -1.935484e-01 2.161884e-01 -3.225806e-01
    endloop
  endfacet
  facet normal 9.054553e-01 -4.223639e-01 4.194559e-02
    outer loop
      vertex -3.225806e-01 -7.324274e-02 -4.516129e-01
      vertex -1.935484e-01 2.161884e-01 -3.225806e-01
      vertex -3.225806e-01 -6.042836e-02 -3.225806e-01
    endloop
  endfacet
  facet normal 8.616371e-01 -4.019242e-01 3.099006e-01
    outer loop
      vertex -3.225806e-01 -6.042836e-02 -3.225806e-01
      vertex -1.935484e-01 2.161884e-01 -3.225806e-01
      vertex -1.935484e-01 3.156778e-01 -1.935484e-01
    endloop
  endfacet
  facet normal 8.338184e-01 -4.120840e-01 3.673332e-01
    outer loop
      vertex -3.225806e-01 -6.042836e-02 -3.225806e-01
      vertex -1.935484e-01 3.156778e-01 -1.935484e-01
      vertex -3.225806e-01 5.459150e-02 -1.935484e-01
    endloop
  endfacet
  facet normal 8.674314e-01 -4.286959e-01 2.525522e-01
    outer loop
      vertex -3.225806e-01 5.459150e-02 -1.935484e-01
      vertex -1.935484e-01 3.156778e-01 -1.935484e-01
      vertex -1.935484e-01 3.916929e-01 -6.451613e-02
    endloop
  endfacet
  facet normal 7.356051e-01 -4.687549e-01 4.890338e-01
    outer loop
      vertex -3.225806e-01 5.459150e-02 -1.935484e-01
      vertex -1.935484e-01 3.916929e-01 -6.451613e-02
      vertex -3.225806e-01 1.892059e-01 -6.451613e-02
    endloop
  endfacet
  facet normal 8.135991e-01 -5.184555e-01 2.631738e-01
    outer loop
      vertex -3.225806e-01 1.892059e-01 -6.451613e-02
      vertex -1.935484e-01 3.916929e-01 -6.451613e-02
      vertex -1.935484e-01 4.571911e-01 6.451613e-02
    endloop
  endfacet
  facet normal 8.424156e-01 -5.010492e-01 1.982062e-01
    outer loop
      vertex -3.225806e-01 1.892059e-01 -6.451613e-02
      vertex -1.935484e-01 4.571911e-01 6.451613e-02
      vertex -3.225806e-01 2.402488e-01 6.451613e-02
    endloop
  endfacet
  facet normal 8.252408e-01 -4.908340e-01 -2.793916e-01
    outer loop
      vertex -3.225806e-01 2.402488e-01 6.451613e-02
      vertex -1.935484e-01 4.571911e-01 6.451613e-02
      vertex -1.935484e-01 3.837436e-01 1.935484e-01
    endloop
  endfacet
  facet normal 7.944067e-01 -5.919362e-01 -1.361233e-01
    outer loop
      vertex -3.225806e-01 2.402488e-01 6.451613e-02
      vertex -1.935484e-01 3.837436e-01 1.935484e-01
      vertex -3.225806e-01 2.105761e-01 1.935484e-01
    endloop
  endfacet
  facet normal 8.006325e-01 -5.965753e-01 -5.554745e-02
    outer loop
      vertex -3.225806e-01 2.105761e-01 1.935484e-01
      vertex -1.935484e-01 3.837436e-01 1.935484e-01
      vertex -1.935484e-01 3.717293e-01 3.225806e-01
    endloop
  endfacet
  facet normal 8.336548e-01 -5.211792e-01 -1.827347e-01
    outer loop
      vertex -3.225806e-01 2.105761e-01 1.935484e-01
      vertex -1.935484e-01 3.717293e-01 3.225806e-01
      vertex -3.225806e-01 1.653351e-01 3.225806e-01
    endloop
  endfacet
  facet normal 7.471940e-01 -4.671262e-01 -4.727518e-01
    outer loop
      vertex -3.225806e-01 1.653351e-01 3.225806e-01
      vertex -1.935484e-01 3.717293e-01 3.225806e-01
      vertex -1.935484e-01 2.411431e-01 4.516129e-01
    endloop
  endfacet
  facet normal 4.874758e-01 -8.727702e-01 2.528719e-02
    outer loop
      vertex -3.225806e-01 1.653351e-01 3.225806e-01
      vertex -1.935484e-01 2.411431e-01 4.516129e-01
      vertex -3.225806e-01 1.690737e-01 4.516129e-01
    endloop
  endfacet
  facet normal 4.864899e-01 -8.710051e-01 6.839433e-02
    outer loop
      vertex -3.225806e-01 1.690737e-01 4.516129e-01
      vertex -1.935484e-01 2.411431e-01 4.516129e-01
      vertex -1.935484e-01 2.512752e-01 5.806452e-01
    endloop
  endfacet
  facet normal -1.743194e-01 -7.421796e-01 6.471338e-01
    outer loop
      vertex -3.225806e-01 1.690737e-01 4.516129e-01
      vertex -1.935484e-01 2.512752e-01 5.806452e-01
      vertex -3.225806e-01 2.815816e-01 5.806452e-01
    endloop
  endfacet
  facet normal -2.258568e-01 -9.616047e-01 -1.559012e-01
    outer loop
      vertex -3.225806e-01 2.815816e-01 5.806452e-01
      vertex -1.935484e-01 2.512752e-01 5.806452e-01
      vertex -1.935484e-01 2.303557e-01 7.096774e-01
    endloop
  endfacet
  facet normal -1.566090e-02 -9.345932e-01 -3.553735e-01
    outer loop
      vertex -3.225806e-01 2.815816e-01 5.806452e-01
      vertex -1.935484e-01 2.303557e-01 7.096774e-01
      vertex -3.225806e-01 2.325179e-01 7.096774e-01
    endloop
  endfacet
  facet normal -1.557410e-02 -9.294132e-01 3.687120e-01
    outer loop
      vertex -3.225806e-01 2.325179e-01 7.096774e-01
      vertex -1.935484e-01 2.303557e-01 7.096774e-01
      vertex -1.935484e-01 2.815447e-01 8.387097e-01
    endloop
  endfacet
  facet normal 6.659978e-01 -6.052484e-01 -4.360289e-01
    outer loop
      vertex -3.225806e-01 2.325179e-01 7.096774e-01
      vertex -1.935484e-01 2.815447e-01 8.387097e-01
      vertex -3.225806e-01 1.395614e-01 8.387097e-01
    endloop
  endfacet
  facet normal 7.234842e-01 -6.574911e-01 -2.104190e-01
    outer loop
      vertex -3.225806e-01 1.395614e-01 8.387097e-01
      vertex -1.935484e-01 2.815447e-01 8.387097e-01
      vertex -1.935484e-01 2.402501e-01 9.677419e-01
    endloop
  endfacet
  facet normal 4.505451e-01 -8.642341e-01 2.238495e-01
    outer loop
      vertex -3.225806e-01 1.395614e-01 8.387097e-01
      vertex -1.935484e-01 2.402501e-01 9.677419e-01
      vertex -3.225806e-01 1.729826e-01 9.677419e-01
    endloop
  endfacet
  facet normal 4.483875e-01 -8.600952e-01 -2.432794e-01
    outer loop
      vertex -3.225806e-01 1.729826e-01 9.677419e-01
      vertex -1.935484e-01 2.402501e-01 9.677419e-01
      vertex -1.935484e-01 2.037531e-01 1.096774e+00
    endloop
  endfacet
  facet normal -3.731885e-01 -7.462942e-01 5.511582e-01
    outer loop
      vertex -3.225806e-01 1.729826e-01 9.677419e-01
      vertex -1.935484e-01 2.037531e-01 1.096774e+00
      vertex -3.225806e-01 2.682764e-01 1.096774e+00
    endloop
  endfacet
  facet normal -4.395712e-01 -8.790450e-01 1.845456e-01
    outer loop
      vertex -3.225806e-01 2.682764e-01 1.096774e+00
      vertex -1.935484e-01 2.037531e-01 1.096774e+00
      vertex -1.935484e-01 2.308420e-01 1.225806e+00
    endloop
  endfacet
  facet normal -6.912093e-01 -4.592247e-01 5.579806e-01
    outer loop
      vertex -3.225806e-01 2.682764e-01 1.096774e+00
      vertex -1.935484e-01 2.308420e-01 1.225806e+00
      vertex -3.225806e-01 4.250569e-01 1.225806e+00
    endloop
  endfacet
  facet normal -7.041039e-01 -4.677916e-01 5.342366e-01
    outer loop
      vertex -3.225806e-01 4.250569e-01 1.225806e+00
      vertex -1.935484e-01 2.308420e-01 1.225806e+00
      vertex -1.935484e-01 3.782020e-01 1.354839e+00
    endloop
  endfacet
  facet normal -3.443347e-01 -9.388407e-01 3.417262e-03
    outer loop
      vertex -3.225806e-01 4.250569e-01 1.225806e+00
      vertex -1.935484e-01 3.782020e-01 1.354839e+00
      vertex -3.225806e-01 4.255266e-01 1.354839e+00
    endloop
  endfacet
  facet normal -3.043581e-01 -8.298431e-01 4.676821e-01
    outer loop
      vertex -3.225806e-01 4.255266e-01 1.354839e+00
      vertex -1.935484e-01 3.782020e-01 1.354839e+00
      vertex -1.935484e-01 4.509218e-01 1.483871e+00
    endloop
  endfacet
  facet normal 2.228341e-01 -9.743612e-01 -3.106692e-02
    outer loop
      vertex -3.225806e-01 4.255266e-01 1.354839e+00
      vertex -1.935484e-01 4.509218e-01 1.483871e+00
      vertex -3.225806e-01 4.214125e-01 1.483871e+00
    endloop
  endfacet
  facet normal 2.013961e-01 -8.806218e-01 4.288880e-01
    outer loop
      vertex -3.225806e-01 4.214125e-01 1.483871e+00
      vertex -1.935484e-01 4.509218e-01 1.483871e+00
      vertex -1.935484e-01 5.137642e-01 1.612903e+00
    endloop
  endfacet
  facet normal -2.612017e-01 -6.420881e-01 7.207611e-01
    outer loop
      vertex -3.225806e-01 4.214125e-01 1.483871e+00
      vertex -1.935484e-01 5.137642e-01 1.612903e+00
      vertex -3.225806e-01 5.662546e-01 1.612903e+00
    endloop
  endfacet
  facet normal -3.606289e-01 -8.865007e-01 -2.899368e-01
    outer loop
      vertex -3.225806e-01 5.662546e-01 1.612903e+00
      vertex -1.935484e-01 5.137642e-01 1.612903e+00
      vertex -1.935484e-01 4.715633e-01 1.741935e+00
    endloop
  endfacet
  facet normal -7.643599e-01 -5.175841e-01 3.845266e-01
    outer loop
      vertex -3.225806e-01 5.662546e-01 1.612903e+00
      vertex -1.935484e-01 4.715633e-01 1.741935e+00
      vertex -3.225806e-01 6.621160e-01 1.741935e+00
    endloop
  endfacet
  facet normal -7.411067e-01 -5.018382e-01 4.460037e-01
    outer loop
      vertex -3.225806e-01 6.621160e-01 1.741935e+00
      vertex -1.935484e-01 4.715633e-01 1.741935e+00
      vertex -1.935484e-01 5.862394e-01 1.870968e+00
    endloop
  endfacet
  facet normal -1.540589e-02 -8.685595e-01 -4.953453e-01
    outer loop
      vertex -3.225806e-01 6.621160e-01 1.741935e+00
      vertex -1.935484e-01 5.862394e-01 1.870968e+00
      vertex -3.225806e-01 5.885281e-01 1.870968e+00
    endloop
  endfacet
  facet normal -1.724026e-02 -9.719782e-01 2.344377e-01
    outer loop
      vertex -3.225806e-01 5.885281e-01 1.870968e+00
      vertex -1.935484e-01 5.862394e-01 1.870968e+00
      vertex -1.935484e-01 6.173615e-01 2.000000e+00
    endloop
  endfacet
  facet normal 6.565363e-01 -5.281719e-01 -5.385114e-01
    outer loop
      vertex -3.225806e-01 5.885281e-01 1.870968e+00
      vertex -1.935484e-01 6.173615e-01 2.000000e+00
      vertex -3.225806e-01 4.569699e-01 2.000000e+00
    endloop
  endfacet
  facet normal -1.438877e-01 -6.277446e-01 -7.650052e-01
    outer loop
      vertex -1.935484e-01 4.968428e-01 -2.000000e+00
      vertex -6.451613e-02 4.672669e-01 -2.000000e+00
      vertex -6.451613e-02 3.100208e-01 -1.870968e+00
    endloop
  endfacet
  facet normal 1.425965e-01 -4.939231e-01 -8.577332e-01
    outer loop
      vertex -1.935484e-01 4.968428e-01 -2.000000e+00
      vertex -6.451613e-02 3.100208e-01 -1.870968e+00
      vertex -1.935484e-01 2.727690e-01 -1.870968e+00
    endloop
  endfacet
  facet normal 2.053920e-01 -7.114329e-01 -6.720694e-01
    outer loop
      vertex -1.935484e-01 2.727690e-01 -1.870968e+00
      vertex -6.451613e-02 3.100208e-01 -1.870968e+00
      vertex -6.451613e-02 1.881279e-01 -1.741935e+00
    endloop
  endfacet
  facet normal -3.832410e-01 -9.001078e-01 -2.072012e-01
    outer loop
      vertex -1.935484e-01 2.727690e-01 -1.870968e+00
      vertex -6.451613e-02 1.881279e-01 -1.741935e+00
      vertex -1.935484e-01 2.430663e-01 -1.741935e+00
    endloop
  endfacet
  facet normal -3.851347e-01 -9.045556e-01 1.828946e-01
    outer loop
      vertex -1.935484e-01 2.430663e-01 -1.741935e+00
      vertex -6.451613e-02 1.881279e-01 -1.741935e+00
      vertex -6.451613e-02 2.142173e-01 -1.612903e+00
    endloop
  endfacet
  facet normal 5.057919e-01 -5.827331e-01 -6.360791e-01
    outer loop
      vertex -1.935484e-01 2.430663e-01 -1.741935e+00
      vertex -6.451613e-02 2.142173e-01 -1.612903e+00
      vertex -1.935484e-01 1.022218e-01 -1.612903e+00
    endloop
  endfacet
  facet normal 5.025866e-01 -5.790403e-01 -6.419650e-01
    outer loop
      vertex -1.935484e-01 1.022218e-01 -1.612903e+00
      vertex -6.451613e-02 2.142173e-01 -1.612903e+00
      vertex -6.451613e-02 7.116303e-02 -1.483871e+00
    endloop
  endfacet
  facet normal 7.080919e-02 -9.513678e-01 -2.998089e-01
    outer loop
      vertex -1.935484e-01 1.022218e-01 -1.612903e+00
      vertex -6.451613e-02 7.116303e-02 -1.483871e+00
      vertex -1.935484e-01 6.155931e-02 -1.483871e+00
    endloop
  endfacet
  facet normal 6.732033e-02 -9.044927e-01 -4.211424e-01
    outer loop
      vertex -1.935484e-01 6.155931e-02 -1.483871e+00
      vertex -6.451613e-02 7.116303e-02 -1.483871e+00
      vertex -6.451613e-02 1.108409e-02 -1.354839e+00
    endloop
  endfacet
  facet normal 1.439473e-01 -8.642504e-01 -4.820274e-01
    outer loop
      vertex -1.935484e-01 6.155931e-02 -1.483871e+00
      vertex -6.451613e-02 1.108409e-02 -1.354839e+00
      vertex -1.935484e-01 -1.040719e-02 -1.354839e+00
    endloop
  endfacet
  facet normal 1.636848e-01 -9.827531e-01 -8.604470e-02
    outer loop
      vertex -1.935484e-01 -1.040719e-02 -1.354839e+00
      vertex -6.451613e-02 1.108409e-02 -1.354839e+00
      vertex -6.451613e-02 -2.132983e-04 -1.225806e+00
    endloop
  endfacet
  facet normal -2.745046e-01 -8.974098e-01 3.454024e-01
    outer loop
      vertex -1.935484e-01 -1.040719e-02 -1.354839e+00
      vertex -6.451613e-02 -2.132983e-04 -1.225806e+00
      vertex -1.935484e-01 3.925579e-02 -1.225806e+00
    endloop
  endfacet
  facet normal -1.669407e-01 -5.457622e-01 8.211421e-01
    outer loop
      vertex -1.935484e-01 3.925579e-02 -1.225806e+00
      vertex -6.451613e-02 -2.132983e-04 -1.225806e+00
      vertex -6.451613e-02 1.939259e-01 -1.096774e+00
    endloop
  endfacet
  facet normal 5.934639e-01 -7.463737e-01 3.012091e-01
    outer loop
      vertex -1.935484e-01 3.925579e-02 -1.225806e+00
      vertex -6.451613e-02 1.939259e-01 -1.096774e+00
      vertex -1.935484e-01 9.132848e-02 -1.096774e+00
    endloop
  endfacet
  facet normal 6.102356e-01 -7.674667e-01 -1.964876e-01
    outer loop
      vertex -1.935484e-01 9.132848e-02 -1.096774e+00
      vertex -6.451613e-02 1.939259e-01 -1.096774e+00
      vertex -6.451613e-02 1.608909e-01 -9.677419e-01
    endloop
  endfacet
  facet normal 2.366076e-01 -9.341923e-01 2.670236e-01
    outer loop
      vertex -1.935484e-01 9.132848e-02 -1.096774e+00
      vertex -6.451613e-02 1.608909e-01 -9.677419e-01
      vertex -1.935484e-01 1.282102e-01 -9.677419e-01
    endloop
  endfacet
  facet normal 2.288569e-01 -9.035906e-01 -3.621444e-01
    outer loop
      vertex -1.935484e-01 1.282102e-01 -9.677419e-01
      vertex -6.451613e-02 1.608909e-01 -9.677419e-01
      vertex -6.451613e-02 1.091769e-01 -8.387097e-01
    endloop
  endfacet
  facet normal 4.150244e-01 -7.432901e-01 -5.246662e-01
    outer loop
      vertex -1.935484e-01 1.282102e-01 -9.677419e-01
      vertex -6.451613e-02 1.091769e-01 -8.387097e-01
      vertex -1.935484e-01 3.713023e-02 -8.387097e-01
    endloop
  endfacet
  facet normal 4.875042e-01 -8.730982e-01 6.264272e-03
    outer loop
      vertex -1.935484e-01 3.713023e-02 -8.387097e-01
      vertex -6.451613e-02 1.091769e-01 -8.387097e-01
      vertex -6.451613e-02 1.101026e-01 -7.096774e-01
    endloop
  endfacet
  facet normal -1.159664e-01 -8.104043e-01 5.742793e-01
    outer loop
      vertex -1.935484e-01 3.713023e-02 -8.387097e-01
      vertex -6.451613e-02 1.101026e-01 -7.096774e-01
      vertex -1.935484e-01 1.285668e-01 -7.096774e-01
    endloop
  endfacet
  facet normal -9.524951e-02 -6.656291e-01 7.401793e-01
    outer loop
      vertex -1.935484e-01 1.285668e-01 -7.096774e-01
      vertex -6.451613e-02 1.101026e-01 -7.096774e-01
      vertex -6.451613e-02 2.535865e-01 -5.806452e-01
    endloop
  endfacet
  facet normal 7.664301e-01 -6.207877e-01 -1.649472e-01
    outer loop
      vertex -1.935484e-01 1.285668e-01 -7.096774e-01
      vertex -6.451613e-02 2.535865e-01 -5.806452e-01
      vertex -1.935484e-01 9.428207e-02 -5.806452e-01
    endloop
  endfacet
  facet normal 7.135096e-01 -5.779235e-01 3.961168e-01
    outer loop
      vertex -1.935484e-01 9.428207e-02 -5.806452e-01
      vertex -6.451613e-02 2.535865e-01 -5.806452e-01
      vertex -6.451613e-02 3.420270e-01 -4.516129e-01
    endloop
  endfacet
  facet normal 7.079429e-01 -5.792072e-01 4.041483e-01
    outer loop
      vertex -1.935484e-01 9.428207e-02 -5.806452e-01
      vertex -6.451613e-02 3.420270e-01 -4.516129e-01
      vertex -1.935484e-01 1.843158e-01 -4.516129e-01
    endloop
  endfacet
  facet normal 6.281891e-01 -5.139562e-01 5.841468e-01
    outer loop
      vertex -1.935484e-01 1.843158e-01 -4.516129e-01
      vertex -6.451613e-02 3.420270e-01 -4.516129e-01
      vertex -6.451613e-02 4.886811e-01 -3.225806e-01
    endloop
  endfacet
  facet normal 8.987850e-01 -4.255978e-01 1.051283e-01
    outer loop
      vertex -1.935484e-01 1.843158e-01 -4.516129e-01
      vertex -6.451613e-02 4.886811e-01 -3.225806e-01
      vertex -1.935484e-01 2.161884e-01 -3.225806e-01
    endloop
  endfacet
  facet normal 8.658649e-01 -4.100093e-01 2.866536e-01
    outer loop
      vertex -1.935484e-01 2.161884e-01 -3.225806e-01
      vertex -6.451613e-02 4.886811e-01 -3.225806e-01
      vertex -6.451613e-02 5.788926e-01 -1.935484e-01
    endloop
  endfacet
  facet normal 8.502776e-01 -4.168202e-01 3.213860e-01
    outer loop
      vertex -1.935484e-01 2.161884e-01 -3.225806e-01
      vertex -6.451613e-02 5.788926e-01 -1.935484e-01
      vertex -1.935484e-01 3.156778e-01 -1.935484e-01
    endloop
  endfacet
  facet normal 7.817442e-01 -3.832240e-01 4.919506e-01
    outer loop
      vertex -1.935484e-01 3.156778e-01 -1.935484e-01
      vertex -6.451613e-02 5.788926e-01 -1.935484e-01
      vertex -6.451613e-02 7.445333e-01 -6.451613e-02
    endloop
  endfacet
  facet normal 9.205173e-01 -3.366293e-01 1.983142e-01
    outer loop
      vertex -1.935484e-01 3.156778e-01 -1.935484e-01
      vertex -6.451613e-02 7.445333e-01 -6.451613e-02
      vertex -1.935484e-01 3.916929e-01 -6.451613e-02
    endloop
  endfacet
  facet normal 9.374736e-01 -3.428302e-01 -6.008896e-02
    outer loop
      vertex -1.935484e-01 3.916929e-01 -6.451613e-02
      vertex -6.451613e-02 7.445333e-01 -6.451613e-02
      vertex -6.451613e-02 7.219174e-01 6.451613e-02
    endloop
  endfacet
  facet normal 8.774658e-01 -4.276923e-01 2.171014e-01
    outer loop
      vertex -1.935484e-01 3.916929e-01 -6.451613e-02
      vertex -6.451613e-02 7.219174e-01 6.451613e-02
      vertex -1.935484e-01 4.571911e-01 6.451613e-02
    endloop
  endfacet
  facet normal 8.483312e-01 -4.134916e-01 -3.306945e-01
    outer loop
      vertex -1.935484e-01 4.571911e-01 6.451613e-02
      vertex -6.451613e-02 7.219174e-01 6.451613e-02
      vertex -6.451613e-02 6.187224e-01 1.935484e-01
    endloop
  endfacet
  facet normal 8.453848e-01 -4.642202e-01 -2.642426e-01
    outer loop
      vertex -1.935484e-01 4.571911e-01 6.451613e-02
      vertex -6.451613e-02 6.187224e-01 1.935484e-01
      vertex -1.935484e-01 3.837436e-01 1.935484e-01
    endloop
  endfacet
  facet normal 8.038359e-01 -4.414047e-01 -3.987601e-01
    outer loop
      vertex -1.935484e-01 3.837436e-01 1.935484e-01
      vertex -6.451613e-02 6.187224e-01 1.935484e-01
      vertex -6.451613e-02 5.021561e-01 3.225806e-01
    endloop
  endfacet
  facet normal 7.093777e-01 -7.017930e-01 -6.534433e-02
    outer loop
      vertex -1.935484e-01 3.837436e-01 1.935484e-01
      vertex -6.451613e-02 5.021561e-01 3.225806e-01
      vertex -1.935484e-01 3.717293e-01 3.225806e-01
    endloop
  endfacet
  facet normal 6.230888e-01 -6.164268e-01 -4.814336e-01
    outer loop
      vertex -1.935484e-01 3.717293e-01 3.225806e-01
      vertex -6.451613e-02 5.021561e-01 3.225806e-01
      vertex -6.451613e-02 4.013810e-01 4.516129e-01
    endloop
  endfacet
  facet normal 6.575844e-01 -5.295227e-01 -5.358997e-01
    outer loop
      vertex -1.935484e-01 3.717293e-01 3.225806e-01
      vertex -6.451613e-02 4.013810e-01 4.516129e-01
      vertex -1.935484e-01 2.411431e-01 4.516129e-01
    endloop
  endfacet
  facet normal 6.565475e-01 -5.286877e-01 -5.379914e-01
    outer loop
      vertex -1.935484e-01 2.411431e-01 4.516129e-01
      vertex -6.451613e-02 4.013810e-01 4.516129e-01
      vertex -6.451613e-02 2.700781e-01 5.806452e-01
    endloop
  endfacet
  facet normal 1.437662e-01 -9.865748e-01 7.746926e-02
    outer loop
      vertex -1.935484e-01 2.411431e-01 4.516129e-01
      vertex -6.451613e-02 2.700781e-01 5.806452e-01
      vertex -1.935484e-01 2.512752e-01 5.806452e-01
    endloop
  endfacet
  facet normal 1.324868e-01 -9.091718e-01 -3.947833e-01
    outer loop
      vertex -1.935484e-01 2.512752e-01 5.806452e-01
      vertex -6.451613e-02 2.700781e-01 5.806452e-01
      vertex -6.451613e-02 2.140493e-01 7.096774e-01
    endloop
  endfacet
  facet normal -1.237862e-01 -9.795192e-01 -1.588056e-01
    outer loop
      vertex -1.935484e-01 2.512752e-01 5.806452e-01
      vertex -6.451613e-02 2.140493e-01 7.096774e-01
      vertex -1.935484e-01 2.303557e-01 7.096774e-01
    endloop
  endfacet
  facet normal -1.252027e-01 -9.907279e-01 5.274948e-02
    outer loop
      vertex -1.935484e-01 2.303557e-01 7.096774e-01
      vertex -6.451613e-02 2.140493e-01 7.096774e-01
      vertex -6.451613e-02 2.209194e-01 8.387097e-01
    endloop
  endfacet
  facet normal -4.002297e-01 -8.518314e-01 3.379341e-01
    outer loop
      vertex -1.935484e-01 2.303557e-01 7.096774e-01
      vertex -6.451613e-02 2.209194e-01 8.387097e-01
      vertex -1.935484e-01 2.815447e-01 8.387097e-01
    endloop
  endfacet
  facet normal -4.059543e-01 -8.640155e-01 2.977890e-01
    outer loop
      vertex -1.935484e-01 2.815447e-01 8.387097e-01
      vertex -6.451613e-02 2.209194e-01 8.387097e-01
      vertex -6.451613e-02 2.653913e-01 9.677419e-01
    endloop
  endfacet
  facet normal 1.824574e-01 -9.364275e-01 -2.996879e-01
    outer loop
      vertex -1.935484e-01 2.815447e-01 8.387097e-01
      vertex -6.451613e-02 2.653913e-01 9.677419e-01
      vertex -1.935484e-01 2.402501e-01 9.677419e-01
    endloop
  endfacet
  facet normal 1.582141e-01 -8.120036e-01 -5.617993e-01
    outer loop
      vertex -1.935484e-01 2.402501e-01 9.677419e-01
      vertex -6.451613e-02 2.653913e-01 9.677419e-01
      vertex -6.451613e-02 1.761180e-01 1.096774e+00
    endloop
  endfacet
  facet normal -2.018450e-01 -9.424427e-01 -2.665715e-01
    outer loop
      vertex -1.935484e-01 2.402501e-01 9.677419e-01
      vertex -6.451613e-02 1.761180e-01 1.096774e+00
      vertex -1.935484e-01 2.037531e-01 1.096774e+00
    endloop
  endfacet
  facet normal -1.593645e-01 -7.440953e-01 -6.487875e-01
    outer loop
      vertex -1.935484e-01 2.037531e-01 1.096774e+00
      vertex -6.451613e-02 1.761180e-01 1.096774e+00
      vertex -6.451613e-02 6.361289e-02 1.225806e+00
    endloop
  endfacet
  facet normal -7.852888e-01 -6.059208e-01 1.272063e-01
    outer loop
      vertex -1.935484e-01 2.037531e-01 1.096774e+00
      vertex -6.451613e-02 6.361289e-02 1.225806e+00
      vertex -1.935484e-01 2.308420e-01 1.225806e+00
    endloop
  endfacet
  facet normal -7.768209e-01 -5.993870e-01 1.930922e-01
    outer loop
      vertex -1.935484e-01 2.308420e-01 1.225806e+00
      vertex -6.451613e-02 6.361289e-02 1.225806e+00
      vertex -6.451613e-02 1.051806e-01 1.354839e+00
    endloop
  endfacet
  facet normal -8.125314e-01 -3.840093e-01 4.385539e-01
    outer loop
      vertex -1.935484e-01 2.308420e-01 1.225806e+00
      vertex -6.451613e-02 1.051806e-01 1.354839e+00
      vertex -1.935484e-01 3.782020e-01 1.354839e+00
    endloop
  endfacet
  facet normal -8.375896e-01 -3.958520e-01 3.764901e-01
    outer loop
      vertex -1.935484e-01 3.782020e-01 1.354839e+00
      vertex -6.451613e-02 1.051806e-01 1.354839e+00
      vertex -6.451613e-02 2.279016e-01 1.483871e+00
    endloop
  endfacet
  facet normal -8.330265e-01 -4.819620e-01 2.716237e-01
    outer loop
      vertex -1.935484e-01 3.782020e-01 1.354839e+00
      vertex -6.451613e-02 2.279016e-01 1.483871e+00
      vertex -1.935484e-01 4.509218e-01 1.483871e+00
    endloop
  endfacet
  facet normal -8.513740e-01 -4.925772e-01 1.803609e-01
    outer loop
      vertex -1.935484e-01 4.509218e-01 1.483871e+00
      vertex -6.451613e-02 2.279016e-01 1.483871e+00
      vertex -6.451613e-02 2.751477e-01 1.612903e+00
    endloop
  endfacet
  facet normal -8.569350e-01 -4.633889e-01 2.256837e-01
    outer loop
      vertex -1.935484e-01 4.509218e-01 1.483871e+00
      vertex -6.451613e-02 2.751477e-01 1.612903e+00
      vertex -1.935484e-01 5.137642e-01 1.612903e+00
    endloop
  endfacet
  facet normal -8.783426e-01 -4.749651e-01 -5.406022e-02
    outer loop
      vertex -1.935484e-01 5.137642e-01 1.612903e+00
      vertex -6.451613e-02 2.751477e-01 1.612903e+00
      vertex -6.451613e-02 2.604614e-01 1.741935e+00
    endloop
  endfacet
  facet normal -8.410884e-01 -5.141002e-01 -1.681404e-01
    outer loop
      vertex -1.935484e-01 5.137642e-01 1.612903e+00
      vertex -6.451613e-02 2.604614e-01 1.741935e+00
      vertex -1.935484e-01 4.715633e-01 1.741935e+00
    endloop
  endfacet
  facet normal -7.094848e-01 -4.336599e-01 5.554912e-01
    outer loop
      vertex -1.935484e-01 4.715633e-01 1.741935e+00
      vertex -6.451613e-02 2.604614e-01 1.741935e+00
      vertex -6.451613e-02 4.257436e-01 1.870968e+00
    endloop
  endfacet
  facet normal -6.809058e-01 -5.474214e-01 4.865153e-01
    outer loop
      vertex -1.935484e-01 4.715633e-01 1.741935e+00
      vertex -6.451613e-02 4.257436e-01 1.870968e+00
      vertex -1.935484e-01 5.862394e-01 1.870968e+00
    endloop
  endfacet
  facet normal -5.552395e-01 -4.463906e-01 7.017440e-01
    outer loop
      vertex -1.935484e-01 5.862394e-01 1.870968e+00
      vertex -6.451613e-02 4.257436e-01 1.870968e+00
      vertex -6.451613e-02 6.285875e-01 2.000000e+00
    endloop
  endfacet
  facet normal 8.427524e-02 -9.686644e-01 2.336385e-01
    outer loop
      vertex -1.935484e-01 5.862394e-01 1.870968e+00
      vertex -6.451613e-02 6.285875e-01 2.000000e+00
      vertex -1.935484e-01 6.173615e-01 2.000000e+00
    endloop
  endfacet
  facet normal 2.125145e-01 -6.558826e-01 -7.243311e-01
    outer loop
      vertex -6.451613e-02 4.672669e-01 -2.000000e+00
      vertex 6.451613e-02 5.090750e-01 -2.000000e+00
      vertex 6.451613e-02 3.665768e-01 -1.870968e+00
    endloop
  endfacet
  facet normal 2.678778e-01 -6.111621e-01 -7.447968e-01
    outer loop
      vertex -6.451613e-02 4.672669e-01 -2.000000e+00
      vertex 6.451613e-02 3.665768e-01 -1.870968e+00
      vertex -6.451613e-02 3.100208e-01 -1.870968e+00
    endloop
  endfacet
  facet normal 2.909918e-01 -6.638966e-01 -6.888868e-01
    outer loop
      vertex -6.451613e-02 3.100208e-01 -1.870968e+00
      vertex 6.451613e-02 3.665768e-01 -1.870968e+00
      vertex 6.451613e-02 2.326876e-01 -1.741935e+00
    endloop
  endfacet
  facet normal 2.434817e-01 -7.050546e-01 -6.660441e-01
    outer loop
      vertex -6.451613e-02 3.100208e-01 -1.870968e+00
      vertex 6.451613e-02 2.326876e-01 -1.741935e+00
      vertex -6.451613e-02 1.881279e-01 -1.741935e+00
    endloop
  endfacet
  facet normal 2.542431e-01 -7.362165e-01 -6.271728e-01
    outer loop
      vertex -6.451613e-02 1.881279e-01 -1.741935e+00
      vertex 6.451613e-02 2.326876e-01 -1.741935e+00
      vertex 6.451613e-02 1.227668e-01 -1.612903e+00
    endloop
  endfacet
  facet normal -5.705285e-01 -8.049879e-01 1.627627e-01
    outer loop
      vertex -6.451613e-02 1.881279e-01 -1.741935e+00
      vertex 6.451613e-02 1.227668e-01 -1.612903e+00
      vertex -6.451613e-02 2.142173e-01 -1.612903e+00
    endloop
  endfacet
  facet normal -4.757685e-01 -6.712862e-01 -5.683478e-01
    outer loop
      vertex -6.451613e-02 2.142173e-01 -1.612903e+00
      vertex 6.451613e-02 1.227668e-01 -1.612903e+00
      vertex 6.451613e-02 1.352097e-02 -1.483871e+00
    endloop
  endfacet
  facet normal -2.866506e-01 -6.416700e-01 -7.114007e-01
    outer loop
      vertex -6.451613e-02 2.142173e-01 -1.612903e+00
      vertex 6.451613e-02 1.352097e-02 -1.483871e+00
      vertex -6.451613e-02 7.116303e-02 -1.483871e+00
    endloop
  endfacet
  facet normal -3.991858e-01 -8.935809e-01 -2.053384e-01
    outer loop
      vertex -6.451613e-02 7.116303e-02 -1.483871e+00
      vertex 6.451613e-02 1.352097e-02 -1.483871e+00
      vertex 6.451613e-02 -1.612969e-02 -1.354839e+00
    endloop
  endfacet
  facet normal -1.877957e-01 -8.904201e-01 -4.145901e-01
    outer loop
      vertex -6.451613e-02 7.116303e-02 -1.483871e+00
      vertex 6.451613e-02 -1.612969e-02 -1.354839e+00
      vertex -6.451613e-02 1.108409e-02 -1.354839e+00
    endloop
  endfacet
  facet normal -1.456089e-01 -6.903945e-01 7.086279e-01
    outer loop
      vertex -6.451613e-02 1.108409e-02 -1.354839e+00
      vertex 6.451613e-02 -1.612969e-02 -1.354839e+00
      vertex 6.451613e-02 1.163103e-01 -1.225806e+00
    endloop
  endfacet
  facet normal 6.688071e-01 -7.406027e-01 -6.484329e-02
    outer loop
      vertex -6.451613e-02 1.108409e-02 -1.354839e+00
      vertex 6.451613e-02 1.163103e-01 -1.225806e+00
      vertex -6.451613e-02 -2.132983e-04 -1.225806e+00
    endloop
  endfacet
  facet normal 4.981408e-01 -5.516156e-01 6.690112e-01
    outer loop
      vertex -6.451613e-02 -2.132983e-04 -1.225806e+00
      vertex 6.451613e-02 1.163103e-01 -1.225806e+00
      vertex 6.451613e-02 2.728034e-01 -1.096774e+00
    endloop
  endfacet
  facet normal 3.205213e-01 -5.243265e-01 7.888903e-01
    outer loop
      vertex -6.451613e-02 -2.132983e-04 -1.225806e+00
      vertex 6.451613e-02 2.728034e-01 -1.096774e+00
      vertex -6.451613e-02 1.939259e-01 -1.096774e+00
    endloop
  endfacet
  facet normal 5.139342e-01 -8.407220e-01 -1.704645e-01
    outer loop
      vertex -6.451613e-02 1.939259e-01 -1.096774e+00
      vertex 6.451613e-02 2.728034e-01 -1.096774e+00
      vertex 6.451613e-02 2.466409e-01 -9.677419e-01
    endloop
  endfacet
  facet normal 5.413171e-01 -8.145467e-01 -2.085411e-01
    outer loop
      vertex -6.451613e-02 1.939259e-01 -1.096774e+00
      vertex 6.451613e-02 2.466409e-01 -9.677419e-01
      vertex -6.451613e-02 1.608909e-01 -9.677419e-01
    endloop
  endfacet
  facet normal 4.293749e-01 -6.461018e-01 -6.310227e-01
    outer loop
      vertex -6.451613e-02 1.608909e-01 -9.677419e-01
      vertex 6.451613e-02 2.466409e-01 -9.677419e-01
      vertex 6.451613e-02 1.206200e-01 -8.387097e-01
    endloop
  endfacet
  facet normal 8.204184e-02 -9.250965e-01 -3.707636e-01
    outer loop
      vertex -6.451613e-02 1.608909e-01 -9.677419e-01
      vertex 6.451613e-02 1.206200e-01 -8.387097e-01
      vertex -6.451613e-02 1.091769e-01 -8.387097e-01
    endloop
  endfacet
  facet normal 8.464686e-02 -9.544704e-01 2.860438e-01
    outer loop
      vertex -6.451613e-02 1.091769e-01 -8.387097e-01
      vertex 6.451613e-02 1.206200e-01 -8.387097e-01
      vertex 6.451613e-02 1.592895e-01 -7.096774e-01
    endloop
  endfacet
  facet normal 3.561881e-01 -9.343902e-01 6.704028e-03
    outer loop
      vertex -6.451613e-02 1.091769e-01 -8.387097e-01
      vertex 6.451613e-02 1.592895e-01 -7.096774e-01
      vertex -6.451613e-02 1.101026e-01 -7.096774e-01
    endloop
  endfacet
  facet normal 2.142688e-01 -5.620925e-01 7.988372e-01
    outer loop
      vertex -6.451613e-02 1.101026e-01 -7.096774e-01
      vertex 6.451613e-02 1.592895e-01 -7.096774e-01
      vertex 6.451613e-02 3.426682e-01 -5.806452e-01
    endloop
  endfacet
  facet normal 4.191327e-01 -6.071015e-01 6.750967e-01
    outer loop
      vertex -6.451613e-02 1.101026e-01 -7.096774e-01
      vertex 6.451613e-02 3.426682e-01 -5.806452e-01
      vertex -6.451613e-02 2.535865e-01 -5.806452e-01
    endloop
  endfacet
  facet normal 4.346254e-01 -6.295422e-01 6.440322e-01
    outer loop
      vertex -6.451613e-02 2.535865e-01 -5.806452e-01
      vertex 6.451613e-02 3.426682e-01 -5.806452e-01
      vertex 6.451613e-02 4.746703e-01 -4.516129e-01
    endloop
  endfacet
  facet normal 6.467307e-01 -6.291240e-01 4.312104e-01
    outer loop
      vertex -6.451613e-02 2.535865e-01 -5.806452e-01
      vertex 6.451613e-02 4.746703e-01 -4.516129e-01
      vertex -6.451613e-02 3.420270e-01 -4.516129e-01
    endloop
  endfacet
  facet normal 6.973601e-01 -6.783751e-01 2.312921e-01
    outer loop
      vertex -6.451613e-02 3.420270e-01 -4.516129e-01
      vertex 6.451613e-02 4.746703e-01 -4.516129e-01
      vertex 6.451613e-02 5.186639e-01 -3.225806e-01
    endloop
  endfacet
  facet normal 1.517157e-01 -6.529140e-01 7.420820e-01
    outer loop
      vertex -6.451613e-02 3.420270e-01 -4.516129e-01
      vertex 6.451613e-02 5.186639e-01 -3.225806e-01
      vertex -6.451613e-02 4.886811e-01 -3.225806e-01
    endloop
  endfacet
  facet normal 1.232627e-01 -5.304657e-01 8.386969e-01
    outer loop
      vertex -6.451613e-02 4.886811e-01 -3.225806e-01
      vertex 6.451613e-02 5.186639e-01 -3.225806e-01
      vertex 6.451613e-02 7.226714e-01 -1.935484e-01
    endloop
  endfacet
  facet normal 6.743434e-01 -6.051801e-01 4.231052e-01
    outer loop
      vertex -6.451613e-02 4.886811e-01 -3.225806e-01
      vertex 6.451613e-02 7.226714e-01 -1.935484e-01
      vertex -6.451613e-02 5.788926e-01 -1.935484e-01
    endloop
  endfacet
  facet normal 5.035835e-01 -4.519340e-01 7.363147e-01
    outer loop
      vertex -6.451613e-02 5.788926e-01 -1.935484e-01
      vertex 6.451613e-02 7.226714e-01 -1.935484e-01
      vertex 6.451613e-02 9.328975e-01 -6.451613e-02
    endloop
  endfacet
  facet normal 6.677766e-01 -4.574368e-01 5.872188e-01
    outer loop
      vertex -6.451613e-02 5.788926e-01 -1.935484e-01
      vertex 6.451613e-02 9.328975e-01 -6.451613e-02
      vertex -6.451613e-02 7.445333e-01 -6.451613e-02
    endloop
  endfacet
  facet normal 7.643435e-01 -5.235866e-01 3.763457e-01
    outer loop
      vertex -6.451613e-02 7.445333e-01 -6.451613e-02
      vertex 6.451613e-02 9.328975e-01 -6.451613e-02
      vertex 6.451613e-02 1.025644e+00 6.451613e-02
    endloop
  endfacet
  facet normal 9.182332e-01 -3.900935e-01 -6.837295e-02
    outer loop
      vertex -6.451613e-02 7.445333e-01 -6.451613e-02
      vertex 6.451613e-02 1.025644e+00 6.451613e-02
      vertex -6.451613e-02 7.219174e-01 6.451613e-02
    endloop
  endfacet
  facet normal 7.703423e-01 -3.272649e-01 -5.472388e-01
    outer loop
      vertex -6.451613e-02 7.219174e-01 6.451613e-02
      vertex 6.451613e-02 1.025644e+00 6.451613e-02
      vertex 6.451613e-02 8.098815e-01 1.935484e-01
    endloop
  endfacet
  facet normal 7.565669e-01 -5.106823e-01 -4.084239e-01
    outer loop
      vertex -6.451613e-02 7.219174e-01 6.451613e-02
      vertex 6.451613e-02 8.098815e-01 1.935484e-01
      vertex -6.451613e-02 6.187224e-01 1.935484e-01
    endloop
  endfacet
  facet normal 5.642135e-01 -3.808439e-01 -7.325442e-01
    outer loop
      vertex -6.451613e-02 6.187224e-01 1.935484e-01
      vertex 6.451613e-02 8.098815e-01 1.935484e-01
      vertex 6.451613e-02 5.616909e-01 3.225806e-01
    endloop
  endfacet
  facet normal 3.239158e-01 -7.020359e-01 -6.342114e-01
    outer loop
      vertex -6.451613e-02 6.187224e-01 1.935484e-01
      vertex 6.451613e-02 5.616909e-01 3.225806e-01
      vertex -6.451613e-02 5.021561e-01 3.225806e-01
    endloop
  endfacet
  facet normal 2.939991e-01 -6.371961e-01 -7.124224e-01
    outer loop
      vertex -6.451613e-02 5.021561e-01 3.225806e-01
      vertex 6.451613e-02 5.616909e-01 3.225806e-01
      vertex 6.451613e-02 4.174253e-01 4.516129e-01
    endloop
  endfacet
  facet normal 9.753009e-02 -7.843600e-01 -6.125906e-01
    outer loop
      vertex -6.451613e-02 5.021561e-01 3.225806e-01
      vertex 6.451613e-02 4.174253e-01 4.516129e-01
      vertex -6.451613e-02 4.013810e-01 4.516129e-01
    endloop
  endfacet
  facet normal 1.080371e-01 -8.688600e-01 -4.831255e-01
    outer loop
      vertex -6.451613e-02 4.013810e-01 4.516129e-01
      vertex 6.451613e-02 4.174253e-01 4.516129e-01
      vertex 6.451613e-02 3.456776e-01 5.806452e-01
    endloop
  endfacet
  facet normal 3.798773e-01 -6.483701e-01 -6.597799e-01
    outer loop
      vertex -6.451613e-02 4.013810e-01 4.516129e-01
      vertex 6.451613e-02 3.456776e-01 5.806452e-01
      vertex -6.451613e-02 2.700781e-01 5.806452e-01
    endloop
  endfacet
  facet normal 2.723934e-01 -4.649178e-01 -8.424092e-01
    outer loop
      vertex -6.451613e-02 2.700781e-01 5.806452e-01
      vertex 6.451613e-02 3.456776e-01 5.806452e-01
      vertex 6.451613e-02 1.118772e-01 7.096774e-01
    endloop
  endfacet
  facet normal -5.876652e-01 -7.421570e-01 -3.222617e-01
    outer loop
      vertex -6.451613e-02 2.700781e-01 5.806452e-01
      vertex 6.451613e-02 1.118772e-01 7.096774e-01
      vertex -6.451613e-02 2.140493e-01 7.096774e-01
    endloop
  endfacet
  facet normal -5.952571e-01 -7.517447e-01 -2.838112e-01
    outer loop
      vertex -6.451613e-02 2.140493e-01 7.096774e-01
      vertex 6.451613e-02 1.118772e-01 7.096774e-01
      vertex 6.451613e-02 6.316277e-02 8.387097e-01
    endloop
  endfacet
  facet normal -7.736173e-01 -6.327568e-01 3.368997e-02
    outer loop
      vertex -6.451613e-02 2.140493e-01 7.096774e-01
      vertex 6.451613e-02 6.316277e-02 8.387097e-01
      vertex -6.451613e-02 2.209194e-01 8.387097e-01
    endloop
  endfacet
  facet normal -7.671582e-01 -6.274737e-01 1.332104e-01
    outer loop
      vertex -6.451613e-02 2.209194e-01 8.387097e-01
      vertex 6.451613e-02 6.316277e-02 8.387097e-01
      vertex 6.451613e-02 9.055586e-02 9.677419e-01
    endloop
  endfacet
  facet normal -7.882631e-01 -5.817549e-01 2.005059e-01
    outer loop
      vertex -6.451613e-02 2.209194e-01 8.387097e-01
      vertex 6.451613e-02 9.055586e-02 9.677419e-01
      vertex -6.451613e-02 2.653913e-01 9.677419e-01
    endloop
  endfacet
  facet normal -7.112249e-01 -5.248991e-01 4.675896e-01
    outer loop
      vertex -6.451613e-02 2.653913e-01 9.677419e-01
      vertex 6.451613e-02 9.055586e-02 9.677419e-01
      vertex 6.451613e-02 2.055001e-01 1.096774e+00
    endloop
  endfacet
  facet normal 1.840618e-01 -8.083111e-01 -5.592446e-01
    outer loop
      vertex -6.451613e-02 2.653913e-01 9.677419e-01
      vertex 6.451613e-02 2.055001e-01 1.096774e+00
      vertex -6.451613e-02 1.761180e-01 1.096774e+00
    endloop
  endfacet
  facet normal 1.654895e-01 -7.267504e-01 -6.666686e-01
    outer loop
      vertex -6.451613e-02 1.761180e-01 1.096774e+00
      vertex 6.451613e-02 2.055001e-01 1.096774e+00
      vertex 6.451613e-02 8.713521e-02 1.225806e+00
    endloop
  endfacet
  facet normal 1.361241e-01 -7.467122e-01 -6.510692e-01
    outer loop
      vertex -6.451613e-02 1.761180e-01 1.096774e+00
      vertex 6.451613e-02 8.713521e-02 1.225806e+00
      vertex -6.451613e-02 6.361289e-02 1.225806e+00
    endloop
  endfacet
  facet normal 1.390451e-01 -7.627353e-01 -6.315864e-01
    outer loop
      vertex -6.451613e-02 6.361289e-02 1.225806e+00
      vertex 6.451613e-02 8.713521e-02 1.225806e+00
      vertex 6.451613e-02 -1.971053e-02 1.354839e+00
    endloop
  endfacet
  facet normal -6.775664e-01 -7.000333e-01 2.255153e-01
    outer loop
      vertex -6.451613e-02 6.361289e-02 1.225806e+00
      vertex 6.451613e-02 -1.971053e-02 1.354839e+00
      vertex -6.451613e-02 1.051806e-01 1.354839e+00
    endloop
  endfacet
  facet normal -6.585660e-01 -6.804029e-01 -3.214697e-01
    outer loop
      vertex -6.451613e-02 1.051806e-01 1.354839e+00
      vertex 6.451613e-02 -1.971053e-02 1.354839e+00
      vertex 6.451613e-02 -8.067436e-02 1.483871e+00
    endloop
  endfacet
  facet normal -8.661275e-01 -3.621747e-01 3.444599e-01
    outer loop
      vertex -6.451613e-02 1.051806e-01 1.354839e+00
      vertex 6.451613e-02 -8.067436e-02 1.483871e+00
      vertex -6.451613e-02 2.279016e-01 1.483871e+00
    endloop
  endfacet
  facet normal -8.578152e-01 -3.586988e-01 3.680872e-01
    outer loop
      vertex -6.451613e-02 2.279016e-01 1.483871e+00
      vertex 6.451613e-02 -8.067436e-02 1.483871e+00
      vertex 6.451613e-02 5.173511e-02 1.612903e+00
    endloop
  endfacet
  facet normal -8.517853e-01 -4.919498e-01 1.801312e-01
    outer loop
      vertex -6.451613e-02 2.279016e-01 1.483871e+00
      vertex 6.451613e-02 5.173511e-02 1.612903e+00
      vertex -6.451613e-02 2.751477e-01 1.612903e+00
    endloop
  endfacet
  facet normal -8.548461e-01 -4.937176e-01 1.596278e-01
    outer loop
      vertex -6.451613e-02 2.751477e-01 1.612903e+00
      vertex 6.451613e-02 5.173511e-02 1.612903e+00
      vertex 6.451613e-02 9.345358e-02 1.741935e+00
    endloop
  endfacet
  facet normal -7.894200e-01 -6.099155e-01 -6.942019e-02
    outer loop
      vertex -6.451613e-02 2.751477e-01 1.612903e+00
      vertex 6.451613e-02 9.345358e-02 1.741935e+00
      vertex -6.451613e-02 2.604614e-01 1.741935e+00
    endloop
  endfacet
  facet normal -6.147779e-01 -4.749849e-01 6.296328e-01
    outer loop
      vertex -6.451613e-02 2.604614e-01 1.741935e+00
      vertex 6.451613e-02 9.345358e-02 1.741935e+00
      vertex 6.451613e-02 2.644968e-01 1.870968e+00
    endloop
  endfacet
  facet normal -6.095947e-01 -4.878072e-01 6.248507e-01
    outer loop
      vertex -6.451613e-02 2.604614e-01 1.741935e+00
      vertex 6.451613e-02 2.644968e-01 1.870968e+00
      vertex -6.451613e-02 4.257436e-01 1.870968e+00
    endloop
  endfacet
  facet normal -6.849614e-01 -5.481168e-01 4.799957e-01
    outer loop
      vertex -6.451613e-02 4.257436e-01 1.870968e+00
      vertex 6.451613e-02 2.644968e-01 1.870968e+00
      vertex 6.451613e-02 3.774926e-01 2.000000e+00
    endloop
  endfacet
  facet normal -7.223140e-01 -3.711816e-01 5.835124e-01
    outer loop
      vertex -6.451613e-02 4.257436e-01 1.870968e+00
      vertex 6.451613e-02 3.774926e-01 2.000000e+00
      vertex -6.451613e-02 6.285875e-01 2.000000e+00
    endloop
  endfacet
  facet normal 1.943730e-01 -7.783530e-01 -5.969806e-01
    outer loop
      vertex 6.451613e-02 5.090750e-01 -2.000000e+00
      vertex 1.935484e-01 5.412974e-01 -2.000000e+00
      vertex 1.935484e-01 4.423323e-01 -1.870968e+00
    endloop
  endfacet
  facet normal 3.666325e-01 -6.244751e-01 -6.896459e-01
    outer loop
      vertex 6.451613e-02 5.090750e-01 -2.000000e+00
      vertex 1.935484e-01 4.423323e-01 -1.870968e+00
      vertex 6.451613e-02 3.665768e-01 -1.870968e+00
    endloop
  endfacet
  facet normal 3.490026e-01 -5.944465e-01 -7.244519e-01
    outer loop
      vertex 6.451613e-02 3.665768e-01 -1.870968e+00
      vertex 1.935484e-01 4.423323e-01 -1.870968e+00
      vertex 1.935484e-01 2.850807e-01 -1.741935e+00
    endloop
  endfacet
  facet normal 2.712063e-01 -6.679184e-01 -6.930600e-01
    outer loop
      vertex 6.451613e-02 3.665768e-01 -1.870968e+00
      vertex 1.935484e-01 2.850807e-01 -1.741935e+00
      vertex 6.451613e-02 2.326876e-01 -1.741935e+00
    endloop
  endfacet
  facet normal 2.352036e-01 -5.792522e-01 -7.804781e-01
    outer loop
      vertex 6.451613e-02 2.326876e-01 -1.741935e+00
      vertex 1.935484e-01 2.850807e-01 -1.741935e+00
      vertex 1.935484e-01 1.112241e-01 -1.612903e+00
    endloop
  endfacet
  facet normal -6.793917e-02 -7.594714e-01 -6.469833e-01
    outer loop
      vertex 6.451613e-02 2.326876e-01 -1.741935e+00
      vertex 1.935484e-01 1.112241e-01 -1.612903e+00
      vertex 6.451613e-02 1.227668e-01 -1.612903e+00
    endloop
  endfacet
  facet normal -6.714637e-02 -7.506090e-01 -6.573260e-01
    outer loop
      vertex 6.451613e-02 1.227668e-01 -1.612903e+00
      vertex 1.935484e-01 1.112241e-01 -1.612903e+00
      vertex 1.935484e-01 -1.772509e-03 -1.483871e+00
    endloop
  endfacet
  facet normal -9.008978e-02 -7.600942e-01 -6.435375e-01
    outer loop
      vertex 6.451613e-02 1.227668e-01 -1.612903e+00
      vertex 1.935484e-01 -1.772509e-03 -1.483871e+00
      vertex 6.451613e-02 1.352097e-02 -1.483871e+00
    endloop
  endfacet
  facet normal -1.176996e-01 -9.930403e-01 -4.215755e-03
    outer loop
      vertex 6.451613e-02 1.352097e-02 -1.483871e+00
      vertex 1.935484e-01 -1.772509e-03 -1.483871e+00
      vertex 1.935484e-01 -2.320289e-03 -1.354839e+00
    endloop
  endfacet
  facet normal 1.037416e-01 -9.693406e-01 -2.227474e-01
    outer loop
      vertex 6.451613e-02 1.352097e-02 -1.483871e+00
      vertex 1.935484e-01 -2.320289e-03 -1.354839e+00
      vertex 6.451613e-02 -1.612969e-02 -1.354839e+00
    endloop
  endfacet
  facet normal 8.244318e-02 -7.703322e-01 6.322907e-01
    outer loop
      vertex 6.451613e-02 -1.612969e-02 -1.354839e+00
      vertex 1.935484e-01 -2.320289e-03 -1.354839e+00
      vertex 1.935484e-01 1.035897e-01 -1.225806e+00
    endloop
  endfacet
  facet normal -6.863319e-02 -6.961863e-01 7.145726e-01
    outer loop
      vertex 6.451613e-02 -1.612969e-02 -1.354839e+00
      vertex 1.935484e-01 1.035897e-01 -1.225806e+00
      vertex 6.451613e-02 1.163103e-01 -1.225806e+00
    endloop
  endfacet
  facet normal -5.488370e-02 -5.567173e-01 8.288870e-01
    outer loop
      vertex 6.451613e-02 1.163103e-01 -1.225806e+00
      vertex 1.935484e-01 1.035897e-01 -1.225806e+00
      vertex 1.935484e-01 2.957037e-01 -1.096774e+00
    endloop
  endfacet
  facet normal 1.121917e-01 -6.321479e-01 7.666825e-01
    outer loop
      vertex 6.451613e-02 1.163103e-01 -1.225806e+00
      vertex 1.935484e-01 2.957037e-01 -1.096774e+00
      vertex 6.451613e-02 2.728034e-01 -1.096774e+00
    endloop
  endfacet
  facet normal 1.616824e-01 -9.110047e-01 -3.793801e-01
    outer loop
      vertex 6.451613e-02 2.728034e-01 -1.096774e+00
      vertex 1.935484e-01 2.957037e-01 -1.096774e+00
      vertex 1.935484e-01 2.419693e-01 -9.677419e-01
    endloop
  endfacet
  facet normal -3.546037e-02 -9.794407e-01 -1.985911e-01
    outer loop
      vertex 6.451613e-02 2.728034e-01 -1.096774e+00
      vertex 1.935484e-01 2.419693e-01 -9.677419e-01
      vertex 6.451613e-02 2.466409e-01 -9.677419e-01
    endloop
  endfacet
  facet normal -3.316523e-02 -9.160473e-01 -3.996967e-01
    outer loop
      vertex 6.451613e-02 2.466409e-01 -9.677419e-01
      vertex 1.935484e-01 2.419693e-01 -9.677419e-01
      vertex 1.935484e-01 1.856690e-01 -8.387097e-01
    endloop
  endfacet
  facet normal 3.392665e-01 -6.729752e-01 -6.572690e-01
    outer loop
      vertex 6.451613e-02 2.466409e-01 -9.677419e-01
      vertex 1.935484e-01 1.856690e-01 -8.387097e-01
      vertex 6.451613e-02 1.206200e-01 -8.387097e-01
    endloop
  endfacet
  facet normal 3.986517e-01 -7.907728e-01 -4.644945e-01
    outer loop
      vertex 6.451613e-02 1.206200e-01 -8.387097e-01
      vertex 1.935484e-01 1.856690e-01 -8.387097e-01
      vertex 1.935484e-01 1.098763e-01 -7.096774e-01
    endloop
  endfacet
  facet normal -3.443925e-01 -8.993090e-01 2.695126e-01
    outer loop
      vertex 6.451613e-02 1.206200e-01 -8.387097e-01
      vertex 1.935484e-01 1.098763e-01 -7.096774e-01
      vertex 6.451613e-02 1.592895e-01 -7.096774e-01
    endloop
  endfacet
  facet normal -2.777691e-01 -7.253359e-01 6.298668e-01
    outer loop
      vertex 6.451613e-02 1.592895e-01 -7.096774e-01
      vertex 1.935484e-01 1.098763e-01 -7.096774e-01
      vertex 1.935484e-01 2.219253e-01 -5.806452e-01
    endloop
  endfacet
  facet normal -4.741184e-01 -5.066681e-01 7.200689e-01
    outer loop
      vertex 6.451613e-02 1.592895e-01 -7.096774e-01
      vertex 1.935484e-01 2.219253e-01 -5.806452e-01
      vertex 6.451613e-02 3.426682e-01 -5.806452e-01
    endloop
  endfacet
  facet normal -6.021640e-01 -6.435044e-01 4.725469e-01
    outer loop
      vertex 6.451613e-02 3.426682e-01 -5.806452e-01
      vertex 1.935484e-01 2.219253e-01 -5.806452e-01
      vertex 1.935484e-01 3.166780e-01 -4.516129e-01
    endloop
  endfacet
  facet normal -6.502487e-01 -5.310578e-01 5.432810e-01
    outer loop
      vertex 6.451613e-02 3.426682e-01 -5.806452e-01
      vertex 1.935484e-01 3.166780e-01 -4.516129e-01
      vertex 6.451613e-02 4.746703e-01 -4.516129e-01
    endloop
  endfacet
  facet normal -6.690899e-01 -5.464454e-01 5.037024e-01
    outer loop
      vertex 6.451613e-02 4.746703e-01 -4.516129e-01
      vertex 1.935484e-01 3.166780e-01 -4.516129e-01
      vertex 1.935484e-01 4.356173e-01 -3.225806e-01
    endloop
  endfacet
  facet normal -5.202466e-01 -8.083248e-01 2.755985e-01
    outer loop
      vertex 6.451613e-02 4.746703e-01 -4.516129e-01
      vertex 1.935484e-01 4.356173e-01 -3.225806e-01
      vertex 6.451613e-02 5.186639e-01 -3.225806e-01
    endloop
  endfacet
  facet normal -3.880939e-01 -6.029947e-01 6.969796e-01
    outer loop
      vertex 6.451613e-02 5.186639e-01 -3.225806e-01
      vertex 1.935484e-01 4.356173e-01 -3.225806e-01
      vertex 1.935484e-01 5.847610e-01 -1.935484e-01
    endloop
  endfacet
  facet normal -4.960687e-01 -4.641339e-01 7.338226e-01
    outer loop
      vertex 6.451613e-02 5.186639e-01 -3.225806e-01
      vertex 1.935484e-01 5.847610e-01 -1.935484e-01
      vertex 6.451613e-02 7.226714e-01 -1.935484e-01
    endloop
  endfacet
  facet normal -4.116344e-01 -3.851352e-01 8.259710e-01
    outer loop
      vertex 6.451613e-02 7.226714e-01 -1.935484e-01
      vertex 1.935484e-01 5.847610e-01 -1.935484e-01
      vertex 1.935484e-01 8.614870e-01 -6.451613e-02
    endloop
  endfacet
  facet normal -2.780834e-01 -5.024713e-01 8.186527e-01
    outer loop
      vertex 6.451613e-02 7.226714e-01 -1.935484e-01
      vertex 1.935484e-01 8.614870e-01 -6.451613e-02
      vertex 6.451613e-02 9.328975e-01 -6.451613e-02
    endloop
  endfacet
  facet normal -3.586704e-01 -6.480846e-01 6.718198e-01
    outer loop
      vertex 6.451613e-02 9.328975e-01 -6.451613e-02
      vertex 1.935484e-01 8.614870e-01 -6.451613e-02
      vertex 1.935484e-01 9.952449e-01 6.451613e-02
    endloop
  endfacet
  facet normal -1.878940e-01 -7.975399e-01 5.732590e-01
    outer loop
      vertex 6.451613e-02 9.328975e-01 -6.451613e-02
      vertex 1.935484e-01 9.952449e-01 6.451613e-02
      vertex 6.451613e-02 1.025644e+00 6.451613e-02
    endloop
  endfacet
  facet normal -2.165182e-01 -9.190390e-01 3.293740e-01
    outer loop
      vertex 6.451613e-02 1.025644e+00 6.451613e-02
      vertex 1.935484e-01 9.952449e-01 6.451613e-02
      vertex 1.935484e-01 1.041489e+00 1.935484e-01
    endloop
  endfacet
  facet normal 6.775599e-01 -3.774799e-01 -6.312063e-01
    outer loop
      vertex 6.451613e-02 1.025644e+00 6.451613e-02
      vertex 1.935484e-01 1.041489e+00 1.935484e-01
      vertex 6.451613e-02 8.098815e-01 1.935484e-01
    endloop
  endfacet
  facet normal 6.107649e-01 -3.402673e-01 -7.149716e-01
    outer loop
      vertex 6.451613e-02 8.098815e-01 1.935484e-01
      vertex 1.935484e-01 1.041489e+00 1.935484e-01
      vertex 1.935484e-01 7.703654e-01 3.225806e-01
    endloop
  endfacet
  facet normal 5.979410e-01 -3.697323e-01 -7.111713e-01
    outer loop
      vertex 6.451613e-02 8.098815e-01 1.935484e-01
      vertex 1.935484e-01 7.703654e-01 3.225806e-01
      vertex 6.451613e-02 5.616909e-01 3.225806e-01
    endloop
  endfacet
  facet normal 7.096093e-01 -4.387815e-01 -5.512942e-01
    outer loop
      vertex 6.451613e-02 5.616909e-01 3.225806e-01
      vertex 1.935484e-01 7.703654e-01 3.225806e-01
      vertex 1.935484e-01 6.082466e-01 4.516129e-01
    endloop
  endfacet
  facet normal 7.020678e-01 -4.747343e-01 -5.307807e-01
    outer loop
      vertex 6.451613e-02 5.616909e-01 3.225806e-01
      vertex 1.935484e-01 6.082466e-01 4.516129e-01
      vertex 6.451613e-02 4.174253e-01 4.516129e-01
    endloop
  endfacet
  facet normal 5.931888e-01 -4.011110e-01 -6.980236e-01
    outer loop
      vertex 6.451613e-02 4.174253e-01 4.516129e-01
      vertex 1.935484e-01 6.082466e-01 4.516129e-01
      vertex 1.935484e-01 3.837013e-01 5.806452e-01
    endloop
  endfacet
  facet normal 2.494079e-01 -8.463566e-01 -4.706126e-01
    outer loop
      vertex 6.451613e-02 4.174253e-01 4.516129e-01
      vertex 1.935484e-01 3.837013e-01 5.806452e-01
      vertex 6.451613e-02 3.456776e-01 5.806452e-01
    endloop
  endfacet
  facet normal 1.665670e-01 -5.652389e-01 -8.079359e-01
    outer loop
      vertex 6.451613e-02 3.456776e-01 5.806452e-01
      vertex 1.935484e-01 3.837013e-01 5.806452e-01
      vertex 1.935484e-01 1.992664e-01 7.096774e-01
    endloop
  endfacet
  facet normal 3.110177e-01 -4.592249e-01 -8.320940e-01
    outer loop
      vertex 6.451613e-02 3.456776e-01 5.806452e-01
      vertex 1.935484e-01 1.992664e-01 7.096774e-01
      vertex 6.451613e-02 1.118772e-01 7.096774e-01
    endloop
  endfacet
  facet normal 4.244235e-01 -6.266712e-01 -6.535655e-01
    outer loop
      vertex 6.451613e-02 1.118772e-01 7.096774e-01
      vertex 1.935484e-01 1.992664e-01 7.096774e-01
      vertex 1.935484e-01 6.469662e-02 8.387097e-01
    endloop
  endfacet
  facet normal 1.112044e-02 -9.354888e-01 -3.531814e-01
    outer loop
      vertex 6.451613e-02 1.118772e-01 7.096774e-01
      vertex 1.935484e-01 6.469662e-02 8.387097e-01
      vertex 6.451613e-02 6.316277e-02 8.387097e-01
    endloop
  endfacet
  facet normal 1.186879e-02 -9.984417e-01 5.452830e-02
    outer loop
      vertex 6.451613e-02 6.316277e-02 8.387097e-01
      vertex 1.935484e-01 6.469662e-02 8.387097e-01
      vertex 1.935484e-01 7.174351e-02 9.677419e-01
    endloop
  endfacet
  facet normal -1.411886e-01 -9.684004e-01 2.055880e-01
    outer loop
      vertex 6.451613e-02 6.316277e-02 8.387097e-01
      vertex 1.935484e-01 7.174351e-02 9.677419e-01
      vertex 6.451613e-02 9.055586e-02 9.677419e-01
    endloop
  endfacet
  facet normal -1.425665e-01 -9.778508e-01 -1.532406e-01
    outer loop
      vertex 6.451613e-02 9.055586e-02 9.677419e-01
      vertex 1.935484e-01 7.174351e-02 9.677419e-01
      vertex 1.935484e-01 5.152265e-02 1.096774e+00
    endloop
  endfacet
  facet normal -6.652640e-01 -5.574875e-01 4.966200e-01
    outer loop
      vertex 6.451613e-02 9.055586e-02 9.677419e-01
      vertex 1.935484e-01 5.152265e-02 1.096774e+00
      vertex 6.451613e-02 2.055001e-01 1.096774e+00
    endloop
  endfacet
  facet normal -7.547109e-01 -6.324435e-01 1.744328e-01
    outer loop
      vertex 6.451613e-02 2.055001e-01 1.096774e+00
      vertex 1.935484e-01 5.152265e-02 1.096774e+00
      vertex 1.935484e-01 8.711074e-02 1.225806e+00
    endloop
  endfacet
  facet normal -1.397286e-04 -7.369113e-01 -6.759895e-01
    outer loop
      vertex 6.451613e-02 2.055001e-01 1.096774e+00
      vertex 1.935484e-01 8.711074e-02 1.225806e+00
      vertex 6.451613e-02 8.713521e-02 1.225806e+00
    endloop
  endfacet
  facet normal -1.001621e-04 -5.282422e-01 -8.490937e-01
    outer loop
      vertex 6.451613e-02 8.713521e-02 1.225806e+00
      vertex 1.935484e-01 8.711074e-02 1.225806e+00
      vertex 1.935484e-01 -1.202950e-01 1.354839e+00
    endloop
  endfacet
  facet normal -5.147524e-01 -6.603371e-01 -5.467951e-01
    outer loop
      vertex 6.451613e-02 8.713521e-02 1.225806e+00
      vertex 1.935484e-01 -1.202950e-01 1.354839e+00
      vertex 6.451613e-02 -1.971053e-02 1.354839e+00
    endloop
  endfacet
  facet normal -6.040806e-01 -7.749295e-01 -1.859325e-01
    outer loop
      vertex 6.451613e-02 -1.971053e-02 1.354839e+00
      vertex 1.935484e-01 -1.202950e-01 1.354839e+00
      vertex 1.935484e-01 -1.512543e-01 1.483871e+00
    endloop
  endfacet
  facet normal -4.433170e-01 -8.104593e-01 -3.829175e-01
    outer loop
      vertex 6.451613e-02 -1.971053e-02 1.354839e+00
      vertex 1.935484e-01 -1.512543e-01 1.483871e+00
      vertex 6.451613e-02 -8.067436e-02 1.483871e+00
    endloop
  endfacet
  facet normal -4.781012e-01 -8.740507e-01 -8.634046e-02
    outer loop
      vertex 6.451613e-02 -8.067436e-02 1.483871e+00
      vertex 1.935484e-01 -1.512543e-01 1.483871e+00
      vertex 1.935484e-01 -1.640004e-01 1.612903e+00
    endloop
  endfacet
  facet normal -7.593149e-01 -4.541492e-01 4.660359e-01
    outer loop
      vertex 6.451613e-02 -8.067436e-02 1.483871e+00
      vertex 1.935484e-01 -1.640004e-01 1.612903e+00
      vertex 6.451613e-02 5.173511e-02 1.612903e+00
    endloop
  endfacet
  facet normal -7.922961e-01 -4.738754e-01 3.843292e-01
    outer loop
      vertex 6.451613e-02 5.173511e-02 1.612903e+00
      vertex 1.935484e-01 -1.640004e-01 1.612903e+00
      vertex 1.935484e-01 -5.935081e-02 1.741935e+00
    endloop
  endfacet
  facet normal -7.479372e-01 -6.315789e-01 2.042009e-01
    outer loop
      vertex 6.451613e-02 5.173511e-02 1.612903e+00
      vertex 1.935484e-01 -5.935081e-02 1.741935e+00
      vertex 6.451613e-02 9.345358e-02 1.741935e+00
    endloop
  endfacet
  facet normal -6.887998e-01 -5.816416e-01 4.327216e-01
    outer loop
      vertex 6.451613e-02 9.345358e-02 1.741935e+00
      vertex 1.935484e-01 -5.935081e-02 1.741935e+00
      vertex 1.935484e-01 3.664481e-02 1.870968e+00
    endloop
  endfacet
  facet normal -7.285097e-01 -4.125541e-01 5.468754e-01
    outer loop
      vertex 6.451613e-02 9.345358e-02 1.741935e+00
      vertex 1.935484e-01 3.664481e-02 1.870968e+00
      vertex 6.451613e-02 2.644968e-01 1.870968e+00
    endloop
  endfacet
  facet normal -7.481105e-01 -4.236540e-01 5.107328e-01
    outer loop
      vertex 6.451613e-02 2.644968e-01 1.870968e+00
      vertex 1.935484e-01 3.664481e-02 1.870968e+00
      vertex 1.935484e-01 1.921986e-01 2.000000e+00
    endloop
  endfacet
  facet normal -7.338664e-01 -5.110389e-01 4.475259e-01
    outer loop
      vertex 6.451613e-02 2.644968e-01 1.870968e+00
      vertex 1.935484e-01 1.921986e-01 2.000000e+00
      vertex 6.451613e-02 3.774926e-01 2.000000e+00
    endloop
  endfacet
  facet normal 2.043603e-01 -6.060650e-01 -7.687146e-01
    outer loop
      vertex 1.935484e-01 5.412974e-01 -2.000000e+00
      vertex 3.225806e-01 5.848060e-01 -2.000000e+00
      vertex 3.225806e-01 4.211454e-01 -1.870968e+00
    endloop
  endfacet
  facet normal -1.291975e-01 -7.868363e-01 -6.034871e-01
    outer loop
      vertex 1.935484e-01 5.412974e-01 -2.000000e+00
      vertex 3.225806e-01 4.211454e-01 -1.870968e+00
      vertex 1.935484e-01 4.423323e-01 -1.870968e+00
    endloop
  endfacet
  facet normal -1.064774e-01 -6.484667e-01 -7.537596e-01
    outer loop
      vertex 1.935484e-01 4.423323e-01 -1.870968e+00
      vertex 3.225806e-01 4.211454e-01 -1.870968e+00
      vertex 3.225806e-01 2.711619e-01 -1.741935e+00
    endloop
  endfacet
  facet normal -6.826636e-02 -6.328524e-01 -7.712571e-01
    outer loop
      vertex 1.935484e-01 4.423323e-01 -1.870968e+00
      vertex 3.225806e-01 2.711619e-01 -1.741935e+00
      vertex 1.935484e-01 2.850807e-01 -1.741935e+00
    endloop
  endfacet
  facet normal -6.219248e-02 -5.765455e-01 -8.146947e-01
    outer loop
      vertex 1.935484e-01 2.850807e-01 -1.741935e+00
      vertex 3.225806e-01 2.711619e-01 -1.741935e+00
      vertex 3.225806e-01 8.883129e-02 -1.612903e+00
    endloop
  endfacet
  facet normal -1.028785e-01 -5.928093e-01 -7.987448e-01
    outer loop
      vertex 1.935484e-01 2.850807e-01 -1.741935e+00
      vertex 3.225806e-01 8.883129e-02 -1.612903e+00
      vertex 1.935484e-01 1.112241e-01 -1.612903e+00
    endloop
  endfacet
  facet normal -1.546377e-01 -8.910573e-01 -4.267364e-01
    outer loop
      vertex 1.935484e-01 1.112241e-01 -1.612903e+00
      vertex 3.225806e-01 8.883129e-02 -1.612903e+00
      vertex 3.225806e-01 2.703643e-02 -1.483871e+00
    endloop
  endfacet
  facet normal 1.656466e-01 -7.419139e-01 -6.497115e-01
    outer loop
      vertex 1.935484e-01 1.112241e-01 -1.612903e+00
      vertex 3.225806e-01 2.703643e-02 -1.483871e+00
      vertex 1.935484e-01 -1.772509e-03 -1.483871e+00
    endloop
  endfacet
  facet normal 1.797420e-01 -8.050456e-01 -5.653268e-01
    outer loop
      vertex 1.935484e-01 -1.772509e-03 -1.483871e+00
      vertex 3.225806e-01 2.703643e-02 -1.483871e+00
      vertex 3.225806e-01 -6.357383e-02 -1.354839e+00
    endloop
  endfacet
  facet normal -4.288435e-01 -9.033706e-01 -3.835080e-03
    outer loop
      vertex 1.935484e-01 -1.772509e-03 -1.483871e+00
      vertex 3.225806e-01 -6.357383e-02 -1.354839e+00
      vertex 1.935484e-01 -2.320289e-03 -1.354839e+00
    endloop
  endfacet
  facet normal -4.224007e-01 -8.897986e-01 1.727313e-01
    outer loop
      vertex 1.935484e-01 -2.320289e-03 -1.354839e+00
      vertex 3.225806e-01 -6.357383e-02 -1.354839e+00
      vertex 3.225806e-01 -3.852557e-02 -1.225806e+00
    endloop
  endfacet
  facet normal -6.482393e-01 -5.885628e-01 4.830939e-01
    outer loop
      vertex 1.935484e-01 -2.320289e-03 -1.354839e+00
      vertex 3.225806e-01 -3.852557e-02 -1.225806e+00
      vertex 1.935484e-01 1.035897e-01 -1.225806e+00
    endloop
  endfacet
  facet normal -6.874738e-01 -6.241855e-01 3.711768e-01
    outer loop
      vertex 1.935484e-01 1.035897e-01 -1.225806e+00
      vertex 3.225806e-01 -3.852557e-02 -1.225806e+00
      vertex 3.225806e-01 3.820448e-02 -1.096774e+00
    endloop
  endfacet
  facet normal -7.437610e-01 -3.726970e-01 5.549022e-01
    outer loop
      vertex 1.935484e-01 1.035897e-01 -1.225806e+00
      vertex 3.225806e-01 3.820448e-02 -1.096774e+00
      vertex 1.935484e-01 2.957037e-01 -1.096774e+00
    endloop
  endfacet
  facet normal -8.855092e-01 -4.437267e-01 1.377682e-01
    outer loop
      vertex 1.935484e-01 2.957037e-01 -1.096774e+00
      vertex 3.225806e-01 3.820448e-02 -1.096774e+00
      vertex 3.225806e-01 7.826641e-02 -9.677419e-01
    endloop
  endfacet
  facet normal -7.605016e-01 -5.994350e-01 -2.496296e-01
    outer loop
      vertex 1.935484e-01 2.957037e-01 -1.096774e+00
      vertex 3.225806e-01 7.826641e-02 -9.677419e-01
      vertex 1.935484e-01 2.419693e-01 -9.677419e-01
    endloop
  endfacet
  facet normal -7.543435e-01 -5.945811e-01 2.782789e-01
    outer loop
      vertex 1.935484e-01 2.419693e-01 -9.677419e-01
      vertex 3.225806e-01 7.826641e-02 -9.677419e-01
      vertex 3.225806e-01 1.386568e-01 -8.387097e-01
    endloop
  endfacet
  facet normal -3.167461e-01 -8.693586e-01 -3.793251e-01
    outer loop
      vertex 1.935484e-01 2.419693e-01 -9.677419e-01
      vertex 3.225806e-01 1.386568e-01 -8.387097e-01
      vertex 1.935484e-01 1.856690e-01 -8.387097e-01
    endloop
  endfacet
  facet normal -3.134630e-01 -8.603475e-01 -4.019244e-01
    outer loop
      vertex 1.935484e-01 1.856690e-01 -8.387097e-01
      vertex 3.225806e-01 1.386568e-01 -8.387097e-01
      vertex 3.225806e-01 7.837737e-02 -7.096774e-01
    endloop
  endfacet
  facet normal -2.059765e-01 -8.437621e-01 -4.956200e-01
    outer loop
      vertex 1.935484e-01 1.856690e-01 -8.387097e-01
      vertex 3.225806e-01 7.837737e-02 -7.096774e-01
      vertex 1.935484e-01 1.098763e-01 -7.096774e-01
    endloop
  endfacet
  facet normal -2.060122e-01 -8.439084e-01 -4.953561e-01
    outer loop
      vertex 1.935484e-01 1.098763e-01 -7.096774e-01
      vertex 3.225806e-01 7.837737e-02 -7.096774e-01
      vertex 3.225806e-01 2.638213e-03 -5.806452e-01
    endloop
  endfacet
  facet normal -7.887661e-01 -4.641235e-01 4.030353e-01
    outer loop
      vertex 1.935484e-01 1.098763e-01 -7.096774e-01
      vertex 3.225806e-01 2.638213e-03 -5.806452e-01
      vertex 1.935484e-01 2.219253e-01 -5.806452e-01
    endloop
  endfacet
  facet normal -7.712120e-01 -4.537943e-01 4.464334e-01
    outer loop
      vertex 1.935484e-01 2.219253e-01 -5.806452e-01
      vertex 3.225806e-01 2.638213e-03 -5.806452e-01
      vertex 3.225806e-01 1.295775e-01 -4.516129e-01
    endloop
  endfacet
  facet normal -7.598308e-01 -5.240107e-01 3.847987e-01
    outer loop
      vertex 1.935484e-01 2.219253e-01 -5.806452e-01
      vertex 3.225806e-01 1.295775e-01 -4.516129e-01
      vertex 1.935484e-01 3.166780e-01 -4.516129e-01
    endloop
  endfacet
  facet normal -6.039485e-01 -4.165078e-01 6.795348e-01
    outer loop
      vertex 1.935484e-01 3.166780e-01 -4.516129e-01
      vertex 3.225806e-01 1.295775e-01 -4.516129e-01
      vertex 3.225806e-01 3.400943e-01 -3.225806e-01
    endloop
  endfacet
  facet normal -4.780902e-01 -6.458031e-01 5.952883e-01
    outer loop
      vertex 1.935484e-01 3.166780e-01 -4.516129e-01
      vertex 3.225806e-01 3.400943e-01 -3.225806e-01
      vertex 1.935484e-01 4.356173e-01 -3.225806e-01
    endloop
  endfacet
  facet normal -3.591919e-01 -4.851956e-01 7.972242e-01
    outer loop
      vertex 1.935484e-01 4.356173e-01 -3.225806e-01
      vertex 3.225806e-01 3.400943e-01 -3.225806e-01
      vertex 3.225806e-01 5.521071e-01 -1.935484e-01
    endloop
  endfacet
  facet normal -1.633527e-01 -6.454886e-01 7.460968e-01
    outer loop
      vertex 1.935484e-01 4.356173e-01 -3.225806e-01
      vertex 3.225806e-01 5.521071e-01 -1.935484e-01
      vertex 1.935484e-01 5.847610e-01 -1.935484e-01
    endloop
  endfacet
  facet normal -1.624676e-01 -6.419913e-01 7.493006e-01
    outer loop
      vertex 1.935484e-01 5.847610e-01 -1.935484e-01
      vertex 3.225806e-01 5.521071e-01 -1.935484e-01
      vertex 3.225806e-01 7.027072e-01 -6.451613e-02
    endloop
  endfacet
  facet normal -4.613712e-01 -3.749328e-01 8.040908e-01
    outer loop
      vertex 1.935484e-01 5.847610e-01 -1.935484e-01
      vertex 3.225806e-01 7.027072e-01 -6.451613e-02
      vertex 1.935484e-01 8.614870e-01 -6.451613e-02
    endloop
  endfacet
  facet normal -7.125962e-01 -5.790906e-01 3.960565e-01
    outer loop
      vertex 1.935484e-01 8.614870e-01 -6.451613e-02
      vertex 3.225806e-01 7.027072e-01 -6.451613e-02
      vertex 3.225806e-01 7.909560e-01 6.451613e-02
    endloop
  endfacet
  facet normal -7.396993e-01 -4.672064e-01 4.843172e-01
    outer loop
      vertex 1.935484e-01 8.614870e-01 -6.451613e-02
      vertex 3.225806e-01 7.909560e-01 6.451613e-02
      vertex 1.935484e-01 9.952449e-01 6.451613e-02
    endloop
  endfacet
  facet normal -6.346362e-01 -4.008467e-01 6.607260e-01
    outer loop
      vertex 1.935484e-01 9.952449e-01 6.451613e-02
      vertex 3.225806e-01 7.909560e-01 6.451613e-02
      vertex 3.225806e-01 1.003643e+00 1.935484e-01
    endloop
  endfacet
  facet normal -2.661478e-01 -9.074165e-01 3.252086e-01
    outer loop
      vertex 1.935484e-01 9.952449e-01 6.451613e-02
      vertex 3.225806e-01 1.003643e+00 1.935484e-01
      vertex 1.935484e-01 1.041489e+00 1.935484e-01
    endloop
  endfacet
  facet normal -2.801459e-01 -9.551424e-01 9.602737e-02
    outer loop
      vertex 1.935484e-01 1.041489e+00 1.935484e-01
      vertex 3.225806e-01 1.003643e+00 1.935484e-01
      vertex 3.225806e-01 1.016616e+00 3.225806e-01
    endloop
  endfacet
  facet normal 6.341344e-01 -3.322789e-01 -6.981864e-01
    outer loop
      vertex 1.935484e-01 1.041489e+00 1.935484e-01
      vertex 3.225806e-01 1.016616e+00 3.225806e-01
      vertex 1.935484e-01 7.703654e-01 3.225806e-01
    endloop
  endfacet
  facet normal 7.125776e-01 -3.733822e-01 -5.939856e-01
    outer loop
      vertex 1.935484e-01 7.703654e-01 3.225806e-01
      vertex 3.225806e-01 1.016616e+00 3.225806e-01
      vertex 3.225806e-01 8.113480e-01 4.516129e-01
    endloop
  endfacet
  facet normal 7.000085e-01 -4.447220e-01 -5.587579e-01
    outer loop
      vertex 1.935484e-01 7.703654e-01 3.225806e-01
      vertex 3.225806e-01 8.113480e-01 4.516129e-01
      vertex 1.935484e-01 6.082466e-01 4.516129e-01
    endloop
  endfacet
  facet normal 4.926863e-01 -3.130083e-01 -8.119643e-01
    outer loop
      vertex 1.935484e-01 6.082466e-01 4.516129e-01
      vertex 3.225806e-01 8.113480e-01 4.516129e-01
      vertex 3.225806e-01 4.766298e-01 5.806452e-01
    endloop
  endfacet
  facet normal 3.377416e-01 -4.689584e-01 -8.160935e-01
    outer loop
      vertex 1.935484e-01 6.082466e-01 4.516129e-01
      vertex 3.225806e-01 4.766298e-01 5.806452e-01
      vertex 1.935484e-01 3.837013e-01 5.806452e-01
    endloop
  endfacet
  facet normal 3.807097e-01 -5.286201e-01 -7.586968e-01
    outer loop
      vertex 1.935484e-01 3.837013e-01 5.806452e-01
      vertex 3.225806e-01 4.766298e-01 5.806452e-01
      vertex 3.225806e-01 2.914375e-01 7.096774e-01
    endloop
  endfacet
  facet normal 3.789453e-01 -5.304938e-01 -7.582722e-01
    outer loop
      vertex 1.935484e-01 3.837013e-01 5.806452e-01
      vertex 3.225806e-01 2.914375e-01 7.096774e-01
      vertex 1.935484e-01 1.992664e-01 7.096774e-01
    endloop
  endfacet
  facet normal 5.566179e-01 -7.792216e-01 -2.880803e-01
    outer loop
      vertex 1.935484e-01 1.992664e-01 7.096774e-01
      vertex 3.225806e-01 2.914375e-01 7.096774e-01
      vertex 3.225806e-01 2.437339e-01 8.387097e-01
    endloop
  endfacet
  facet normal 6.926502e-01 -4.991933e-01 -5.206167e-01
    outer loop
      vertex 1.935484e-01 1.992664e-01 7.096774e-01
      vertex 3.225806e-01 2.437339e-01 8.387097e-01
      vertex 1.935484e-01 6.469662e-02 8.387097e-01
    endloop
  endfacet
  facet normal 7.929456e-01 -5.714763e-01 -2.113104e-01
    outer loop
      vertex 1.935484e-01 6.469662e-02 8.387097e-01
      vertex 3.225806e-01 2.437339e-01 8.387097e-01
      vertex 3.225806e-01 1.960226e-01 9.677419e-01
    endloop
  endfacet
  facet normal 6.931804e-01 -7.196916e-01 3.930481e-02
    outer loop
      vertex 1.935484e-01 6.469662e-02 8.387097e-01
      vertex 3.225806e-01 1.960226e-01 9.677419e-01
      vertex 1.935484e-01 7.174351e-02 9.677419e-01
    endloop
  endfacet
  facet normal 5.102082e-01 -5.297214e-01 -6.775565e-01
    outer loop
      vertex 1.935484e-01 7.174351e-02 9.677419e-01
      vertex 3.225806e-01 1.960226e-01 9.677419e-01
      vertex 3.225806e-01 3.097993e-02 1.096774e+00
    endloop
  endfacet
  facet normal -1.553763e-01 -9.759442e-01 -1.529418e-01
    outer loop
      vertex 1.935484e-01 7.174351e-02 9.677419e-01
      vertex 3.225806e-01 3.097993e-02 1.096774e+00
      vertex 1.935484e-01 5.152265e-02 1.096774e+00
    endloop
  endfacet
  facet normal -1.436425e-01 -9.022424e-01 -4.066024e-01
    outer loop
      vertex 1.935484e-01 5.152265e-02 1.096774e+00
      vertex 3.225806e-01 3.097993e-02 1.096774e+00
      vertex 3.225806e-01 -2.716944e-02 1.225806e+00
    endloop
  endfacet
  facet normal -6.493214e-01 -7.331402e-01 2.022057e-01
    outer loop
      vertex 1.935484e-01 5.152265e-02 1.096774e+00
      vertex 3.225806e-01 -2.716944e-02 1.225806e+00
      vertex 1.935484e-01 8.711074e-02 1.225806e+00
    endloop
  endfacet
  facet normal -5.511252e-01 -6.222682e-01 -5.559167e-01
    outer loop
      vertex 1.935484e-01 8.711074e-02 1.225806e+00
      vertex 3.225806e-01 -2.716944e-02 1.225806e+00
      vertex 3.225806e-01 -1.424432e-01 1.354839e+00
    endloop
  endfacet
  facet normal -9.030149e-02 -5.260841e-01 -8.456247e-01
    outer loop
      vertex 1.935484e-01 8.711074e-02 1.225806e+00
      vertex 3.225806e-01 -1.424432e-01 1.354839e+00
      vertex 1.935484e-01 -1.202950e-01 1.354839e+00
    endloop
  endfacet
  facet normal -1.643559e-01 -9.575151e-01 2.369640e-01
    outer loop
      vertex 1.935484e-01 -1.202950e-01 1.354839e+00
      vertex 3.225806e-01 -1.424432e-01 1.354839e+00
      vertex 3.225806e-01 -1.105105e-01 1.483871e+00
    endloop
  endfacet
  facet normal 2.935248e-01 -9.295688e-01 -2.230359e-01
    outer loop
      vertex 1.935484e-01 -1.202950e-01 1.354839e+00
      vertex 3.225806e-01 -1.105105e-01 1.483871e+00
      vertex 1.935484e-01 -1.512543e-01 1.483871e+00
    endloop
  endfacet
  facet normal 2.662394e-01 -8.431583e-01 -4.671195e-01
    outer loop
      vertex 1.935484e-01 -1.512543e-01 1.483871e+00
      vertex 3.225806e-01 -1.105105e-01 1.483871e+00
      vertex 3.225806e-01 -1.819959e-01 1.612903e+00
    endloop
  endfacet
  facet normal -1.374719e-01 -9.857081e-01 -9.737020e-02
    outer loop
      vertex 1.935484e-01 -1.512543e-01 1.483871e+00
      vertex 3.225806e-01 -1.819959e-01 1.612903e+00
      vertex 1.935484e-01 -1.640004e-01 1.612903e+00
    endloop
  endfacet
  facet normal -1.354152e-01 -9.709610e-01 1.972245e-01
    outer loop
      vertex 1.935484e-01 -1.640004e-01 1.612903e+00
      vertex 3.225806e-01 -1.819959e-01 1.612903e+00
      vertex 3.225806e-01 -1.557865e-01 1.741935e+00
    endloop
  endfacet
  facet normal -5.020193e-01 -6.717088e-01 5.447788e-01
    outer loop
      vertex 1.935484e-01 -1.640004e-01 1.612903e+00
      vertex 3.225806e-01 -1.557865e-01 1.741935e+00
      vertex 1.935484e-01 -5.935081e-02 1.741935e+00
    endloop
  endfacet
  facet normal -5.461096e-01 -7.307022e-01 4.096810e-01
    outer loop
      vertex 1.935484e-01 -5.935081e-02 1.741935e+00
      vertex 3.225806e-01 -1.557865e-01 1.741935e+00
      vertex 3.225806e-01 -8.344227e-02 1.870968e+00
    endloop
  endfacet
  facet normal -5.983048e-01 -6.428720e-01 4.782749e-01
    outer loop
      vertex 1.935484e-01 -5.935081e-02 1.741935e+00
      vertex 3.225806e-01 -8.344227e-02 1.870968e+00
      vertex 1.935484e-01 3.664481e-02 1.870968e+00
    endloop
  endfacet
  facet normal -5.671410e-01 -6.093869e-01 5.540746e-01
    outer loop
      vertex 1.935484e-01 3.664481e-02 1.870968e+00
      vertex 3.225806e-01 -8.344227e-02 1.870968e+00
      vertex 3.225806e-01 3.387812e-02 2.000000e+00
    endloop
  endfacet
  facet normal -6.166744e-01 -5.025937e-01 6.058979e-01
    outer loop
      vertex 1.935484e-01 3.664481e-02 1.870968e+00
      vertex 3.225806e-01 3.387812e-02 2.000000e+00
      vertex 1.935484e-01 1.921986e-01 2.000000e+00
    endloop
  endfacet
  facet normal -8.505951e-01 -5.168475e-01 9.673028e-02
    outer loop
      vertex 3.225806e-01 5.848060e-01 -2.000000e+00
      vertex 4.516129e-01 3.724529e-01 -2.000000e+00
      vertex 4.516129e-01 3.966018e-01 -1.870968e+00
    endloop
  endfacet
  facet normal -1.169584e-01 -6.148821e-01 -7.798979e-01
    outer loop
      vertex 3.225806e-01 5.848060e-01 -2.000000e+00
      vertex 4.516129e-01 3.966018e-01 -1.870968e+00
      vertex 3.225806e-01 4.211454e-01 -1.870968e+00
    endloop
  endfacet
  facet normal -1.712507e-01 -9.003116e-01 -4.001402e-01
    outer loop
      vertex 3.225806e-01 4.211454e-01 -1.870968e+00
      vertex 4.516129e-01 3.966018e-01 -1.870968e+00
      vertex 4.516129e-01 3.392539e-01 -1.741935e+00
    endloop
  endfacet
  facet normal 3.254271e-01 -6.166745e-01 -7.168052e-01
    outer loop
      vertex 3.225806e-01 4.211454e-01 -1.870968e+00
      vertex 4.516129e-01 3.392539e-01 -1.741935e+00
      vertex 3.225806e-01 2.711619e-01 -1.741935e+00
    endloop
  endfacet
  facet normal 3.463542e-01 -6.563308e-01 -6.702750e-01
    outer loop
      vertex 3.225806e-01 2.711619e-01 -1.741935e+00
      vertex 4.516129e-01 3.392539e-01 -1.741935e+00
      vertex 4.516129e-01 2.074803e-01 -1.612903e+00
    endloop
  endfacet
  facet normal 4.691062e-01 -5.101589e-01 -7.208864e-01
    outer loop
      vertex 3.225806e-01 2.711619e-01 -1.741935e+00
      vertex 4.516129e-01 2.074803e-01 -1.612903e+00
      vertex 3.225806e-01 8.883129e-02 -1.612903e+00
    endloop
  endfacet
  facet normal 4.135698e-01 -4.497624e-01 -7.916273e-01
    outer loop
      vertex 3.225806e-01 8.883129e-02 -1.612903e+00
      vertex 4.516129e-01 2.074803e-01 -1.612903e+00
      vertex 4.516129e-01 -1.962953e-02 -1.483871e+00
    endloop
  endfacet
  facet normal -3.101044e-01 -8.574444e-01 -4.106389e-01
    outer loop
      vertex 3.225806e-01 8.883129e-02 -1.612903e+00
      vertex 4.516129e-01 -1.962953e-02 -1.483871e+00
      vertex 3.225806e-01 2.703643e-02 -1.483871e+00
    endloop
  endfacet
  facet normal -2.798156e-01 -7.736952e-01 -5.684179e-01
    outer loop
      vertex 3.225806e-01 2.703643e-02 -1.483871e+00
      vertex 4.516129e-01 -1.962953e-02 -1.483871e+00
      vertex 4.516129e-01 -1.144269e-01 -1.354839e+00
    endloop
  endfacet
  facet normal -3.069592e-01 -7.788649e-01 -5.469419e-01
    outer loop
      vertex 3.225806e-01 2.703643e-02 -1.483871e+00
      vertex 4.516129e-01 -1.144269e-01 -1.354839e+00
      vertex 3.225806e-01 -6.357383e-02 -1.354839e+00
    endloop
  endfacet
  facet normal -3.170649e-01 -8.045066e-01 -5.022339e-01
    outer loop
      vertex 3.225806e-01 -6.357383e-02 -1.354839e+00
      vertex 4.516129e-01 -1.144269e-01 -1.354839e+00
      vertex 4.516129e-01 -1.949786e-01 -1.225806e+00
    endloop
  endfacet
  facet normal -7.656555e-01 -6.314629e-01 1.225821e-01
    outer loop
      vertex 3.225806e-01 -6.357383e-02 -1.354839e+00
      vertex 4.516129e-01 -1.949786e-01 -1.225806e+00
      vertex 3.225806e-01 -3.852557e-02 -1.225806e+00
    endloop
  endfacet
  facet normal -7.660937e-01 -6.318243e-01 1.178924e-01
    outer loop
      vertex 3.225806e-01 -3.852557e-02 -1.225806e+00
      vertex 4.516129e-01 -1.949786e-01 -1.225806e+00
      vertex 4.516129e-01 -1.709024e-01 -1.096774e+00
    endloop
  endfacet
  facet normal -8.123335e-01 -5.012615e-01 2.980792e-01
    outer loop
      vertex 3.225806e-01 -3.852557e-02 -1.225806e+00
      vertex 4.516129e-01 -1.709024e-01 -1.096774e+00
      vertex 3.225806e-01 3.820448e-02 -1.096774e+00
    endloop
  endfacet
  facet normal -8.284532e-01 -5.112085e-01 -2.287600e-01
    outer loop
      vertex 3.225806e-01 3.820448e-02 -1.096774e+00
      vertex 4.516129e-01 -1.709024e-01 -1.096774e+00
      vertex 4.516129e-01 -2.286429e-01 -9.677419e-01
    endloop
  endfacet
  facet normal -9.152399e-01 -3.847895e-01 1.194694e-01
    outer loop
      vertex 3.225806e-01 3.820448e-02 -1.096774e+00
      vertex 4.516129e-01 -2.286429e-01 -9.677419e-01
      vertex 3.225806e-01 7.826641e-02 -9.677419e-01
    endloop
  endfacet
  facet normal -8.911537e-01 -3.746631e-01 2.558761e-01
    outer loop
      vertex 3.225806e-01 7.826641e-02 -9.677419e-01
      vertex 4.516129e-01 -2.286429e-01 -9.677419e-01
      vertex 4.516129e-01 -1.405203e-01 -8.387097e-01
    endloop
  endfacet
  facet normal -8.907259e-01 -4.116827e-01 1.926779e-01
    outer loop
      vertex 3.225806e-01 7.826641e-02 -9.677419e-01
      vertex 4.516129e-01 -1.405203e-01 -8.387097e-01
      vertex 3.225806e-01 1.386568e-01 -8.387097e-01
    endloop
  endfacet
  facet normal -9.077172e-01 -4.195359e-01 6.250716e-03
    outer loop
      vertex 3.225806e-01 1.386568e-01 -8.387097e-01
      vertex 4.516129e-01 -1.405203e-01 -8.387097e-01
      vertex 4.516129e-01 -1.385978e-01 -7.096774e-01
    endloop
  endfacet
  facet normal -8.359981e-01 -4.971569e-01 -2.322544e-01
    outer loop
      vertex 3.225806e-01 1.386568e-01 -8.387097e-01
      vertex 4.516129e-01 -1.385978e-01 -7.096774e-01
      vertex 3.225806e-01 7.837737e-02 -7.096774e-01
    endloop
  endfacet
  facet normal -8.547974e-01 -5.083366e-01 1.044762e-01
    outer loop
      vertex 3.225806e-01 7.837737e-02 -7.096774e-01
      vertex 4.516129e-01 -1.385978e-01 -7.096774e-01
      vertex 4.516129e-01 -1.120784e-01 -5.806452e-01
    endloop
  endfacet
  facet normal -6.084615e-01 -6.843923e-01 -4.017236e-01
    outer loop
      vertex 3.225806e-01 7.837737e-02 -7.096774e-01
      vertex 4.516129e-01 -1.120784e-01 -5.806452e-01
      vertex 3.225806e-01 2.638213e-03 -5.806452e-01
    endloop
  endfacet
  facet normal -5.468901e-01 -6.151373e-01 5.679061e-01
    outer loop
      vertex 3.225806e-01 2.638213e-03 -5.806452e-01
      vertex 4.516129e-01 -1.120784e-01 -5.806452e-01
      vertex 4.516129e-01 7.046573e-03 -4.516129e-01
    endloop
  endfacet
  facet normal -5.605798e-01 -5.903236e-01 5.807481e-01
    outer loop
      vertex 3.225806e-01 2.638213e-03 -5.806452e-01
      vertex 4.516129e-01 7.046573e-03 -4.516129e-01
      vertex 3.225806e-01 1.295775e-01 -4.516129e-01
    endloop
  endfacet
  facet normal -3.618534e-01 -3.810530e-01 8.508001e-01
    outer loop
      vertex 3.225806e-01 1.295775e-01 -4.516129e-01
      vertex 4.516129e-01 7.046573e-03 -4.516129e-01
      vertex 4.516129e-01 2.951447e-01 -3.225806e-01
    endloop
  endfacet
  facet normal -1.791019e-01 -5.141293e-01 8.388049e-01
    outer loop
      vertex 3.225806e-01 1.295775e-01 -4.516129e-01
      vertex 4.516129e-01 2.951447e-01 -3.225806e-01
      vertex 3.225806e-01 3.400943e-01 -3.225806e-01
    endloop
  endfacet
  facet normal -2.000044e-01 -5.741320e-01 7.939589e-01
    outer loop
      vertex 3.225806e-01 3.400943e-01 -3.225806e-01
      vertex 4.516129e-01 2.951447e-01 -3.225806e-01
      vertex 4.516129e-01 4.735816e-01 -1.935484e-01
    endloop
  endfacet
  facet normal -3.016533e-01 -4.956734e-01 8.144404e-01
    outer loop
      vertex 3.225806e-01 3.400943e-01 -3.225806e-01
      vertex 4.516129e-01 4.735816e-01 -1.935484e-01
      vertex 3.225806e-01 5.521071e-01 -1.935484e-01
    endloop
  endfacet
  facet normal -4.199024e-01 -6.899791e-01 5.895852e-01
    outer loop
      vertex 3.225806e-01 5.521071e-01 -1.935484e-01
      vertex 4.516129e-01 4.735816e-01 -1.935484e-01
      vertex 4.516129e-01 5.838393e-01 -6.451613e-02
    endloop
  endfacet
  facet normal -5.141064e-01 -5.580675e-01 6.513489e-01
    outer loop
      vertex 3.225806e-01 5.521071e-01 -1.935484e-01
      vertex 4.516129e-01 5.838393e-01 -6.451613e-02
      vertex 3.225806e-01 7.027072e-01 -6.451613e-02
    endloop
  endfacet
  facet normal -6.188779e-01 -6.717980e-01 4.070352e-01
    outer loop
      vertex 3.225806e-01 7.027072e-01 -6.451613e-02
      vertex 4.516129e-01 5.838393e-01 -6.451613e-02
      vertex 4.516129e-01 6.620185e-01 6.451613e-02
    endloop
  endfacet
  facet normal -6.362954e-01 -6.367633e-01 4.355005e-01
    outer loop
      vertex 3.225806e-01 7.027072e-01 -6.451613e-02
      vertex 4.516129e-01 6.620185e-01 6.451613e-02
      vertex 3.225806e-01 7.909560e-01 6.451613e-02
    endloop
  endfacet
  facet normal -4.112787e-01 -4.115811e-01 8.132963e-01
    outer loop
      vertex 3.225806e-01 7.909560e-01 6.451613e-02
      vertex 4.516129e-01 6.620185e-01 6.451613e-02
      vertex 4.516129e-01 9.169901e-01 1.935484e-01
    endloop
  endfacet
  facet normal -3.289451e-01 -4.898212e-01 8.073849e-01
    outer loop
      vertex 3.225806e-01 7.909560e-01 6.451613e-02
      vertex 4.516129e-01 9.169901e-01 1.935484e-01
      vertex 3.225806e-01 1.003643e+00 1.935484e-01
    endloop
  endfacet
  facet normal -4.616111e-01 -6.873696e-01 5.607479e-01
    outer loop
      vertex 3.225806e-01 1.003643e+00 1.935484e-01
      vertex 4.516129e-01 9.169901e-01 1.935484e-01
      vertex 4.516129e-01 1.022253e+00 3.225806e-01
    endloop
  endfacet
  facet normal 4.342897e-02 -9.940454e-01 9.993857e-02
    outer loop
      vertex 3.225806e-01 1.003643e+00 1.935484e-01
      vertex 4.516129e-01 1.022253e+00 3.225806e-01
      vertex 3.225806e-01 1.016616e+00 3.225806e-01
    endloop
  endfacet
  facet normal 3.078913e-02 -7.047322e-01 -7.088050e-01
    outer loop
      vertex 3.225806e-01 1.016616e+00 3.225806e-01
      vertex 4.516129e-01 1.022253e+00 3.225806e-01
      vertex 4.516129e-01 8.924751e-01 4.516129e-01
    endloop
  endfacet
  facet normal 3.173149e-01 -5.046883e-01 -8.028705e-01
    outer loop
      vertex 3.225806e-01 1.016616e+00 3.225806e-01
      vertex 4.516129e-01 8.924751e-01 4.516129e-01
      vertex 3.225806e-01 8.113480e-01 4.516129e-01
    endloop
  endfacet
  facet normal 2.564986e-01 -4.079601e-01 -8.762289e-01
    outer loop
      vertex 3.225806e-01 8.113480e-01 4.516129e-01
      vertex 4.516129e-01 8.924751e-01 4.516129e-01
      vertex 4.516129e-01 6.153357e-01 5.806452e-01
    endloop
  endfacet
  facet normal 3.606404e-01 -3.354884e-01 -8.702793e-01
    outer loop
      vertex 3.225806e-01 8.113480e-01 4.516129e-01
      vertex 4.516129e-01 6.153357e-01 5.806452e-01
      vertex 3.225806e-01 4.766298e-01 5.806452e-01
    endloop
  endfacet
  facet normal 6.700784e-01 -6.233455e-01 -4.030327e-01
    outer loop
      vertex 3.225806e-01 4.766298e-01 5.806452e-01
      vertex 4.516129e-01 6.153357e-01 5.806452e-01
      vertex 4.516129e-01 5.319081e-01 7.096774e-01
    endloop
  endfacet
  facet normal 7.291288e-01 -3.912375e-01 -5.615198e-01
    outer loop
      vertex 3.225806e-01 4.766298e-01 5.806452e-01
      vertex 4.516129e-01 5.319081e-01 7.096774e-01
      vertex 3.225806e-01 2.914375e-01 7.096774e-01
    endloop
  endfacet
  facet normal 8.628308e-01 -4.629796e-01 -2.029110e-01
    outer loop
      vertex 3.225806e-01 2.914375e-01 7.096774e-01
      vertex 4.516129e-01 5.319081e-01 7.096774e-01
      vertex 4.516129e-01 4.753569e-01 8.387097e-01
    endloop
  endfacet
  facet normal 8.597865e-01 -4.789689e-01 -1.770761e-01
    outer loop
      vertex 3.225806e-01 2.914375e-01 7.096774e-01
      vertex 4.516129e-01 4.753569e-01 8.387097e-01
      vertex 3.225806e-01 2.437339e-01 8.387097e-01
    endloop
  endfacet
  facet normal 6.940179e-01 -3.866227e-01 -6.073401e-01
    outer loop
      vertex 3.225806e-01 2.437339e-01 8.387097e-01
      vertex 4.516129e-01 4.753569e-01 8.387097e-01
      vertex 4.516129e-01 2.726619e-01 9.677419e-01
    endloop
  endfacet
  facet normal 4.866672e-01 -8.193677e-01 -3.029714e-01
    outer loop
      vertex 3.225806e-01 2.437339e-01 8.387097e-01
      vertex 4.516129e-01 2.726619e-01 9.677419e-01
      vertex 3.225806e-01 1.960226e-01 9.677419e-01
    endloop
  endfacet
  facet normal 2.462840e-01 -4.146511e-01 -8.760186e-01
    outer loop
      vertex 3.225806e-01 1.960226e-01 9.677419e-01
      vertex 4.516129e-01 2.726619e-01 9.677419e-01
      vertex 4.516129e-01 6.010487e-05 1.096774e+00
    endloop
  endfacet
  facet normal -1.460100e-01 -6.093179e-01 -7.793669e-01
    outer loop
      vertex 3.225806e-01 1.960226e-01 9.677419e-01
      vertex 4.516129e-01 6.010487e-05 1.096774e+00
      vertex 3.225806e-01 3.097993e-02 1.096774e+00
    endloop
  endfacet
  facet normal -2.041506e-01 -8.519458e-01 -4.821938e-01
    outer loop
      vertex 3.225806e-01 3.097993e-02 1.096774e+00
      vertex 4.516129e-01 6.010487e-05 1.096774e+00
      vertex 4.516129e-01 -7.297101e-02 1.225806e+00
    endloop
  endfacet
  facet normal -3.078965e-01 -8.674066e-01 -3.909034e-01
    outer loop
      vertex 3.225806e-01 3.097993e-02 1.096774e+00
      vertex 4.516129e-01 -7.297101e-02 1.225806e+00
      vertex 3.225806e-01 -2.716944e-02 1.225806e+00
    endloop
  endfacet
  facet normal -3.229853e-01 -9.099148e-01 -2.602605e-01
    outer loop
      vertex 3.225806e-01 -2.716944e-02 1.225806e+00
      vertex 4.516129e-01 -7.297101e-02 1.225806e+00
      vertex 4.516129e-01 -1.098778e-01 1.354839e+00
    endloop
  endfacet
  facet normal 1.849655e-01 -7.328792e-01 -6.547334e-01
    outer loop
      vertex 3.225806e-01 -2.716944e-02 1.225806e+00
      vertex 4.516129e-01 -1.098778e-01 1.354839e+00
      vertex 3.225806e-01 -1.424432e-01 1.354839e+00
    endloop
  endfacet
  facet normal 2.370274e-01 -9.391613e-01 -2.485842e-01
    outer loop
      vertex 3.225806e-01 -1.424432e-01 1.354839e+00
      vertex 4.516129e-01 -1.098778e-01 1.354839e+00
      vertex 4.516129e-01 -1.440310e-01 1.483871e+00
    endloop
  endfacet
  facet normal -2.445209e-01 -9.412488e-01 2.329384e-01
    outer loop
      vertex 3.225806e-01 -1.424432e-01 1.354839e+00
      vertex 4.516129e-01 -1.440310e-01 1.483871e+00
      vertex 3.225806e-01 -1.105105e-01 1.483871e+00
    endloop
  endfacet
  facet normal -2.006790e-01 -7.724858e-01 -6.024895e-01
    outer loop
      vertex 3.225806e-01 -1.105105e-01 1.483871e+00
      vertex 4.516129e-01 -1.440310e-01 1.483871e+00
      vertex 4.516129e-01 -2.446679e-01 1.612903e+00
    endloop
  endfacet
  facet normal -3.910341e-01 -8.050807e-01 -4.460240e-01
    outer loop
      vertex 3.225806e-01 -1.105105e-01 1.483871e+00
      vertex 4.516129e-01 -2.446679e-01 1.612903e+00
      vertex 3.225806e-01 -1.819959e-01 1.612903e+00
    endloop
  endfacet
  facet normal -4.085499e-01 -8.411431e-01 3.543518e-01
    outer loop
      vertex 3.225806e-01 -1.819959e-01 1.612903e+00
      vertex 4.516129e-01 -2.446679e-01 1.612903e+00
      vertex 4.516129e-01 -1.903099e-01 1.741935e+00
    endloop
  endfacet
  facet normal -2.536289e-01 -9.479437e-01 1.925492e-01
    outer loop
      vertex 3.225806e-01 -1.819959e-01 1.612903e+00
      vertex 4.516129e-01 -1.903099e-01 1.741935e+00
      vertex 3.225806e-01 -1.557865e-01 1.741935e+00
    endloop
  endfacet
  facet normal -1.471203e-01 -5.498657e-01 8.221942e-01
    outer loop
      vertex 3.225806e-01 -1.557865e-01 1.741935e+00
      vertex 4.516129e-01 -1.903099e-01 1.741935e+00
      vertex 4.516129e-01 2.627322e-03 1.870968e+00
    endloop
  endfacet
  facet normal 5.029013e-01 -7.539305e-01 4.227044e-01
    outer loop
      vertex 3.225806e-01 -1.557865e-01 1.741935e+00
      vertex 4.516129e-01 2.627322e-03 1.870968e+00
      vertex 3.225806e-01 -8.344227e-02 1.870968e+00
    endloop
  endfacet
  facet normal 4.891096e-01 -7.332545e-01 4.723448e-01
    outer loop
      vertex 3.225806e-01 -8.344227e-02 1.870968e+00
      vertex 4.516129e-01 2.627322e-03 1.870968e+00
      vertex 4.516129e-01 8.574678e-02 2.000000e+00
    endloop
  endfacet
  facet normal 2.850798e-01 -7.091852e-01 6.448146e-01
    outer loop
      vertex 3.225806e-01 -8.344227e-02 1.870968e+00
      vertex 4.516129e-01 8.574678e-02 2.000000e+00
      vertex 3.225806e-01 3.387812e-02 2.000000e+00
    endloop
  endfacet
  facet normal -6.420456e-01 -5.455365e-01 5.386719e-01
    outer loop
      vertex 4.516129e-01 3.724529e-01 -2.000000e+00
      vertex 5.806452e-01 2.205939e-01 -2.000000e+00
      vertex 5.806452e-01 3.480025e-01 -1.870968e+00
    endloop
  endfacet
  facet normal -3.471876e-01 -9.217910e-01 1.725172e-01
    outer loop
      vertex 4.516129e-01 3.724529e-01 -2.000000e+00
      vertex 5.806452e-01 3.480025e-01 -1.870968e+00
      vertex 4.516129e-01 3.966018e-01 -1.870968e+00
    endloop
  endfacet
  facet normal -3.206133e-01 -8.512356e-01 -4.154576e-01
    outer loop
      vertex 4.516129e-01 3.966018e-01 -1.870968e+00
      vertex 5.806452e-01 3.480025e-01 -1.870968e+00
      vertex 5.806452e-01 2.850265e-01 -1.741935e+00
    endloop
  endfacet
  facet normal -3.585114e-01 -8.530656e-01 -3.791419e-01
    outer loop
      vertex 4.516129e-01 3.966018e-01 -1.870968e+00
      vertex 5.806452e-01 2.850265e-01 -1.741935e+00
      vertex 4.516129e-01 3.392539e-01 -1.741935e+00
    endloop
  endfacet
  facet normal -3.029108e-01 -7.207659e-01 -6.234914e-01
    outer loop
      vertex 4.516129e-01 3.392539e-01 -1.741935e+00
      vertex 5.806452e-01 2.850265e-01 -1.741935e+00
      vertex 5.806452e-01 1.734084e-01 -1.612903e+00
    endloop
  endfacet
  facet normal -1.816693e-01 -6.879934e-01 -7.026103e-01
    outer loop
      vertex 4.516129e-01 3.392539e-01 -1.741935e+00
      vertex 5.806452e-01 1.734084e-01 -1.612903e+00
      vertex 4.516129e-01 2.074803e-01 -1.612903e+00
    endloop
  endfacet
  facet normal -1.316286e-01 -4.984861e-01 -8.568463e-01
    outer loop
      vertex 4.516129e-01 2.074803e-01 -1.612903e+00
      vertex 5.806452e-01 1.734084e-01 -1.612903e+00
      vertex 5.806452e-01 -4.838476e-02 -1.483871e+00
    endloop
  endfacet
  facet normal -1.094256e-01 -4.910216e-01 -8.642476e-01
    outer loop
      vertex 4.516129e-01 2.074803e-01 -1.612903e+00
      vertex 5.806452e-01 -4.838476e-02 -1.483871e+00
      vertex 4.516129e-01 -1.962953e-02 -1.483871e+00
    endloop
  endfacet
  facet normal -2.146505e-01 -9.631933e-01 -1.618145e-01
    outer loop
      vertex 4.516129e-01 -1.962953e-02 -1.483871e+00
      vertex 5.806452e-01 -4.838476e-02 -1.483871e+00
      vertex 5.806452e-01 -7.006191e-02 -1.354839e+00
    endloop
  endfacet
  facet normal 2.670258e-01 -7.766251e-01 -5.705704e-01
    outer loop
      vertex 4.516129e-01 -1.962953e-02 -1.483871e+00
      vertex 5.806452e-01 -7.006191e-02 -1.354839e+00
      vertex 4.516129e-01 -1.144269e-01 -1.354839e+00
    endloop
  endfacet
  facet normal 1.895722e-01 -5.513571e-01 -8.124455e-01
    outer loop
      vertex 4.516129e-01 -1.144269e-01 -1.354839e+00
      vertex 5.806452e-01 -7.006191e-02 -1.354839e+00
      vertex 5.806452e-01 -2.601958e-01 -1.225806e+00
    endloop
  endfacet
  facet normal -3.940552e-01 -7.796377e-01 -4.867089e-01
    outer loop
      vertex 4.516129e-01 -1.144269e-01 -1.354839e+00
      vertex 5.806452e-01 -2.601958e-01 -1.225806e+00
      vertex 4.516129e-01 -1.949786e-01 -1.225806e+00
    endloop
  endfacet
  facet normal -2.936580e-01 -5.810019e-01 -7.590795e-01
    outer loop
      vertex 4.516129e-01 -1.949786e-01 -1.225806e+00
      vertex 5.806452e-01 -2.601958e-01 -1.225806e+00
      vertex 5.806452e-01 -4.287766e-01 -1.096774e+00
    endloop
  endfacet
  facet normal -8.911941e-01 -4.459259e-01 8.320553e-02
    outer loop
      vertex 4.516129e-01 -1.949786e-01 -1.225806e+00
      vertex 5.806452e-01 -4.287766e-01 -1.096774e+00
      vertex 4.516129e-01 -1.709024e-01 -1.096774e+00
    endloop
  endfacet
  facet normal -8.705480e-01 -4.355952e-01 -2.289170e-01
    outer loop
      vertex 4.516129e-01 -1.709024e-01 -1.096774e+00
      vertex 5.806452e-01 -4.287766e-01 -1.096774e+00
      vertex 5.806452e-01 -4.965865e-01 -9.677419e-01
    endloop
  endfacet
  facet normal -8.844562e-01 -4.259231e-01 -1.905958e-01
    outer loop
      vertex 4.516129e-01 -1.709024e-01 -1.096774e+00
      vertex 5.806452e-01 -4.965865e-01 -9.677419e-01
      vertex 4.516129e-01 -2.286429e-01 -9.677419e-01
    endloop
  endfacet
  facet normal -7.457359e-01 -3.591203e-01 5.611690e-01
    outer loop
      vertex 4.516129e-01 -2.286429e-01 -9.677419e-01
      vertex 5.806452e-01 -4.965865e-01 -9.677419e-01
      vertex 5.806452e-01 -2.949579e-01 -8.387097e-01
    endloop
  endfacet
  facet normal -7.029639e-01 -5.873245e-01 4.011132e-01
    outer loop
      vertex 4.516129e-01 -2.286429e-01 -9.677419e-01
      vertex 5.806452e-01 -2.949579e-01 -8.387097e-01
      vertex 4.516129e-01 -1.405203e-01 -8.387097e-01
    endloop
  endfacet
  facet normal -6.931608e-01 -5.791340e-01 4.291059e-01
    outer loop
      vertex 4.516129e-01 -1.405203e-01 -8.387097e-01
      vertex 5.806452e-01 -2.949579e-01 -8.387097e-01
      vertex 5.806452e-01 -1.993522e-01 -7.096774e-01
    endloop
  endfacet
  facet normal -4.259499e-01 -9.046464e-01 1.347843e-02
    outer loop
      vertex 4.516129e-01 -1.405203e-01 -8.387097e-01
      vertex 5.806452e-01 -1.993522e-01 -7.096774e-01
      vertex 4.516129e-01 -1.385978e-01 -7.096774e-01
    endloop
  endfacet
  facet normal -3.811738e-01 -8.095494e-01 4.464709e-01
    outer loop
      vertex 4.516129e-01 -1.385978e-01 -7.096774e-01
      vertex 5.806452e-01 -1.993522e-01 -7.096774e-01
      vertex 5.806452e-01 -1.281903e-01 -5.806452e-01
    endloop
  endfacet
  facet normal -1.214058e-01 -9.722804e-01 1.998285e-01
    outer loop
      vertex 4.516129e-01 -1.385978e-01 -7.096774e-01
      vertex 5.806452e-01 -1.281903e-01 -5.806452e-01
      vertex 4.516129e-01 -1.120784e-01 -5.806452e-01
    endloop
  endfacet
  facet normal -1.157027e-01 -9.266074e-01 3.577872e-01
    outer loop
      vertex 4.516129e-01 -1.120784e-01 -5.806452e-01
      vertex 5.806452e-01 -1.281903e-01 -5.806452e-01
      vertex 5.806452e-01 -7.836756e-02 -4.516129e-01
    endloop
  endfacet
  facet normal -4.373852e-01 -6.607432e-01 6.100103e-01
    outer loop
      vertex 4.516129e-01 -1.120784e-01 -5.806452e-01
      vertex 5.806452e-01 -7.836756e-02 -4.516129e-01
      vertex 4.516129e-01 7.046573e-03 -4.516129e-01
    endloop
  endfacet
  facet normal -2.567761e-01 -3.879030e-01 8.852103e-01
    outer loop
      vertex 4.516129e-01 7.046573e-03 -4.516129e-01
      vertex 5.806452e-01 -7.836756e-02 -4.516129e-01
      vertex 5.806452e-01 2.160892e-01 -3.225806e-01
    endloop
  endfacet
  facet normal -2.429320e-01 -3.965072e-01 8.853056e-01
    outer loop
      vertex 4.516129e-01 7.046573e-03 -4.516129e-01
      vertex 5.806452e-01 2.160892e-01 -3.225806e-01
      vertex 4.516129e-01 2.951447e-01 -3.225806e-01
    endloop
  endfacet
  facet normal -3.357549e-01 -5.480103e-01 7.661288e-01
    outer loop
      vertex 4.516129e-01 2.951447e-01 -3.225806e-01
      vertex 5.806452e-01 2.160892e-01 -3.225806e-01
      vertex 5.806452e-01 3.964788e-01 -1.935484e-01
    endloop
  endfacet
  facet normal -3.304726e-01 -5.530491e-01 7.648036e-01
    outer loop
      vertex 4.516129e-01 2.951447e-01 -3.225806e-01
      vertex 5.806452e-01 3.964788e-01 -1.935484e-01
      vertex 4.516129e-01 4.735816e-01 -1.935484e-01
    endloop
  endfacet
  facet normal -4.477628e-01 -7.493355e-01 4.878573e-01
    outer loop
      vertex 4.516129e-01 4.735816e-01 -1.935484e-01
      vertex 5.806452e-01 3.964788e-01 -1.935484e-01
      vertex 5.806452e-01 4.804856e-01 -6.451613e-02
    endloop
  endfacet
  facet normal -5.201071e-01 -6.493299e-01 5.548506e-01
    outer loop
      vertex 4.516129e-01 4.735816e-01 -1.935484e-01
      vertex 5.806452e-01 4.804856e-01 -6.451613e-02
      vertex 4.516129e-01 5.838393e-01 -6.451613e-02
    endloop
  endfacet
  facet normal -6.126283e-01 -7.648383e-01 -1.992711e-01
    outer loop
      vertex 4.516129e-01 5.838393e-01 -6.451613e-02
      vertex 5.806452e-01 4.804856e-01 -6.451613e-02
      vertex 5.806452e-01 4.468676e-01 6.451613e-02
    endloop
  endfacet
  facet normal -8.187617e-01 -4.910350e-01 2.975129e-01
    outer loop
      vertex 4.516129e-01 5.838393e-01 -6.451613e-02
      vertex 5.806452e-01 4.468676e-01 6.451613e-02
      vertex 4.516129e-01 6.620185e-01 6.451613e-02
    endloop
  endfacet
  facet normal -6.795343e-01 -4.075363e-01 6.100388e-01
    outer loop
      vertex 4.516129e-01 6.620185e-01 6.451613e-02
      vertex 5.806452e-01 4.468676e-01 6.451613e-02
      vertex 5.806452e-01 6.400152e-01 1.935484e-01
    endloop
  endfacet
  facet normal -6.959807e-01 -3.242315e-01 6.406909e-01
    outer loop
      vertex 4.516129e-01 6.620185e-01 6.451613e-02
      vertex 5.806452e-01 6.400152e-01 1.935484e-01
      vertex 4.516129e-01 9.169901e-01 1.935484e-01
    endloop
  endfacet
  facet normal -7.709140e-01 -3.591401e-01 5.260323e-01
    outer loop
      vertex 4.516129e-01 9.169901e-01 1.935484e-01
      vertex 5.806452e-01 6.400152e-01 1.935484e-01
      vertex 5.806452e-01 8.290087e-01 3.225806e-01
    endloop
  endfacet
  facet normal -7.575415e-01 -5.058222e-01 4.126437e-01
    outer loop
      vertex 4.516129e-01 9.169901e-01 1.935484e-01
      vertex 5.806452e-01 8.290087e-01 3.225806e-01
      vertex 4.516129e-01 1.022253e+00 3.225806e-01
    endloop
  endfacet
  facet normal -7.685899e-01 -5.131994e-01 3.819633e-01
    outer loop
      vertex 4.516129e-01 1.022253e+00 3.225806e-01
      vertex 5.806452e-01 8.290087e-01 3.225806e-01
      vertex 5.806452e-01 9.250446e-01 4.516129e-01
    endloop
  endfacet
  facet normal 1.752155e-01 -6.941592e-01 -6.981709e-01
    outer loop
      vertex 4.516129e-01 1.022253e+00 3.225806e-01
      vertex 5.806452e-01 9.250446e-01 4.516129e-01
      vertex 4.516129e-01 8.924751e-01 4.516129e-01
    endloop
  endfacet
  facet normal 1.991384e-01 -7.889357e-01 -5.813125e-01
    outer loop
      vertex 4.516129e-01 8.924751e-01 4.516129e-01
      vertex 5.806452e-01 9.250446e-01 4.516129e-01
      vertex 5.806452e-01 8.299696e-01 5.806452e-01
    endloop
  endfacet
  facet normal 5.746124e-01 -3.454419e-01 -7.419505e-01
    outer loop
      vertex 4.516129e-01 8.924751e-01 4.516129e-01
      vertex 5.806452e-01 8.299696e-01 5.806452e-01
      vertex 4.516129e-01 6.153357e-01 5.806452e-01
    endloop
  endfacet
  facet normal 8.329391e-01 -5.007411e-01 -2.355225e-01
    outer loop
      vertex 4.516129e-01 6.153357e-01 5.806452e-01
      vertex 5.806452e-01 8.299696e-01 5.806452e-01
      vertex 5.806452e-01 7.692796e-01 7.096774e-01
    endloop
  endfacet
  facet normal 8.394726e-01 -4.563272e-01 -2.950447e-01
    outer loop
      vertex 4.516129e-01 6.153357e-01 5.806452e-01
      vertex 5.806452e-01 7.692796e-01 7.096774e-01
      vertex 4.516129e-01 5.319081e-01 7.096774e-01
    endloop
  endfacet
  facet normal 7.011136e-01 -3.811169e-01 -6.026521e-01
    outer loop
      vertex 4.516129e-01 5.319081e-01 7.096774e-01
      vertex 5.806452e-01 7.692796e-01 7.096774e-01
      vertex 5.806452e-01 5.652436e-01 8.387097e-01
    endloop
  endfacet
  facet normal 5.378775e-01 -7.721226e-01 -3.383997e-01
    outer loop
      vertex 4.516129e-01 5.319081e-01 7.096774e-01
      vertex 5.806452e-01 5.652436e-01 8.387097e-01
      vertex 4.516129e-01 4.753569e-01 8.387097e-01
    endloop
  endfacet
  facet normal 3.626652e-01 -5.206055e-01 -7.729449e-01
    outer loop
      vertex 4.516129e-01 4.753569e-01 8.387097e-01
      vertex 5.806452e-01 5.652436e-01 8.387097e-01
      vertex 5.806452e-01 3.736689e-01 9.677419e-01
    endloop
  endfacet
  facet normal 3.875237e-01 -4.950456e-01 -7.776601e-01
    outer loop
      vertex 4.516129e-01 4.753569e-01 8.387097e-01
      vertex 5.806452e-01 3.736689e-01 9.677419e-01
      vertex 4.516129e-01 2.726619e-01 9.677419e-01
    endloop
  endfacet
  facet normal 3.197895e-01 -4.085179e-01 -8.548964e-01
    outer loop
      vertex 4.516129e-01 2.726619e-01 9.677419e-01
      vertex 5.806452e-01 3.736689e-01 9.677419e-01
      vertex 5.806452e-01 1.036459e-01 1.096774e+00
    endloop
  endfacet
  facet normal 3.248320e-01 -4.046288e-01 -8.548448e-01
    outer loop
      vertex 4.516129e-01 2.726619e-01 9.677419e-01
      vertex 5.806452e-01 1.036459e-01 1.096774e+00
      vertex 4.516129e-01 6.010487e-05 1.096774e+00
    endloop
  endfacet
  facet normal 4.841526e-01 -6.030873e-01 -6.339416e-01
    outer loop
      vertex 4.516129e-01 6.010487e-05 1.096774e+00
      vertex 5.806452e-01 1.036459e-01 1.096774e+00
      vertex 5.806452e-01 -3.198769e-02 1.225806e+00
    endloop
  endfacet
  facet normal 2.664261e-01 -8.388185e-01 -4.747638e-01
    outer loop
      vertex 4.516129e-01 6.010487e-05 1.096774e+00
      vertex 5.806452e-01 -3.198769e-02 1.225806e+00
      vertex 4.516129e-01 -7.297101e-02 1.225806e+00
    endloop
  endfacet
  facet normal 2.089547e-01 -6.578750e-01 -7.235595e-01
    outer loop
      vertex 4.516129e-01 -7.297101e-02 1.225806e+00
      vertex 5.806452e-01 -3.198769e-02 1.225806e+00
      vertex 5.806452e-01 -1.739030e-01 1.354839e+00
    endloop
  endfacet
  facet normal -4.305763e-01 -8.677556e-01 -2.482019e-01
    outer loop
      vertex 4.516129e-01 -7.297101e-02 1.225806e+00
      vertex 5.806452e-01 -1.739030e-01 1.354839e+00
      vertex 4.516129e-01 -1.098778e-01 1.354839e+00
    endloop
  endfacet
  facet normal -3.877957e-01 -7.815383e-01 -4.886844e-01
    outer loop
      vertex 4.516129e-01 -1.098778e-01 1.354839e+00
      vertex 5.806452e-01 -1.739030e-01 1.354839e+00
      vertex 5.806452e-01 -2.545849e-01 1.483871e+00
    endloop
  endfacet
  facet normal -6.378804e-01 -7.444974e-01 -1.970591e-01
    outer loop
      vertex 4.516129e-01 -1.098778e-01 1.354839e+00
      vertex 5.806452e-01 -2.545849e-01 1.483871e+00
      vertex 4.516129e-01 -1.440310e-01 1.483871e+00
    endloop
  endfacet
  facet normal -6.249979e-01 -7.294618e-01 2.779625e-01
    outer loop
      vertex 4.516129e-01 -1.440310e-01 1.483871e+00
      vertex 5.806452e-01 -2.545849e-01 1.483871e+00
      vertex 5.806452e-01 -2.054170e-01 1.612903e+00
    endloop
  endfacet
  facet normal 2.332492e-01 -7.667768e-01 -5.980369e-01
    outer loop
      vertex 4.516129e-01 -1.440310e-01 1.483871e+00
      vertex 5.806452e-01 -2.054170e-01 1.612903e+00
      vertex 4.516129e-01 -2.446679e-01 1.612903e+00
    endloop
  endfacet
  facet normal 1.500515e-01 -4.932753e-01 8.568337e-01
    outer loop
      vertex 4.516129e-01 -2.446679e-01 1.612903e+00
      vertex 5.806452e-01 -2.054170e-01 1.612903e+00
      vertex 5.806452e-01 1.871582e-02 1.741935e+00
    endloop
  endfacet
  facet normal 8.308299e-01 -5.128739e-01 2.160605e-01
    outer loop
      vertex 4.516129e-01 -2.446679e-01 1.612903e+00
      vertex 5.806452e-01 1.871582e-02 1.741935e+00
      vertex 4.516129e-01 -1.903099e-01 1.741935e+00
    endloop
  endfacet
  facet normal 8.259871e-01 -5.098844e-01 2.403398e-01
    outer loop
      vertex 4.516129e-01 -1.903099e-01 1.741935e+00
      vertex 5.806452e-01 1.871582e-02 1.741935e+00
      vertex 5.806452e-01 7.953665e-02 1.870968e+00
    endloop
  endfacet
  facet normal 3.145341e-01 -5.277000e-01 7.890507e-01
    outer loop
      vertex 4.516129e-01 -1.903099e-01 1.741935e+00
      vertex 5.806452e-01 7.953665e-02 1.870968e+00
      vertex 4.516129e-01 2.627322e-03 1.870968e+00
    endloop
  endfacet
  facet normal 4.979901e-01 -8.354877e-01 -2.323062e-01
    outer loop
      vertex 4.516129e-01 2.627322e-03 1.870968e+00
      vertex 5.806452e-01 7.953665e-02 1.870968e+00
      vertex 5.806452e-01 4.365940e-02 2.000000e+00
    endloop
  endfacet
  facet normal -2.644469e-01 -8.107461e-01 5.222630e-01
    outer loop
      vertex 4.516129e-01 2.627322e-03 1.870968e+00
      vertex 5.806452e-01 4.365940e-02 2.000000e+00
      vertex 4.516129e-01 8.574678e-02 2.000000e+00
    endloop
  endfacet
  facet normal -7.958034e-01 -5.744048e-01 1.917188e-01
    outer loop
      vertex 5.806452e-01 2.205939e-01 -2.000000e+00
      vertex 7.096774e-01 4.182746e-02 -2.000000e+00
      vertex 7.096774e-01 8.489450e-02 -1.870968e+00
    endloop
  endfacet
  facet normal -8.233869e-01 -4.038017e-01 3.987206e-01
    outer loop
      vertex 5.806452e-01 2.205939e-01 -2.000000e+00
      vertex 7.096774e-01 8.489450e-02 -1.870968e+00
      vertex 5.806452e-01 3.480025e-01 -1.870968e+00
    endloop
  endfacet
  facet normal -8.813595e-01 -4.322324e-01 1.907368e-01
    outer loop
      vertex 5.806452e-01 3.480025e-01 -1.870968e+00
      vertex 7.096774e-01 8.489450e-02 -1.870968e+00
      vertex 7.096774e-01 1.418342e-01 -1.741935e+00
    endloop
  endfacet
  facet normal -7.061493e-01 -6.363196e-01 -3.105648e-01
    outer loop
      vertex 5.806452e-01 3.480025e-01 -1.870968e+00
      vertex 7.096774e-01 1.418342e-01 -1.741935e+00
      vertex 5.806452e-01 2.850265e-01 -1.741935e+00
    endloop
  endfacet
  facet normal -5.916091e-01 -5.331061e-01 -6.048112e-01
    outer loop
      vertex 5.806452e-01 2.850265e-01 -1.741935e+00
      vertex 7.096774e-01 1.418342e-01 -1.741935e+00
      vertex 7.096774e-01 -4.553428e-03 -1.612903e+00
    endloop
  endfacet
  facet normal -7.218592e-01 -5.233881e-01 -4.527517e-01
    outer loop
      vertex 5.806452e-01 2.850265e-01 -1.741935e+00
      vertex 7.096774e-01 -4.553428e-03 -1.612903e+00
      vertex 5.806452e-01 1.734084e-01 -1.612903e+00
    endloop
  endfacet
  facet normal -6.720220e-01 -4.872534e-01 -5.576474e-01
    outer loop
      vertex 5.806452e-01 1.734084e-01 -1.612903e+00
      vertex 7.096774e-01 -4.553428e-03 -1.612903e+00
      vertex 7.096774e-01 -1.522271e-01 -1.483871e+00
    endloop
  endfacet
  facet normal -3.751370e-01 -4.661371e-01 -8.012418e-01
    outer loop
      vertex 5.806452e-01 1.734084e-01 -1.612903e+00
      vertex 7.096774e-01 -1.522271e-01 -1.483871e+00
      vertex 5.806452e-01 -4.838476e-02 -1.483871e+00
    endloop
  endfacet
  facet normal -5.454929e-01 -6.778176e-01 -4.929512e-01
    outer loop
      vertex 5.806452e-01 -4.838476e-02 -1.483871e+00
      vertex 7.096774e-01 -1.522271e-01 -1.483871e+00
      vertex 7.096774e-01 -2.460674e-01 -1.354839e+00
    endloop
  endfacet
  facet normal -8.025397e-01 -5.883538e-01 -9.884222e-02
    outer loop
      vertex 5.806452e-01 -4.838476e-02 -1.483871e+00
      vertex 7.096774e-01 -2.460674e-01 -1.354839e+00
      vertex 5.806452e-01 -7.006191e-02 -1.354839e+00
    endloop
  endfacet
  facet normal -6.826714e-01 -5.004766e-01 -5.324311e-01
    outer loop
      vertex 5.806452e-01 -7.006191e-02 -1.354839e+00
      vertex 7.096774e-01 -2.460674e-01 -1.354839e+00
      vertex 7.096774e-01 -3.833381e-01 -1.225806e+00
    endloop
  endfacet
  facet normal -4.723534e-01 -4.949462e-01 -7.293220e-01
    outer loop
      vertex 5.806452e-01 -7.006191e-02 -1.354839e+00
      vertex 7.096774e-01 -3.833381e-01 -1.225806e+00
      vertex 5.806452e-01 -2.601958e-01 -1.225806e+00
    endloop
  endfacet
  facet normal -5.172898e-01 -5.420319e-01 -6.622784e-01
    outer loop
      vertex 5.806452e-01 -2.601958e-01 -1.225806e+00
      vertex 7.096774e-01 -3.833381e-01 -1.225806e+00
      vertex 7.096774e-01 -5.409954e-01 -1.096774e+00
    endloop
  endfacet
  facet normal -4.673277e-01 -5.373459e-01 -7.020429e-01
    outer loop
      vertex 5.806452e-01 -2.601958e-01 -1.225806e+00
      vertex 7.096774e-01 -5.409954e-01 -1.096774e+00
      vertex 5.806452e-01 -4.287766e-01 -1.096774e+00
    endloop
  endfacet
  facet normal -6.323912e-01 -7.271404e-01 2.671110e-01
    outer loop
      vertex 5.806452e-01 -4.287766e-01 -1.096774e+00
      vertex 7.096774e-01 -5.409954e-01 -1.096774e+00
      vertex 7.096774e-01 -4.935962e-01 -9.677419e-01
    endloop
  endfacet
  facet normal 2.051046e-02 -8.850197e-01 -4.651016e-01
    outer loop
      vertex 5.806452e-01 -4.287766e-01 -1.096774e+00
      vertex 7.096774e-01 -4.935962e-01 -9.677419e-01
      vertex 5.806452e-01 -4.965865e-01 -9.677419e-01
    endloop
  endfacet
  facet normal 1.752442e-02 -7.561733e-01 6.541367e-01
    outer loop
      vertex 5.806452e-01 -4.965865e-01 -9.677419e-01
      vertex 7.096774e-01 -4.935962e-01 -9.677419e-01
      vertex 7.096774e-01 -3.819753e-01 -8.387097e-01
    endloop
  endfacet
  facet normal -3.416376e-01 -5.065919e-01 7.916113e-01
    outer loop
      vertex 5.806452e-01 -4.965865e-01 -9.677419e-01
      vertex 7.096774e-01 -3.819753e-01 -8.387097e-01
      vertex 5.806452e-01 -2.949579e-01 -8.387097e-01
    endloop
  endfacet
  facet normal -3.216430e-01 -4.769433e-01 8.179675e-01
    outer loop
      vertex 5.806452e-01 -2.949579e-01 -8.387097e-01
      vertex 7.096774e-01 -3.819753e-01 -8.387097e-01
      vertex 7.096774e-01 -1.606823e-01 -7.096774e-01
    endloop
  endfacet
  facet normal 2.341049e-01 -7.811514e-01 5.787895e-01
    outer loop
      vertex 5.806452e-01 -2.949579e-01 -8.387097e-01
      vertex 7.096774e-01 -1.606823e-01 -7.096774e-01
      vertex 5.806452e-01 -1.993522e-01 -7.096774e-01
    endloop
  endfacet
  facet normal 2.230205e-01 -7.441652e-01 6.296666e-01
    outer loop
      vertex 5.806452e-01 -1.993522e-01 -7.096774e-01
      vertex 7.096774e-01 -1.606823e-01 -7.096774e-01
      vertex 7.096774e-01 -5.150318e-02 -5.806452e-01
    endloop
  endfacet
  facet normal 4.616500e-01 -7.767637e-01 4.283893e-01
    outer loop
      vertex 5.806452e-01 -1.993522e-01 -7.096774e-01
      vertex 7.096774e-01 -5.150318e-02 -5.806452e-01
      vertex 5.806452e-01 -1.281903e-01 -5.806452e-01
    endloop
  endfacet
  facet normal 4.439499e-01 -7.469818e-01 4.949007e-01
    outer loop
      vertex 5.806452e-01 -1.281903e-01 -5.806452e-01
      vertex 7.096774e-01 -5.150318e-02 -5.806452e-01
      vertex 7.096774e-01 3.398507e-02 -4.516129e-01
    endloop
  endfacet
  facet normal 6.304911e-01 -7.240925e-01 2.795909e-01
    outer loop
      vertex 5.806452e-01 -1.281903e-01 -5.806452e-01
      vertex 7.096774e-01 3.398507e-02 -4.516129e-01
      vertex 5.806452e-01 -7.836756e-02 -4.516129e-01
    endloop
  endfacet
  facet normal 5.547984e-01 -6.371626e-01 5.349977e-01
    outer loop
      vertex 5.806452e-01 -7.836756e-02 -4.516129e-01
      vertex 7.096774e-01 3.398507e-02 -4.516129e-01
      vertex 7.096774e-01 1.423279e-01 -3.225806e-01
    endloop
  endfacet
  facet normal -2.236273e-01 -3.911957e-01 8.927243e-01
    outer loop
      vertex 5.806452e-01 -7.836756e-02 -4.516129e-01
      vertex 7.096774e-01 1.423279e-01 -3.225806e-01
      vertex 5.806452e-01 2.160892e-01 -3.225806e-01
    endloop
  endfacet
  facet normal -4.484445e-01 -7.844731e-01 4.283684e-01
    outer loop
      vertex 5.806452e-01 2.160892e-01 -3.225806e-01
      vertex 7.096774e-01 1.423279e-01 -3.225806e-01
      vertex 7.096774e-01 2.127870e-01 -1.935484e-01
    endloop
  endfacet
  facet normal -6.378632e-01 -4.480601e-01 6.263965e-01
    outer loop
      vertex 5.806452e-01 2.160892e-01 -3.225806e-01
      vertex 7.096774e-01 2.127870e-01 -1.935484e-01
      vertex 5.806452e-01 3.964788e-01 -1.935484e-01
    endloop
  endfacet
  facet normal -7.948096e-01 -5.583053e-01 2.378507e-01
    outer loop
      vertex 5.806452e-01 3.964788e-01 -1.935484e-01
      vertex 7.096774e-01 2.127870e-01 -1.935484e-01
      vertex 7.096774e-01 2.677577e-01 -6.451613e-02
    endloop
  endfacet
  facet normal -8.100783e-01 -4.913611e-01 3.199022e-01
    outer loop
      vertex 5.806452e-01 3.964788e-01 -1.935484e-01
      vertex 7.096774e-01 2.677577e-01 -6.451613e-02
      vertex 5.806452e-01 4.804856e-01 -6.451613e-02
    endloop
  endfacet
  facet normal -8.327501e-01 -5.051129e-01 2.266898e-01
    outer loop
      vertex 5.806452e-01 4.804856e-01 -6.451613e-02
      vertex 7.096774e-01 2.677577e-01 -6.451613e-02
      vertex 7.096774e-01 3.256662e-01 6.451613e-02
    endloop
  endfacet
  facet normal -6.726224e-01 -7.160807e-01 -1.865678e-01
    outer loop
      vertex 5.806452e-01 4.804856e-01 -6.451613e-02
      vertex 7.096774e-01 3.256662e-01 6.451613e-02
      vertex 5.806452e-01 4.468676e-01 6.451613e-02
    endloop
  endfacet
  facet normal -5.877986e-01 -6.257764e-01 5.127346e-01
    outer loop
      vertex 5.806452e-01 4.468676e-01 6.451613e-02
      vertex 7.096774e-01 3.256662e-01 6.451613e-02
      vertex 7.096774e-01 4.313897e-01 1.935484e-01
    endloop
  endfacet
  facet normal -6.682051e-01 -4.132765e-01 6.186312e-01
    outer loop
      vertex 5.806452e-01 4.468676e-01 6.451613e-02
      vertex 7.096774e-01 4.313897e-01 1.935484e-01
      vertex 5.806452e-01 6.400152e-01 1.935484e-01
    endloop
  endfacet
  facet normal -6.529580e-01 -4.038464e-01 6.407448e-01
    outer loop
      vertex 5.806452e-01 6.400152e-01 1.935484e-01
      vertex 7.096774e-01 4.313897e-01 1.935484e-01
      vertex 7.096774e-01 6.361130e-01 3.225806e-01
    endloop
  endfacet
  facet normal -6.445034e-01 -4.311228e-01 6.314653e-01
    outer loop
      vertex 5.806452e-01 6.400152e-01 1.935484e-01
      vertex 7.096774e-01 6.361130e-01 3.225806e-01
      vertex 5.806452e-01 8.290087e-01 3.225806e-01
    endloop
  endfacet
  facet normal -6.251460e-01 -4.181742e-01 6.590317e-01
    outer loop
      vertex 5.806452e-01 8.290087e-01 3.225806e-01
      vertex 7.096774e-01 6.361130e-01 3.225806e-01
      vertex 7.096774e-01 8.394645e-01 4.516129e-01
    endloop
  endfacet
  facet normal -4.697090e-01 -7.081972e-01 5.270960e-01
    outer loop
      vertex 5.806452e-01 8.290087e-01 3.225806e-01
      vertex 7.096774e-01 8.394645e-01 4.516129e-01
      vertex 5.806452e-01 9.250446e-01 4.516129e-01
    endloop
  endfacet
  facet normal -4.121120e-01 -6.213562e-01 6.663934e-01
    outer loop
      vertex 5.806452e-01 9.250446e-01 4.516129e-01
      vertex 7.096774e-01 8.394645e-01 4.516129e-01
      vertex 7.096774e-01 9.778493e-01 5.806452e-01
    endloop
  endfacet
  facet normal 6.781119e-01 -5.916858e-01 -4.359726e-01
    outer loop
      vertex 5.806452e-01 9.250446e-01 4.516129e-01
      vertex 7.096774e-01 9.778493e-01 5.806452e-01
      vertex 5.806452e-01 8.299696e-01 5.806452e-01
    endloop
  endfacet
  facet normal 7.292001e-01 -6.362628e-01 -2.518669e-01
    outer loop
      vertex 5.806452e-01 8.299696e-01 5.806452e-01
      vertex 7.096774e-01 9.778493e-01 5.806452e-01
      vertex 7.096774e-01 9.267714e-01 7.096774e-01
    endloop
  endfacet
  facet normal 7.413020e-01 -6.073449e-01 -2.856633e-01
    outer loop
      vertex 5.806452e-01 8.299696e-01 5.806452e-01
      vertex 7.096774e-01 9.267714e-01 7.096774e-01
      vertex 5.806452e-01 7.692796e-01 7.096774e-01
    endloop
  endfacet
  facet normal 4.545000e-01 -3.723696e-01 -8.091790e-01
    outer loop
      vertex 5.806452e-01 7.692796e-01 7.096774e-01
      vertex 7.096774e-01 9.267714e-01 7.096774e-01
      vertex 7.096774e-01 6.463774e-01 8.387097e-01
    endloop
  endfacet
  facet normal 3.185696e-01 -5.066415e-01 -8.011415e-01
    outer loop
      vertex 5.806452e-01 7.692796e-01 7.096774e-01
      vertex 7.096774e-01 6.463774e-01 8.387097e-01
      vertex 5.806452e-01 5.652436e-01 8.387097e-01
    endloop
  endfacet
  facet normal 2.782315e-01 -4.424893e-01 -8.525201e-01
    outer loop
      vertex 5.806452e-01 5.652436e-01 8.387097e-01
      vertex 7.096774e-01 6.463774e-01 8.387097e-01
      vertex 7.096774e-01 3.977779e-01 9.677419e-01
    endloop
  endfacet
  facet normal 1.038146e-01 -5.556194e-01 -8.249301e-01
    outer loop
      vertex 5.806452e-01 5.652436e-01 8.387097e-01
      vertex 7.096774e-01 3.977779e-01 9.677419e-01
      vertex 5.806452e-01 3.736689e-01 9.677419e-01
    endloop
  endfacet
  facet normal 8.436327e-02 -4.515153e-01 -8.882662e-01
    outer loop
      vertex 5.806452e-01 3.736689e-01 9.677419e-01
      vertex 7.096774e-01 3.977779e-01 9.677419e-01
      vertex 7.096774e-01 1.439327e-01 1.096774e+00
    endloop
  endfacet
  facet normal 1.334141e-01 -4.273042e-01 -8.942102e-01
    outer loop
      vertex 5.806452e-01 3.736689e-01 9.677419e-01
      vertex 7.096774e-01 1.439327e-01 1.096774e+00
      vertex 5.806452e-01 1.036459e-01 1.096774e+00
    endloop
  endfacet
  facet normal 2.146039e-01 -6.873424e-01 -6.939060e-01
    outer loop
      vertex 5.806452e-01 1.036459e-01 1.096774e+00
      vertex 7.096774e-01 1.439327e-01 1.096774e+00
      vertex 7.096774e-01 1.366833e-02 1.225806e+00
    endloop
  endfacet
  facet normal 2.369376e-01 -6.696289e-01 -7.038875e-01
    outer loop
      vertex 5.806452e-01 1.036459e-01 1.096774e+00
      vertex 7.096774e-01 1.366833e-02 1.225806e+00
      vertex 5.806452e-01 -3.198769e-02 1.225806e+00
    endloop
  endfacet
  facet normal 2.373855e-01 -6.708947e-01 -7.025300e-01
    outer loop
      vertex 5.806452e-01 -3.198769e-02 1.225806e+00
      vertex 7.096774e-01 1.366833e-02 1.225806e+00
      vertex 7.096774e-01 -1.214483e-01 1.354839e+00
    endloop
  endfacet
  facet normal 2.637920e-01 -6.488970e-01 -7.136851e-01
    outer loop
      vertex 5.806452e-01 -3.198769e-02 1.225806e+00
      vertex 7.096774e-01 -1.214483e-01 1.354839e+00
      vertex 5.806452e-01 -1.739030e-01 1.354839e+00
    endloop
  endfacet
  facet normal 3.425551e-01 -8.426451e-01 -4.154578e-01
    outer loop
      vertex 5.806452e-01 -1.739030e-01 1.354839e+00
      vertex 7.096774e-01 -1.214483e-01 1.354839e+00
      vertex 7.096774e-01 -1.850664e-01 1.483871e+00
    endloop
  endfacet
  facet normal 4.155142e-01 -7.712291e-01 -4.822382e-01
    outer loop
      vertex 5.806452e-01 -1.739030e-01 1.354839e+00
      vertex 7.096774e-01 -1.850664e-01 1.483871e+00
      vertex 5.806452e-01 -2.545849e-01 1.483871e+00
    endloop
  endfacet
  facet normal 3.420433e-01 -6.348609e-01 6.927900e-01
    outer loop
      vertex 5.806452e-01 -2.545849e-01 1.483871e+00
      vertex 7.096774e-01 -1.850664e-01 1.483871e+00
      vertex 7.096774e-01 -4.426034e-02 1.612903e+00
    endloop
  endfacet
  facet normal 7.593769e-01 -6.080053e-01 2.316813e-01
    outer loop
      vertex 5.806452e-01 -2.545849e-01 1.483871e+00
      vertex 7.096774e-01 -4.426034e-02 1.612903e+00
      vertex 5.806452e-01 -2.054170e-01 1.612903e+00
    endloop
  endfacet
  facet normal 5.649646e-01 -4.523465e-01 6.900708e-01
    outer loop
      vertex 5.806452e-01 -2.054170e-01 1.612903e+00
      vertex 7.096774e-01 -4.426034e-02 1.612903e+00
      vertex 7.096774e-01 1.525830e-01 1.741935e+00
    endloop
  endfacet
  facet normal 4.596875e-01 -4.430848e-01 7.696514e-01
    outer loop
      vertex 5.806452e-01 -2.054170e-01 1.612903e+00
      vertex 7.096774e-01 1.525830e-01 1.741935e+00
      vertex 5.806452e-01 1.871582e-02 1.741935e+00
    endloop
  endfacet
  facet normal 7.031964e-01 -6.777989e-01 -2.147172e-01
    outer loop
      vertex 5.806452e-01 1.871582e-02 1.741935e+00
      vertex 7.096774e-01 1.525830e-01 1.741935e+00
      vertex 7.096774e-01 1.117074e-01 1.870968e+00
    endloop
  endfacet
  facet normal 2.199997e-01 -8.823876e-01 4.159234e-01
    outer loop
      vertex 5.806452e-01 1.871582e-02 1.741935e+00
      vertex 7.096774e-01 1.117074e-01 1.870968e+00
      vertex 5.806452e-01 7.953665e-02 1.870968e+00
    endloop
  endfacet
  facet normal 1.968791e-01 -7.896541e-01 -5.811067e-01
    outer loop
      vertex 5.806452e-01 7.953665e-02 1.870968e+00
      vertex 7.096774e-01 1.117074e-01 1.870968e+00
      vertex 7.096774e-01 1.675250e-02 2.000000e+00
    endloop
  endfacet
  facet normal -1.969710e-01 -9.445759e-01 -2.626381e-01
    outer loop
      vertex 5.806452e-01 7.953665e-02 1.870968e+00
      vertex 7.096774e-01 1.675250e-02 2.000000e+00
      vertex 5.806452e-01 4.365940e-02 2.000000e+00
    endloop
  endfacet
  facet normal -7.586359e-01 -5.500260e-01 -3.492033e-01
    outer loop
      vertex 7.096774e-01 4.182746e-02 -2.000000e+00
      vertex 8.387097e-01 -1.361432e-01 -2.000000e+00
      vertex 8.387097e-01 -2.180639e-01 -1.870968e+00
    endloop
  endfacet
  facet normal -9.122610e-01 -3.885388e-01 1.296824e-01
    outer loop
      vertex 7.096774e-01 4.182746e-02 -2.000000e+00
      vertex 8.387097e-01 -2.180639e-01 -1.870968e+00
      vertex 7.096774e-01 8.489450e-02 -1.870968e+00
    endloop
  endfacet
  facet normal -9.191534e-01 -3.914743e-01 -4.364417e-02
    outer loop
      vertex 7.096774e-01 8.489450e-02 -1.870968e+00
      vertex 8.387097e-01 -2.180639e-01 -1.870968e+00
      vertex 8.387097e-01 -2.324493e-01 -1.741935e+00
    endloop
  endfacet
  facet normal -9.357684e-01 -3.226012e-01 1.423584e-01
    outer loop
      vertex 7.096774e-01 8.489450e-02 -1.870968e+00
      vertex 8.387097e-01 -2.324493e-01 -1.741935e+00
      vertex 7.096774e-01 1.418342e-01 -1.741935e+00
    endloop
  endfacet
  facet normal -9.399959e-01 -3.240586e-01 1.067410e-01
    outer loop
      vertex 7.096774e-01 1.418342e-01 -1.741935e+00
      vertex 8.387097e-01 -2.324493e-01 -1.741935e+00
      vertex 8.387097e-01 -1.899476e-01 -1.612903e+00
    endloop
  endfacet
  facet normal -6.887758e-01 -4.793802e-01 -5.438589e-01
    outer loop
      vertex 7.096774e-01 1.418342e-01 -1.741935e+00
      vertex 8.387097e-01 -1.899476e-01 -1.612903e+00
      vertex 7.096774e-01 -4.553428e-03 -1.612903e+00
    endloop
  endfacet
  facet normal -7.829241e-01 -5.449063e-01 -3.001781e-01
    outer loop
      vertex 7.096774e-01 -4.553428e-03 -1.612903e+00
      vertex 8.387097e-01 -1.899476e-01 -1.612903e+00
      vertex 8.387097e-01 -2.610289e-01 -1.483871e+00
    endloop
  endfacet
  facet normal -4.851490e-01 -5.753569e-01 -6.584793e-01
    outer loop
      vertex 7.096774e-01 -4.553428e-03 -1.612903e+00
      vertex 8.387097e-01 -2.610289e-01 -1.483871e+00
      vertex 7.096774e-01 -1.522271e-01 -1.483871e+00
    endloop
  endfacet
  facet normal -5.227557e-01 -6.199562e-01 -5.851331e-01
    outer loop
      vertex 7.096774e-01 -1.522271e-01 -1.483871e+00
      vertex 8.387097e-01 -2.610289e-01 -1.483871e+00
      vertex 8.387097e-01 -3.828134e-01 -1.354839e+00
    endloop
  endfacet
  facet normal -6.507673e-01 -6.140580e-01 -4.465812e-01
    outer loop
      vertex 7.096774e-01 -1.522271e-01 -1.483871e+00
      vertex 8.387097e-01 -3.828134e-01 -1.354839e+00
      vertex 7.096774e-01 -2.460674e-01 -1.354839e+00
    endloop
  endfacet
  facet normal -4.920018e-01 -4.642483e-01 -7.364834e-01
    outer loop
      vertex 7.096774e-01 -2.460674e-01 -1.354839e+00
      vertex 8.387097e-01 -3.828134e-01 -1.354839e+00
      vertex 8.387097e-01 -5.875102e-01 -1.225806e+00
    endloop
  endfacet
  facet normal -7.349321e-01 -4.644611e-01 -4.941161e-01
    outer loop
      vertex 7.096774e-01 -2.460674e-01 -1.354839e+00
      vertex 8.387097e-01 -5.875102e-01 -1.225806e+00
      vertex 7.096774e-01 -3.833381e-01 -1.225806e+00
    endloop
  endfacet
  facet normal -8.449648e-01 -5.339993e-01 2.965291e-02
    outer loop
      vertex 7.096774e-01 -3.833381e-01 -1.225806e+00
      vertex 8.387097e-01 -5.875102e-01 -1.225806e+00
      vertex 8.387097e-01 -5.803450e-01 -1.096774e+00
    endloop
  endfacet
  facet normal -1.896424e-01 -6.218618e-01 -7.598181e-01
    outer loop
      vertex 7.096774e-01 -3.833381e-01 -1.225806e+00
      vertex 8.387097e-01 -5.803450e-01 -1.096774e+00
      vertex 7.096774e-01 -5.409954e-01 -1.096774e+00
    endloop
  endfacet
  facet normal -2.731559e-01 -8.957131e-01 3.508331e-01
    outer loop
      vertex 7.096774e-01 -5.409954e-01 -1.096774e+00
      vertex 8.387097e-01 -5.803450e-01 -1.096774e+00
      vertex 8.387097e-01 -5.298056e-01 -9.677419e-01
    endloop
  endfacet
  facet normal -2.547240e-01 -9.077073e-01 3.334413e-01
    outer loop
      vertex 7.096774e-01 -5.409954e-01 -1.096774e+00
      vertex 8.387097e-01 -5.298056e-01 -9.677419e-01
      vertex 7.096774e-01 -4.935962e-01 -9.677419e-01
    endloop
  endfacet
  facet normal -1.764545e-01 -6.287944e-01 7.572856e-01
    outer loop
      vertex 7.096774e-01 -4.935962e-01 -9.677419e-01
      vertex 8.387097e-01 -5.298056e-01 -9.677419e-01
      vertex 8.387097e-01 -3.744062e-01 -8.387097e-01
    endloop
  endfacet
  facet normal 4.432024e-02 -7.555463e-01 6.535943e-01
    outer loop
      vertex 7.096774e-01 -4.935962e-01 -9.677419e-01
      vertex 8.387097e-01 -3.744062e-01 -8.387097e-01
      vertex 7.096774e-01 -3.819753e-01 -8.387097e-01
    endloop
  endfacet
  facet normal 4.069251e-02 -6.937028e-01 7.191109e-01
    outer loop
      vertex 7.096774e-01 -3.819753e-01 -8.387097e-01
      vertex 8.387097e-01 -3.744062e-01 -8.387097e-01
      vertex 8.387097e-01 -2.406479e-01 -7.096774e-01
    endloop
  endfacet
  facet normal -2.979846e-01 -4.808267e-01 8.246277e-01
    outer loop
      vertex 7.096774e-01 -3.819753e-01 -8.387097e-01
      vertex 8.387097e-01 -2.406479e-01 -7.096774e-01
      vertex 7.096774e-01 -1.606823e-01 -7.096774e-01
    endloop
  endfacet
  facet normal -4.008084e-01 -6.467428e-01 6.489040e-01
    outer loop
      vertex 7.096774e-01 -1.606823e-01 -7.096774e-01
      vertex 8.387097e-01 -2.406479e-01 -7.096774e-01
      vertex 8.387097e-01 -1.111845e-01 -5.806452e-01
    endloop
  endfacet
  facet normal -3.329466e-01 -7.198374e-01 6.090819e-01
    outer loop
      vertex 7.096774e-01 -1.606823e-01 -7.096774e-01
      vertex 8.387097e-01 -1.111845e-01 -5.806452e-01
      vertex 7.096774e-01 -5.150318e-02 -5.806452e-01
    endloop
  endfacet
  facet normal -3.479040e-01 -7.521754e-01 5.596383e-01
    outer loop
      vertex 7.096774e-01 -5.150318e-02 -5.806452e-01
      vertex 8.387097e-01 -1.111845e-01 -5.806452e-01
      vertex 8.387097e-01 -1.518112e-02 -4.516129e-01
    endloop
  endfacet
  facet normal -3.027410e-01 -7.945168e-01 5.263943e-01
    outer loop
      vertex 7.096774e-01 -5.150318e-02 -5.806452e-01
      vertex 8.387097e-01 -1.518112e-02 -4.516129e-01
      vertex 7.096774e-01 3.398507e-02 -4.516129e-01
    endloop
  endfacet
  facet normal -2.551895e-01 -6.697219e-01 6.973886e-01
    outer loop
      vertex 7.096774e-01 3.398507e-02 -4.516129e-01
      vertex 8.387097e-01 -1.518112e-02 -4.516129e-01
      vertex 8.387097e-01 1.191816e-01 -3.225806e-01
    endloop
  endfacet
  facet normal -1.361000e-01 -7.587084e-01 6.370545e-01
    outer loop
      vertex 7.096774e-01 3.398507e-02 -4.516129e-01
      vertex 8.387097e-01 1.191816e-01 -3.225806e-01
      vertex 7.096774e-01 1.423279e-01 -3.225806e-01
    endloop
  endfacet
  facet normal -1.758649e-01 -9.803831e-01 -8.899756e-02
    outer loop
      vertex 7.096774e-01 1.423279e-01 -3.225806e-01
      vertex 8.387097e-01 1.191816e-01 -3.225806e-01
      vertex 8.387097e-01 1.074682e-01 -1.935484e-01
    endloop
  endfacet
  facet normal -5.823621e-01 -7.134859e-01 3.896052e-01
    outer loop
      vertex 7.096774e-01 1.423279e-01 -3.225806e-01
      vertex 8.387097e-01 1.074682e-01 -1.935484e-01
      vertex 7.096774e-01 2.127870e-01 -1.935484e-01
    endloop
  endfacet
  facet normal -5.499072e-01 -6.737234e-01 4.936587e-01
    outer loop
      vertex 7.096774e-01 2.127870e-01 -1.935484e-01
      vertex 8.387097e-01 1.074682e-01 -1.935484e-01
      vertex 8.387097e-01 2.020143e-01 -6.451613e-02
    endloop
  endfacet
  facet normal -4.244313e-01 -8.330160e-01 3.548837e-01
    outer loop
      vertex 7.096774e-01 2.127870e-01 -1.935484e-01
      vertex 8.387097e-01 2.020143e-01 -6.451613e-02
      vertex 7.096774e-01 2.677577e-01 -6.451613e-02
    endloop
  endfacet
  facet normal -4.473077e-01 -8.779147e-01 -1.708262e-01
    outer loop
      vertex 7.096774e-01 2.677577e-01 -6.451613e-02
      vertex 8.387097e-01 2.020143e-01 -6.451613e-02
      vertex 8.387097e-01 1.769069e-01 6.451613e-02
    endloop
  endfacet
  facet normal -7.247325e-01 -6.286258e-01 2.821212e-01
    outer loop
      vertex 7.096774e-01 2.677577e-01 -6.451613e-02
      vertex 8.387097e-01 1.769069e-01 6.451613e-02
      vertex 7.096774e-01 3.256662e-01 6.451613e-02
    endloop
  endfacet
  facet normal -5.378652e-01 -4.665389e-01 7.021699e-01
    outer loop
      vertex 7.096774e-01 3.256662e-01 6.451613e-02
      vertex 8.387097e-01 1.769069e-01 6.451613e-02
      vertex 8.387097e-01 3.711085e-01 1.935484e-01
    endloop
  endfacet
  facet normal -3.398588e-01 -7.274693e-01 5.960574e-01
    outer loop
      vertex 7.096774e-01 3.256662e-01 6.451613e-02
      vertex 8.387097e-01 3.711085e-01 1.935484e-01
      vertex 7.096774e-01 4.313897e-01 1.935484e-01
    endloop
  endfacet
  facet normal -2.029655e-01 -4.344485e-01 8.775303e-01
    outer loop
      vertex 7.096774e-01 4.313897e-01 1.935484e-01
      vertex 8.387097e-01 3.711085e-01 1.935484e-01
      vertex 8.387097e-01 6.317371e-01 3.225806e-01
    endloop
  endfacet
  facet normal -1.807982e-02 -5.331179e-01 8.458478e-01
    outer loop
      vertex 7.096774e-01 4.313897e-01 1.935484e-01
      vertex 8.387097e-01 6.317371e-01 3.225806e-01
      vertex 7.096774e-01 6.361130e-01 3.225806e-01
    endloop
  endfacet
  facet normal -1.595873e-02 -4.705734e-01 8.822165e-01
    outer loop
      vertex 7.096774e-01 6.361130e-01 3.225806e-01
      vertex 8.387097e-01 6.317371e-01 3.225806e-01
      vertex 8.387097e-01 8.736427e-01 4.516129e-01
    endloop
  endfacet
  facet normal 1.405082e-01 -5.304568e-01 8.359862e-01
    outer loop
      vertex 7.096774e-01 6.361130e-01 3.225806e-01
      vertex 8.387097e-01 8.736427e-01 4.516129e-01
      vertex 7.096774e-01 8.394645e-01 4.516129e-01
    endloop
  endfacet
  facet normal 2.463372e-01 -9.299904e-01 2.728294e-01
    outer loop
      vertex 7.096774e-01 8.394645e-01 4.516129e-01
      vertex 8.387097e-01 8.736427e-01 4.516129e-01
      vertex 8.387097e-01 9.114967e-01 5.806452e-01
    endloop
  endfacet
  facet normal -3.309271e-01 -6.435356e-01 6.901805e-01
    outer loop
      vertex 7.096774e-01 8.394645e-01 4.516129e-01
      vertex 8.387097e-01 9.114967e-01 5.806452e-01
      vertex 7.096774e-01 9.778493e-01 5.806452e-01
    endloop
  endfacet
  facet normal -4.404265e-01 -8.564730e-01 -2.692183e-01
    outer loop
      vertex 7.096774e-01 9.778493e-01 5.806452e-01
      vertex 8.387097e-01 9.114967e-01 5.806452e-01
      vertex 8.387097e-01 8.709375e-01 7.096774e-01
    endloop
  endfacet
  facet normal -3.732585e-01 -8.626011e-01 -3.414637e-01
    outer loop
      vertex 7.096774e-01 9.778493e-01 5.806452e-01
      vertex 8.387097e-01 8.709375e-01 7.096774e-01
      vertex 7.096774e-01 9.267714e-01 7.096774e-01
    endloop
  endfacet
  facet normal -2.190223e-01 -5.061609e-01 -8.341645e-01
    outer loop
      vertex 7.096774e-01 9.267714e-01 7.096774e-01
      vertex 8.387097e-01 8.709375e-01 7.096774e-01
      vertex 8.387097e-01 6.582894e-01 8.387097e-01
    endloop
  endfacet
  facet normal 3.856427e-02 -4.177310e-01 -9.077519e-01
    outer loop
      vertex 7.096774e-01 9.267714e-01 7.096774e-01
      vertex 8.387097e-01 6.582894e-01 8.387097e-01
      vertex 7.096774e-01 6.463774e-01 8.387097e-01
    endloop
  endfacet
  facet normal 6.857289e-02 -7.427867e-01 -6.660073e-01
    outer loop
      vertex 7.096774e-01 6.463774e-01 8.387097e-01
      vertex 8.387097e-01 6.582894e-01 8.387097e-01
      vertex 8.387097e-01 5.425948e-01 9.677419e-01
    endloop
  endfacet
  facet normal 4.592783e-01 -4.092182e-01 -7.884186e-01
    outer loop
      vertex 7.096774e-01 6.463774e-01 8.387097e-01
      vertex 8.387097e-01 5.425948e-01 9.677419e-01
      vertex 7.096774e-01 3.977779e-01 9.677419e-01
    endloop
  endfacet
  facet normal 3.602418e-01 -3.209764e-01 -8.758995e-01
    outer loop
      vertex 7.096774e-01 3.977779e-01 9.677419e-01
      vertex 8.387097e-01 5.425948e-01 9.677419e-01
      vertex 8.387097e-01 1.904839e-01 1.096774e+00
    endloop
  endfacet
  facet normal 1.613351e-01 -4.471945e-01 -8.797659e-01
    outer loop
      vertex 7.096774e-01 3.977779e-01 9.677419e-01
      vertex 8.387097e-01 1.904839e-01 1.096774e+00
      vertex 7.096774e-01 1.439327e-01 1.096774e+00
    endloop
  endfacet
  facet normal 1.981921e-01 -5.493559e-01 -8.117438e-01
    outer loop
      vertex 7.096774e-01 1.439327e-01 1.096774e+00
      vertex 8.387097e-01 1.904839e-01 1.096774e+00
      vertex 8.387097e-01 -1.777659e-04 1.225806e+00
    endloop
  endfacet
  facet normal -7.530186e-02 -7.017407e-01 -7.084417e-01
    outer loop
      vertex 7.096774e-01 1.439327e-01 1.096774e+00
      vertex 8.387097e-01 -1.777659e-04 1.225806e+00
      vertex 7.096774e-01 1.366833e-02 1.225806e+00
    endloop
  endfacet
  facet normal -9.356743e-02 -8.719582e-01 -4.805560e-01
    outer loop
      vertex 7.096774e-01 1.366833e-02 1.225806e+00
      vertex 8.387097e-01 -1.777659e-04 1.225806e+00
      vertex 8.387097e-01 -7.129037e-02 1.354839e+00
    endloop
  endfacet
  facet normal 2.592855e-01 -6.670169e-01 -6.984694e-01
    outer loop
      vertex 7.096774e-01 1.366833e-02 1.225806e+00
      vertex 8.387097e-01 -7.129037e-02 1.354839e+00
      vertex 7.096774e-01 -1.214483e-01 1.354839e+00
    endloop
  endfacet
  facet normal 2.304438e-01 -5.928212e-01 7.716597e-01
    outer loop
      vertex 7.096774e-01 -1.214483e-01 1.354839e+00
      vertex 8.387097e-01 -7.129037e-02 1.354839e+00
      vertex 8.387097e-01 9.666749e-02 1.483871e+00
    endloop
  endfacet
  facet normal 8.906066e-01 -4.078919e-01 -2.011071e-01
    outer loop
      vertex 7.096774e-01 -1.214483e-01 1.354839e+00
      vertex 8.387097e-01 9.666749e-02 1.483871e+00
      vertex 7.096774e-01 -1.850664e-01 1.483871e+00
    endloop
  endfacet
  facet normal 8.824219e-01 -4.041434e-01 2.408313e-01
    outer loop
      vertex 7.096774e-01 -1.850664e-01 1.483871e+00
      vertex 8.387097e-01 9.666749e-02 1.483871e+00
      vertex 8.387097e-01 1.735585e-01 1.612903e+00
    endloop
  endfacet
  facet normal 7.519013e-01 -4.454138e-01 4.860565e-01
    outer loop
      vertex 7.096774e-01 -1.850664e-01 1.483871e+00
      vertex 8.387097e-01 1.735585e-01 1.612903e+00
      vertex 7.096774e-01 -4.426034e-02 1.612903e+00
    endloop
  endfacet
  facet normal 8.603691e-01 -5.096683e-01 1.764052e-03
    outer loop
      vertex 7.096774e-01 -4.426034e-02 1.612903e+00
      vertex 8.387097e-01 1.735585e-01 1.612903e+00
      vertex 8.387097e-01 1.740051e-01 1.741935e+00
    endloop
  endfacet
  facet normal 9.064200e-02 -5.459655e-01 8.328900e-01
    outer loop
      vertex 7.096774e-01 -4.426034e-02 1.612903e+00
      vertex 8.387097e-01 1.740051e-01 1.741935e+00
      vertex 7.096774e-01 1.525830e-01 1.741935e+00
    endloop
  endfacet
  facet normal 1.074164e-01 -6.470032e-01 -7.548832e-01
    outer loop
      vertex 7.096774e-01 1.525830e-01 1.741935e+00
      vertex 8.387097e-01 1.740051e-01 1.741935e+00
      vertex 8.387097e-01 2.345830e-02 1.870968e+00
    endloop
  endfacet
  facet normal -5.461640e-01 -7.985666e-01 -2.529748e-01
    outer loop
      vertex 7.096774e-01 1.525830e-01 1.741935e+00
      vertex 8.387097e-01 2.345830e-02 1.870968e+00
      vertex 7.096774e-01 1.117074e-01 1.870968e+00
    endloop
  endfacet
  facet normal -5.554113e-01 -8.120874e-01 -1.789757e-01
    outer loop
      vertex 7.096774e-01 1.117074e-01 1.870968e+00
      vertex 8.387097e-01 2.345830e-02 1.870968e+00
      vertex 8.387097e-01 -4.979085e-03 2.000000e+00
    endloop
  endfacet
  facet normal -1.344173e-01 -7.981086e-01 -5.873284e-01
    outer loop
      vertex 7.096774e-01 1.117074e-01 1.870968e+00
      vertex 8.387097e-01 -4.979085e-03 2.000000e+00
      vertex 7.096774e-01 1.675250e-02 2.000000e+00
    endloop
  endfacet
  facet normal -8.028171e-01 -4.367882e-01 -4.058334e-01
    outer loop
      vertex 8.387097e-01 -1.361432e-01 -2.000000e+00
      vertex 9.677419e-01 -3.733047e-01 -2.000000e+00
      vertex 9.677419e-01 -4.931926e-01 -1.870968e+00
    endloop
  endfacet
  facet normal -8.741686e-01 -4.099753e-01 -2.602873e-01
    outer loop
      vertex 8.387097e-01 -1.361432e-01 -2.000000e+00
      vertex 9.677419e-01 -4.931926e-01 -1.870968e+00
      vertex 8.387097e-01 -2.180639e-01 -1.870968e+00
    endloop
  endfacet
  facet normal -8.989056e-01 -4.215767e-01 1.193388e-01
    outer loop
      vertex 8.387097e-01 -2.180639e-01 -1.870968e+00
      vertex 9.677419e-01 -4.931926e-01 -1.870968e+00
      vertex 9.677419e-01 -4.566665e-01 -1.741935e+00
    endloop
  endfacet
  facet normal -8.653899e-01 -4.980137e-01 -5.552189e-02
    outer loop
      vertex 8.387097e-01 -2.180639e-01 -1.870968e+00
      vertex 9.677419e-01 -4.566665e-01 -1.741935e+00
      vertex 8.387097e-01 -2.324493e-01 -1.741935e+00
    endloop
  endfacet
  facet normal -8.373553e-01 -4.818803e-01 2.581230e-01
    outer loop
      vertex 8.387097e-01 -2.324493e-01 -1.741935e+00
      vertex 9.677419e-01 -4.566665e-01 -1.741935e+00
      vertex 9.677419e-01 -3.875493e-01 -1.612903e+00
    endloop
  endfacet
  facet normal -8.240407e-01 -5.380917e-01 1.772409e-01
    outer loop
      vertex 8.387097e-01 -2.324493e-01 -1.741935e+00
      vertex 9.677419e-01 -3.875493e-01 -1.612903e+00
      vertex 8.387097e-01 -1.899476e-01 -1.612903e+00
    endloop
  endfacet
  facet normal -8.309696e-01 -5.426162e-01 -1.227075e-01
    outer loop
      vertex 8.387097e-01 -1.899476e-01 -1.612903e+00
      vertex 9.677419e-01 -3.875493e-01 -1.612903e+00
      vertex 9.677419e-01 -4.167287e-01 -1.483871e+00
    endloop
  endfacet
  facet normal -7.263940e-01 -6.019805e-01 -3.316191e-01
    outer loop
      vertex 8.387097e-01 -1.899476e-01 -1.612903e+00
      vertex 9.677419e-01 -4.167287e-01 -1.483871e+00
      vertex 8.387097e-01 -2.610289e-01 -1.483871e+00
    endloop
  endfacet
  facet normal -6.434614e-01 -5.332522e-01 -5.491808e-01
    outer loop
      vertex 8.387097e-01 -2.610289e-01 -1.483871e+00
      vertex 9.677419e-01 -4.167287e-01 -1.483871e+00
      vertex 9.677419e-01 -5.496153e-01 -1.354839e+00
    endloop
  endfacet
  facet normal -6.849521e-01 -5.298557e-01 -5.000936e-01
    outer loop
      vertex 8.387097e-01 -2.610289e-01 -1.483871e+00
      vertex 9.677419e-01 -5.496153e-01 -1.354839e+00
      vertex 8.387097e-01 -3.828134e-01 -1.354839e+00
    endloop
  endfacet
  facet normal -7.276988e-01 -5.629231e-01 -3.918826e-01
    outer loop
      vertex 8.387097e-01 -3.828134e-01 -1.354839e+00
      vertex 9.677419e-01 -5.496153e-01 -1.354839e+00
      vertex 9.677419e-01 -6.394419e-01 -1.225806e+00
    endloop
  endfacet
  facet normal -2.098413e-01 -5.213819e-01 -8.271200e-01
    outer loop
      vertex 8.387097e-01 -3.828134e-01 -1.354839e+00
      vertex 9.677419e-01 -6.394419e-01 -1.225806e+00
      vertex 8.387097e-01 -5.875102e-01 -1.225806e+00
    endloop
  endfacet
  facet normal -3.688860e-01 -9.165523e-01 -1.544505e-01
    outer loop
      vertex 8.387097e-01 -5.875102e-01 -1.225806e+00
      vertex 9.677419e-01 -6.394419e-01 -1.225806e+00
      vertex 9.677419e-01 -6.611855e-01 -1.096774e+00
    endloop
  endfacet
  facet normal -5.303342e-01 -8.464846e-01 4.700518e-02
    outer loop
      vertex 8.387097e-01 -5.875102e-01 -1.225806e+00
      vertex 9.677419e-01 -6.611855e-01 -1.096774e+00
      vertex 8.387097e-01 -5.803450e-01 -1.096774e+00
    endloop
  endfacet
  facet normal -5.170504e-01 -8.252818e-01 2.270877e-01
    outer loop
      vertex 8.387097e-01 -5.803450e-01 -1.096774e+00
      vertex 9.677419e-01 -6.611855e-01 -1.096774e+00
      vertex 9.677419e-01 -6.256805e-01 -9.677419e-01
    endloop
  endfacet
  facet normal -5.689572e-01 -7.657258e-01 2.999196e-01
    outer loop
      vertex 8.387097e-01 -5.803450e-01 -1.096774e+00
      vertex 9.677419e-01 -6.256805e-01 -9.677419e-01
      vertex 8.387097e-01 -5.298056e-01 -9.677419e-01
    endloop
  endfacet
  facet normal -4.963205e-01 -6.679684e-01 5.545126e-01
    outer loop
      vertex 8.387097e-01 -5.298056e-01 -9.677419e-01
      vertex 9.677419e-01 -6.256805e-01 -9.677419e-01
      vertex 9.677419e-01 -5.185646e-01 -8.387097e-01
    endloop
  endfacet
  facet normal -5.809252e-01 -5.199705e-01 6.262240e-01
    outer loop
      vertex 8.387097e-01 -5.298056e-01 -9.677419e-01
      vertex 9.677419e-01 -5.185646e-01 -8.387097e-01
      vertex 8.387097e-01 -3.744062e-01 -8.387097e-01
    endloop
  endfacet
  facet normal -4.743230e-01 -4.245537e-01 7.712145e-01
    outer loop
      vertex 8.387097e-01 -3.744062e-01 -8.387097e-01
      vertex 9.677419e-01 -5.185646e-01 -8.387097e-01
      vertex 9.677419e-01 -2.841737e-01 -7.096774e-01
    endloop
  endfacet
  facet normal -2.280268e-01 -6.759870e-01 7.007462e-01
    outer loop
      vertex 8.387097e-01 -3.744062e-01 -8.387097e-01
      vertex 9.677419e-01 -2.841737e-01 -7.096774e-01
      vertex 8.387097e-01 -2.406479e-01 -7.096774e-01
    endloop
  endfacet
  facet normal -2.186483e-01 -6.481845e-01 7.294175e-01
    outer loop
      vertex 8.387097e-01 -2.406479e-01 -7.096774e-01
      vertex 9.677419e-01 -2.841737e-01 -7.096774e-01
      vertex 9.677419e-01 -1.389706e-01 -5.806452e-01
    endloop
  endfacet
  facet normal -1.502890e-01 -6.979085e-01 7.002406e-01
    outer loop
      vertex 8.387097e-01 -2.406479e-01 -7.096774e-01
      vertex 9.677419e-01 -1.389706e-01 -5.806452e-01
      vertex 8.387097e-01 -1.111845e-01 -5.806452e-01
    endloop
  endfacet
  facet normal -1.388595e-01 -6.448324e-01 7.516044e-01
    outer loop
      vertex 8.387097e-01 -1.111845e-01 -5.806452e-01
      vertex 9.677419e-01 -1.389706e-01 -5.806452e-01
      vertex 9.677419e-01 1.142699e-02 -4.516129e-01
    endloop
  endfacet
  facet normal 1.632247e-01 -7.915350e-01 5.889228e-01
    outer loop
      vertex 8.387097e-01 -1.111845e-01 -5.806452e-01
      vertex 9.677419e-01 1.142699e-02 -4.516129e-01
      vertex 8.387097e-01 -1.518112e-02 -4.516129e-01
    endloop
  endfacet
  facet normal 1.820150e-01 -8.826561e-01 4.333459e-01
    outer loop
      vertex 8.387097e-01 -1.518112e-02 -4.516129e-01
      vertex 9.677419e-01 1.142699e-02 -4.516129e-01
      vertex 9.677419e-01 7.477624e-02 -3.225806e-01
    endloop
  endfacet
  facet normal -2.318745e-01 -6.737772e-01 7.016114e-01
    outer loop
      vertex 8.387097e-01 -1.518112e-02 -4.516129e-01
      vertex 9.677419e-01 7.477624e-02 -3.225806e-01
      vertex 8.387097e-01 1.191816e-01 -3.225806e-01
    endloop
  endfacet
  facet normal -2.617334e-01 -7.605408e-01 5.941997e-01
    outer loop
      vertex 8.387097e-01 1.191816e-01 -3.225806e-01
      vertex 9.677419e-01 7.477624e-02 -3.225806e-01
      vertex 9.677419e-01 1.755873e-01 -1.935484e-01
    endloop
  endfacet
  facet normal 4.653619e-01 -8.814959e-01 -8.002074e-02
    outer loop
      vertex 8.387097e-01 1.191816e-01 -3.225806e-01
      vertex 9.677419e-01 1.755873e-01 -1.935484e-01
      vertex 8.387097e-01 1.074682e-01 -1.935484e-01
    endloop
  endfacet
  facet normal 4.656263e-01 -8.819967e-01 -7.262220e-02
    outer loop
      vertex 8.387097e-01 1.074682e-01 -1.935484e-01
      vertex 9.677419e-01 1.755873e-01 -1.935484e-01
      vertex 9.677419e-01 1.649630e-01 -6.451613e-02
    endloop
  endfacet
  facet normal -2.256496e-01 -7.858319e-01 5.758042e-01
    outer loop
      vertex 8.387097e-01 1.074682e-01 -1.935484e-01
      vertex 9.677419e-01 1.649630e-01 -6.451613e-02
      vertex 8.387097e-01 2.020143e-01 -6.451613e-02
    endloop
  endfacet
  facet normal -2.562832e-01 -8.925147e-01 -3.711285e-01
    outer loop
      vertex 8.387097e-01 2.020143e-01 -6.451613e-02
      vertex 9.677419e-01 1.649630e-01 -6.451613e-02
      vertex 9.677419e-01 1.113084e-01 6.451613e-02
    endloop
  endfacet
  facet normal -4.465188e-01 -8.783016e-01 -1.709015e-01
    outer loop
      vertex 8.387097e-01 2.020143e-01 -6.451613e-02
      vertex 9.677419e-01 1.113084e-01 6.451613e-02
      vertex 8.387097e-01 1.769069e-01 6.451613e-02
    endloop
  endfacet
  facet normal -4.220160e-01 -8.301047e-01 3.644567e-01
    outer loop
      vertex 8.387097e-01 1.769069e-01 6.451613e-02
      vertex 9.677419e-01 1.113084e-01 6.451613e-02
      vertex 9.677419e-01 1.679599e-01 1.935484e-01
    endloop
  endfacet
  facet normal -6.569165e-01 -4.172483e-01 6.279845e-01
    outer loop
      vertex 8.387097e-01 1.769069e-01 6.451613e-02
      vertex 9.677419e-01 1.679599e-01 1.935484e-01
      vertex 8.387097e-01 3.711085e-01 1.935484e-01
    endloop
  endfacet
  facet normal -4.897681e-01 -3.110820e-01 8.144662e-01
    outer loop
      vertex 8.387097e-01 3.711085e-01 1.935484e-01
      vertex 9.677419e-01 1.679599e-01 1.935484e-01
      vertex 9.677419e-01 5.057885e-01 3.225806e-01
    endloop
  endfacet
  facet normal -3.974117e-01 -4.071418e-01 8.223743e-01
    outer loop
      vertex 8.387097e-01 3.711085e-01 1.935484e-01
      vertex 9.677419e-01 5.057885e-01 3.225806e-01
      vertex 8.387097e-01 6.317371e-01 3.225806e-01
    endloop
  endfacet
  facet normal -5.042972e-01 -5.166442e-01 6.919271e-01
    outer loop
      vertex 8.387097e-01 6.317371e-01 3.225806e-01
      vertex 9.677419e-01 5.057885e-01 3.225806e-01
      vertex 9.677419e-01 6.785978e-01 4.516129e-01
    endloop
  endfacet
  facet normal -5.796848e-01 -3.834913e-01 7.189575e-01
    outer loop
      vertex 8.387097e-01 6.317371e-01 3.225806e-01
      vertex 9.677419e-01 6.785978e-01 4.516129e-01
      vertex 8.387097e-01 8.736427e-01 4.516129e-01
    endloop
  endfacet
  facet normal -8.005917e-01 -5.296325e-01 2.802542e-01
    outer loop
      vertex 8.387097e-01 8.736427e-01 4.516129e-01
      vertex 9.677419e-01 6.785978e-01 4.516129e-01
      vertex 9.677419e-01 7.468750e-01 5.806452e-01
    endloop
  endfacet
  facet normal -7.744648e-01 -6.070339e-01 1.780843e-01
    outer loop
      vertex 8.387097e-01 8.736427e-01 4.516129e-01
      vertex 9.677419e-01 7.468750e-01 5.806452e-01
      vertex 8.387097e-01 9.114967e-01 5.806452e-01
    endloop
  endfacet
  facet normal -7.241282e-01 -5.675795e-01 -3.917804e-01
    outer loop
      vertex 8.387097e-01 9.114967e-01 5.806452e-01
      vertex 9.677419e-01 7.468750e-01 5.806452e-01
      vertex 9.677419e-01 6.578085e-01 7.096774e-01
    endloop
  endfacet
  facet normal -8.443263e-01 -5.111709e-01 -1.606782e-01
    outer loop
      vertex 8.387097e-01 9.114967e-01 5.806452e-01
      vertex 9.677419e-01 6.578085e-01 7.096774e-01
      vertex 8.387097e-01 8.709375e-01 7.096774e-01
    endloop
  endfacet
  facet normal -8.512830e-01 -5.153826e-01 9.847847e-02
    outer loop
      vertex 8.387097e-01 8.709375e-01 7.096774e-01
      vertex 9.677419e-01 6.578085e-01 7.096774e-01
      vertex 9.677419e-01 6.824638e-01 8.387097e-01
    endloop
  endfacet
  facet normal 9.673378e-02 -5.163236e-01 -8.509128e-01
    outer loop
      vertex 8.387097e-01 8.709375e-01 7.096774e-01
      vertex 9.677419e-01 6.824638e-01 8.387097e-01
      vertex 8.387097e-01 6.582894e-01 8.387097e-01
    endloop
  endfacet
  facet normal 1.520802e-01 -8.117388e-01 -5.638721e-01
    outer loop
      vertex 8.387097e-01 6.582894e-01 8.387097e-01
      vertex 9.677419e-01 6.824638e-01 8.387097e-01
      vertex 9.677419e-01 5.928319e-01 9.677419e-01
    endloop
  endfacet
  facet normal 2.784153e-01 -7.151007e-01 -6.411832e-01
    outer loop
      vertex 8.387097e-01 6.582894e-01 8.387097e-01
      vertex 9.677419e-01 5.928319e-01 9.677419e-01
      vertex 8.387097e-01 5.425948e-01 9.677419e-01
    endloop
  endfacet
  facet normal 1.935266e-01 -4.970667e-01 -8.458559e-01
    outer loop
      vertex 8.387097e-01 5.425948e-01 9.677419e-01
      vertex 9.677419e-01 5.928319e-01 9.677419e-01
      vertex 9.677419e-01 3.732583e-01 1.096774e+00
    endloop
  endfacet
  facet normal 4.381204e-01 -3.092975e-01 -8.440294e-01
    outer loop
      vertex 8.387097e-01 5.425948e-01 9.677419e-01
      vertex 9.677419e-01 3.732583e-01 1.096774e+00
      vertex 8.387097e-01 1.904839e-01 1.096774e+00
    endloop
  endfacet
  facet normal 5.163215e-01 -3.645047e-01 -7.749506e-01
    outer loop
      vertex 8.387097e-01 1.904839e-01 1.096774e+00
      vertex 9.677419e-01 3.732583e-01 1.096774e+00
      vertex 9.677419e-01 9.893093e-02 1.225806e+00
    endloop
  endfacet
  facet normal 3.954120e-01 -5.147975e-01 -7.606792e-01
    outer loop
      vertex 8.387097e-01 1.904839e-01 1.096774e+00
      vertex 9.677419e-01 9.893093e-02 1.225806e+00
      vertex 8.387097e-01 -1.777659e-04 1.225806e+00
    endloop
  endfacet
  facet normal 5.341650e-01 -6.954437e-01 4.806513e-01
    outer loop
      vertex 8.387097e-01 -1.777659e-04 1.225806e+00
      vertex 9.677419e-01 9.893093e-02 1.225806e+00
      vertex 9.677419e-01 1.881107e-01 1.354839e+00
    endloop
  endfacet
  facet normal 8.695376e-01 -4.325286e-01 -2.383764e-01
    outer loop
      vertex 8.387097e-01 -1.777659e-04 1.225806e+00
      vertex 9.677419e-01 1.881107e-01 1.354839e+00
      vertex 8.387097e-01 -7.129037e-02 1.354839e+00
    endloop
  endfacet
  facet normal 8.096543e-01 -4.027413e-01 4.269184e-01
    outer loop
      vertex 8.387097e-01 -7.129037e-02 1.354839e+00
      vertex 9.677419e-01 1.881107e-01 1.354839e+00
      vertex 9.677419e-01 3.248890e-01 1.483871e+00
    endloop
  endfacet
  facet normal 7.329858e-01 -4.144168e-01 5.394354e-01
    outer loop
      vertex 8.387097e-01 -7.129037e-02 1.354839e+00
      vertex 9.677419e-01 3.248890e-01 1.483871e+00
      vertex 8.387097e-01 9.666749e-02 1.483871e+00
    endloop
  endfacet
  facet normal 8.564557e-01 -4.842244e-01 1.789142e-01
    outer loop
      vertex 8.387097e-01 9.666749e-02 1.483871e+00
      vertex 9.677419e-01 3.248890e-01 1.483871e+00
      vertex 9.677419e-01 3.725646e-01 1.612903e+00
    endloop
  endfacet
  facet normal 7.981665e-01 -5.175179e-01 3.083918e-01
    outer loop
      vertex 8.387097e-01 9.666749e-02 1.483871e+00
      vertex 9.677419e-01 3.725646e-01 1.612903e+00
      vertex 8.387097e-01 1.735585e-01 1.612903e+00
    endloop
  endfacet
  facet normal 6.464010e-01 -4.191158e-01 -6.375795e-01
    outer loop
      vertex 8.387097e-01 1.735585e-01 1.612903e+00
      vertex 9.677419e-01 3.725646e-01 1.612903e+00
      vertex 9.677419e-01 1.762744e-01 1.741935e+00
    endloop
  endfacet
  facet normal 1.758389e-02 -9.998394e-01 3.460620e-03
    outer loop
      vertex 8.387097e-01 1.735585e-01 1.612903e+00
      vertex 9.677419e-01 1.762744e-01 1.741935e+00
      vertex 8.387097e-01 1.740051e-01 1.741935e+00
    endloop
  endfacet
  facet normal 1.560370e-02 -8.872438e-01 -4.610368e-01
    outer loop
      vertex 8.387097e-01 1.740051e-01 1.741935e+00
      vertex 9.677419e-01 1.762744e-01 1.741935e+00
      vertex 9.677419e-01 1.092256e-01 1.870968e+00
    endloop
  endfacet
  facet normal 3.970125e-01 -5.972839e-01 -6.968737e-01
    outer loop
      vertex 8.387097e-01 1.740051e-01 1.741935e+00
      vertex 9.677419e-01 1.092256e-01 1.870968e+00
      vertex 8.387097e-01 2.345830e-02 1.870968e+00
    endloop
  endfacet
  facet normal 4.406343e-01 -6.629105e-01 -6.053025e-01
    outer loop
      vertex 8.387097e-01 2.345830e-02 1.870968e+00
      vertex 9.677419e-01 1.092256e-01 1.870968e+00
      vertex 9.677419e-01 -8.593564e-03 2.000000e+00
    endloop
  endfacet
  facet normal -2.734550e-02 -9.761993e-01 -2.151443e-01
    outer loop
      vertex 8.387097e-01 2.345830e-02 1.870968e+00
      vertex 9.677419e-01 -8.593564e-03 2.000000e+00
      vertex 8.387097e-01 -4.979085e-03 2.000000e+00
    endloop
  endfacet
  facet normal -8.908425e-01 -3.616170e-01 2.750143e-01
    outer loop
      vertex 9.677419e-01 -3.733047e-01 -2.000000e+00
      vertex 1.096774e+00 -6.911753e-01 -2.000000e+00
      vertex 1.096774e+00 -5.930446e-01 -1.870968e+00
    endloop
  endfacet
  facet normal -4.931771e-01 -6.373004e-01 -5.921356e-01
    outer loop
      vertex 9.677419e-01 -3.733047e-01 -2.000000e+00
      vertex 1.096774e+00 -5.930446e-01 -1.870968e+00
      vertex 9.677419e-01 -4.931926e-01 -1.870968e+00
    endloop
  endfacet
  facet normal -5.168973e-01 -6.679525e-01 5.354033e-01
    outer loop
      vertex 9.677419e-01 -4.931926e-01 -1.870968e+00
      vertex 1.096774e+00 -5.930446e-01 -1.870968e+00
      vertex 1.096774e+00 -4.896176e-01 -1.741935e+00
    endloop
  endfacet
  facet normal -2.386185e-01 -9.343969e-01 2.645065e-01
    outer loop
      vertex 9.677419e-01 -4.931926e-01 -1.870968e+00
      vertex 1.096774e+00 -4.896176e-01 -1.741935e+00
      vertex 9.677419e-01 -4.566665e-01 -1.741935e+00
    endloop
  endfacet
  facet normal -1.985015e-01 -7.773044e-01 5.969883e-01
    outer loop
      vertex 9.677419e-01 -4.566665e-01 -1.741935e+00
      vertex 1.096774e+00 -4.896176e-01 -1.741935e+00
      vertex 1.096774e+00 -3.905178e-01 -1.612903e+00
    endloop
  endfacet
  facet normal -2.027541e-02 -8.813195e-01 4.720857e-01
    outer loop
      vertex 9.677419e-01 -4.566665e-01 -1.741935e+00
      vertex 1.096774e+00 -3.905178e-01 -1.612903e+00
      vertex 9.677419e-01 -3.875493e-01 -1.612903e+00
    endloop
  endfacet
  facet normal -1.670050e-02 -7.259274e-01 -6.875685e-01
    outer loop
      vertex 9.677419e-01 -3.875493e-01 -1.612903e+00
      vertex 1.096774e+00 -3.905178e-01 -1.612903e+00
      vertex 1.096774e+00 -5.127318e-01 -1.483871e+00
    endloop
  endfacet
  facet normal -5.873385e-01 -7.894081e-01 -1.785171e-01
    outer loop
      vertex 9.677419e-01 -3.875493e-01 -1.612903e+00
      vertex 1.096774e+00 -5.127318e-01 -1.483871e+00
      vertex 9.677419e-01 -4.167287e-01 -1.483871e+00
    endloop
  endfacet
  facet normal -5.969143e-01 -8.022783e-01 -6.550281e-03
    outer loop
      vertex 9.677419e-01 -4.167287e-01 -1.483871e+00
      vertex 1.096774e+00 -5.127318e-01 -1.483871e+00
      vertex 1.096774e+00 -5.137853e-01 -1.354839e+00
    endloop
  endfacet
  facet normal 1.899198e-01 -6.839470e-01 -7.043770e-01
    outer loop
      vertex 9.677419e-01 -4.167287e-01 -1.483871e+00
      vertex 1.096774e+00 -5.137853e-01 -1.354839e+00
      vertex 9.677419e-01 -5.496153e-01 -1.354839e+00
    endloop
  endfacet
  facet normal 2.609284e-01 -9.396660e-01 -2.212332e-01
    outer loop
      vertex 9.677419e-01 -5.496153e-01 -1.354839e+00
      vertex 1.096774e+00 -5.137853e-01 -1.354839e+00
      vertex 1.096774e+00 -5.441644e-01 -1.225806e+00
    endloop
  endfacet
  facet normal 5.182723e-01 -7.018850e-01 -4.886219e-01
    outer loop
      vertex 9.677419e-01 -5.496153e-01 -1.354839e+00
      vertex 1.096774e+00 -5.441644e-01 -1.225806e+00
      vertex 9.677419e-01 -6.394419e-01 -1.225806e+00
    endloop
  endfacet
  facet normal 5.671349e-01 -7.680586e-01 -2.973954e-01
    outer loop
      vertex 9.677419e-01 -6.394419e-01 -1.225806e+00
      vertex 1.096774e+00 -5.441644e-01 -1.225806e+00
      vertex 1.096774e+00 -5.941263e-01 -1.096774e+00
    endloop
  endfacet
  facet normal 4.560793e-01 -8.775665e-01 -1.478809e-01
    outer loop
      vertex 9.677419e-01 -6.394419e-01 -1.225806e+00
      vertex 1.096774e+00 -5.941263e-01 -1.096774e+00
      vertex 9.677419e-01 -6.611855e-01 -1.096774e+00
    endloop
  endfacet
  facet normal 3.375588e-01 -6.495149e-01 -6.813108e-01
    outer loop
      vertex 9.677419e-01 -6.611855e-01 -1.096774e+00
      vertex 1.096774e+00 -5.941263e-01 -1.096774e+00
      vertex 1.096774e+00 -7.294751e-01 -9.677419e-01
    endloop
  endfacet
  facet normal -6.128590e-01 -7.618757e-01 2.096407e-01
    outer loop
      vertex 9.677419e-01 -6.611855e-01 -1.096774e+00
      vertex 1.096774e+00 -7.294751e-01 -9.677419e-01
      vertex 9.677419e-01 -6.256805e-01 -9.677419e-01
    endloop
  endfacet
  facet normal -5.441268e-01 -6.764313e-01 4.963535e-01
    outer loop
      vertex 9.677419e-01 -6.256805e-01 -9.677419e-01
      vertex 1.096774e+00 -7.294751e-01 -9.677419e-01
      vertex 1.096774e+00 -6.347934e-01 -8.387097e-01
    endloop
  endfacet
  facet normal -5.696378e-01 -6.323874e-01 5.249751e-01
    outer loop
      vertex 9.677419e-01 -6.256805e-01 -9.677419e-01
      vertex 1.096774e+00 -6.347934e-01 -8.387097e-01
      vertex 9.677419e-01 -5.185646e-01 -8.387097e-01
    endloop
  endfacet
  facet normal -3.594932e-01 -3.990939e-01 8.434979e-01
    outer loop
      vertex 9.677419e-01 -5.185646e-01 -8.387097e-01
      vertex 1.096774e+00 -6.347934e-01 -8.387097e-01
      vertex 1.096774e+00 -3.620796e-01 -7.096774e-01
    endloop
  endfacet
  facet normal -2.795620e-01 -4.630265e-01 8.411014e-01
    outer loop
      vertex 9.677419e-01 -5.185646e-01 -8.387097e-01
      vertex 1.096774e+00 -3.620796e-01 -7.096774e-01
      vertex 9.677419e-01 -2.841737e-01 -7.096774e-01
    endloop
  endfacet
  facet normal -2.180935e-01 -3.612189e-01 9.066180e-01
    outer loop
      vertex 9.677419e-01 -2.841737e-01 -7.096774e-01
      vertex 1.096774e+00 -3.620796e-01 -7.096774e-01
      vertex 1.096774e+00 -3.822346e-02 -5.806452e-01
    endloop
  endfacet
  facet normal 4.604059e-01 -5.896666e-01 6.635659e-01
    outer loop
      vertex 9.677419e-01 -2.841737e-01 -7.096774e-01
      vertex 1.096774e+00 -3.822346e-02 -5.806452e-01
      vertex 9.677419e-01 -1.389706e-01 -5.806452e-01
    endloop
  endfacet
  facet normal 6.018151e-01 -7.707770e-01 2.090966e-01
    outer loop
      vertex 9.677419e-01 -1.389706e-01 -5.806452e-01
      vertex 1.096774e+00 -3.822346e-02 -5.806452e-01
      vertex 1.096774e+00 -3.219556e-03 -4.516129e-01
    endloop
  endfacet
  facet normal -7.371036e-02 -6.493693e-01 7.568925e-01
    outer loop
      vertex 9.677419e-01 -1.389706e-01 -5.806452e-01
      vertex 1.096774e+00 -3.219556e-03 -4.516129e-01
      vertex 9.677419e-01 1.142699e-02 -4.516129e-01
    endloop
  endfacet
  facet normal -1.119134e-01 -9.859279e-01 1.241836e-01
    outer loop
      vertex 9.677419e-01 1.142699e-02 -4.516129e-01
      vertex 1.096774e+00 -3.219556e-03 -4.516129e-01
      vertex 1.096774e+00 1.303285e-02 -3.225806e-01
    endloop
  endfacet
  facet normal -3.946679e-01 -8.247829e-01 4.049327e-01
    outer loop
      vertex 9.677419e-01 1.142699e-02 -4.516129e-01
      vertex 1.096774e+00 1.303285e-02 -3.225806e-01
      vertex 9.677419e-01 7.477624e-02 -3.225806e-01
    endloop
  endfacet
  facet normal -3.621630e-01 -7.568537e-01 5.440685e-01
    outer loop
      vertex 9.677419e-01 7.477624e-02 -3.225806e-01
      vertex 1.096774e+00 1.303285e-02 -3.225806e-01
      vertex 1.096774e+00 1.057884e-01 -1.935484e-01
    endloop
  endfacet
  facet normal -3.921282e-01 -7.248994e-01 5.663536e-01
    outer loop
      vertex 9.677419e-01 7.477624e-02 -3.225806e-01
      vertex 1.096774e+00 1.057884e-01 -1.935484e-01
      vertex 9.677419e-01 1.755873e-01 -1.935484e-01
    endloop
  endfacet
  facet normal -4.601837e-01 -8.507088e-01 2.540186e-01
    outer loop
      vertex 9.677419e-01 1.755873e-01 -1.935484e-01
      vertex 1.096774e+00 1.057884e-01 -1.935484e-01
      vertex 1.096774e+00 1.443170e-01 -6.451613e-02
    endloop
  endfacet
  facet normal -1.574774e-01 -9.841920e-01 -8.103680e-02
    outer loop
      vertex 9.677419e-01 1.755873e-01 -1.935484e-01
      vertex 1.096774e+00 1.443170e-01 -6.451613e-02
      vertex 9.677419e-01 1.649630e-01 -6.451613e-02
    endloop
  endfacet
  facet normal -1.191709e-01 -7.447869e-01 -6.565750e-01
    outer loop
      vertex 9.677419e-01 1.649630e-01 -6.451613e-02
      vertex 1.096774e+00 1.443170e-01 -6.451613e-02
      vertex 1.096774e+00 3.056719e-02 6.451613e-02
    endloop
  endfacet
  facet normal -5.002809e-01 -7.994975e-01 -3.324497e-01
    outer loop
      vertex 9.677419e-01 1.649630e-01 -6.451613e-02
      vertex 1.096774e+00 3.056719e-02 6.451613e-02
      vertex 9.677419e-01 1.113084e-01 6.451613e-02
    endloop
  endfacet
  facet normal -5.076489e-01 -8.112723e-01 -2.900516e-01
    outer loop
      vertex 9.677419e-01 1.113084e-01 6.451613e-02
      vertex 1.096774e+00 3.056719e-02 6.451613e-02
      vertex 1.096774e+00 -1.556530e-02 1.935484e-01
    endloop
  endfacet
  facet normal -7.931505e-01 -5.576456e-01 2.448338e-01
    outer loop
      vertex 9.677419e-01 1.113084e-01 6.451613e-02
      vertex 1.096774e+00 -1.556530e-02 1.935484e-01
      vertex 9.677419e-01 1.679599e-01 1.935484e-01
    endloop
  endfacet
  facet normal -6.383632e-01 -4.488182e-01 6.253436e-01
    outer loop
      vertex 9.677419e-01 1.679599e-01 1.935484e-01
      vertex 1.096774e+00 -1.556530e-02 1.935484e-01
      vertex 1.096774e+00 1.642168e-01 3.225806e-01
    endloop
  endfacet
  facet normal -6.866560e-01 -2.593915e-01 6.791315e-01
    outer loop
      vertex 9.677419e-01 1.679599e-01 1.935484e-01
      vertex 1.096774e+00 1.642168e-01 3.225806e-01
      vertex 9.677419e-01 5.057885e-01 3.225806e-01
    endloop
  endfacet
  facet normal -7.289639e-01 -2.753737e-01 6.267223e-01
    outer loop
      vertex 9.677419e-01 5.057885e-01 3.225806e-01
      vertex 1.096774e+00 1.642168e-01 3.225806e-01
      vertex 1.096774e+00 4.578810e-01 4.516129e-01
    endloop
  endfacet
  facet normal -7.152410e-01 -4.181339e-01 5.599950e-01
    outer loop
      vertex 9.677419e-01 5.057885e-01 3.225806e-01
      vertex 1.096774e+00 4.578810e-01 4.516129e-01
      vertex 9.677419e-01 6.785978e-01 4.516129e-01
    endloop
  endfacet
  facet normal -7.505822e-01 -4.387945e-01 4.940503e-01
    outer loop
      vertex 9.677419e-01 6.785978e-01 4.516129e-01
      vertex 1.096774e+00 4.578810e-01 4.516129e-01
      vertex 1.096774e+00 6.031618e-01 5.806452e-01
    endloop
  endfacet
  facet normal -7.015444e-01 -6.298786e-01 3.332992e-01
    outer loop
      vertex 9.677419e-01 6.785978e-01 4.516129e-01
      vertex 1.096774e+00 6.031618e-01 5.806452e-01
      vertex 9.677419e-01 7.468750e-01 5.806452e-01
    endloop
  endfacet
  facet normal -7.440448e-01 -6.680374e-01 -1.111190e-02
    outer loop
      vertex 9.677419e-01 7.468750e-01 5.806452e-01
      vertex 1.096774e+00 6.031618e-01 5.806452e-01
      vertex 1.096774e+00 6.010155e-01 7.096774e-01
    endloop
  endfacet
  facet normal -3.405751e-01 -7.737782e-01 -5.341122e-01
    outer loop
      vertex 9.677419e-01 7.468750e-01 5.806452e-01
      vertex 1.096774e+00 6.010155e-01 7.096774e-01
      vertex 9.677419e-01 6.578085e-01 7.096774e-01
    endloop
  endfacet
  facet normal -4.004942e-01 -9.099130e-01 1.079945e-01
    outer loop
      vertex 9.677419e-01 6.578085e-01 7.096774e-01
      vertex 1.096774e+00 6.010155e-01 7.096774e-01
      vertex 1.096774e+00 6.163299e-01 8.387097e-01
    endloop
  endfacet
  facet normal -4.496625e-01 -8.773261e-01 1.676381e-01
    outer loop
      vertex 9.677419e-01 6.578085e-01 7.096774e-01
      vertex 1.096774e+00 6.163299e-01 8.387097e-01
      vertex 9.677419e-01 6.824638e-01 8.387097e-01
    endloop
  endfacet
  facet normal -4.520725e-01 -8.820282e-01 -1.328783e-01
    outer loop
      vertex 9.677419e-01 6.824638e-01 8.387097e-01
      vertex 1.096774e+00 6.163299e-01 8.387097e-01
      vertex 1.096774e+00 5.968911e-01 9.677419e-01
    endloop
  endfacet
  facet normal 2.582836e-02 -8.210179e-01 -5.703178e-01
    outer loop
      vertex 9.677419e-01 6.824638e-01 8.387097e-01
      vertex 1.096774e+00 5.968911e-01 9.677419e-01
      vertex 9.677419e-01 5.928319e-01 9.677419e-01
    endloop
  endfacet
  facet normal 2.416322e-02 -7.680873e-01 -6.398891e-01
    outer loop
      vertex 9.677419e-01 5.928319e-01 9.677419e-01
      vertex 1.096774e+00 5.968911e-01 9.677419e-01
      vertex 1.096774e+00 4.893951e-01 1.096774e+00
    endloop
  endfacet
  facet normal 4.149074e-01 -4.609777e-01 -7.844434e-01
    outer loop
      vertex 9.677419e-01 5.928319e-01 9.677419e-01
      vertex 1.096774e+00 4.893951e-01 1.096774e+00
      vertex 9.677419e-01 3.732583e-01 1.096774e+00
    endloop
  endfacet
  facet normal 5.008958e-01 -5.565141e-01 -6.628691e-01
    outer loop
      vertex 9.677419e-01 3.732583e-01 1.096774e+00
      vertex 1.096774e+00 4.893951e-01 1.096774e+00
      vertex 1.096774e+00 3.357035e-01 1.225806e+00
    endloop
  endfacet
  facet normal 6.155316e-01 -3.354418e-01 -7.131618e-01
    outer loop
      vertex 9.677419e-01 3.732583e-01 1.096774e+00
      vertex 1.096774e+00 3.357035e-01 1.225806e+00
      vertex 9.677419e-01 9.893093e-02 1.225806e+00
    endloop
  endfacet
  facet normal 8.762624e-01 -4.775304e-01 6.425656e-02
    outer loop
      vertex 9.677419e-01 9.893093e-02 1.225806e+00
      vertex 1.096774e+00 3.357035e-01 1.225806e+00
      vertex 1.096774e+00 3.530661e-01 1.354839e+00
    endloop
  endfacet
  facet normal 7.246841e-01 -5.668660e-01 3.917856e-01
    outer loop
      vertex 9.677419e-01 9.893093e-02 1.225806e+00
      vertex 1.096774e+00 3.530661e-01 1.354839e+00
      vertex 9.677419e-01 1.881107e-01 1.354839e+00
    endloop
  endfacet
  facet normal 7.828431e-01 -6.123595e-01 1.103292e-01
    outer loop
      vertex 9.677419e-01 1.881107e-01 1.354839e+00
      vertex 1.096774e+00 3.530661e-01 1.354839e+00
      vertex 1.096774e+00 3.763140e-01 1.483871e+00
    endloop
  endfacet
  facet normal 2.637972e-01 -6.619028e-01 7.016378e-01
    outer loop
      vertex 9.677419e-01 1.881107e-01 1.354839e+00
      vertex 1.096774e+00 3.763140e-01 1.483871e+00
      vertex 9.677419e-01 3.248890e-01 1.483871e+00
    endloop
  endfacet
  facet normal 3.542142e-01 -8.887713e-01 -2.908915e-01
    outer loop
      vertex 9.677419e-01 3.248890e-01 1.483871e+00
      vertex 1.096774e+00 3.763140e-01 1.483871e+00
      vertex 1.096774e+00 3.340822e-01 1.612903e+00
    endloop
  endfacet
  facet normal -2.694097e-01 -9.033360e-01 3.337701e-01
    outer loop
      vertex 9.677419e-01 3.248890e-01 1.483871e+00
      vertex 1.096774e+00 3.340822e-01 1.612903e+00
      vertex 9.677419e-01 3.725646e-01 1.612903e+00
    endloop
  endfacet
  facet normal -2.220699e-01 -7.446048e-01 -6.294828e-01
    outer loop
      vertex 9.677419e-01 3.725646e-01 1.612903e+00
      vertex 1.096774e+00 3.340822e-01 1.612903e+00
      vertex 1.096774e+00 2.249994e-01 1.741935e+00
    endloop
  endfacet
  facet normal 2.031032e-01 -5.378525e-01 -8.182077e-01
    outer loop
      vertex 9.677419e-01 3.725646e-01 1.612903e+00
      vertex 1.096774e+00 2.249994e-01 1.741935e+00
      vertex 9.677419e-01 1.762744e-01 1.741935e+00
    endloop
  endfacet
  facet normal 3.299458e-01 -8.737539e-01 -3.573373e-01
    outer loop
      vertex 9.677419e-01 1.762744e-01 1.741935e+00
      vertex 1.096774e+00 2.249994e-01 1.741935e+00
      vertex 1.096774e+00 1.722293e-01 1.870968e+00
    endloop
  endfacet
  facet normal 3.975625e-01 -8.142120e-01 -4.230874e-01
    outer loop
      vertex 9.677419e-01 1.762744e-01 1.741935e+00
      vertex 1.096774e+00 1.722293e-01 1.870968e+00
      vertex 9.677419e-01 1.092256e-01 1.870968e+00
    endloop
  endfacet
  facet normal 3.302839e-01 -6.764247e-01 -6.583025e-01
    outer loop
      vertex 9.677419e-01 1.092256e-01 1.870968e+00
      vertex 1.096774e+00 1.722293e-01 1.870968e+00
      vertex 1.096774e+00 4.665399e-02 2.000000e+00
    endloop
  endfacet
  facet normal 3.014765e-01 -7.041071e-01 -6.429192e-01
    outer loop
      vertex 9.677419e-01 1.092256e-01 1.870968e+00
      vertex 1.096774e+00 4.665399e-02 2.000000e+00
      vertex 9.677419e-01 -8.593564e-03 2.000000e+00
    endloop
  endfacet
  facet normal -4.317560e-01 -8.488055e-01 3.051489e-01
    outer loop
      vertex 1.096774e+00 -6.911753e-01 -2.000000e+00
      vertex 1.225806e+00 -7.568092e-01 -2.000000e+00
      vertex 1.225806e+00 -7.104216e-01 -1.870968e+00
    endloop
  endfacet
  facet normal -5.864724e-01 -6.447076e-01 4.903084e-01
    outer loop
      vertex 1.096774e+00 -6.911753e-01 -2.000000e+00
      vertex 1.225806e+00 -7.104216e-01 -1.870968e+00
      vertex 1.096774e+00 -5.930446e-01 -1.870968e+00
    endloop
  endfacet
  facet normal -5.563527e-01 -6.115971e-01 5.625128e-01
    outer loop
      vertex 1.096774e+00 -5.930446e-01 -1.870968e+00
      vertex 1.225806e+00 -7.104216e-01 -1.870968e+00
      vertex 1.225806e+00 -5.917450e-01 -1.741935e+00
    endloop
  endfacet
  facet normal -5.254500e-01 -6.638771e-01 5.321367e-01
    outer loop
      vertex 1.096774e+00 -5.930446e-01 -1.870968e+00
      vertex 1.225806e+00 -5.917450e-01 -1.741935e+00
      vertex 1.096774e+00 -4.896176e-01 -1.741935e+00
    endloop
  endfacet
  facet normal -5.235885e-01 -6.615253e-01 5.368793e-01
    outer loop
      vertex 1.096774e+00 -4.896176e-01 -1.741935e+00
      vertex 1.225806e+00 -5.917450e-01 -1.741935e+00
      vertex 1.225806e+00 -4.870252e-01 -1.612903e+00
    endloop
  endfacet
  facet normal -5.101732e-01 -6.821111e-01 5.238776e-01
    outer loop
      vertex 1.096774e+00 -4.896176e-01 -1.741935e+00
      vertex 1.225806e+00 -4.870252e-01 -1.612903e+00
      vertex 1.096774e+00 -3.905178e-01 -1.612903e+00
    endloop
  endfacet
  facet normal -5.091280e-01 -6.807137e-01 5.267044e-01
    outer loop
      vertex 1.096774e+00 -3.905178e-01 -1.612903e+00
      vertex 1.225806e+00 -4.870252e-01 -1.612903e+00
      vertex 1.225806e+00 -3.871861e-01 -1.483871e+00
    endloop
  endfacet
  facet normal 5.769713e-01 -5.929944e-01 -5.616598e-01
    outer loop
      vertex 1.096774e+00 -3.905178e-01 -1.612903e+00
      vertex 1.225806e+00 -3.871861e-01 -1.483871e+00
      vertex 1.096774e+00 -5.127318e-01 -1.483871e+00
    endloop
  endfacet
  facet normal 6.950031e-01 -7.143042e-01 -8.209905e-02
    outer loop
      vertex 1.096774e+00 -5.127318e-01 -1.483871e+00
      vertex 1.225806e+00 -3.871861e-01 -1.483871e+00
      vertex 1.225806e+00 -4.020165e-01 -1.354839e+00
    endloop
  endfacet
  facet normal 6.547201e-01 -7.558462e-01 -6.171181e-03
    outer loop
      vertex 1.096774e+00 -5.127318e-01 -1.483871e+00
      vertex 1.225806e+00 -4.020165e-01 -1.354839e+00
      vertex 1.096774e+00 -5.137853e-01 -1.354839e+00
    endloop
  endfacet
  facet normal 6.422936e-01 -7.415004e-01 1.940003e-01
    outer loop
      vertex 1.096774e+00 -5.137853e-01 -1.354839e+00
      vertex 1.225806e+00 -4.020165e-01 -1.354839e+00
      vertex 1.225806e+00 -3.682576e-01 -1.225806e+00
    endloop
  endfacet
  facet normal 7.986248e-01 -5.858120e-01 -1.379225e-01
    outer loop
      vertex 1.096774e+00 -5.137853e-01 -1.354839e+00
      vertex 1.225806e+00 -3.682576e-01 -1.225806e+00
      vertex 1.096774e+00 -5.441644e-01 -1.225806e+00
    endloop
  endfacet
  facet normal 6.364831e-01 -4.668769e-01 -6.139342e-01
    outer loop
      vertex 1.096774e+00 -5.441644e-01 -1.225806e+00
      vertex 1.225806e+00 -3.682576e-01 -1.225806e+00
      vertex 1.225806e+00 -5.379325e-01 -1.096774e+00
    endloop
  endfacet
  facet normal 3.762736e-01 -8.640012e-01 -3.345447e-01
    outer loop
      vertex 1.096774e+00 -5.441644e-01 -1.225806e+00
      vertex 1.225806e+00 -5.379325e-01 -1.096774e+00
      vertex 1.096774e+00 -5.941263e-01 -1.096774e+00
    endloop
  endfacet
  facet normal 3.933638e-01 -9.032439e-01 -1.715091e-01
    outer loop
      vertex 1.096774e+00 -5.941263e-01 -1.096774e+00
      vertex 1.225806e+00 -5.379325e-01 -1.096774e+00
      vertex 1.225806e+00 -5.624334e-01 -9.677419e-01
    endloop
  endfacet
  facet normal 6.661896e-01 -5.146017e-01 -5.397931e-01
    outer loop
      vertex 1.096774e+00 -5.941263e-01 -1.096774e+00
      vertex 1.225806e+00 -5.624334e-01 -9.677419e-01
      vertex 1.096774e+00 -7.294751e-01 -9.677419e-01
    endloop
  endfacet
  facet normal 7.489869e-01 -5.785589e-01 3.229368e-01
    outer loop
      vertex 1.096774e+00 -7.294751e-01 -9.677419e-01
      vertex 1.225806e+00 -5.624334e-01 -9.677419e-01
      vertex 1.225806e+00 -4.904108e-01 -8.387097e-01
    endloop
  endfacet
  facet normal 6.698445e-01 -5.986286e-01 4.392632e-01
    outer loop
      vertex 1.096774e+00 -7.294751e-01 -9.677419e-01
      vertex 1.225806e+00 -4.904108e-01 -8.387097e-01
      vertex 1.096774e+00 -6.347934e-01 -8.387097e-01
    endloop
  endfacet
  facet normal 4.844191e-01 -4.329171e-01 7.602111e-01
    outer loop
      vertex 1.096774e+00 -6.347934e-01 -8.387097e-01
      vertex 1.225806e+00 -4.904108e-01 -8.387097e-01
      vertex 1.225806e+00 -2.638276e-01 -7.096774e-01
    endloop
  endfacet
  facet normal 3.096558e-01 -4.066644e-01 8.594983e-01
    outer loop
      vertex 1.096774e+00 -6.347934e-01 -8.387097e-01
      vertex 1.225806e+00 -2.638276e-01 -7.096774e-01
      vertex 1.096774e+00 -3.620796e-01 -7.096774e-01
    endloop
  endfacet
  facet normal 3.796214e-01 -4.985488e-01 7.793181e-01
    outer loop
      vertex 1.096774e+00 -3.620796e-01 -7.096774e-01
      vertex 1.225806e+00 -2.638276e-01 -7.096774e-01
      vertex 1.225806e+00 -6.212783e-02 -5.806452e-01
    endloop
  endfacet
  facet normal -6.840898e-02 -3.692616e-01 9.268042e-01
    outer loop
      vertex 1.096774e+00 -3.620796e-01 -7.096774e-01
      vertex 1.225806e+00 -6.212783e-02 -5.806452e-01
      vertex 1.096774e+00 -3.822346e-02 -5.806452e-01
    endloop
  endfacet
  facet normal -1.608156e-01 -8.680587e-01 4.696940e-01
    outer loop
      vertex 1.096774e+00 -3.822346e-02 -5.806452e-01
      vertex 1.225806e+00 -6.212783e-02 -5.806452e-01
      vertex 1.225806e+00 7.689665e-03 -4.516129e-01
    endloop
  endfacet
  facet normal 8.132697e-02 -9.619205e-01 2.609500e-01
    outer loop
      vertex 1.096774e+00 -3.822346e-02 -5.806452e-01
      vertex 1.225806e+00 7.689665e-03 -4.516129e-01
      vertex 1.096774e+00 -3.219556e-03 -4.516129e-01
    endloop
  endfacet
  facet normal 7.951246e-02 -9.404588e-01 -3.304770e-01
    outer loop
      vertex 1.096774e+00 -3.219556e-03 -4.516129e-01
      vertex 1.225806e+00 7.689665e-03 -4.516129e-01
      vertex 1.225806e+00 -3.765225e-02 -3.225806e-01
    endloop
  endfacet
  facet normal -3.631270e-01 -9.244355e-01 1.164383e-01
    outer loop
      vertex 1.096774e+00 -3.219556e-03 -4.516129e-01
      vertex 1.225806e+00 -3.765225e-02 -3.225806e-01
      vertex 1.096774e+00 1.303285e-02 -3.225806e-01
    endloop
  endfacet
  facet normal -2.831542e-01 -7.208436e-01 6.326201e-01
    outer loop
      vertex 1.096774e+00 1.303285e-02 -3.225806e-01
      vertex 1.225806e+00 -3.765225e-02 -3.225806e-01
      vertex 1.225806e+00 7.558784e-02 -1.935484e-01
    endloop
  endfacet
  facet normal -1.867045e-01 -7.976971e-01 5.734290e-01
    outer loop
      vertex 1.096774e+00 1.303285e-02 -3.225806e-01
      vertex 1.225806e+00 7.558784e-02 -1.935484e-01
      vertex 1.096774e+00 1.057884e-01 -1.935484e-01
    endloop
  endfacet
  facet normal -1.924305e-01 -8.221614e-01 -5.357436e-01
    outer loop
      vertex 1.096774e+00 1.057884e-01 -1.935484e-01
      vertex 1.225806e+00 7.558784e-02 -1.935484e-01
      vertex 1.225806e+00 -8.493237e-03 -6.451613e-02
    endloop
  endfacet
  facet normal -7.502538e-01 -6.335110e-01 1.891641e-01
    outer loop
      vertex 1.096774e+00 1.057884e-01 -1.935484e-01
      vertex 1.225806e+00 -8.493237e-03 -6.451613e-02
      vertex 1.096774e+00 1.443170e-01 -6.451613e-02
    endloop
  endfacet
  facet normal -6.733972e-01 -5.686136e-01 -4.724561e-01
    outer loop
      vertex 1.096774e+00 1.443170e-01 -6.451613e-02
      vertex 1.225806e+00 -8.493237e-03 -6.451613e-02
      vertex 1.225806e+00 -1.157050e-01 6.451613e-02
    endloop
  endfacet
  facet normal -6.478065e-01 -5.714547e-01 -5.037721e-01
    outer loop
      vertex 1.096774e+00 1.443170e-01 -6.451613e-02
      vertex 1.225806e+00 -1.157050e-01 6.451613e-02
      vertex 1.096774e+00 3.056719e-02 6.451613e-02
    endloop
  endfacet
  facet normal -6.398371e-01 -5.644246e-01 -5.215682e-01
    outer loop
      vertex 1.096774e+00 3.056719e-02 6.451613e-02
      vertex 1.225806e+00 -1.157050e-01 6.451613e-02
      vertex 1.225806e+00 -2.349399e-01 1.935484e-01
    endloop
  endfacet
  facet normal -8.481338e-01 -4.988573e-01 -1.783549e-01
    outer loop
      vertex 1.096774e+00 3.056719e-02 6.451613e-02
      vertex 1.225806e+00 -2.349399e-01 1.935484e-01
      vertex 1.096774e+00 -1.556530e-02 1.935484e-01
    endloop
  endfacet
  facet normal -7.494658e-01 -4.408225e-01 4.939398e-01
    outer loop
      vertex 1.096774e+00 -1.556530e-02 1.935484e-01
      vertex 1.225806e+00 -2.349399e-01 1.935484e-01
      vertex 1.225806e+00 -9.035982e-02 3.225806e-01
    endloop
  endfacet
  facet normal -7.547189e-01 -3.825295e-01 5.329828e-01
    outer loop
      vertex 1.096774e+00 -1.556530e-02 1.935484e-01
      vertex 1.225806e+00 -9.035982e-02 3.225806e-01
      vertex 1.096774e+00 1.642168e-01 3.225806e-01
    endloop
  endfacet
  facet normal -6.521266e-01 -3.305306e-01 6.822612e-01
    outer loop
      vertex 1.096774e+00 1.642168e-01 3.225806e-01
      vertex 1.225806e+00 -9.035982e-02 3.225806e-01
      vertex 1.225806e+00 1.759808e-01 4.516129e-01
    endloop
  endfacet
  facet normal -6.601396e-01 -3.021611e-01 6.876877e-01
    outer loop
      vertex 1.096774e+00 1.642168e-01 3.225806e-01
      vertex 1.225806e+00 1.759808e-01 4.516129e-01
      vertex 1.096774e+00 4.578810e-01 4.516129e-01
    endloop
  endfacet
  facet normal -7.555515e-01 -3.458334e-01 5.563642e-01
    outer loop
      vertex 1.096774e+00 4.578810e-01 4.516129e-01
      vertex 1.225806e+00 1.759808e-01 4.516129e-01
      vertex 1.225806e+00 3.835631e-01 5.806452e-01
    endloop
  endfacet
  facet normal -7.489149e-01 -4.400491e-01 4.954628e-01
    outer loop
      vertex 1.096774e+00 4.578810e-01 4.516129e-01
      vertex 1.225806e+00 3.835631e-01 5.806452e-01
      vertex 1.096774e+00 6.031618e-01 5.806452e-01
    endloop
  endfacet
  facet normal -8.489225e-01 -4.988117e-01 1.746926e-01
    outer loop
      vertex 1.096774e+00 6.031618e-01 5.806452e-01
      vertex 1.225806e+00 3.835631e-01 5.806452e-01
      vertex 1.225806e+00 4.287525e-01 7.096774e-01
    endloop
  endfacet
  facet normal -8.003281e-01 -5.994794e-01 -9.971530e-03
    outer loop
      vertex 1.096774e+00 6.031618e-01 5.806452e-01
      vertex 1.225806e+00 4.287525e-01 7.096774e-01
      vertex 1.096774e+00 6.010155e-01 7.096774e-01
    endloop
  endfacet
  facet normal -7.084566e-01 -5.306638e-01 4.652797e-01
    outer loop
      vertex 1.096774e+00 6.010155e-01 7.096774e-01
      vertex 1.225806e+00 4.287525e-01 7.096774e-01
      vertex 1.225806e+00 5.418864e-01 8.387097e-01
    endloop
  endfacet
  facet normal -4.971115e-01 -8.616391e-01 1.022650e-01
    outer loop
      vertex 1.096774e+00 6.010155e-01 7.096774e-01
      vertex 1.225806e+00 5.418864e-01 8.387097e-01
      vertex 1.096774e+00 6.163299e-01 8.387097e-01
    endloop
  endfacet
  facet normal -4.412395e-01 -7.647966e-01 4.694612e-01
    outer loop
      vertex 1.096774e+00 6.163299e-01 8.387097e-01
      vertex 1.225806e+00 5.418864e-01 8.387097e-01
      vertex 1.225806e+00 6.210913e-01 9.677419e-01
    endloop
  endfacet
  facet normal 1.823496e-01 -9.722626e-01 -1.464722e-01
    outer loop
      vertex 1.096774e+00 6.163299e-01 8.387097e-01
      vertex 1.225806e+00 6.210913e-01 9.677419e-01
      vertex 1.096774e+00 5.968911e-01 9.677419e-01
    endloop
  endfacet
  facet normal 1.614457e-01 -8.608060e-01 4.826471e-01
    outer loop
      vertex 1.096774e+00 5.968911e-01 9.677419e-01
      vertex 1.225806e+00 6.210913e-01 9.677419e-01
      vertex 1.225806e+00 6.934387e-01 1.096774e+00
    endloop
  endfacet
  facet normal 7.721035e-01 -4.882596e-01 -4.067663e-01
    outer loop
      vertex 1.096774e+00 5.968911e-01 9.677419e-01
      vertex 1.225806e+00 6.934387e-01 1.096774e+00
      vertex 1.096774e+00 4.893951e-01 1.096774e+00
    endloop
  endfacet
  facet normal 7.488992e-01 -4.735857e-01 -4.635370e-01
    outer loop
      vertex 1.096774e+00 4.893951e-01 1.096774e+00
      vertex 1.225806e+00 6.934387e-01 1.096774e+00
      vertex 1.225806e+00 5.671443e-01 1.225806e+00
    endloop
  endfacet
  facet normal 7.555390e-01 -4.212262e-01 -5.017264e-01
    outer loop
      vertex 1.096774e+00 4.893951e-01 1.096774e+00
      vertex 1.225806e+00 5.671443e-01 1.225806e+00
      vertex 1.096774e+00 3.357035e-01 1.225806e+00
    endloop
  endfacet
  facet normal 8.542047e-01 -4.762341e-01 -2.086515e-01
    outer loop
      vertex 1.096774e+00 3.357035e-01 1.225806e+00
      vertex 1.225806e+00 5.671443e-01 1.225806e+00
      vertex 1.225806e+00 5.106116e-01 1.354839e+00
    endloop
  endfacet
  facet normal 7.708443e-01 -6.313337e-01 8.495235e-02
    outer loop
      vertex 1.096774e+00 3.357035e-01 1.225806e+00
      vertex 1.225806e+00 5.106116e-01 1.354839e+00
      vertex 1.096774e+00 3.530661e-01 1.354839e+00
    endloop
  endfacet
  facet normal 7.420774e-01 -6.077732e-01 -2.827240e-01
    outer loop
      vertex 1.096774e+00 3.530661e-01 1.354839e+00
      vertex 1.225806e+00 5.106116e-01 1.354839e+00
      vertex 1.225806e+00 4.505884e-01 1.483871e+00
    endloop
  endfacet
  facet normal 4.929064e-01 -8.562950e-01 1.542792e-01
    outer loop
      vertex 1.096774e+00 3.530661e-01 1.354839e+00
      vertex 1.225806e+00 4.505884e-01 1.483871e+00
      vertex 1.096774e+00 3.763140e-01 1.483871e+00
    endloop
  endfacet
  facet normal 4.043142e-01 -7.023893e-01 -5.858151e-01
    outer loop
      vertex 1.096774e+00 3.763140e-01 1.483871e+00
      vertex 1.225806e+00 4.505884e-01 1.483871e+00
      vertex 1.225806e+00 3.429714e-01 1.612903e+00
    endloop
  endfacet
  facet normal 6.533369e-02 -9.483600e-01 -3.103946e-01
    outer loop
      vertex 1.096774e+00 3.763140e-01 1.483871e+00
      vertex 1.225806e+00 3.429714e-01 1.612903e+00
      vertex 1.096774e+00 3.340822e-01 1.612903e+00
    endloop
  endfacet
  facet normal 4.983536e-02 -7.233919e-01 -6.886368e-01
    outer loop
      vertex 1.096774e+00 3.340822e-01 1.612903e+00
      vertex 1.225806e+00 3.429714e-01 1.612903e+00
      vertex 1.225806e+00 2.201384e-01 1.741935e+00
    endloop
  endfacet
  facet normal -2.875736e-02 -7.633573e-01 -6.453360e-01
    outer loop
      vertex 1.096774e+00 3.340822e-01 1.612903e+00
      vertex 1.225806e+00 2.201384e-01 1.741935e+00
      vertex 1.096774e+00 2.249994e-01 1.741935e+00
    endloop
  endfacet
  facet normal -2.461507e-02 -6.534013e-01 -7.566114e-01
    outer loop
      vertex 1.096774e+00 2.249994e-01 1.741935e+00
      vertex 1.225806e+00 2.201384e-01 1.741935e+00
      vertex 1.225806e+00 7.072449e-02 1.870968e+00
    endloop
  endfacet
  facet normal -5.886220e-01 -7.482522e-01 -3.060111e-01
    outer loop
      vertex 1.096774e+00 2.249994e-01 1.741935e+00
      vertex 1.225806e+00 7.072449e-02 1.870968e+00
      vertex 1.096774e+00 1.722293e-01 1.870968e+00
    endloop
  endfacet
  facet normal -4.450504e-01 -5.657450e-01 -6.941634e-01
    outer loop
      vertex 1.096774e+00 1.722293e-01 1.870968e+00
      vertex 1.225806e+00 7.072449e-02 1.870968e+00
      vertex 1.225806e+00 -8.759679e-02 2.000000e+00
    endloop
  endfacet
  facet normal -5.977529e-01 -5.745174e-01 -5.591254e-01
    outer loop
      vertex 1.096774e+00 1.722293e-01 1.870968e+00
      vertex 1.225806e+00 -8.759679e-02 2.000000e+00
      vertex 1.096774e+00 4.665399e-02 2.000000e+00
    endloop
  endfacet
  facet normal 1.752942e-01 -9.554772e-01 2.373505e-01
    outer loop
      vertex 1.225806e+00 -7.568092e-01 -2.000000e+00
      vertex 1.354839e+00 -7.331367e-01 -2.000000e+00
      vertex 1.354839e+00 -7.010837e-01 -1.870968e+00
    endloop
  endfacet
  facet normal 6.794433e-02 -9.388615e-01 3.375244e-01
    outer loop
      vertex 1.225806e+00 -7.568092e-01 -2.000000e+00
      vertex 1.354839e+00 -7.010837e-01 -1.870968e+00
      vertex 1.225806e+00 -7.104216e-01 -1.870968e+00
    endloop
  endfacet
  facet normal 5.289687e-02 -7.309342e-01 6.803948e-01
    outer loop
      vertex 1.225806e+00 -7.104216e-01 -1.870968e+00
      vertex 1.354839e+00 -7.010837e-01 -1.870968e+00
      vertex 1.354839e+00 -5.809732e-01 -1.741935e+00
    endloop
  endfacet
  facet normal 6.132859e-02 -7.346394e-01 6.756802e-01
    outer loop
      vertex 1.225806e+00 -7.104216e-01 -1.870968e+00
      vertex 1.354839e+00 -5.809732e-01 -1.741935e+00
      vertex 1.225806e+00 -5.917450e-01 -1.741935e+00
    endloop
  endfacet
  facet normal 6.862567e-02 -8.220492e-01 5.652659e-01
    outer loop
      vertex 1.225806e+00 -5.917450e-01 -1.741935e+00
      vertex 1.354839e+00 -5.809732e-01 -1.741935e+00
      vertex 1.354839e+00 -4.922467e-01 -1.612903e+00
    endloop
  endfacet
  facet normal -3.140526e-02 -7.760813e-01 6.298504e-01
    outer loop
      vertex 1.225806e+00 -5.917450e-01 -1.741935e+00
      vertex 1.354839e+00 -4.922467e-01 -1.612903e+00
      vertex 1.225806e+00 -4.870252e-01 -1.612903e+00
    endloop
  endfacet
  facet normal -2.076212e-02 -5.130698e-01 8.580957e-01
    outer loop
      vertex 1.225806e+00 -4.870252e-01 -1.612903e+00
      vertex 1.354839e+00 -4.922467e-01 -1.612903e+00
      vertex 1.354839e+00 -2.764437e-01 -1.483871e+00
    endloop
  endfacet
  facet normal 5.616232e-01 -6.543788e-01 5.063277e-01
    outer loop
      vertex 1.225806e+00 -4.870252e-01 -1.612903e+00
      vertex 1.354839e+00 -2.764437e-01 -1.483871e+00
      vertex 1.225806e+00 -3.871861e-01 -1.483871e+00
    endloop
  endfacet
  facet normal 6.457912e-01 -7.524477e-01 -1.295229e-01
    outer loop
      vertex 1.225806e+00 -3.871861e-01 -1.483871e+00
      vertex 1.354839e+00 -2.764437e-01 -1.483871e+00
      vertex 1.354839e+00 -2.986547e-01 -1.354839e+00
    endloop
  endfacet
  facet normal 6.226963e-01 -7.773460e-01 -8.934480e-02
    outer loop
      vertex 1.225806e+00 -3.871861e-01 -1.483871e+00
      vertex 1.354839e+00 -2.986547e-01 -1.354839e+00
      vertex 1.225806e+00 -4.020165e-01 -1.354839e+00
    endloop
  endfacet
  facet normal 5.999266e-01 -7.489213e-01 2.814338e-01
    outer loop
      vertex 1.225806e+00 -4.020165e-01 -1.354839e+00
      vertex 1.354839e+00 -2.986547e-01 -1.354839e+00
      vertex 1.354839e+00 -2.501662e-01 -1.225806e+00
    endloop
  endfacet
  facet normal 6.629058e-01 -7.243227e-01 1.895060e-01
    outer loop
      vertex 1.225806e+00 -4.020165e-01 -1.354839e+00
      vertex 1.354839e+00 -2.501662e-01 -1.225806e+00
      vertex 1.225806e+00 -3.682576e-01 -1.225806e+00
    endloop
  endfacet
  facet normal 5.919625e-01 -6.468067e-01 -4.808549e-01
    outer loop
      vertex 1.225806e+00 -3.682576e-01 -1.225806e+00
      vertex 1.354839e+00 -2.501662e-01 -1.225806e+00
      vertex 1.354839e+00 -3.460926e-01 -1.096774e+00
    endloop
  endfacet
  facet normal 6.689499e-01 -4.499381e-01 -5.916601e-01
    outer loop
      vertex 1.225806e+00 -3.682576e-01 -1.225806e+00
      vertex 1.354839e+00 -3.460926e-01 -1.096774e+00
      vertex 1.225806e+00 -5.379325e-01 -1.096774e+00
    endloop
  endfacet
  facet normal 8.102582e-01 -5.449825e-01 2.155823e-01
    outer loop
      vertex 1.225806e+00 -5.379325e-01 -1.096774e+00
      vertex 1.354839e+00 -3.460926e-01 -1.096774e+00
      vertex 1.354839e+00 -2.950504e-01 -9.677419e-01
    endloop
  endfacet
  facet normal 8.975652e-01 -4.331423e-01 -8.224562e-02
    outer loop
      vertex 1.225806e+00 -5.379325e-01 -1.096774e+00
      vertex 1.354839e+00 -2.950504e-01 -9.677419e-01
      vertex 1.225806e+00 -5.624334e-01 -9.677419e-01
    endloop
  endfacet
  facet normal 8.987343e-01 -4.337065e-01 6.461709e-02
    outer loop
      vertex 1.225806e+00 -5.624334e-01 -9.677419e-01
      vertex 1.354839e+00 -2.950504e-01 -9.677419e-01
      vertex 1.354839e+00 -2.758262e-01 -8.387097e-01
    endloop
  endfacet
  facet normal 8.236026e-01 -4.952418e-01 2.764313e-01
    outer loop
      vertex 1.225806e+00 -5.624334e-01 -9.677419e-01
      vertex 1.354839e+00 -2.758262e-01 -8.387097e-01
      vertex 1.225806e+00 -4.904108e-01 -8.387097e-01
    endloop
  endfacet
  facet normal 8.404354e-01 -5.053635e-01 1.956426e-01
    outer loop
      vertex 1.225806e+00 -4.904108e-01 -8.387097e-01
      vertex 1.354839e+00 -2.758262e-01 -8.387097e-01
      vertex 1.354839e+00 -2.258736e-01 -7.096774e-01
    endloop
  endfacet
  facet normal 1.440406e-01 -4.896946e-01 8.599136e-01
    outer loop
      vertex 1.225806e+00 -4.904108e-01 -8.387097e-01
      vertex 1.354839e+00 -2.258736e-01 -7.096774e-01
      vertex 1.225806e+00 -2.638276e-01 -7.096774e-01
    endloop
  endfacet
  facet normal 2.729083e-01 -9.278058e-01 2.543571e-01
    outer loop
      vertex 1.225806e+00 -2.638276e-01 -7.096774e-01
      vertex 1.354839e+00 -2.258736e-01 -7.096774e-01
      vertex 1.354839e+00 -1.904995e-01 -5.806452e-01
    endloop
  endfacet
  facet normal -4.725061e-01 -4.749376e-01 7.424098e-01
    outer loop
      vertex 1.225806e+00 -2.638276e-01 -7.096774e-01
      vertex 1.354839e+00 -1.904995e-01 -5.806452e-01
      vertex 1.225806e+00 -6.212783e-02 -5.806452e-01
    endloop
  endfacet
  facet normal -5.839656e-01 -5.869706e-01 5.607581e-01
    outer loop
      vertex 1.225806e+00 -6.212783e-02 -5.806452e-01
      vertex 1.354839e+00 -1.904995e-01 -5.806452e-01
      vertex 1.354839e+00 -6.722948e-02 -4.516129e-01
    endloop
  endfacet
  facet normal -4.547937e-01 -7.832852e-01 4.238243e-01
    outer loop
      vertex 1.225806e+00 -6.212783e-02 -5.806452e-01
      vertex 1.354839e+00 -6.722948e-02 -4.516129e-01
      vertex 1.225806e+00 7.689665e-03 -4.516129e-01
    endloop
  endfacet
  facet normal -4.961964e-01 -8.545926e-01 -1.531689e-01
    outer loop
      vertex 1.225806e+00 7.689665e-03 -4.516129e-01
      vertex 1.354839e+00 -6.722948e-02 -4.516129e-01
      vertex 1.354839e+00 -9.035598e-02 -3.225806e-01
    endloop
  endfacet
  facet normal -3.595795e-01 -8.803429e-01 -3.093524e-01
    outer loop
      vertex 1.225806e+00 7.689665e-03 -4.516129e-01
      vertex 1.354839e+00 -9.035598e-02 -3.225806e-01
      vertex 1.225806e+00 -3.765225e-02 -3.225806e-01
    endloop
  endfacet
  facet normal -3.773424e-01 -9.238312e-01 -6.441023e-02
    outer loop
      vertex 1.225806e+00 -3.765225e-02 -3.225806e-01
      vertex 1.354839e+00 -9.035598e-02 -3.225806e-01
      vertex 1.354839e+00 -9.935221e-02 -1.935484e-01
    endloop
  endfacet
  facet normal -7.137339e-01 -5.264358e-01 4.620057e-01
    outer loop
      vertex 1.225806e+00 -3.765225e-02 -3.225806e-01
      vertex 1.354839e+00 -9.935221e-02 -1.935484e-01
      vertex 1.225806e+00 7.558784e-02 -1.935484e-01
    endloop
  endfacet
  facet normal -6.633137e-01 -4.892469e-01 -5.662617e-01
    outer loop
      vertex 1.225806e+00 7.558784e-02 -1.935484e-01
      vertex 1.354839e+00 -9.935221e-02 -1.935484e-01
      vertex 1.354839e+00 -2.486961e-01 -6.451613e-02
    endloop
  endfacet
  facet normal -8.418260e-01 -4.522124e-01 -2.946744e-01
    outer loop
      vertex 1.225806e+00 7.558784e-02 -1.935484e-01
      vertex 1.354839e+00 -2.486961e-01 -6.451613e-02
      vertex 1.225806e+00 -8.493237e-03 -6.451613e-02
    endloop
  endfacet
  facet normal -8.750194e-01 -4.700433e-01 1.157599e-01
    outer loop
      vertex 1.225806e+00 -8.493237e-03 -6.451613e-02
      vertex 1.354839e+00 -2.486961e-01 -6.451613e-02
      vertex 1.354839e+00 -2.169187e-01 6.451613e-02
    endloop
  endfacet
  facet normal -5.165852e-01 -6.585688e-01 -5.471991e-01
    outer loop
      vertex 1.225806e+00 -8.493237e-03 -6.451613e-02
      vertex 1.354839e+00 -2.169187e-01 6.451613e-02
      vertex 1.225806e+00 -1.157050e-01 6.451613e-02
    endloop
  endfacet
  facet normal -6.125973e-01 -7.809699e-01 1.216988e-01
    outer loop
      vertex 1.225806e+00 -1.157050e-01 6.451613e-02
      vertex 1.354839e+00 -2.169187e-01 6.451613e-02
      vertex 1.354839e+00 -1.968115e-01 1.935484e-01
    endloop
  endfacet
  facet normal 2.120862e-01 -7.177318e-01 -6.632349e-01
    outer loop
      vertex 1.225806e+00 -1.157050e-01 6.451613e-02
      vertex 1.354839e+00 -1.968115e-01 1.935484e-01
      vertex 1.225806e+00 -2.349399e-01 1.935484e-01
    endloop
  endfacet
  facet normal 2.669706e-01 -9.034693e-01 3.353654e-01
    outer loop
      vertex 1.225806e+00 -2.349399e-01 1.935484e-01
      vertex 1.354839e+00 -1.968115e-01 1.935484e-01
      vertex 1.354839e+00 -1.489151e-01 3.225806e-01
    endloop
  endfacet
  facet normal -2.892494e-01 -6.373891e-01 7.141918e-01
    outer loop
      vertex 1.225806e+00 -2.349399e-01 1.935484e-01
      vertex 1.354839e+00 -1.489151e-01 3.225806e-01
      vertex 1.225806e+00 -9.035982e-02 3.225806e-01
    endloop
  endfacet
  facet normal -3.521556e-01 -7.760092e-01 5.232554e-01
    outer loop
      vertex 1.225806e+00 -9.035982e-02 3.225806e-01
      vertex 1.354839e+00 -1.489151e-01 3.225806e-01
      vertex 1.354839e+00 -6.190992e-02 4.516129e-01
    endloop
  endfacet
  facet normal -6.265086e-01 -3.398192e-01 7.014342e-01
    outer loop
      vertex 1.225806e+00 -9.035982e-02 3.225806e-01
      vertex 1.354839e+00 -6.190992e-02 4.516129e-01
      vertex 1.225806e+00 1.759808e-01 4.516129e-01
    endloop
  endfacet
  facet normal -7.463304e-01 -4.048107e-01 5.283173e-01
    outer loop
      vertex 1.225806e+00 1.759808e-01 4.516129e-01
      vertex 1.354839e+00 -6.190992e-02 4.516129e-01
      vertex 1.354839e+00 1.064897e-01 5.806452e-01
    endloop
  endfacet
  facet normal -7.499176e-01 -3.492343e-01 5.618354e-01
    outer loop
      vertex 1.225806e+00 1.759808e-01 4.516129e-01
      vertex 1.354839e+00 1.064897e-01 5.806452e-01
      vertex 1.225806e+00 3.835631e-01 5.806452e-01
    endloop
  endfacet
  facet normal -7.417536e-01 -3.454324e-01 5.748722e-01
    outer loop
      vertex 1.225806e+00 3.835631e-01 5.806452e-01
      vertex 1.354839e+00 1.064897e-01 5.806452e-01
      vertex 1.354839e+00 3.212266e-01 7.096774e-01
    endloop
  endfacet
  facet normal -6.181977e-01 -7.418437e-01 2.598066e-01
    outer loop
      vertex 1.225806e+00 3.835631e-01 5.806452e-01
      vertex 1.354839e+00 3.212266e-01 7.096774e-01
      vertex 1.225806e+00 4.287525e-01 7.096774e-01
    endloop
  endfacet
  facet normal -3.845474e-01 -4.614609e-01 7.994856e-01
    outer loop
      vertex 1.225806e+00 4.287525e-01 7.096774e-01
      vertex 1.354839e+00 3.212266e-01 7.096774e-01
      vertex 1.354839e+00 5.447762e-01 8.387097e-01
    endloop
  endfacet
  facet normal 1.683729e-02 -7.518035e-01 6.591723e-01
    outer loop
      vertex 1.225806e+00 4.287525e-01 7.096774e-01
      vertex 1.354839e+00 5.447762e-01 8.387097e-01
      vertex 1.225806e+00 5.418864e-01 8.387097e-01
    endloop
  endfacet
  facet normal 2.174921e-02 -9.711265e-01 2.375719e-01
    outer loop
      vertex 1.225806e+00 5.418864e-01 8.387097e-01
      vertex 1.354839e+00 5.447762e-01 8.387097e-01
      vertex 1.354839e+00 5.763421e-01 9.677419e-01
    endloop
  endfacet
  facet normal -2.834433e-01 -8.172947e-01 5.016865e-01
    outer loop
      vertex 1.225806e+00 5.418864e-01 8.387097e-01
      vertex 1.354839e+00 5.763421e-01 9.677419e-01
      vertex 1.225806e+00 6.210913e-01 9.677419e-01
    endloop
  endfacet
  facet normal -2.554997e-01 -7.367206e-01 6.260692e-01
    outer loop
      vertex 1.225806e+00 6.210913e-01 9.677419e-01
      vertex 1.354839e+00 5.763421e-01 9.677419e-01
      vertex 1.354839e+00 6.859944e-01 1.096774e+00
    endloop
  endfacet
  facet normal -5.025932e-02 -8.711462e-01 4.884448e-01
    outer loop
      vertex 1.225806e+00 6.210913e-01 9.677419e-01
      vertex 1.354839e+00 6.859944e-01 1.096774e+00
      vertex 1.225806e+00 6.934387e-01 1.096774e+00
    endloop
  endfacet
  facet normal -5.163730e-02 -8.950307e-01 4.430052e-01
    outer loop
      vertex 1.225806e+00 6.934387e-01 1.096774e+00
      vertex 1.354839e+00 6.859944e-01 1.096774e+00
      vertex 1.354839e+00 7.498603e-01 1.225806e+00
    endloop
  endfacet
  facet normal 7.113034e-01 -5.023154e-01 -4.916571e-01
    outer loop
      vertex 1.225806e+00 6.934387e-01 1.096774e+00
      vertex 1.354839e+00 7.498603e-01 1.225806e+00
      vertex 1.225806e+00 5.671443e-01 1.225806e+00
    endloop
  endfacet
  facet normal 8.138155e-01 -5.747085e-01 -8.610752e-02
    outer loop
      vertex 1.225806e+00 5.671443e-01 1.225806e+00
      vertex 1.354839e+00 7.498603e-01 1.225806e+00
      vertex 1.354839e+00 7.305276e-01 1.354839e+00
    endloop
  endfacet
  facet normal 8.420506e-01 -4.940599e-01 -2.164615e-01
    outer loop
      vertex 1.225806e+00 5.671443e-01 1.225806e+00
      vertex 1.354839e+00 7.305276e-01 1.354839e+00
      vertex 1.225806e+00 5.106116e-01 1.354839e+00
    endloop
  endfacet
  facet normal 7.731477e-01 -4.536323e-01 -4.432385e-01
    outer loop
      vertex 1.225806e+00 5.106116e-01 1.354839e+00
      vertex 1.354839e+00 7.305276e-01 1.354839e+00
      vertex 1.354839e+00 6.044518e-01 1.483871e+00
    endloop
  endfacet
  facet normal 7.341321e-01 -6.156546e-01 -2.863903e-01
    outer loop
      vertex 1.225806e+00 5.106116e-01 1.354839e+00
      vertex 1.354839e+00 6.044518e-01 1.483871e+00
      vertex 1.225806e+00 4.505884e-01 1.483871e+00
    endloop
  endfacet
  facet normal 4.481629e-01 -3.758363e-01 -8.111086e-01
    outer loop
      vertex 1.225806e+00 4.505884e-01 1.483871e+00
      vertex 1.354839e+00 6.044518e-01 1.483871e+00
      vertex 1.354839e+00 3.259818e-01 1.612903e+00
    endloop
  endfacet
  facet normal -1.006037e-01 -7.640612e-01 -6.372514e-01
    outer loop
      vertex 1.225806e+00 4.505884e-01 1.483871e+00
      vertex 1.354839e+00 3.259818e-01 1.612903e+00
      vertex 1.225806e+00 3.429714e-01 1.612903e+00
    endloop
  endfacet
  facet normal -7.166414e-02 -5.442724e-01 -8.358420e-01
    outer loop
      vertex 1.225806e+00 3.429714e-01 1.612903e+00
      vertex 1.354839e+00 3.259818e-01 1.612903e+00
      vertex 1.354839e+00 1.278262e-01 1.741935e+00
    endloop
  endfacet
  facet normal -4.600751e-01 -6.430843e-01 -6.121875e-01
    outer loop
      vertex 1.225806e+00 3.429714e-01 1.612903e+00
      vertex 1.354839e+00 1.278262e-01 1.741935e+00
      vertex 1.225806e+00 2.201384e-01 1.741935e+00
    endloop
  endfacet
  facet normal -4.647454e-01 -6.496123e-01 -6.016773e-01
    outer loop
      vertex 1.225806e+00 2.201384e-01 1.741935e+00
      vertex 1.354839e+00 1.278262e-01 1.741935e+00
      vertex 1.354839e+00 8.315295e-03 1.870968e+00
    endloop
  endfacet
  facet normal -3.014242e-01 -6.232005e-01 -7.216402e-01
    outer loop
      vertex 1.225806e+00 2.201384e-01 1.741935e+00
      vertex 1.354839e+00 8.315295e-03 1.870968e+00
      vertex 1.225806e+00 7.072449e-02 1.870968e+00
    endloop
  endfacet
  facet normal -3.071162e-01 -6.349689e-01 -7.088682e-01
    outer loop
      vertex 1.225806e+00 7.072449e-02 1.870968e+00
      vertex 1.354839e+00 8.315295e-03 1.870968e+00
      vertex 1.354839e+00 -1.357341e-01 2.000000e+00
    endloop
  endfacet
  facet normal -2.294017e-01 -6.149126e-01 -7.544915e-01
    outer loop
      vertex 1.225806e+00 7.072449e-02 1.870968e+00
      vertex 1.354839e+00 -1.357341e-01 2.000000e+00
      vertex 1.225806e+00 -8.759679e-02 2.000000e+00
    endloop
  endfacet
  facet normal 8.054462e-01 -5.512262e-01 2.177294e-01
    outer loop
      vertex 1.354839e+00 -7.331367e-01 -2.000000e+00
      vertex 1.483871e+00 -5.445960e-01 -2.000000e+00
      vertex 1.483871e+00 -4.936294e-01 -1.870968e+00
    endloop
  endfacet
  facet normal 8.419339e-01 -5.236654e-01 1.300839e-01
    outer loop
      vertex 1.354839e+00 -7.331367e-01 -2.000000e+00
      vertex 1.483871e+00 -4.936294e-01 -1.870968e+00
      vertex 1.354839e+00 -7.010837e-01 -1.870968e+00
    endloop
  endfacet
  facet normal 8.453806e-01 -5.258092e-01 -9.410837e-02
    outer loop
      vertex 1.354839e+00 -7.010837e-01 -1.870968e+00
      vertex 1.483871e+00 -4.936294e-01 -1.870968e+00
      vertex 1.483871e+00 -5.167234e-01 -1.741935e+00
    endloop
  endfacet
  facet normal 3.424337e-01 -6.877062e-01 6.401557e-01
    outer loop
      vertex 1.354839e+00 -7.010837e-01 -1.870968e+00
      vertex 1.483871e+00 -5.167234e-01 -1.741935e+00
      vertex 1.354839e+00 -5.809732e-01 -1.741935e+00
    endloop
  endfacet
  facet normal 4.225070e-01 -8.485166e-01 3.186023e-01
    outer loop
      vertex 1.354839e+00 -5.809732e-01 -1.741935e+00
      vertex 1.483871e+00 -5.167234e-01 -1.741935e+00
      vertex 1.483871e+00 -4.682742e-01 -1.612903e+00
    endloop
  endfacet
  facet normal 1.513243e-01 -8.145029e-01 5.600768e-01
    outer loop
      vertex 1.354839e+00 -5.809732e-01 -1.741935e+00
      vertex 1.483871e+00 -4.682742e-01 -1.612903e+00
      vertex 1.354839e+00 -4.922467e-01 -1.612903e+00
    endloop
  endfacet
  facet normal 1.094511e-01 -5.891207e-01 8.005980e-01
    outer loop
      vertex 1.354839e+00 -4.922467e-01 -1.612903e+00
      vertex 1.483871e+00 -4.682742e-01 -1.612903e+00
      vertex 1.483871e+00 -2.929231e-01 -1.483871e+00
    endloop
  endfacet
  facet normal -6.540063e-02 -5.120818e-01 8.564432e-01
    outer loop
      vertex 1.354839e+00 -4.922467e-01 -1.612903e+00
      vertex 1.483871e+00 -2.929231e-01 -1.483871e+00
      vertex 1.354839e+00 -2.764437e-01 -1.483871e+00
    endloop
  endfacet
  facet normal -1.037074e-01 -8.120204e-01 5.743411e-01
    outer loop
      vertex 1.354839e+00 -2.764437e-01 -1.483871e+00
      vertex 1.483871e+00 -2.929231e-01 -1.483871e+00
      vertex 1.483871e+00 -2.016587e-01 -1.354839e+00
    endloop
  endfacet
  facet normal 5.952705e-01 -7.918791e-01 -1.363104e-01
    outer loop
      vertex 1.354839e+00 -2.764437e-01 -1.483871e+00
      vertex 1.483871e+00 -2.016587e-01 -1.354839e+00
      vertex 1.354839e+00 -2.986547e-01 -1.354839e+00
    endloop
  endfacet
  facet normal 5.897221e-01 -7.844981e-01 -1.918088e-01
    outer loop
      vertex 1.354839e+00 -2.986547e-01 -1.354839e+00
      vertex 1.483871e+00 -2.016587e-01 -1.354839e+00
      vertex 1.483871e+00 -2.332069e-01 -1.225806e+00
    endloop
  endfacet
  facet normal 1.221135e-01 -9.290817e-01 3.491355e-01
    outer loop
      vertex 1.354839e+00 -2.986547e-01 -1.354839e+00
      vertex 1.483871e+00 -2.332069e-01 -1.225806e+00
      vertex 1.354839e+00 -2.501662e-01 -1.225806e+00
    endloop
  endfacet
  facet normal 1.031457e-01 -7.847685e-01 -6.111460e-01
    outer loop
      vertex 1.354839e+00 -2.501662e-01 -1.225806e+00
      vertex 1.483871e+00 -2.332069e-01 -1.225806e+00
      vertex 1.483871e+00 -3.336920e-01 -1.096774e+00
    endloop
  endfacet
  facet normal 7.689742e-02 -8.001479e-01 -5.948531e-01
    outer loop
      vertex 1.354839e+00 -2.501662e-01 -1.225806e+00
      vertex 1.483871e+00 -3.336920e-01 -1.096774e+00
      vertex 1.354839e+00 -3.460926e-01 -1.096774e+00
    endloop
  endfacet
  facet normal 8.708603e-02 -9.061643e-01 4.138626e-01
    outer loop
      vertex 1.354839e+00 -3.460926e-01 -1.096774e+00
      vertex 1.483871e+00 -3.336920e-01 -1.096774e+00
      vertex 1.483871e+00 -2.747605e-01 -9.677419e-01
    endloop
  endfacet
  facet normal 1.446832e-01 -9.201040e-01 3.639716e-01
    outer loop
      vertex 1.354839e+00 -3.460926e-01 -1.096774e+00
      vertex 1.483871e+00 -2.747605e-01 -9.677419e-01
      vertex 1.354839e+00 -2.950504e-01 -9.677419e-01
    endloop
  endfacet
  facet normal 9.640892e-02 -6.131065e-01 7.840955e-01
    outer loop
      vertex 1.354839e+00 -2.950504e-01 -9.677419e-01
      vertex 1.483871e+00 -2.747605e-01 -9.677419e-01
      vertex 1.483871e+00 -1.097425e-01 -8.387097e-01
    endloop
  endfacet
  facet normal 7.864052e-01 -6.109672e-01 9.102683e-02
    outer loop
      vertex 1.354839e+00 -2.950504e-01 -9.677419e-01
      vertex 1.483871e+00 -1.097425e-01 -8.387097e-01
      vertex 1.354839e+00 -2.758262e-01 -8.387097e-01
    endloop
  endfacet
  facet normal 7.870883e-01 -6.114979e-01 -8.100814e-02
    outer loop
      vertex 1.354839e+00 -2.758262e-01 -8.387097e-01
      vertex 1.483871e+00 -1.097425e-01 -8.387097e-01
      vertex 1.483871e+00 -1.268361e-01 -7.096774e-01
    endloop
  endfacet
  facet normal 5.820399e-01 -7.583182e-01 2.935696e-01
    outer loop
      vertex 1.354839e+00 -2.758262e-01 -8.387097e-01
      vertex 1.483871e+00 -1.268361e-01 -7.096774e-01
      vertex 1.354839e+00 -2.258736e-01 -7.096774e-01
    endloop
  endfacet
  facet normal 4.346248e-01 -5.662565e-01 -7.003248e-01
    outer loop
      vertex 1.354839e+00 -2.258736e-01 -7.096774e-01
      vertex 1.483871e+00 -1.268361e-01 -7.096774e-01
      vertex 1.483871e+00 -2.864183e-01 -5.806452e-01
    endloop
  endfacet
  facet normal -5.826540e-01 -7.837996e-01 2.148779e-01
    outer loop
      vertex 1.354839e+00 -2.258736e-01 -7.096774e-01
      vertex 1.483871e+00 -2.864183e-01 -5.806452e-01
      vertex 1.354839e+00 -1.904995e-01 -5.806452e-01
    endloop
  endfacet
  facet normal -5.954010e-01 -8.009472e-01 6.309687e-02
    outer loop
      vertex 1.354839e+00 -1.904995e-01 -5.806452e-01
      vertex 1.483871e+00 -2.864183e-01 -5.806452e-01
      vertex 1.483871e+00 -2.762535e-01 -4.516129e-01
    endloop
  endfacet
  facet normal -7.605356e-01 -4.694850e-01 4.485191e-01
    outer loop
      vertex 1.354839e+00 -1.904995e-01 -5.806452e-01
      vertex 1.483871e+00 -2.762535e-01 -4.516129e-01
      vertex 1.354839e+00 -6.722948e-02 -4.516129e-01
    endloop
  endfacet
  facet normal -8.176095e-01 -5.047172e-01 2.770835e-01
    outer loop
      vertex 1.354839e+00 -6.722948e-02 -4.516129e-01
      vertex 1.483871e+00 -2.762535e-01 -4.516129e-01
      vertex 1.483871e+00 -2.054163e-01 -3.225806e-01
    endloop
  endfacet
  facet normal -6.596665e-01 -7.397704e-01 -1.325893e-01
    outer loop
      vertex 1.354839e+00 -6.722948e-02 -4.516129e-01
      vertex 1.483871e+00 -2.054163e-01 -3.225806e-01
      vertex 1.354839e+00 -9.035598e-02 -3.225806e-01
    endloop
  endfacet
  facet normal -6.570588e-01 -7.368461e-01 1.591585e-01
    outer loop
      vertex 1.354839e+00 -9.035598e-02 -3.225806e-01
      vertex 1.483871e+00 -2.054163e-01 -3.225806e-01
      vertex 1.483871e+00 -1.775454e-01 -1.935484e-01
    endloop
  endfacet
  facet normal -5.173433e-01 -8.537055e-01 -5.952102e-02
    outer loop
      vertex 1.354839e+00 -9.035598e-02 -3.225806e-01
      vertex 1.483871e+00 -1.775454e-01 -1.935484e-01
      vertex 1.354839e+00 -9.935221e-02 -1.935484e-01
    endloop
  endfacet
  facet normal -3.926844e-01 -6.479969e-01 -6.526093e-01
    outer loop
      vertex 1.354839e+00 -9.935221e-02 -1.935484e-01
      vertex 1.483871e+00 -1.775454e-01 -1.935484e-01
      vertex 1.483871e+00 -3.074961e-01 -6.451613e-02
    endloop
  endfacet
  facet normal -2.855232e-01 -6.265595e-01 -7.251894e-01
    outer loop
      vertex 1.354839e+00 -9.935221e-02 -1.935484e-01
      vertex 1.483871e+00 -3.074961e-01 -6.451613e-02
      vertex 1.354839e+00 -2.486961e-01 -6.451613e-02
    endloop
  endfacet
  facet normal -4.093541e-01 -8.982971e-01 -1.596607e-01
    outer loop
      vertex 1.354839e+00 -2.486961e-01 -6.451613e-02
      vertex 1.483871e+00 -3.074961e-01 -6.451613e-02
      vertex 1.483871e+00 -3.304299e-01 6.451613e-02
    endloop
  endfacet
  facet normal -6.494959e-01 -7.383050e-01 1.818261e-01
    outer loop
      vertex 1.354839e+00 -2.486961e-01 -6.451613e-02
      vertex 1.483871e+00 -3.304299e-01 6.451613e-02
      vertex 1.354839e+00 -2.169187e-01 6.451613e-02
    endloop
  endfacet
  facet normal -5.208907e-01 -5.921150e-01 6.148762e-01
    outer loop
      vertex 1.354839e+00 -2.169187e-01 6.451613e-02
      vertex 1.483871e+00 -3.304299e-01 6.451613e-02
      vertex 1.483871e+00 -1.964376e-01 1.935484e-01
    endloop
  endfacet
  facet normal 2.863466e-03 -9.880712e-01 1.539714e-01
    outer loop
      vertex 1.354839e+00 -2.169187e-01 6.451613e-02
      vertex 1.483871e+00 -1.964376e-01 1.935484e-01
      vertex 1.354839e+00 -1.968115e-01 1.935484e-01
    endloop
  endfacet
  facet normal 1.900636e-03 -6.558358e-01 7.549012e-01
    outer loop
      vertex 1.354839e+00 -1.968115e-01 1.935484e-01
      vertex 1.483871e+00 -1.964376e-01 1.935484e-01
      vertex 1.483871e+00 -4.791474e-02 3.225806e-01
    endloop
  endfacet
  facet normal 5.916228e-01 -7.558233e-01 2.805596e-01
    outer loop
      vertex 1.354839e+00 -1.968115e-01 1.935484e-01
      vertex 1.483871e+00 -4.791474e-02 3.225806e-01
      vertex 1.354839e+00 -1.489151e-01 3.225806e-01
    endloop
  endfacet
  facet normal 6.163466e-01 -7.874090e-01 1.019512e-02
    outer loop
      vertex 1.354839e+00 -1.489151e-01 3.225806e-01
      vertex 1.483871e+00 -4.791474e-02 3.225806e-01
      vertex 1.483871e+00 -4.624407e-02 4.516129e-01
    endloop
  endfacet
  facet normal 1.001577e-01 -8.249523e-01 5.562572e-01
    outer loop
      vertex 1.354839e+00 -1.489151e-01 3.225806e-01
      vertex 1.483871e+00 -4.624407e-02 4.516129e-01
      vertex 1.354839e+00 -6.190992e-02 4.516129e-01
    endloop
  endfacet
  facet normal 1.000517e-01 -8.240786e-01 5.575699e-01
    outer loop
      vertex 1.354839e+00 -6.190992e-02 4.516129e-01
      vertex 1.483871e+00 -4.624407e-02 4.516129e-01
      vertex 1.483871e+00 4.105890e-02 5.806452e-01
    endloop
  endfacet
  facet normal -2.947185e-01 -5.811972e-01 7.585188e-01
    outer loop
      vertex 1.354839e+00 -6.190992e-02 4.516129e-01
      vertex 1.483871e+00 4.105890e-02 5.806452e-01
      vertex 1.354839e+00 1.064897e-01 5.806452e-01
    endloop
  endfacet
  facet normal -2.432138e-01 -4.796277e-01 8.430921e-01
    outer loop
      vertex 1.354839e+00 1.064897e-01 5.806452e-01
      vertex 1.483871e+00 4.105890e-02 5.806452e-01
      vertex 1.483871e+00 2.678725e-01 7.096774e-01
    endloop
  endfacet
  facet normal -2.083001e-01 -5.037560e-01 8.383561e-01
    outer loop
      vertex 1.354839e+00 1.064897e-01 5.806452e-01
      vertex 1.483871e+00 2.678725e-01 7.096774e-01
      vertex 1.354839e+00 3.212266e-01 7.096774e-01
    endloop
  endfacet
  facet normal -1.801845e-01 -4.357609e-01 8.818424e-01
    outer loop
      vertex 1.354839e+00 3.212266e-01 7.096774e-01
      vertex 1.483871e+00 2.678725e-01 7.096774e-01
      vertex 1.483871e+00 5.289930e-01 8.387097e-01
    endloop
  endfacet
  facet normal -6.103384e-02 -4.989686e-01 8.644681e-01
    outer loop
      vertex 1.354839e+00 3.212266e-01 7.096774e-01
      vertex 1.483871e+00 5.289930e-01 8.387097e-01
      vertex 1.354839e+00 5.447762e-01 8.387097e-01
    endloop
  endfacet
  facet normal -1.134110e-01 -9.271664e-01 3.570721e-01
    outer loop
      vertex 1.354839e+00 5.447762e-01 8.387097e-01
      vertex 1.483871e+00 5.289930e-01 8.387097e-01
      vertex 1.483871e+00 5.786861e-01 9.677419e-01
    endloop
  endfacet
  facet normal 1.764347e-02 -9.712050e-01 2.375911e-01
    outer loop
      vertex 1.354839e+00 5.447762e-01 8.387097e-01
      vertex 1.483871e+00 5.786861e-01 9.677419e-01
      vertex 1.354839e+00 5.763421e-01 9.677419e-01
    endloop
  endfacet
  facet normal 1.514065e-02 -8.334343e-01 5.524111e-01
    outer loop
      vertex 1.354839e+00 5.763421e-01 9.677419e-01
      vertex 1.483871e+00 5.786861e-01 9.677419e-01
      vertex 1.483871e+00 6.642104e-01 1.096774e+00
    endloop
  endfacet
  facet normal -1.275958e-01 -7.557840e-01 6.422693e-01
    outer loop
      vertex 1.354839e+00 5.763421e-01 9.677419e-01
      vertex 1.483871e+00 6.642104e-01 1.096774e+00
      vertex 1.354839e+00 6.859944e-01 1.096774e+00
    endloop
  endfacet
  facet normal -1.381061e-01 -8.180391e-01 5.583357e-01
    outer loop
      vertex 1.354839e+00 6.859944e-01 1.096774e+00
      vertex 1.483871e+00 6.642104e-01 1.096774e+00
      vertex 1.483871e+00 7.522787e-01 1.225806e+00
    endloop
  endfacet
  facet normal 1.679533e-02 -8.960999e-01 4.435344e-01
    outer loop
      vertex 1.354839e+00 6.859944e-01 1.096774e+00
      vertex 1.483871e+00 7.522787e-01 1.225806e+00
      vertex 1.354839e+00 7.498603e-01 1.225806e+00
    endloop
  endfacet
  facet normal 1.739856e-02 -9.282848e-01 3.714628e-01
    outer loop
      vertex 1.354839e+00 7.498603e-01 1.225806e+00
      vertex 1.483871e+00 7.522787e-01 1.225806e+00
      vertex 1.483871e+00 8.039123e-01 1.354839e+00
    endloop
  endfacet
  facet normal 4.902302e-01 -8.619717e-01 -1.291476e-01
    outer loop
      vertex 1.354839e+00 7.498603e-01 1.225806e+00
      vertex 1.483871e+00 8.039123e-01 1.354839e+00
      vertex 1.354839e+00 7.305276e-01 1.354839e+00
    endloop
  endfacet
  facet normal 3.400632e-01 -5.979330e-01 -7.258327e-01
    outer loop
      vertex 1.354839e+00 7.305276e-01 1.354839e+00
      vertex 1.483871e+00 8.039123e-01 1.354839e+00
      vertex 1.483871e+00 6.472797e-01 1.483871e+00
    endloop
  endfacet
  facet normal 2.309839e-01 -6.959112e-01 -6.799662e-01
    outer loop
      vertex 1.354839e+00 7.305276e-01 1.354839e+00
      vertex 1.483871e+00 6.472797e-01 1.483871e+00
      vertex 1.354839e+00 6.044518e-01 1.483871e+00
    endloop
  endfacet
  facet normal 1.523389e-01 -4.589684e-01 -8.752947e-01
    outer loop
      vertex 1.354839e+00 6.044518e-01 1.483871e+00
      vertex 1.483871e+00 6.472797e-01 1.483871e+00
      vertex 1.483871e+00 4.012033e-01 1.612903e+00
    endloop
  endfacet
  facet normal 2.380463e-01 -4.083357e-01 -8.812468e-01
    outer loop
      vertex 1.354839e+00 6.044518e-01 1.483871e+00
      vertex 1.483871e+00 4.012033e-01 1.612903e+00
      vertex 1.354839e+00 3.259818e-01 1.612903e+00
    endloop
  endfacet
  facet normal 2.918449e-01 -5.006197e-01 -8.149887e-01
    outer loop
      vertex 1.354839e+00 3.259818e-01 1.612903e+00
      vertex 1.483871e+00 4.012033e-01 1.612903e+00
      vertex 1.483871e+00 1.911440e-01 1.741935e+00
    endloop
  endfacet
  facet normal 2.586575e-01 -5.271056e-01 -8.094789e-01
    outer loop
      vertex 1.354839e+00 3.259818e-01 1.612903e+00
      vertex 1.483871e+00 1.911440e-01 1.741935e+00
      vertex 1.354839e+00 1.278262e-01 1.741935e+00
    endloop
  endfacet
  facet normal 3.451497e-01 -7.033638e-01 -6.214106e-01
    outer loop
      vertex 1.354839e+00 1.278262e-01 1.741935e+00
      vertex 1.483871e+00 1.911440e-01 1.741935e+00
      vertex 1.483871e+00 7.714610e-02 1.870968e+00
    endloop
  endfacet
  facet normal 3.644451e-01 -6.831995e-01 -6.327861e-01
    outer loop
      vertex 1.354839e+00 1.278262e-01 1.741935e+00
      vertex 1.483871e+00 7.714610e-02 1.870968e+00
      vertex 1.354839e+00 8.315295e-03 1.870968e+00
    endloop
  endfacet
  facet normal 2.419909e-01 -4.536432e-01 -8.576994e-01
    outer loop
      vertex 1.354839e+00 8.315295e-03 1.870968e+00
      vertex 1.483871e+00 7.714610e-02 1.870968e+00
      vertex 1.483871e+00 -1.668141e-01 2.000000e+00
    endloop
  endfacet
  facet normal -1.586758e-01 -6.587609e-01 -7.354292e-01
    outer loop
      vertex 1.354839e+00 8.315295e-03 1.870968e+00
      vertex 1.483871e+00 -1.668141e-01 2.000000e+00
      vertex 1.354839e+00 -1.357341e-01 2.000000e+00
    endloop
  endfacet
  facet normal -1.555232e-01 -7.803645e-01 6.056762e-01
    outer loop
      vertex 1.483871e+00 -5.445960e-01 -2.000000e+00
      vertex 1.612903e+00 -5.703116e-01 -2.000000e+00
      vertex 1.612903e+00 -4.701638e-01 -1.870968e+00
    endloop
  endfacet
  facet normal 1.667733e-01 -9.170490e-01 3.622262e-01
    outer loop
      vertex 1.483871e+00 -5.445960e-01 -2.000000e+00
      vertex 1.612903e+00 -4.701638e-01 -1.870968e+00
      vertex 1.483871e+00 -4.936294e-01 -1.870968e+00
    endloop
  endfacet
  facet normal 1.320256e-01 -7.259793e-01 6.749246e-01
    outer loop
      vertex 1.483871e+00 -4.936294e-01 -1.870968e+00
      vertex 1.612903e+00 -4.701638e-01 -1.870968e+00
      vertex 1.612903e+00 -3.502058e-01 -1.741935e+00
    endloop
  endfacet
  facet normal 7.857510e-01 -6.088679e-01 -1.089741e-01
    outer loop
      vertex 1.483871e+00 -4.936294e-01 -1.870968e+00
      vertex 1.612903e+00 -3.502058e-01 -1.741935e+00
      vertex 1.483871e+00 -5.167234e-01 -1.741935e+00
    endloop
  endfacet
  facet normal 7.497129e-01 -5.809425e-01 -3.169170e-01
    outer loop
      vertex 1.483871e+00 -5.167234e-01 -1.741935e+00
      vertex 1.612903e+00 -3.502058e-01 -1.741935e+00
      vertex 1.612903e+00 -4.205957e-01 -1.612903e+00
    endloop
  endfacet
  facet normal 3.269184e-01 -8.847402e-01 3.322036e-01
    outer loop
      vertex 1.483871e+00 -5.167234e-01 -1.741935e+00
      vertex 1.612903e+00 -4.205957e-01 -1.612903e+00
      vertex 1.483871e+00 -4.682742e-01 -1.612903e+00
    endloop
  endfacet
  facet normal 3.451327e-01 -9.340336e-01 9.200354e-02
    outer loop
      vertex 1.483871e+00 -4.682742e-01 -1.612903e+00
      vertex 1.612903e+00 -4.205957e-01 -1.612903e+00
      vertex 1.612903e+00 -4.078859e-01 -1.483871e+00
    endloop
  endfacet
  facet normal -4.669515e-01 -5.240981e-01 7.122342e-01
    outer loop
      vertex 1.483871e+00 -4.682742e-01 -1.612903e+00
      vertex 1.612903e+00 -4.078859e-01 -1.483871e+00
      vertex 1.483871e+00 -2.929231e-01 -1.483871e+00
    endloop
  endfacet
  facet normal -5.581226e-01 -6.264269e-01 5.441402e-01
    outer loop
      vertex 1.483871e+00 -2.929231e-01 -1.483871e+00
      vertex 1.612903e+00 -4.078859e-01 -1.483871e+00
      vertex 1.612903e+00 -2.958032e-01 -1.354839e+00
    endloop
  endfacet
  facet normal -5.117629e-01 -7.014105e-01 4.961068e-01
    outer loop
      vertex 1.483871e+00 -2.929231e-01 -1.483871e+00
      vertex 1.612903e+00 -2.958032e-01 -1.354839e+00
      vertex 1.483871e+00 -2.016587e-01 -1.354839e+00
    endloop
  endfacet
  facet normal -4.964426e-01 -6.804129e-01 5.390576e-01
    outer loop
      vertex 1.483871e+00 -2.016587e-01 -1.354839e+00
      vertex 1.612903e+00 -2.958032e-01 -1.354839e+00
      vertex 1.612903e+00 -1.935773e-01 -1.225806e+00
    endloop
  endfacet
  facet normal 2.858899e-01 -9.308435e-01 -2.275901e-01
    outer loop
      vertex 1.483871e+00 -2.016587e-01 -1.354839e+00
      vertex 1.612903e+00 -1.935773e-01 -1.225806e+00
      vertex 1.483871e+00 -2.332069e-01 -1.225806e+00
    endloop
  endfacet
  facet normal 2.279957e-01 -7.423428e-01 -6.300358e-01
    outer loop
      vertex 1.483871e+00 -2.332069e-01 -1.225806e+00
      vertex 1.612903e+00 -1.935773e-01 -1.225806e+00
      vertex 1.612903e+00 -3.030886e-01 -1.096774e+00
    endloop
  endfacet
  facet normal 1.839342e-01 -7.755156e-01 -6.039402e-01
    outer loop
      vertex 1.483871e+00 -2.332069e-01 -1.225806e+00
      vertex 1.612903e+00 -3.030886e-01 -1.096774e+00
      vertex 1.483871e+00 -3.336920e-01 -1.096774e+00
    endloop
  endfacet
  facet normal 2.273114e-01 -9.584054e-01 1.725940e-01
    outer loop
      vertex 1.483871e+00 -3.336920e-01 -1.096774e+00
      vertex 1.612903e+00 -3.030886e-01 -1.096774e+00
      vertex 1.612903e+00 -2.798519e-01 -9.677419e-01
    endloop
  endfacet
  facet normal -3.586859e-02 -9.090348e-01 4.151736e-01
    outer loop
      vertex 1.483871e+00 -3.336920e-01 -1.096774e+00
      vertex 1.612903e+00 -2.798519e-01 -9.677419e-01
      vertex 1.483871e+00 -2.747605e-01 -9.677419e-01
    endloop
  endfacet
  facet normal -3.566743e-02 -9.039368e-01 4.261761e-01
    outer loop
      vertex 1.483871e+00 -2.747605e-01 -9.677419e-01
      vertex 1.612903e+00 -2.798519e-01 -9.677419e-01
      vertex 1.612903e+00 -2.190175e-01 -8.387097e-01
    endloop
  endfacet
  facet normal -4.625095e-01 -5.461330e-01 6.984438e-01
    outer loop
      vertex 1.483871e+00 -2.747605e-01 -9.677419e-01
      vertex 1.612903e+00 -2.190175e-01 -8.387097e-01
      vertex 1.483871e+00 -1.097425e-01 -8.387097e-01
    endloop
  endfacet
  facet normal -4.802244e-01 -5.670509e-01 6.692068e-01
    outer loop
      vertex 1.483871e+00 -1.097425e-01 -8.387097e-01
      vertex 1.612903e+00 -2.190175e-01 -8.387097e-01
      vertex 1.612903e+00 -6.673967e-02 -7.096774e-01
    endloop
  endfacet
  facet normal 4.191891e-01 -9.000357e-01 -1.192322e-01
    outer loop
      vertex 1.483871e+00 -1.097425e-01 -8.387097e-01
      vertex 1.612903e+00 -6.673967e-02 -7.096774e-01
      vertex 1.483871e+00 -1.268361e-01 -7.096774e-01
    endloop
  endfacet
  facet normal 3.390514e-01 -7.279731e-01 -5.959020e-01
    outer loop
      vertex 1.483871e+00 -1.268361e-01 -7.096774e-01
      vertex 1.612903e+00 -6.673967e-02 -7.096774e-01
      vertex 1.612903e+00 -1.723625e-01 -5.806452e-01
    endloop
  endfacet
  facet normal 4.857860e-01 -5.495734e-01 -6.796919e-01
    outer loop
      vertex 1.483871e+00 -1.268361e-01 -7.096774e-01
      vertex 1.612903e+00 -1.723625e-01 -5.806452e-01
      vertex 1.483871e+00 -2.864183e-01 -5.806452e-01
    endloop
  endfacet
  facet normal 6.037370e-01 -6.830124e-01 -4.110909e-01
    outer loop
      vertex 1.483871e+00 -2.864183e-01 -5.806452e-01
      vertex 1.612903e+00 -1.723625e-01 -5.806452e-01
      vertex 1.612903e+00 -2.500243e-01 -4.516129e-01
    endloop
  endfacet
  facet normal 1.986109e-01 -9.770513e-01 7.696997e-02
    outer loop
      vertex 1.483871e+00 -2.864183e-01 -5.806452e-01
      vertex 1.612903e+00 -2.500243e-01 -4.516129e-01
      vertex 1.483871e+00 -2.762535e-01 -4.516129e-01
    endloop
  endfacet
  facet normal 1.940262e-01 -9.544969e-01 -2.264719e-01
    outer loop
      vertex 1.483871e+00 -2.762535e-01 -4.516129e-01
      vertex 1.612903e+00 -2.500243e-01 -4.516129e-01
      vertex 1.612903e+00 -2.806396e-01 -3.225806e-01
    endloop
  endfacet
  facet normal -4.550572e-01 -7.805706e-01 4.285237e-01
    outer loop
      vertex 1.483871e+00 -2.762535e-01 -4.516129e-01
      vertex 1.612903e+00 -2.806396e-01 -3.225806e-01
      vertex 1.483871e+00 -2.054163e-01 -3.225806e-01
    endloop
  endfacet
  facet normal -4.270620e-01 -7.325497e-01 5.300839e-01
    outer loop
      vertex 1.483871e+00 -2.054163e-01 -3.225806e-01
      vertex 1.612903e+00 -2.806396e-01 -3.225806e-01
      vertex 1.612903e+00 -1.872699e-01 -1.935484e-01
    endloop
  endfacet
  facet normal -7.346705e-02 -9.748164e-01 2.105600e-01
    outer loop
      vertex 1.483871e+00 -2.054163e-01 -3.225806e-01
      vertex 1.612903e+00 -1.872699e-01 -1.935484e-01
      vertex 1.483871e+00 -1.775454e-01 -1.935484e-01
    endloop
  endfacet
  facet normal -6.022771e-02 -7.991467e-01 -5.981113e-01
    outer loop
      vertex 1.483871e+00 -1.775454e-01 -1.935484e-01
      vertex 1.612903e+00 -1.872699e-01 -1.935484e-01
      vertex 1.612903e+00 -2.838425e-01 -6.451613e-02
    endloop
  endfacet
  facet normal 1.280990e-01 -6.987899e-01 -7.037637e-01
    outer loop
      vertex 1.483871e+00 -1.775454e-01 -1.935484e-01
      vertex 1.612903e+00 -2.838425e-01 -6.451613e-02
      vertex 1.483871e+00 -3.074961e-01 -6.451613e-02
    endloop
  endfacet
  facet normal 1.801035e-01 -9.824784e-01 4.794649e-02
    outer loop
      vertex 1.483871e+00 -3.074961e-01 -6.451613e-02
      vertex 1.612903e+00 -2.838425e-01 -6.451613e-02
      vertex 1.612903e+00 -2.775455e-01 6.451613e-02
    endloop
  endfacet
  facet normal 3.742108e-01 -9.130342e-01 -1.622800e-01
    outer loop
      vertex 1.483871e+00 -3.074961e-01 -6.451613e-02
      vertex 1.612903e+00 -2.775455e-01 6.451613e-02
      vertex 1.483871e+00 -3.304299e-01 6.451613e-02
    endloop
  endfacet
  facet normal 3.755984e-01 -9.164199e-01 -1.382045e-01
    outer loop
      vertex 1.483871e+00 -3.304299e-01 6.451613e-02
      vertex 1.612903e+00 -2.775455e-01 6.451613e-02
      vertex 1.612903e+00 -2.970048e-01 1.935484e-01
    endloop
  endfacet
  facet normal -4.755758e-01 -6.101855e-01 6.336413e-01
    outer loop
      vertex 1.483871e+00 -3.304299e-01 6.451613e-02
      vertex 1.612903e+00 -2.970048e-01 1.935484e-01
      vertex 1.483871e+00 -1.964376e-01 1.935484e-01
    endloop
  endfacet
  facet normal -4.310283e-01 -5.530289e-01 7.130033e-01
    outer loop
      vertex 1.483871e+00 -1.964376e-01 1.935484e-01
      vertex 1.612903e+00 -2.970048e-01 1.935484e-01
      vertex 1.612903e+00 -1.306474e-01 3.225806e-01
    endloop
  endfacet
  facet normal -3.876308e-01 -6.045602e-01 6.958803e-01
    outer loop
      vertex 1.483871e+00 -1.964376e-01 1.935484e-01
      vertex 1.612903e+00 -1.306474e-01 3.225806e-01
      vertex 1.483871e+00 -4.791474e-02 3.225806e-01
    endloop
  endfacet
  facet normal -4.989560e-01 -7.781862e-01 3.814042e-01
    outer loop
      vertex 1.483871e+00 -4.791474e-02 3.225806e-01
      vertex 1.612903e+00 -1.306474e-01 3.225806e-01
      vertex 1.612903e+00 -6.740618e-02 4.516129e-01
    endloop
  endfacet
  facet normal -1.618310e-01 -9.867358e-01 1.277595e-02
    outer loop
      vertex 1.483871e+00 -4.791474e-02 3.225806e-01
      vertex 1.612903e+00 -6.740618e-02 4.516129e-01
      vertex 1.483871e+00 -4.624407e-02 4.516129e-01
    endloop
  endfacet
  facet normal -7.980753e-02 -4.866123e-01 8.699651e-01
    outer loop
      vertex 1.483871e+00 -4.624407e-02 4.516129e-01
      vertex 1.612903e+00 -6.740618e-02 4.516129e-01
      vertex 1.612903e+00 1.632776e-01 5.806452e-01
    endloop
  endfacet
  facet normal 6.172303e-01 -6.516404e-01 4.408986e-01
    outer loop
      vertex 1.483871e+00 -4.624407e-02 4.516129e-01
      vertex 1.612903e+00 1.632776e-01 5.806452e-01
      vertex 1.483871e+00 4.105890e-02 5.806452e-01
    endloop
  endfacet
  facet normal 4.300390e-01 -4.540134e-01 7.803450e-01
    outer loop
      vertex 1.483871e+00 4.105890e-02 5.806452e-01
      vertex 1.612903e+00 1.632776e-01 5.806452e-01
      vertex 1.612903e+00 3.850545e-01 7.096774e-01
    endloop
  endfacet
  facet normal 4.096537e-01 -4.510808e-01 7.929123e-01
    outer loop
      vertex 1.483871e+00 4.105890e-02 5.806452e-01
      vertex 1.612903e+00 3.850545e-01 7.096774e-01
      vertex 1.483871e+00 2.678725e-01 7.096774e-01
    endloop
  endfacet
  facet normal 3.994471e-01 -4.398420e-01 8.043513e-01
    outer loop
      vertex 1.483871e+00 2.678725e-01 7.096774e-01
      vertex 1.612903e+00 3.850545e-01 7.096774e-01
      vertex 1.612903e+00 6.210194e-01 8.387097e-01
    endloop
  endfacet
  facet normal 3.012774e-01 -4.224279e-01 8.548606e-01
    outer loop
      vertex 1.483871e+00 2.678725e-01 7.096774e-01
      vertex 1.612903e+00 6.210194e-01 8.387097e-01
      vertex 1.483871e+00 5.289930e-01 8.387097e-01
    endloop
  endfacet
  facet normal 5.696179e-01 -7.986743e-01 -1.940487e-01
    outer loop
      vertex 1.483871e+00 5.289930e-01 8.387097e-01
      vertex 1.612903e+00 6.210194e-01 8.387097e-01
      vertex 1.612903e+00 5.896692e-01 9.677419e-01
    endloop
  endfacet
  facet normal 7.918243e-02 -9.302571e-01 3.582624e-01
    outer loop
      vertex 1.483871e+00 5.289930e-01 8.387097e-01
      vertex 1.612903e+00 5.896692e-01 9.677419e-01
      vertex 1.483871e+00 5.786861e-01 9.677419e-01
    endloop
  endfacet
  facet normal 7.191349e-02 -8.448597e-01 5.301326e-01
    outer loop
      vertex 1.483871e+00 5.786861e-01 9.677419e-01
      vertex 1.612903e+00 5.896692e-01 9.677419e-01
      vertex 1.612903e+00 6.706344e-01 1.096774e+00
    endloop
  endfacet
  facet normal 4.146236e-02 -8.328130e-01 5.519994e-01
    outer loop
      vertex 1.483871e+00 5.786861e-01 9.677419e-01
      vertex 1.612903e+00 6.706344e-01 1.096774e+00
      vertex 1.483871e+00 6.642104e-01 1.096774e+00
    endloop
  endfacet
  facet normal 4.493168e-02 -9.024980e-01 4.283439e-01
    outer loop
      vertex 1.483871e+00 6.642104e-01 1.096774e+00
      vertex 1.612903e+00 6.706344e-01 1.096774e+00
      vertex 1.612903e+00 7.318757e-01 1.225806e+00
    endloop
  endfacet
  facet normal -1.295027e-01 -8.189985e-01 5.589906e-01
    outer loop
      vertex 1.483871e+00 6.642104e-01 1.096774e+00
      vertex 1.612903e+00 7.318757e-01 1.225806e+00
      vertex 1.483871e+00 7.522787e-01 1.225806e+00
    endloop
  endfacet
  facet normal -1.400635e-01 -8.857871e-01 4.424516e-01
    outer loop
      vertex 1.483871e+00 7.522787e-01 1.225806e+00
      vertex 1.612903e+00 7.318757e-01 1.225806e+00
      vertex 1.612903e+00 7.963275e-01 1.354839e+00
    endloop
  endfacet
  facet normal -5.449403e-02 -9.270458e-01 3.709670e-01
    outer loop
      vertex 1.483871e+00 7.522787e-01 1.225806e+00
      vertex 1.612903e+00 7.963275e-01 1.354839e+00
      vertex 1.483871e+00 8.039123e-01 1.354839e+00
    endloop
  endfacet
  facet normal -2.426081e-02 -4.127220e-01 -9.105339e-01
    outer loop
      vertex 1.483871e+00 8.039123e-01 1.354839e+00
      vertex 1.612903e+00 7.963275e-01 1.354839e+00
      vertex 1.612903e+00 5.116607e-01 1.483871e+00
    endloop
  endfacet
  facet normal -5.556306e-01 -5.286449e-01 -6.417236e-01
    outer loop
      vertex 1.483871e+00 8.039123e-01 1.354839e+00
      vertex 1.612903e+00 5.116607e-01 1.483871e+00
      vertex 1.483871e+00 6.472797e-01 1.483871e+00
    endloop
  endfacet
  facet normal -5.010579e-01 -4.767227e-01 -7.222717e-01
    outer loop
      vertex 1.483871e+00 6.472797e-01 1.483871e+00
      vertex 1.612903e+00 5.116607e-01 1.483871e+00
      vertex 1.612903e+00 3.161669e-01 1.612903e+00
    endloop
  endfacet
  facet normal -2.926484e-01 -4.440577e-01 -8.468587e-01
    outer loop
      vertex 1.483871e+00 6.472797e-01 1.483871e+00
      vertex 1.612903e+00 3.161669e-01 1.612903e+00
      vertex 1.483871e+00 4.012033e-01 1.612903e+00
    endloop
  endfacet
  facet normal -4.232155e-01 -6.421772e-01 -6.391378e-01
    outer loop
      vertex 1.483871e+00 4.012033e-01 1.612903e+00
      vertex 1.612903e+00 3.161669e-01 1.612903e+00
      vertex 1.612903e+00 1.877453e-01 1.741935e+00
    endloop
  endfacet
  facet normal -1.378504e-02 -5.233560e-01 -8.520026e-01
    outer loop
      vertex 1.483871e+00 4.012033e-01 1.612903e+00
      vertex 1.612903e+00 1.877453e-01 1.741935e+00
      vertex 1.483871e+00 1.911440e-01 1.741935e+00
    endloop
  endfacet
  facet normal -2.620267e-02 -9.947977e-01 9.844310e-02
    outer loop
      vertex 1.483871e+00 1.911440e-01 1.741935e+00
      vertex 1.612903e+00 1.877453e-01 1.741935e+00
      vertex 1.612903e+00 2.005141e-01 1.870968e+00
    endloop
  endfacet
  facet normal 5.824398e-01 -6.091816e-01 -5.382022e-01
    outer loop
      vertex 1.483871e+00 1.911440e-01 1.741935e+00
      vertex 1.612903e+00 2.005141e-01 1.870968e+00
      vertex 1.483871e+00 7.714610e-02 1.870968e+00
    endloop
  endfacet
  facet normal 3.969501e-01 -4.151754e-01 -8.185720e-01
    outer loop
      vertex 1.483871e+00 7.714610e-02 1.870968e+00
      vertex 1.612903e+00 2.005141e-01 1.870968e+00
      vertex 1.612903e+00 -5.388968e-02 2.000000e+00
    endloop
  endfacet
  facet normal 3.786984e-01 -4.327170e-01 -8.181342e-01
    outer loop
      vertex 1.483871e+00 7.714610e-02 1.870968e+00
      vertex 1.612903e+00 -5.388968e-02 2.000000e+00
      vertex 1.483871e+00 -1.668141e-01 2.000000e+00
    endloop
  endfacet
  facet normal -4.152101e-01 -6.682393e-01 6.172980e-01
    outer loop
      vertex 1.612903e+00 -5.703116e-01 -2.000000e+00
      vertex 1.741935e+00 -6.504857e-01 -2.000000e+00
      vertex 1.741935e+00 -5.312898e-01 -1.870968e+00
    endloop
  endfacet
  facet normal -3.504936e-01 -7.398647e-01 5.742425e-01
    outer loop
      vertex 1.612903e+00 -5.703116e-01 -2.000000e+00
      vertex 1.741935e+00 -5.312898e-01 -1.870968e+00
      vertex 1.612903e+00 -4.701638e-01 -1.870968e+00
    endloop
  endfacet
  facet normal -3.084190e-01 -6.510485e-01 6.935515e-01
    outer loop
      vertex 1.612903e+00 -4.701638e-01 -1.870968e+00
      vertex 1.741935e+00 -5.312898e-01 -1.870968e+00
      vertex 1.741935e+00 -3.938338e-01 -1.741935e+00
    endloop
  endfacet
  facet normal -2.403735e-01 -7.109171e-01 6.609217e-01
    outer loop
      vertex 1.612903e+00 -4.701638e-01 -1.870968e+00
      vertex 1.741935e+00 -3.938338e-01 -1.741935e+00
      vertex 1.612903e+00 -3.502058e-01 -1.741935e+00
    endloop
  endfacet
  facet normal -3.182831e-01 -9.413390e-01 1.121463e-01
    outer loop
      vertex 1.612903e+00 -3.502058e-01 -1.741935e+00
      vertex 1.741935e+00 -3.938338e-01 -1.741935e+00
      vertex 1.741935e+00 -3.784616e-01 -1.612903e+00
    endloop
  endfacet
  facet normal 2.755612e-01 -8.438825e-01 -4.603567e-01
    outer loop
      vertex 1.612903e+00 -3.502058e-01 -1.741935e+00
      vertex 1.741935e+00 -3.784616e-01 -1.612903e+00
      vertex 1.612903e+00 -4.205957e-01 -1.612903e+00
    endloop
  endfacet
  facet normal 3.086575e-01 -9.452372e-01 -1.060995e-01
    outer loop
      vertex 1.612903e+00 -4.205957e-01 -1.612903e+00
      vertex 1.741935e+00 -3.784616e-01 -1.612903e+00
      vertex 1.741935e+00 -3.929450e-01 -1.483871e+00
    endloop
  endfacet
  facet normal 1.144767e-01 -9.886414e-01 9.738248e-02
    outer loop
      vertex 1.612903e+00 -4.205957e-01 -1.612903e+00
      vertex 1.741935e+00 -3.929450e-01 -1.483871e+00
      vertex 1.612903e+00 -4.078859e-01 -1.483871e+00
    endloop
  endfacet
  facet normal 7.504651e-02 -6.481151e-01 7.578356e-01
    outer loop
      vertex 1.612903e+00 -4.078859e-01 -1.483871e+00
      vertex 1.741935e+00 -3.929450e-01 -1.483871e+00
      vertex 1.741935e+00 -2.420687e-01 -1.354839e+00
    endloop
  endfacet
  facet normal 2.999202e-01 -7.201961e-01 6.255920e-01
    outer loop
      vertex 1.612903e+00 -4.078859e-01 -1.483871e+00
      vertex 1.741935e+00 -2.420687e-01 -1.354839e+00
      vertex 1.612903e+00 -2.958032e-01 -1.354839e+00
    endloop
  endfacet
  facet normal 3.162082e-01 -7.593084e-01 5.687381e-01
    outer loop
      vertex 1.612903e+00 -2.958032e-01 -1.354839e+00
      vertex 1.741935e+00 -2.420687e-01 -1.354839e+00
      vertex 1.741935e+00 -1.454208e-01 -1.225806e+00
    endloop
  endfacet
  facet normal 2.807661e-01 -7.522946e-01 5.960060e-01
    outer loop
      vertex 1.612903e+00 -2.958032e-01 -1.354839e+00
      vertex 1.741935e+00 -1.454208e-01 -1.225806e+00
      vertex 1.612903e+00 -1.935773e-01 -1.225806e+00
    endloop
  endfacet
  facet normal 3.010881e-01 -8.067462e-01 -5.084354e-01
    outer loop
      vertex 1.612903e+00 -1.935773e-01 -1.225806e+00
      vertex 1.741935e+00 -1.454208e-01 -1.225806e+00
      vertex 1.741935e+00 -2.267407e-01 -1.096774e+00
    endloop
  endfacet
  facet normal 4.112157e-01 -6.949780e-01 -5.898367e-01
    outer loop
      vertex 1.612903e+00 -1.935773e-01 -1.225806e+00
      vertex 1.741935e+00 -2.267407e-01 -1.096774e+00
      vertex 1.612903e+00 -3.030886e-01 -1.096774e+00
    endloop
  endfacet
  facet normal 4.958509e-01 -8.380164e-01 -2.277286e-01
    outer loop
      vertex 1.612903e+00 -3.030886e-01 -1.096774e+00
      vertex 1.741935e+00 -2.267407e-01 -1.096774e+00
      vertex 1.741935e+00 -2.618049e-01 -9.677419e-01
    endloop
  endfacet
  facet normal 1.363642e-01 -9.749755e-01 1.755781e-01
    outer loop
      vertex 1.612903e+00 -3.030886e-01 -1.096774e+00
      vertex 1.741935e+00 -2.618049e-01 -9.677419e-01
      vertex 1.612903e+00 -2.798519e-01 -9.677419e-01
    endloop
  endfacet
  facet normal 1.360885e-01 -9.730049e-01 1.863902e-01
    outer loop
      vertex 1.612903e+00 -2.798519e-01 -9.677419e-01
      vertex 1.741935e+00 -2.618049e-01 -9.677419e-01
      vertex 1.741935e+00 -2.370873e-01 -8.387097e-01
    endloop
  endfacet
  facet normal -1.256648e-01 -8.973421e-01 4.230669e-01
    outer loop
      vertex 1.612903e+00 -2.798519e-01 -9.677419e-01
      vertex 1.741935e+00 -2.370873e-01 -8.387097e-01
      vertex 1.612903e+00 -2.190175e-01 -8.387097e-01
    endloop
  endfacet
  facet normal -1.035463e-01 -7.393994e-01 6.652568e-01
    outer loop
      vertex 1.612903e+00 -2.190175e-01 -8.387097e-01
      vertex 1.741935e+00 -2.370873e-01 -8.387097e-01
      vertex 1.741935e+00 -1.209936e-01 -7.096774e-01
    endloop
  endfacet
  facet normal -2.623035e-01 -6.238370e-01 7.362230e-01
    outer loop
      vertex 1.612903e+00 -2.190175e-01 -8.387097e-01
      vertex 1.741935e+00 -1.209936e-01 -7.096774e-01
      vertex 1.612903e+00 -6.673967e-02 -7.096774e-01
    endloop
  endfacet
  facet normal -3.785802e-01 -9.003780e-01 2.144680e-01
    outer loop
      vertex 1.612903e+00 -6.673967e-02 -7.096774e-01
      vertex 1.741935e+00 -1.209936e-01 -7.096774e-01
      vertex 1.741935e+00 -9.025843e-02 -5.806452e-01
    endloop
  endfacet
  facet normal 4.417353e-01 -6.942178e-01 -5.682707e-01
    outer loop
      vertex 1.612903e+00 -6.673967e-02 -7.096774e-01
      vertex 1.741935e+00 -9.025843e-02 -5.806452e-01
      vertex 1.612903e+00 -1.723625e-01 -5.806452e-01
    endloop
  endfacet
  facet normal 4.121448e-01 -6.477142e-01 -6.407830e-01
    outer loop
      vertex 1.612903e+00 -1.723625e-01 -5.806452e-01
      vertex 1.741935e+00 -9.025843e-02 -5.806452e-01
      vertex 1.741935e+00 -2.179099e-01 -4.516129e-01
    endloop
  endfacet
  facet normal 2.085527e-01 -8.379422e-01 -5.043399e-01
    outer loop
      vertex 1.612903e+00 -1.723625e-01 -5.806452e-01
      vertex 1.741935e+00 -2.179099e-01 -4.516129e-01
      vertex 1.612903e+00 -2.500243e-01 -4.516129e-01
    endloop
  endfacet
  facet normal 2.411841e-01 -9.690518e-01 5.261981e-02
    outer loop
      vertex 1.612903e+00 -2.500243e-01 -4.516129e-01
      vertex 1.741935e+00 -2.179099e-01 -4.516129e-01
      vertex 1.741935e+00 -2.109034e-01 -3.225806e-01
    endloop
  endfacet
  facet normal 4.654278e-01 -8.611772e-01 -2.043301e-01
    outer loop
      vertex 1.612903e+00 -2.500243e-01 -4.516129e-01
      vertex 1.741935e+00 -2.109034e-01 -3.225806e-01
      vertex 1.612903e+00 -2.806396e-01 -3.225806e-01
    endloop
  endfacet
  facet normal 4.493104e-01 -8.313553e-01 3.270604e-01
    outer loop
      vertex 1.612903e+00 -2.806396e-01 -3.225806e-01
      vertex 1.741935e+00 -2.109034e-01 -3.225806e-01
      vertex 1.741935e+00 -1.601413e-01 -1.935484e-01
    endloop
  endfacet
  facet normal 1.679117e-01 -7.986410e-01 5.779085e-01
    outer loop
      vertex 1.612903e+00 -2.806396e-01 -3.225806e-01
      vertex 1.741935e+00 -1.601413e-01 -1.935484e-01
      vertex 1.612903e+00 -1.872699e-01 -1.935484e-01
    endloop
  endfacet
  facet normal 2.034013e-01 -9.674407e-01 -1.506203e-01
    outer loop
      vertex 1.612903e+00 -1.872699e-01 -1.935484e-01
      vertex 1.741935e+00 -1.601413e-01 -1.935484e-01
      vertex 1.741935e+00 -1.802303e-01 -6.451613e-02
    endloop
  endfacet
  facet normal 5.407698e-01 -6.734413e-01 -5.040286e-01
    outer loop
      vertex 1.612903e+00 -1.872699e-01 -1.935484e-01
      vertex 1.741935e+00 -1.802303e-01 -6.451613e-02
      vertex 1.612903e+00 -2.838425e-01 -6.451613e-02
    endloop
  endfacet
  facet normal 5.446745e-01 -6.783039e-01 -4.931872e-01
    outer loop
      vertex 1.612903e+00 -2.838425e-01 -6.451613e-02
      vertex 1.741935e+00 -1.802303e-01 -6.451613e-02
      vertex 1.741935e+00 -2.740482e-01 6.451613e-02
    endloop
  endfacet
  facet normal 2.706226e-02 -9.984455e-01 4.872571e-02
    outer loop
      vertex 1.612903e+00 -2.838425e-01 -6.451613e-02
      vertex 1.741935e+00 -2.740482e-01 6.451613e-02
      vertex 1.612903e+00 -2.775455e-01 6.451613e-02
    endloop
  endfacet
  facet normal 2.179720e-02 -8.041941e-01 -5.939669e-01
    outer loop
      vertex 1.612903e+00 -2.775455e-01 6.451613e-02
      vertex 1.741935e+00 -2.740482e-01 6.451613e-02
      vertex 1.741935e+00 -3.693497e-01 1.935484e-01
    endloop
  endfacet
  facet normal -4.848731e-01 -8.648055e-01 -1.304206e-01
    outer loop
      vertex 1.612903e+00 -2.775455e-01 6.451613e-02
      vertex 1.741935e+00 -3.693497e-01 1.935484e-01
      vertex 1.612903e+00 -2.970048e-01 1.935484e-01
    endloop
  endfacet
  facet normal -4.479796e-01 -7.990034e-01 4.011333e-01
    outer loop
      vertex 1.612903e+00 -2.970048e-01 1.935484e-01
      vertex 1.741935e+00 -3.693497e-01 1.935484e-01
      vertex 1.741935e+00 -3.045700e-01 3.225806e-01
    endloop
  endfacet
  facet normal -6.368905e-01 -4.725056e-01 6.091871e-01
    outer loop
      vertex 1.612903e+00 -2.970048e-01 1.935484e-01
      vertex 1.741935e+00 -3.045700e-01 3.225806e-01
      vertex 1.612903e+00 -1.306474e-01 3.225806e-01
    endloop
  endfacet
  facet normal -5.197032e-01 -3.855650e-01 7.623964e-01
    outer loop
      vertex 1.612903e+00 -1.306474e-01 3.225806e-01
      vertex 1.741935e+00 -3.045700e-01 3.225806e-01
      vertex 1.741935e+00 -4.942828e-02 4.516129e-01
    endloop
  endfacet
  facet normal 1.241422e-01 -8.910018e-01 4.366973e-01
    outer loop
      vertex 1.612903e+00 -1.306474e-01 3.225806e-01
      vertex 1.741935e+00 -4.942828e-02 4.516129e-01
      vertex 1.612903e+00 -6.740618e-02 4.516129e-01
    endloop
  endfacet
  facet normal 5.890087e-02 -4.227473e-01 9.043315e-01
    outer loop
      vertex 1.612903e+00 -6.740618e-02 4.516129e-01
      vertex 1.741935e+00 -4.942828e-02 4.516129e-01
      vertex 1.741935e+00 2.265946e-01 5.806452e-01
    endloop
  endfacet
  facet normal 2.329575e-01 -4.747384e-01 8.487369e-01
    outer loop
      vertex 1.612903e+00 -6.740618e-02 4.516129e-01
      vertex 1.741935e+00 2.265946e-01 5.806452e-01
      vertex 1.612903e+00 1.632776e-01 5.806452e-01
    endloop
  endfacet
  facet normal 2.011249e-01 -4.098675e-01 8.896952e-01
    outer loop
      vertex 1.612903e+00 1.632776e-01 5.806452e-01
      vertex 1.741935e+00 2.265946e-01 5.806452e-01
      vertex 1.741935e+00 5.066836e-01 7.096774e-01
    endloop
  endfacet
  facet normal 4.283462e-01 -4.544179e-01 7.810403e-01
    outer loop
      vertex 1.612903e+00 1.632776e-01 5.806452e-01
      vertex 1.741935e+00 5.066836e-01 7.096774e-01
      vertex 1.612903e+00 3.850545e-01 7.096774e-01
    endloop
  endfacet
  facet normal 6.127166e-01 -6.500102e-01 4.495165e-01
    outer loop
      vertex 1.612903e+00 3.850545e-01 7.096774e-01
      vertex 1.741935e+00 5.066836e-01 7.096774e-01
      vertex 1.741935e+00 5.959163e-01 8.387097e-01
    endloop
  endfacet
  facet normal -9.293683e-02 -4.777042e-01 8.735911e-01
    outer loop
      vertex 1.612903e+00 3.850545e-01 7.096774e-01
      vertex 1.741935e+00 5.959163e-01 8.387097e-01
      vertex 1.612903e+00 6.210194e-01 8.387097e-01
    endloop
  endfacet
  facet normal -1.737156e-01 -8.929150e-01 4.153622e-01
    outer loop
      vertex 1.612903e+00 6.210194e-01 8.387097e-01
      vertex 1.741935e+00 5.959163e-01 8.387097e-01
      vertex 1.741935e+00 6.559389e-01 9.677419e-01
    endloop
  endfacet
  facet normal 4.465484e-01 -8.694646e-01 -2.112482e-01
    outer loop
      vertex 1.612903e+00 6.210194e-01 8.387097e-01
      vertex 1.741935e+00 6.559389e-01 9.677419e-01
      vertex 1.612903e+00 5.896692e-01 9.677419e-01
    endloop
  endfacet
  facet normal 4.568448e-01 -8.895126e-01 7.757310e-03
    outer loop
      vertex 1.612903e+00 5.896692e-01 9.677419e-01
      vertex 1.741935e+00 6.559389e-01 9.677419e-01
      vertex 1.741935e+00 6.570642e-01 1.096774e+00
    endloop
  endfacet
  facet normal -8.873246e-02 -8.437116e-01 5.294122e-01
    outer loop
      vertex 1.612903e+00 5.896692e-01 9.677419e-01
      vertex 1.741935e+00 6.570642e-01 1.096774e+00
      vertex 1.612903e+00 6.706344e-01 1.096774e+00
    endloop
  endfacet
  facet normal -1.045199e-01 -9.938262e-01 3.721601e-02
    outer loop
      vertex 1.612903e+00 6.706344e-01 1.096774e+00
      vertex 1.741935e+00 6.570642e-01 1.096774e+00
      vertex 1.741935e+00 6.618961e-01 1.225806e+00
    endloop
  endfacet
  facet normal -4.399846e-01 -8.112674e-01 3.850440e-01
    outer loop
      vertex 1.612903e+00 6.706344e-01 1.096774e+00
      vertex 1.741935e+00 6.618961e-01 1.225806e+00
      vertex 1.612903e+00 7.318757e-01 1.225806e+00
    endloop
  endfacet
  facet normal -3.471349e-01 -6.400660e-01 -6.854290e-01
    outer loop
      vertex 1.612903e+00 7.318757e-01 1.225806e+00
      vertex 1.741935e+00 6.618961e-01 1.225806e+00
      vertex 1.741935e+00 5.237190e-01 1.354839e+00
    endloop
  endfacet
  facet normal -8.839065e-01 -4.183746e-01 2.089786e-01
    outer loop
      vertex 1.612903e+00 7.318757e-01 1.225806e+00
      vertex 1.741935e+00 5.237190e-01 1.354839e+00
      vertex 1.612903e+00 7.963275e-01 1.354839e+00
    endloop
  endfacet
  facet normal -7.117875e-01 -3.369064e-01 -6.163218e-01
    outer loop
      vertex 1.612903e+00 7.963275e-01 1.354839e+00
      vertex 1.741935e+00 5.237190e-01 1.354839e+00
      vertex 1.741935e+00 2.876731e-01 1.483871e+00
    endloop
  endfacet
  facet normal -5.825137e-01 -3.355679e-01 -7.403188e-01
    outer loop
      vertex 1.612903e+00 7.963275e-01 1.354839e+00
      vertex 1.741935e+00 2.876731e-01 1.483871e+00
      vertex 1.612903e+00 5.116607e-01 1.483871e+00
    endloop
  endfacet
  facet normal -7.306285e-01 -4.208921e-01 -5.376168e-01
    outer loop
      vertex 1.612903e+00 5.116607e-01 1.483871e+00
      vertex 1.741935e+00 2.876731e-01 1.483871e+00
      vertex 1.741935e+00 1.228567e-01 1.612903e+00
    endloop
  endfacet
  facet normal -6.365090e-01 -4.248622e-01 -6.436990e-01
    outer loop
      vertex 1.612903e+00 5.116607e-01 1.483871e+00
      vertex 1.741935e+00 1.228567e-01 1.612903e+00
      vertex 1.612903e+00 3.161669e-01 1.612903e+00
    endloop
  endfacet
  facet normal -7.984804e-01 -5.329762e-01 2.799382e-01
    outer loop
      vertex 1.612903e+00 3.161669e-01 1.612903e+00
      vertex 1.741935e+00 1.228567e-01 1.612903e+00
      vertex 1.741935e+00 1.906291e-01 1.741935e+00
    endloop
  endfacet
  facet normal 1.583855e-02 -7.086932e-01 -7.053390e-01
    outer loop
      vertex 1.612903e+00 3.161669e-01 1.612903e+00
      vertex 1.741935e+00 1.906291e-01 1.741935e+00
      vertex 1.612903e+00 1.877453e-01 1.741935e+00
    endloop
  endfacet
  facet normal 2.132028e-02 -9.539723e-01 -2.991358e-01
    outer loop
      vertex 1.612903e+00 1.877453e-01 1.741935e+00
      vertex 1.741935e+00 1.906291e-01 1.741935e+00
      vertex 1.741935e+00 1.501686e-01 1.870968e+00
    endloop
  endfacet
  facet normal -3.619540e-01 -9.276649e-01 9.179978e-02
    outer loop
      vertex 1.612903e+00 1.877453e-01 1.741935e+00
      vertex 1.741935e+00 1.501686e-01 1.870968e+00
      vertex 1.612903e+00 2.005141e-01 1.870968e+00
    endloop
  endfacet
  facet normal -2.903871e-01 -7.442435e-01 -6.014789e-01
    outer loop
      vertex 1.612903e+00 2.005141e-01 1.870968e+00
      vertex 1.741935e+00 1.501686e-01 1.870968e+00
      vertex 1.741935e+00 4.588799e-02 2.000000e+00
    endloop
  endfacet
  facet normal 3.301685e-01 -4.269732e-01 -8.418329e-01
    outer loop
      vertex 1.612903e+00 2.005141e-01 1.870968e+00
      vertex 1.741935e+00 4.588799e-02 2.000000e+00
      vertex 1.612903e+00 -5.388968e-02 2.000000e+00
    endloop
  endfacet
  facet normal 3.016076e-01 -7.798429e-01 -5.485234e-01
    outer loop
      vertex 1.741935e+00 -6.504857e-01 -2.000000e+00
      vertex 1.870968e+00 -6.005819e-01 -2.000000e+00
      vertex 1.870968e+00 -6.913402e-01 -1.870968e+00
    endloop
  endfacet
  facet normal -6.734973e-01 -5.429721e-01 5.015802e-01
    outer loop
      vertex 1.741935e+00 -6.504857e-01 -2.000000e+00
      vertex 1.870968e+00 -6.913402e-01 -1.870968e+00
      vertex 1.741935e+00 -5.312898e-01 -1.870968e+00
    endloop
  endfacet
  facet normal -6.893385e-01 -5.557432e-01 4.647171e-01
    outer loop
      vertex 1.741935e+00 -5.312898e-01 -1.870968e+00
      vertex 1.870968e+00 -6.913402e-01 -1.870968e+00
      vertex 1.870968e+00 -5.834423e-01 -1.741935e+00
    endloop
  endfacet
  facet normal -7.091211e-01 -4.825706e-01 5.140747e-01
    outer loop
      vertex 1.741935e+00 -5.312898e-01 -1.870968e+00
      vertex 1.870968e+00 -5.834423e-01 -1.741935e+00
      vertex 1.741935e+00 -3.938338e-01 -1.741935e+00
    endloop
  endfacet
  facet normal -7.288629e-01 -4.960053e-01 4.719509e-01
    outer loop
      vertex 1.741935e+00 -3.938338e-01 -1.741935e+00
      vertex 1.870968e+00 -5.834423e-01 -1.741935e+00
      vertex 1.870968e+00 -4.606677e-01 -1.612903e+00
    endloop
  endfacet
  facet normal -5.346238e-01 -8.391560e-01 9.997275e-02
    outer loop
      vertex 1.741935e+00 -3.938338e-01 -1.741935e+00
      vertex 1.870968e+00 -4.606677e-01 -1.612903e+00
      vertex 1.741935e+00 -3.784616e-01 -1.612903e+00
    endloop
  endfacet
  facet normal -3.700299e-01 -5.808062e-01 7.250808e-01
    outer loop
      vertex 1.741935e+00 -3.784616e-01 -1.612903e+00
      vertex 1.870968e+00 -4.606677e-01 -1.612903e+00
      vertex 1.870968e+00 -2.995833e-01 -1.483871e+00
    endloop
  endfacet
  facet normal 5.837902e-01 -8.068377e-01 -9.056466e-02
    outer loop
      vertex 1.741935e+00 -3.784616e-01 -1.612903e+00
      vertex 1.870968e+00 -2.995833e-01 -1.483871e+00
      vertex 1.741935e+00 -3.929450e-01 -1.483871e+00
    endloop
  endfacet
  facet normal 5.854287e-01 -8.091021e-01 5.125471e-02
    outer loop
      vertex 1.741935e+00 -3.929450e-01 -1.483871e+00
      vertex 1.870968e+00 -2.995833e-01 -1.483871e+00
      vertex 1.870968e+00 -2.914094e-01 -1.354839e+00
    endloop
  endfacet
  facet normal -2.411963e-01 -6.307591e-01 7.375414e-01
    outer loop
      vertex 1.741935e+00 -3.929450e-01 -1.483871e+00
      vertex 1.870968e+00 -2.914094e-01 -1.354839e+00
      vertex 1.741935e+00 -2.420687e-01 -1.354839e+00
    endloop
  endfacet
  facet normal -3.162535e-01 -8.270434e-01 4.647397e-01
    outer loop
      vertex 1.741935e+00 -2.420687e-01 -1.354839e+00
      vertex 1.870968e+00 -2.914094e-01 -1.354839e+00
      vertex 1.870968e+00 -2.189024e-01 -1.225806e+00
    endloop
  endfacet
  facet normal -4.147490e-01 -7.282907e-01 5.455052e-01
    outer loop
      vertex 1.741935e+00 -2.420687e-01 -1.354839e+00
      vertex 1.870968e+00 -2.189024e-01 -1.225806e+00
      vertex 1.741935e+00 -1.454208e-01 -1.225806e+00
    endloop
  endfacet
  facet normal -4.944354e-01 -8.682184e-01 -4.159802e-02
    outer loop
      vertex 1.741935e+00 -1.454208e-01 -1.225806e+00
      vertex 1.870968e+00 -2.189024e-01 -1.225806e+00
      vertex 1.870968e+00 -2.250846e-01 -1.096774e+00
    endloop
  endfacet
  facet normal 1.085787e-02 -8.459540e-01 -5.331453e-01
    outer loop
      vertex 1.741935e+00 -1.454208e-01 -1.225806e+00
      vertex 1.870968e+00 -2.250846e-01 -1.096774e+00
      vertex 1.741935e+00 -2.267407e-01 -1.096774e+00
    endloop
  endfacet
  facet normal 8.378223e-03 -6.527609e-01 7.575177e-01
    outer loop
      vertex 1.741935e+00 -2.267407e-01 -1.096774e+00
      vertex 1.870968e+00 -2.250846e-01 -1.096774e+00
      vertex 1.870968e+00 -7.534490e-02 -9.677419e-01
    endloop
  endfacet
  facet normal 8.126478e-01 -5.623608e-01 -1.528200e-01
    outer loop
      vertex 1.741935e+00 -2.267407e-01 -1.096774e+00
      vertex 1.870968e+00 -7.534490e-02 -9.677419e-01
      vertex 1.741935e+00 -2.618049e-01 -9.677419e-01
    endloop
  endfacet
  facet normal 7.920993e-01 -5.481410e-01 -2.685521e-01
    outer loop
      vertex 1.741935e+00 -2.618049e-01 -9.677419e-01
      vertex 1.870968e+00 -7.534490e-02 -9.677419e-01
      vertex 1.870968e+00 -1.385620e-01 -8.387097e-01
    endloop
  endfacet
  facet normal 5.999668e-01 -7.857382e-01 1.505171e-01
    outer loop
      vertex 1.741935e+00 -2.618049e-01 -9.677419e-01
      vertex 1.870968e+00 -1.385620e-01 -8.387097e-01
      vertex 1.741935e+00 -2.370873e-01 -8.387097e-01
    endloop
  endfacet
  facet normal 5.949368e-01 -7.791508e-01 1.974189e-01
    outer loop
      vertex 1.741935e+00 -2.370873e-01 -8.387097e-01
      vertex 1.870968e+00 -1.385620e-01 -8.387097e-01
      vertex 1.870968e+00 -1.058682e-01 -7.096774e-01
    endloop
  endfacet
  facet normal 8.681335e-02 -7.405888e-01 6.663269e-01
    outer loop
      vertex 1.741935e+00 -2.370873e-01 -8.387097e-01
      vertex 1.870968e+00 -1.058682e-01 -7.096774e-01
      vertex 1.741935e+00 -1.209936e-01 -7.096774e-01
    endloop
  endfacet
  facet normal 1.157387e-01 -9.873458e-01 -1.084101e-01
    outer loop
      vertex 1.741935e+00 -1.209936e-01 -7.096774e-01
      vertex 1.870968e+00 -1.058682e-01 -7.096774e-01
      vertex 1.870968e+00 -1.200359e-01 -5.806452e-01
    endloop
  endfacet
  facet normal -2.190425e-01 -9.491600e-01 2.260878e-01
    outer loop
      vertex 1.741935e+00 -1.209936e-01 -7.096774e-01
      vertex 1.870968e+00 -1.200359e-01 -5.806452e-01
      vertex 1.741935e+00 -9.025843e-02 -5.806452e-01
    endloop
  endfacet
  facet normal -1.890691e-01 -8.192785e-01 5.413276e-01
    outer loop
      vertex 1.741935e+00 -9.025843e-02 -5.806452e-01
      vertex 1.870968e+00 -1.200359e-01 -5.806452e-01
      vertex 1.870968e+00 -3.477950e-02 -4.516129e-01
    endloop
  endfacet
  facet normal 7.102509e-01 -5.004372e-01 -4.950820e-01
    outer loop
      vertex 1.741935e+00 -9.025843e-02 -5.806452e-01
      vertex 1.870968e+00 -3.477950e-02 -4.516129e-01
      vertex 1.741935e+00 -2.179099e-01 -4.516129e-01
    endloop
  endfacet
  facet normal 8.132114e-01 -5.729824e-01 1.018740e-01
    outer loop
      vertex 1.741935e+00 -2.179099e-01 -4.516129e-01
      vertex 1.870968e+00 -3.477950e-02 -4.516129e-01
      vertex 1.870968e+00 -1.183808e-02 -3.225806e-01
    endloop
  endfacet
  facet normal 8.387710e-01 -5.436834e-01 2.952217e-02
    outer loop
      vertex 1.741935e+00 -2.179099e-01 -4.516129e-01
      vertex 1.870968e+00 -1.183808e-02 -3.225806e-01
      vertex 1.741935e+00 -2.109034e-01 -3.225806e-01
    endloop
  endfacet
  facet normal 8.247925e-01 -5.346226e-01 -1.841086e-01
    outer loop
      vertex 1.741935e+00 -2.109034e-01 -3.225806e-01
      vertex 1.870968e+00 -1.183808e-02 -3.225806e-01
      vertex 1.870968e+00 -5.627307e-02 -1.935484e-01
    endloop
  endfacet
  facet normal 5.995365e-01 -7.447853e-01 2.930032e-01
    outer loop
      vertex 1.741935e+00 -2.109034e-01 -3.225806e-01
      vertex 1.870968e+00 -5.627307e-02 -1.935484e-01
      vertex 1.741935e+00 -1.601413e-01 -1.935484e-01
    endloop
  endfacet
  facet normal 4.420479e-01 -5.491422e-01 -7.092507e-01
    outer loop
      vertex 1.741935e+00 -1.601413e-01 -1.935484e-01
      vertex 1.870968e+00 -5.627307e-02 -1.935484e-01
      vertex 1.870968e+00 -2.229261e-01 -6.451613e-02
    endloop
  endfacet
  facet normal -3.107654e-01 -9.391724e-01 -1.462192e-01
    outer loop
      vertex 1.741935e+00 -1.601413e-01 -1.935484e-01
      vertex 1.870968e+00 -2.229261e-01 -6.451613e-02
      vertex 1.741935e+00 -1.802303e-01 -6.451613e-02
    endloop
  endfacet
  facet normal -2.944887e-01 -8.899824e-01 -3.481490e-01
    outer loop
      vertex 1.741935e+00 -1.802303e-01 -6.451613e-02
      vertex 1.870968e+00 -2.229261e-01 -6.451613e-02
      vertex 1.870968e+00 -2.734018e-01 6.451613e-02
    endloop
  endfacet
  facet normal 4.051832e-03 -8.088002e-01 -5.880696e-01
    outer loop
      vertex 1.741935e+00 -1.802303e-01 -6.451613e-02
      vertex 1.870968e+00 -2.734018e-01 6.451613e-02
      vertex 1.741935e+00 -2.740482e-01 6.451613e-02
    endloop
  endfacet
  facet normal 3.199154e-03 -6.385942e-01 -7.695370e-01
    outer loop
      vertex 1.741935e+00 -2.740482e-01 6.451613e-02
      vertex 1.870968e+00 -2.734018e-01 6.451613e-02
      vertex 1.870968e+00 -4.288919e-01 1.935484e-01
    endloop
  endfacet
  facet normal -3.479863e-01 -7.541108e-01 -5.569761e-01
    outer loop
      vertex 1.741935e+00 -2.740482e-01 6.451613e-02
      vertex 1.870968e+00 -4.288919e-01 1.935484e-01
      vertex 1.741935e+00 -3.693497e-01 1.935484e-01
    endloop
  endfacet
  facet normal -3.731308e-01 -8.086008e-01 4.549044e-01
    outer loop
      vertex 1.741935e+00 -3.693497e-01 1.935484e-01
      vertex 1.870968e+00 -4.288919e-01 1.935484e-01
      vertex 1.870968e+00 -3.563007e-01 3.225806e-01
    endloop
  endfacet
  facet normal -3.372971e-01 -8.413239e-01 4.223800e-01
    outer loop
      vertex 1.741935e+00 -3.693497e-01 1.935484e-01
      vertex 1.870968e+00 -3.563007e-01 3.225806e-01
      vertex 1.741935e+00 -3.045700e-01 3.225806e-01
    endloop
  endfacet
  facet normal -2.503623e-01 -6.244814e-01 7.398255e-01
    outer loop
      vertex 1.741935e+00 -3.045700e-01 3.225806e-01
      vertex 1.870968e+00 -3.563007e-01 3.225806e-01
      vertex 1.870968e+00 -2.034357e-01 4.516129e-01
    endloop
  endfacet
  facet normal -4.742284e-01 -3.973235e-01 7.856472e-01
    outer loop
      vertex 1.741935e+00 -3.045700e-01 3.225806e-01
      vertex 1.870968e+00 -2.034357e-01 4.516129e-01
      vertex 1.741935e+00 -4.942828e-02 4.516129e-01
    endloop
  endfacet
  facet normal -4.296522e-01 -3.599762e-01 8.281402e-01
    outer loop
      vertex 1.741935e+00 -4.942828e-02 4.516129e-01
      vertex 1.870968e+00 -2.034357e-01 4.516129e-01
      vertex 1.870968e+00 9.340839e-02 5.806452e-01
    endloop
  endfacet
  facet normal -4.005233e-01 -3.880314e-01 8.300679e-01
    outer loop
      vertex 1.741935e+00 -4.942828e-02 4.516129e-01
      vertex 1.870968e+00 9.340839e-02 5.806452e-01
      vertex 1.741935e+00 2.265946e-01 5.806452e-01
    endloop
  endfacet
  facet normal -3.949626e-01 -3.826441e-01 8.352173e-01
    outer loop
      vertex 1.741935e+00 2.265946e-01 5.806452e-01
      vertex 1.870968e+00 9.340839e-02 5.806452e-01
      vertex 1.870968e+00 3.750539e-01 7.096774e-01
    endloop
  endfacet
  facet normal -3.925740e-01 -3.848272e-01 8.353405e-01
    outer loop
      vertex 1.741935e+00 2.265946e-01 5.806452e-01
      vertex 1.870968e+00 3.750539e-01 7.096774e-01
      vertex 1.741935e+00 5.066836e-01 7.096774e-01
    endloop
  endfacet
  facet normal -5.402923e-01 -5.296304e-01 6.538928e-01
    outer loop
      vertex 1.741935e+00 5.066836e-01 7.096774e-01
      vertex 1.870968e+00 3.750539e-01 7.096774e-01
      vertex 1.870968e+00 5.343598e-01 8.387097e-01
    endloop
  endfacet
  facet normal -3.652642e-01 -7.656523e-01 5.294891e-01
    outer loop
      vertex 1.741935e+00 5.066836e-01 7.096774e-01
      vertex 1.870968e+00 5.343598e-01 8.387097e-01
      vertex 1.741935e+00 5.959163e-01 8.387097e-01
    endloop
  endfacet
  facet normal -4.211888e-01 -8.828792e-01 2.076641e-01
    outer loop
      vertex 1.741935e+00 5.959163e-01 8.387097e-01
      vertex 1.870968e+00 5.343598e-01 8.387097e-01
      vertex 1.870968e+00 5.647098e-01 9.677419e-01
    endloop
  endfacet
  facet normal -5.396871e-01 -7.633201e-01 3.550778e-01
    outer loop
      vertex 1.741935e+00 5.959163e-01 8.387097e-01
      vertex 1.870968e+00 5.647098e-01 9.677419e-01
      vertex 1.741935e+00 6.559389e-01 9.677419e-01
    endloop
  endfacet
  facet normal -5.772825e-01 -8.164942e-01 9.066209e-03
    outer loop
      vertex 1.741935e+00 6.559389e-01 9.677419e-01
      vertex 1.870968e+00 5.647098e-01 9.677419e-01
      vertex 1.870968e+00 5.661425e-01 1.096774e+00
    endloop
  endfacet
  facet normal -5.759921e-01 -8.174242e-01 7.128637e-03
    outer loop
      vertex 1.741935e+00 6.559389e-01 9.677419e-01
      vertex 1.870968e+00 5.661425e-01 1.096774e+00
      vertex 1.741935e+00 6.570642e-01 1.096774e+00
    endloop
  endfacet
  facet normal -4.242104e-01 -6.020218e-01 -6.764727e-01
    outer loop
      vertex 1.741935e+00 6.570642e-01 1.096774e+00
      vertex 1.870968e+00 5.661425e-01 1.096774e+00
      vertex 1.870968e+00 4.211531e-01 1.225806e+00
    endloop
  endfacet
  facet normal -8.812464e-01 -4.723261e-01 1.768729e-02
    outer loop
      vertex 1.741935e+00 6.570642e-01 1.096774e+00
      vertex 1.870968e+00 4.211531e-01 1.225806e+00
      vertex 1.741935e+00 6.618961e-01 1.225806e+00
    endloop
  endfacet
  facet normal -8.390246e-01 -4.496963e-01 -3.062857e-01
    outer loop
      vertex 1.741935e+00 6.618961e-01 1.225806e+00
      vertex 1.870968e+00 4.211531e-01 1.225806e+00
      vertex 1.870968e+00 3.332699e-01 1.354839e+00
    endloop
  endfacet
  facet normal -7.096974e-01 -4.808312e-01 -5.149088e-01
    outer loop
      vertex 1.741935e+00 6.618961e-01 1.225806e+00
      vertex 1.870968e+00 3.332699e-01 1.354839e+00
      vertex 1.741935e+00 5.237190e-01 1.354839e+00
    endloop
  endfacet
  facet normal -7.296719e-01 -4.943642e-01 -4.724224e-01
    outer loop
      vertex 1.741935e+00 5.237190e-01 1.354839e+00
      vertex 1.870968e+00 3.332699e-01 1.354839e+00
      vertex 1.870968e+00 2.099646e-01 1.483871e+00
    endloop
  endfacet
  facet normal -2.775202e-01 -4.608130e-01 -8.429911e-01
    outer loop
      vertex 1.741935e+00 5.237190e-01 1.354839e+00
      vertex 1.870968e+00 2.099646e-01 1.483871e+00
      vertex 1.741935e+00 2.876731e-01 1.483871e+00
    endloop
  endfacet
  facet normal -4.819510e-01 -8.002636e-01 -3.567932e-01
    outer loop
      vertex 1.741935e+00 2.876731e-01 1.483871e+00
      vertex 1.870968e+00 2.099646e-01 1.483871e+00
      vertex 1.870968e+00 1.524363e-01 1.612903e+00
    endloop
  endfacet
  facet normal 1.399243e-01 -6.103787e-01 -7.796531e-01
    outer loop
      vertex 1.741935e+00 2.876731e-01 1.483871e+00
      vertex 1.870968e+00 1.524363e-01 1.612903e+00
      vertex 1.741935e+00 1.228567e-01 1.612903e+00
    endloop
  endfacet
  facet normal 2.221239e-01 -9.689502e-01 -1.086117e-01
    outer loop
      vertex 1.741935e+00 1.228567e-01 1.612903e+00
      vertex 1.870968e+00 1.524363e-01 1.612903e+00
      vertex 1.870968e+00 1.379728e-01 1.741935e+00
    endloop
  endfacet
  facet normal -3.397880e-01 -8.326377e-01 4.373312e-01
    outer loop
      vertex 1.741935e+00 1.228567e-01 1.612903e+00
      vertex 1.870968e+00 1.379728e-01 1.741935e+00
      vertex 1.741935e+00 1.906291e-01 1.741935e+00
    endloop
  endfacet
  facet normal -3.726748e-01 -9.132254e-01 -1.647206e-01
    outer loop
      vertex 1.741935e+00 1.906291e-01 1.741935e+00
      vertex 1.870968e+00 1.379728e-01 1.741935e+00
      vertex 1.870968e+00 1.146989e-01 1.870968e+00
    endloop
  endfacet
  facet normal -2.537146e-01 -9.229673e-01 -2.894136e-01
    outer loop
      vertex 1.741935e+00 1.906291e-01 1.741935e+00
      vertex 1.870968e+00 1.146989e-01 1.870968e+00
      vertex 1.741935e+00 1.501686e-01 1.870968e+00
    endloop
  endfacet
  facet normal -2.578815e-01 -9.381258e-01 -2.311214e-01
    outer loop
      vertex 1.741935e+00 1.501686e-01 1.870968e+00
      vertex 1.870968e+00 1.146989e-01 1.870968e+00
      vertex 1.870968e+00 8.290990e-02 2.000000e+00
    endloop
  endfacet
  facet normal 2.177971e-01 -7.590869e-01 -6.134750e-01
    outer loop
      vertex 1.741935e+00 1.501686e-01 1.870968e+00
      vertex 1.870968e+00 8.290990e-02 2.000000e+00
      vertex 1.741935e+00 4.588799e-02 2.000000e+00
    endloop
  endfacet
  facet normal -1.905409e-01 -7.690256e-01 -6.101588e-01
    outer loop
      vertex 1.870968e+00 -6.005819e-01 -2.000000e+00
      vertex 2.000000e+00 -6.325521e-01 -2.000000e+00
      vertex 2.000000e+00 -7.349287e-01 -1.870968e+00
    endloop
  endfacet
  facet normal -2.663267e-01 -7.883909e-01 -5.545358e-01
    outer loop
      vertex 1.870968e+00 -6.005819e-01 -2.000000e+00
      vertex 2.000000e+00 -7.349287e-01 -1.870968e+00
      vertex 1.870968e+00 -6.913402e-01 -1.870968e+00
    endloop
  endfacet
  facet normal -3.192217e-01 -9.449726e-01 7.158442e-02
    outer loop
      vertex 1.870968e+00 -6.913402e-01 -1.870968e+00
      vertex 2.000000e+00 -7.349287e-01 -1.870968e+00
      vertex 2.000000e+00 -7.251541e-01 -1.741935e+00
    endloop
  endfacet
  facet normal -6.443208e-01 -5.866710e-01 4.905792e-01
    outer loop
      vertex 1.870968e+00 -6.913402e-01 -1.870968e+00
      vertex 2.000000e+00 -7.251541e-01 -1.741935e+00
      vertex 1.870968e+00 -5.834423e-01 -1.741935e+00
    endloop
  endfacet
  facet normal -4.684880e-01 -4.265707e-01 7.736643e-01
    outer loop
      vertex 1.870968e+00 -5.834423e-01 -1.741935e+00
      vertex 2.000000e+00 -7.251541e-01 -1.741935e+00
      vertex 2.000000e+00 -4.911304e-01 -1.612903e+00
    endloop
  endfacet
  facet normal -1.685857e-01 -7.140861e-01 6.794556e-01
    outer loop
      vertex 1.870968e+00 -5.834423e-01 -1.741935e+00
      vertex 2.000000e+00 -4.911304e-01 -1.612903e+00
      vertex 1.870968e+00 -4.606677e-01 -1.612903e+00
    endloop
  endfacet
  facet normal -1.762082e-01 -7.463730e-01 6.417773e-01
    outer loop
      vertex 1.870968e+00 -4.606677e-01 -1.612903e+00
      vertex 2.000000e+00 -4.911304e-01 -1.612903e+00
      vertex 2.000000e+00 -3.801805e-01 -1.483871e+00
    endloop
  endfacet
  facet normal -3.637547e-01 -5.823534e-01 7.270124e-01
    outer loop
      vertex 1.870968e+00 -4.606677e-01 -1.612903e+00
      vertex 2.000000e+00 -3.801805e-01 -1.483871e+00
      vertex 1.870968e+00 -2.995833e-01 -1.483871e+00
    endloop
  endfacet
  facet normal -4.891482e-01 -7.831023e-01 3.840375e-01
    outer loop
      vertex 1.870968e+00 -2.995833e-01 -1.483871e+00
      vertex 2.000000e+00 -3.801805e-01 -1.483871e+00
      vertex 2.000000e+00 -3.169024e-01 -1.354839e+00
    endloop
  endfacet
  facet normal -1.934512e-01 -9.791473e-01 6.202667e-02
    outer loop
      vertex 1.870968e+00 -2.995833e-01 -1.483871e+00
      vertex 2.000000e+00 -3.169024e-01 -1.354839e+00
      vertex 1.870968e+00 -2.914094e-01 -1.354839e+00
    endloop
  endfacet
  facet normal -1.876663e-01 -9.498673e-01 2.500670e-01
    outer loop
      vertex 1.870968e+00 -2.914094e-01 -1.354839e+00
      vertex 2.000000e+00 -3.169024e-01 -1.354839e+00
      vertex 2.000000e+00 -2.829327e-01 -1.225806e+00
    endloop
  endfacet
  facet normal -3.970497e-01 -8.001246e-01 4.496132e-01
    outer loop
      vertex 1.870968e+00 -2.914094e-01 -1.354839e+00
      vertex 2.000000e+00 -2.829327e-01 -1.225806e+00
      vertex 1.870968e+00 -2.189024e-01 -1.225806e+00
    endloop
  endfacet
  facet normal -2.390979e-01 -4.818241e-01 8.430171e-01
    outer loop
      vertex 1.870968e+00 -2.189024e-01 -1.225806e+00
      vertex 2.000000e+00 -2.829327e-01 -1.225806e+00
      vertex 2.000000e+00 -5.717314e-02 -1.096774e+00
    endloop
  endfacet
  facet normal 7.925838e-01 -6.090643e-01 -2.918145e-02
    outer loop
      vertex 1.870968e+00 -2.189024e-01 -1.225806e+00
      vertex 2.000000e+00 -5.717314e-02 -1.096774e+00
      vertex 1.870968e+00 -2.250846e-01 -1.096774e+00
    endloop
  endfacet
  facet normal 7.624480e-01 -5.859063e-01 2.745667e-01
    outer loop
      vertex 1.870968e+00 -2.250846e-01 -1.096774e+00
      vertex 2.000000e+00 -5.717314e-02 -1.096774e+00
      vertex 2.000000e+00 3.293802e-03 -9.677419e-01
    endloop
  endfacet
  facet normal 3.696591e-01 -6.065455e-01 7.038855e-01
    outer loop
      vertex 1.870968e+00 -2.250846e-01 -1.096774e+00
      vertex 2.000000e+00 3.293802e-03 -9.677419e-01
      vertex 1.870968e+00 -7.534490e-02 -9.677419e-01
    endloop
  endfacet
  facet normal 4.436962e-01 -7.280274e-01 -5.225990e-01
    outer loop
      vertex 1.870968e+00 -7.534490e-02 -9.677419e-01
      vertex 2.000000e+00 3.293802e-03 -9.677419e-01
      vertex 2.000000e+00 -8.932927e-02 -8.387097e-01
    endloop
  endfacet
  facet normal 3.241411e-01 -8.495293e-01 -4.162121e-01
    outer loop
      vertex 1.870968e+00 -7.534490e-02 -9.677419e-01
      vertex 2.000000e+00 -8.932927e-02 -8.387097e-01
      vertex 1.870968e+00 -1.385620e-01 -8.387097e-01
    endloop
  endfacet
  facet normal 3.013199e-01 -7.897183e-01 -5.343700e-01
    outer loop
      vertex 1.870968e+00 -1.385620e-01 -8.387097e-01
      vertex 2.000000e+00 -8.932927e-02 -8.387097e-01
      vertex 2.000000e+00 -1.766401e-01 -7.096774e-01
    endloop
  endfacet
  facet normal -4.694519e-01 -8.559107e-01 2.168681e-01
    outer loop
      vertex 1.870968e+00 -1.385620e-01 -8.387097e-01
      vertex 2.000000e+00 -1.766401e-01 -7.096774e-01
      vertex 1.870968e+00 -1.058682e-01 -7.096774e-01
    endloop
  endfacet
  facet normal -3.753113e-01 -6.842722e-01 6.252304e-01
    outer loop
      vertex 1.870968e+00 -1.058682e-01 -7.096774e-01
      vertex 2.000000e+00 -1.766401e-01 -7.096774e-01
      vertex 2.000000e+00 -5.874130e-02 -5.806452e-01
    endloop
  endfacet
  facet normal 4.269862e-01 -8.988561e-01 -9.869393e-02
    outer loop
      vertex 1.870968e+00 -1.058682e-01 -7.096774e-01
      vertex 2.000000e+00 -5.874130e-02 -5.806452e-01
      vertex 1.870968e+00 -1.200359e-01 -5.806452e-01
    endloop
  endfacet
  facet normal 3.683530e-01 -7.754263e-01 5.128646e-01
    outer loop
      vertex 1.870968e+00 -1.200359e-01 -5.806452e-01
      vertex 2.000000e+00 -5.874130e-02 -5.806452e-01
      vertex 2.000000e+00 2.660025e-02 -4.516129e-01
    endloop
  endfacet
  facet normal 3.688921e-01 -7.754835e-01 5.123905e-01
    outer loop
      vertex 1.870968e+00 -1.200359e-01 -5.806452e-01
      vertex 2.000000e+00 2.660025e-02 -4.516129e-01
      vertex 1.870968e+00 -3.477950e-02 -4.516129e-01
    endloop
  endfacet
  facet normal 4.168732e-01 -8.763492e-01 2.413064e-01
    outer loop
      vertex 1.870968e+00 -3.477950e-02 -4.516129e-01
      vertex 2.000000e+00 2.660025e-02 -4.516129e-01
      vertex 2.000000e+00 6.212982e-02 -3.225806e-01
    endloop
  endfacet
  facet normal 4.915176e-01 -8.574210e-01 1.524460e-01
    outer loop
      vertex 1.870968e+00 -3.477950e-02 -4.516129e-01
      vertex 2.000000e+00 6.212982e-02 -3.225806e-01
      vertex 1.870968e+00 -1.183808e-02 -3.225806e-01
    endloop
  endfacet
  facet normal 3.231094e-01 -5.636437e-01 -7.602013e-01
    outer loop
      vertex 1.870968e+00 -1.183808e-02 -3.225806e-01
      vertex 2.000000e+00 6.212982e-02 -3.225806e-01
      vertex 2.000000e+00 -1.118994e-01 -1.935484e-01
    endloop
  endfacet
  facet normal -3.774591e-01 -8.755633e-01 -3.015188e-01
    outer loop
      vertex 1.870968e+00 -1.183808e-02 -3.225806e-01
      vertex 2.000000e+00 -1.118994e-01 -1.935484e-01
      vertex 1.870968e+00 -5.627307e-02 -1.935484e-01
    endloop
  endfacet
  facet normal -3.808591e-01 -8.834501e-01 -2.728776e-01
    outer loop
      vertex 1.870968e+00 -5.627307e-02 -1.935484e-01
      vertex 2.000000e+00 -1.118994e-01 -1.935484e-01
      vertex 2.000000e+00 -1.517546e-01 -6.451613e-02
    endloop
  endfacet
  facet normal 3.199313e-01 -5.800275e-01 -7.491409e-01
    outer loop
      vertex 1.870968e+00 -5.627307e-02 -1.935484e-01
      vertex 2.000000e+00 -1.517546e-01 -6.451613e-02
      vertex 1.870968e+00 -2.229261e-01 -6.451613e-02
    endloop
  endfacet
  facet normal 4.546754e-01 -8.243152e-01 -3.373050e-01
    outer loop
      vertex 1.870968e+00 -2.229261e-01 -6.451613e-02
      vertex 2.000000e+00 -1.517546e-01 -6.451613e-02
      vertex 2.000000e+00 -2.045538e-01 6.451613e-02
    endloop
  endfacet
  facet normal 4.449947e-01 -8.339922e-01 -3.262464e-01
    outer loop
      vertex 1.870968e+00 -2.229261e-01 -6.451613e-02
      vertex 2.000000e+00 -2.045538e-01 6.451613e-02
      vertex 1.870968e+00 -2.734018e-01 6.451613e-02
    endloop
  endfacet
  facet normal 3.626557e-01 -6.796757e-01 -6.375906e-01
    outer loop
      vertex 1.870968e+00 -2.734018e-01 6.451613e-02
      vertex 2.000000e+00 -2.045538e-01 6.451613e-02
      vertex 2.000000e+00 -3.255965e-01 1.935484e-01
    endloop
  endfacet
  facet normal 4.551897e-01 -5.686036e-01 -6.851950e-01
    outer loop
      vertex 1.870968e+00 -2.734018e-01 6.451613e-02
      vertex 2.000000e+00 -3.255965e-01 1.935484e-01
      vertex 1.870968e+00 -4.288919e-01 1.935484e-01
    endloop
  endfacet
  facet normal 5.602703e-01 -6.998657e-01 -4.430408e-01
    outer loop
      vertex 1.870968e+00 -4.288919e-01 1.935484e-01
      vertex 2.000000e+00 -3.255965e-01 1.935484e-01
      vertex 2.000000e+00 -4.072787e-01 3.225806e-01
    endloop
  endfacet
  facet normal -3.255698e-01 -8.240614e-01 4.636023e-01
    outer loop
      vertex 1.870968e+00 -4.288919e-01 1.935484e-01
      vertex 2.000000e+00 -4.072787e-01 3.225806e-01
      vertex 1.870968e+00 -3.563007e-01 3.225806e-01
    endloop
  endfacet
  facet normal -2.526914e-01 -6.395963e-01 7.259915e-01
    outer loop
      vertex 1.870968e+00 -3.563007e-01 3.225806e-01
      vertex 2.000000e+00 -4.072787e-01 3.225806e-01
      vertex 2.000000e+00 -2.608170e-01 4.516129e-01
    endloop
  endfacet
  facet normal -2.757264e-01 -6.200204e-01 7.345404e-01
    outer loop
      vertex 1.870968e+00 -3.563007e-01 3.225806e-01
      vertex 2.000000e+00 -2.608170e-01 4.516129e-01
      vertex 1.870968e+00 -2.034357e-01 4.516129e-01
    endloop
  endfacet
  facet normal -2.167776e-01 -4.874633e-01 8.458056e-01
    outer loop
      vertex 1.870968e+00 -2.034357e-01 4.516129e-01
      vertex 2.000000e+00 -2.608170e-01 4.516129e-01
      vertex 2.000000e+00 -3.693102e-02 5.806452e-01
    endloop
  endfacet
  facet normal -3.735373e-01 -3.697912e-01 8.507199e-01
    outer loop
      vertex 1.870968e+00 -2.034357e-01 4.516129e-01
      vertex 2.000000e+00 -3.693102e-02 5.806452e-01
      vertex 1.870968e+00 9.340839e-02 5.806452e-01
    endloop
  endfacet
  facet normal -4.236784e-01 -4.194293e-01 8.028547e-01
    outer loop
      vertex 1.870968e+00 9.340839e-02 5.806452e-01
      vertex 2.000000e+00 -3.693102e-02 5.806452e-01
      vertex 2.000000e+00 2.100573e-01 7.096774e-01
    endloop
  endfacet
  facet normal -4.700826e-01 -3.676187e-01 8.024206e-01
    outer loop
      vertex 1.870968e+00 9.340839e-02 5.806452e-01
      vertex 2.000000e+00 2.100573e-01 7.096774e-01
      vertex 1.870968e+00 3.750539e-01 7.096774e-01
    endloop
  endfacet
  facet normal -7.255015e-01 -5.673640e-01 3.895454e-01
    outer loop
      vertex 1.870968e+00 3.750539e-01 7.096774e-01
      vertex 2.000000e+00 2.100573e-01 7.096774e-01
      vertex 2.000000e+00 2.986493e-01 8.387097e-01
    endloop
  endfacet
  facet normal -7.545405e-01 -4.130495e-01 5.099595e-01
    outer loop
      vertex 1.870968e+00 3.750539e-01 7.096774e-01
      vertex 2.000000e+00 2.986493e-01 8.387097e-01
      vertex 1.870968e+00 5.343598e-01 8.387097e-01
    endloop
  endfacet
  facet normal -8.461820e-01 -4.632157e-01 2.634526e-01
    outer loop
      vertex 1.870968e+00 5.343598e-01 8.387097e-01
      vertex 2.000000e+00 2.986493e-01 8.387097e-01
      vertex 2.000000e+00 3.720361e-01 9.677419e-01
    endloop
  endfacet
  facet normal -8.238615e-01 -5.517344e-01 1.297748e-01
    outer loop
      vertex 1.870968e+00 5.343598e-01 8.387097e-01
      vertex 2.000000e+00 3.720361e-01 9.677419e-01
      vertex 1.870968e+00 5.647098e-01 9.677419e-01
    endloop
  endfacet
  facet normal -8.208239e-01 -5.497001e-01 -1.551709e-01
    outer loop
      vertex 1.870968e+00 5.647098e-01 9.677419e-01
      vertex 2.000000e+00 3.720361e-01 9.677419e-01
      vertex 2.000000e+00 3.356125e-01 1.096774e+00
    endloop
  endfacet
  facet normal -8.725974e-01 -4.884101e-01 5.423221e-03
    outer loop
      vertex 1.870968e+00 5.647098e-01 9.677419e-01
      vertex 2.000000e+00 3.356125e-01 1.096774e+00
      vertex 1.870968e+00 5.661425e-01 1.096774e+00
    endloop
  endfacet
  facet normal -8.026994e-01 -4.492868e-01 -3.921925e-01
    outer loop
      vertex 1.870968e+00 5.661425e-01 1.096774e+00
      vertex 2.000000e+00 3.356125e-01 1.096774e+00
      vertex 2.000000e+00 2.229773e-01 1.225806e+00
    endloop
  endfacet
  facet normal -7.144316e-01 -4.651665e-01 -5.226927e-01
    outer loop
      vertex 1.870968e+00 5.661425e-01 1.096774e+00
      vertex 2.000000e+00 2.229773e-01 1.225806e+00
      vertex 1.870968e+00 4.211531e-01 1.225806e+00
    endloop
  endfacet
  facet normal -7.948752e-01 -5.175433e-01 -3.167371e-01
    outer loop
      vertex 1.870968e+00 4.211531e-01 1.225806e+00
      vertex 2.000000e+00 2.229773e-01 1.225806e+00
      vertex 2.000000e+00 1.440095e-01 1.354839e+00
    endloop
  endfacet
  facet normal -7.714175e-01 -5.259299e-01 -3.582079e-01
    outer loop
      vertex 1.870968e+00 4.211531e-01 1.225806e+00
      vertex 2.000000e+00 1.440095e-01 1.354839e+00
      vertex 1.870968e+00 3.332699e-01 1.354839e+00
    endloop
  endfacet
  facet normal -8.232802e-01 -5.612884e-01 8.464678e-02
    outer loop
      vertex 1.870968e+00 3.332699e-01 1.354839e+00
      vertex 2.000000e+00 1.440095e-01 1.354839e+00
      vertex 2.000000e+00 1.634686e-01 1.483871e+00
    endloop
  endfacet
  facet normal -2.521033e-01 -6.996172e-01 -6.685654e-01
    outer loop
      vertex 1.870968e+00 3.332699e-01 1.354839e+00
      vertex 2.000000e+00 1.634686e-01 1.483871e+00
      vertex 1.870968e+00 2.099646e-01 1.483871e+00
    endloop
  endfacet
  facet normal -3.389824e-01 -9.407173e-01 1.190929e-02
    outer loop
      vertex 1.870968e+00 2.099646e-01 1.483871e+00
      vertex 2.000000e+00 1.634686e-01 1.483871e+00
      vertex 2.000000e+00 1.651021e-01 1.612903e+00
    endloop
  endfacet
  facet normal 8.929476e-02 -9.096878e-01 -4.055794e-01
    outer loop
      vertex 1.870968e+00 2.099646e-01 1.483871e+00
      vertex 2.000000e+00 1.651021e-01 1.612903e+00
      vertex 1.870968e+00 1.524363e-01 1.612903e+00
    endloop
  endfacet
  facet normal 9.009731e-02 -9.178637e-01 -3.865343e-01
    outer loop
      vertex 1.870968e+00 1.524363e-01 1.612903e+00
      vertex 2.000000e+00 1.651021e-01 1.612903e+00
      vertex 2.000000e+00 1.107635e-01 1.741935e+00
    endloop
  endfacet
  facet normal -2.051043e-01 -9.726487e-01 -1.090263e-01
    outer loop
      vertex 1.870968e+00 1.524363e-01 1.612903e+00
      vertex 2.000000e+00 1.107635e-01 1.741935e+00
      vertex 1.870968e+00 1.379728e-01 1.741935e+00
    endloop
  endfacet
  facet normal -2.031575e-01 -9.634169e-01 -1.747998e-01
    outer loop
      vertex 1.870968e+00 1.379728e-01 1.741935e+00
      vertex 2.000000e+00 1.107635e-01 1.741935e+00
      vertex 2.000000e+00 8.735225e-02 1.870968e+00
    endloop
  endfacet
  facet normal -2.041774e-01 -9.633878e-01 -1.737686e-01
    outer loop
      vertex 1.870968e+00 1.379728e-01 1.741935e+00
      vertex 2.000000e+00 8.735225e-02 1.870968e+00
      vertex 1.870968e+00 1.146989e-01 1.870968e+00
    endloop
  endfacet
  facet normal -1.984279e-01 -9.362595e-01 2.899044e-01
    outer loop
      vertex 1.870968e+00 1.146989e-01 1.870968e+00
      vertex 2.000000e+00 8.735225e-02 1.870968e+00
      vertex 2.000000e+00 1.273059e-01 2.000000e+00
    endloop
  endfacet
  facet normal 3.168651e-01 -9.209339e-01 -2.268859e-01
    outer loop
      vertex 1.870968e+00 1.146989e-01 1.870968e+00
      vertex 2.000000e+00 1.273059e-01 2.000000e+00
      vertex 1.870968e+00 8.290990e-02 2.000000e+00
    endloop
  endfacet
endsolid Procedural_Terrain_Heightmap
