solid Parametric_Torus_Knot_p3_q5
  facet normal 9.927851e-01 7.144645e-02 -9.629720e-02
    outer loop
      vertex 2.500001e+00 -7.563089e-04 0.000000e+00
      vertex 2.452188e+00 3.147784e-01 -2.588190e-01
      vertex 2.461505e+00 4.125298e-01 -9.024238e-02
    endloop
  endfacet
  facet normal 9.698284e-01 3.774476e-02 -2.408491e-01
    outer loop
      vertex 2.500001e+00 -7.563089e-04 0.000000e+00
      vertex 2.461505e+00 4.125298e-01 -9.024238e-02
      vertex 2.537920e+00 9.222486e-02 1.672628e-01
    endloop
  endfacet
  facet normal 9.003558e-01 -1.211965e-01 -4.179364e-01
    outer loop
      vertex 2.537920e+00 9.222486e-02 1.672628e-01
      vertex 2.461505e+00 4.125298e-01 -9.024238e-02
      vertex 2.542056e+00 5.181130e-01 5.267002e-02
    endloop
  endfacet
  facet normal 8.248525e-01 -1.543481e-01 -5.438704e-01
    outer loop
      vertex 2.537920e+00 9.222486e-02 1.672628e-01
      vertex 2.542056e+00 5.181130e-01 5.267002e-02
      vertex 2.646187e+00 1.711656e-01 3.090613e-01
    endloop
  endfacet
  facet normal 6.721476e-01 -2.988703e-01 -6.774172e-01
    outer loop
      vertex 2.646187e+00 1.711656e-01 3.090613e-01
      vertex 2.542056e+00 5.181130e-01 5.267002e-02
      vertex 2.681578e+00 6.154538e-01 1.481610e-01
    endloop
  endfacet
  facet normal 5.537776e-01 -3.221772e-01 -7.678100e-01
    outer loop
      vertex 2.646187e+00 1.711656e-01 3.090613e-01
      vertex 2.681578e+00 6.154538e-01 1.481610e-01
      vertex 2.808319e+00 2.240480e-01 4.038081e-01
    endloop
  endfacet
  facet normal 3.399156e-01 -4.346517e-01 -8.339876e-01
    outer loop
      vertex 2.808319e+00 2.240480e-01 4.038081e-01
      vertex 2.681578e+00 6.154538e-01 1.481610e-01
      vertex 2.858831e+00 6.897331e-01 1.816930e-01
    endloop
  endfacet
  facet normal 1.955877e-01 -4.393905e-01 -8.767448e-01
    outer loop
      vertex 2.808319e+00 2.240480e-01 4.038081e-01
      vertex 2.858831e+00 6.897331e-01 1.816930e-01
      vertex 2.999633e+00 2.428211e-01 4.370787e-01
    endloop
  endfacet
  facet normal -4.604376e-02 -5.065195e-01 -8.609982e-01
    outer loop
      vertex 2.999633e+00 2.428211e-01 4.370787e-01
      vertex 2.858831e+00 6.897331e-01 1.816930e-01
      vertex 3.046828e+00 7.296425e-01 1.481610e-01
    endloop
  endfacet
  facet normal -1.943415e-01 -4.866335e-01 -8.517155e-01
    outer loop
      vertex 2.999633e+00 2.428211e-01 4.370787e-01
      vertex 3.046828e+00 7.296425e-01 1.481610e-01
      vertex 3.191002e+00 2.246268e-01 4.038081e-01
    endloop
  endfacet
  facet normal -4.243987e-01 -5.024733e-01 -7.532638e-01
    outer loop
      vertex 3.191002e+00 2.246268e-01 4.038081e-01
      vertex 3.046828e+00 7.296425e-01 1.481610e-01
      vertex 3.216950e+00 7.291061e-01 5.267002e-02
    endloop
  endfacet
  facet normal -5.538834e-01 -4.562650e-01 -6.964448e-01
    outer loop
      vertex 3.191002e+00 2.246268e-01 4.038081e-01
      vertex 3.216950e+00 7.291061e-01 5.267002e-02
      vertex 3.353293e+00 1.722352e-01 3.090613e-01
    endloop
  endfacet
  facet normal -7.354001e-01 -4.235806e-01 -5.289292e-01
    outer loop
      vertex 3.353293e+00 1.722352e-01 3.090613e-01
      vertex 3.216950e+00 7.291061e-01 5.267002e-02
      vertex 3.343296e+00 6.882055e-01 -9.024238e-02
    endloop
  endfacet
  facet normal -8.270746e-01 -3.539478e-01 -4.366562e-01
    outer loop
      vertex 3.353293e+00 1.722352e-01 3.090613e-01
      vertex 3.343296e+00 6.882055e-01 -9.024238e-02
      vertex 3.461799e+00 9.362233e-02 1.672628e-01
    endloop
  endfacet
  facet normal -9.325004e-01 -2.830215e-01 -2.243701e-01
    outer loop
      vertex 3.461799e+00 9.362233e-02 1.672628e-01
      vertex 3.343296e+00 6.882055e-01 -9.024238e-02
      vertex 3.406632e+00 6.131677e-01 -2.588190e-01
    endloop
  endfacet
  facet normal -9.739441e-01 -1.964066e-01 -1.133898e-01
    outer loop
      vertex 3.461799e+00 9.362233e-02 1.672628e-01
      vertex 3.406632e+00 6.131677e-01 -2.588190e-01
      vertex 3.499999e+00 7.563089e-04 5.352670e-17
    endloop
  endfacet
  facet normal -9.881794e-01 -1.024645e-01 1.140289e-01
    outer loop
      vertex 3.499999e+00 7.563089e-04 5.352670e-17
      vertex 3.406632e+00 6.131677e-01 -2.588190e-01
      vertex 3.397316e+00 5.154162e-01 -4.273957e-01
    endloop
  endfacet
  facet normal -9.743176e-01 -7.499322e-03 2.250534e-01
    outer loop
      vertex 3.499999e+00 7.563089e-04 5.352670e-17
      vertex 3.397316e+00 5.154162e-01 -4.273957e-01
      vertex 3.462080e+00 -9.222486e-02 -1.672628e-01
    endloop
  endfacet
  facet normal -8.949121e-01 9.158858e-02 4.367423e-01
    outer loop
      vertex 3.462080e+00 -9.222486e-02 -1.672628e-01
      vertex 3.397316e+00 5.154162e-01 -4.273957e-01
      vertex 3.316765e+00 4.098331e-01 -5.703081e-01
    endloop
  endfacet
  facet normal -8.280649e-01 1.851436e-01 5.291789e-01
    outer loop
      vertex 3.462080e+00 -9.222486e-02 -1.672628e-01
      vertex 3.316765e+00 4.098331e-01 -5.703081e-01
      vertex 3.353813e+00 -1.711656e-01 -3.090613e-01
    endloop
  endfacet
  facet normal -6.651130e-01 2.705495e-01 6.960084e-01
    outer loop
      vertex 3.353813e+00 -1.711656e-01 -3.090613e-01
      vertex 3.316765e+00 4.098331e-01 -5.703081e-01
      vertex 3.177243e+00 3.124922e-01 -6.657991e-01
    endloop
  endfacet
  facet normal -5.552137e-01 3.528257e-01 7.531612e-01
    outer loop
      vertex 3.353813e+00 -1.711656e-01 -3.090613e-01
      vertex 3.177243e+00 3.124922e-01 -6.657991e-01
      vertex 3.191681e+00 -2.240480e-01 -4.038081e-01
    endloop
  endfacet
  facet normal -3.314942e-01 4.067531e-01 8.512717e-01
    outer loop
      vertex 3.191681e+00 -2.240480e-01 -4.038081e-01
      vertex 3.177243e+00 3.124922e-01 -6.657991e-01
      vertex 2.999990e+00 2.382129e-01 -6.993311e-01
    endloop
  endfacet
  facet normal -1.957946e-01 4.692865e-01 8.610660e-01
    outer loop
      vertex 3.191681e+00 -2.240480e-01 -4.038081e-01
      vertex 2.999990e+00 2.382129e-01 -6.993311e-01
      vertex 3.000367e+00 -2.428211e-01 -4.370787e-01
    endloop
  endfacet
  facet normal 5.489438e-02 4.779810e-01 8.766532e-01
    outer loop
      vertex 3.000367e+00 -2.428211e-01 -4.370787e-01
      vertex 2.999990e+00 2.382129e-01 -6.993311e-01
      vertex 2.811992e+00 1.983036e-01 -6.657991e-01
    endloop
  endfacet
  facet normal 1.941115e-01 5.156017e-01 8.345511e-01
    outer loop
      vertex 3.000367e+00 -2.428211e-01 -4.370787e-01
      vertex 2.811992e+00 1.983036e-01 -6.657991e-01
      vertex 2.808998e+00 -2.246268e-01 -4.038081e-01
    endloop
  endfacet
  facet normal 4.324944e-01 4.725974e-01 7.678544e-01
    outer loop
      vertex 2.808998e+00 -2.246268e-01 -4.038081e-01
      vertex 2.811992e+00 1.983036e-01 -6.657991e-01
      vertex 2.641871e+00 1.988400e-01 -5.703081e-01
    endloop
  endfacet
  facet normal 5.523996e-01 4.846680e-01 6.781973e-01
    outer loop
      vertex 2.808998e+00 -2.246268e-01 -4.038081e-01
      vertex 2.641871e+00 1.988400e-01 -5.703081e-01
      vertex 2.646707e+00 -1.722352e-01 -3.090613e-01
    endloop
  endfacet
  facet normal 7.419429e-01 3.924036e-01 5.436361e-01
    outer loop
      vertex 2.646707e+00 -1.722352e-01 -3.090613e-01
      vertex 2.641871e+00 1.988400e-01 -5.703081e-01
      vertex 2.515524e+00 2.397405e-01 -4.273957e-01
    endloop
  endfacet
  facet normal 8.238253e-01 3.824891e-01 4.183466e-01
    outer loop
      vertex 2.646707e+00 -1.722352e-01 -3.090613e-01
      vertex 2.515524e+00 2.397405e-01 -4.273957e-01
      vertex 2.538201e+00 -9.362233e-02 -1.672628e-01
    endloop
  endfacet
  facet normal 9.375733e-01 2.513495e-01 2.403741e-01
    outer loop
      vertex 2.538201e+00 -9.362233e-02 -1.672628e-01
      vertex 2.515524e+00 2.397405e-01 -4.273957e-01
      vertex 2.452188e+00 3.147784e-01 -2.588190e-01
    endloop
  endfacet
  facet normal 9.694428e-01 2.257154e-01 9.608920e-02
    outer loop
      vertex 2.538201e+00 -9.362233e-02 -1.672628e-01
      vertex 2.452188e+00 3.147784e-01 -2.588190e-01
      vertex 2.500001e+00 -7.563089e-04 0.000000e+00
    endloop
  endfacet
  facet normal 9.271456e-01 3.596549e-01 -1.051156e-01
    outer loop
      vertex 2.452188e+00 3.147784e-01 -2.588190e-01
      vertex 2.312682e+00 6.039179e-01 -5.000000e-01
      vertex 2.297215e+00 6.941419e-01 -3.277193e-01
    endloop
  endfacet
  facet normal 9.129385e-01 3.291176e-01 -2.412984e-01
    outer loop
      vertex 2.452188e+00 3.147784e-01 -2.588190e-01
      vertex 2.297215e+00 6.941419e-01 -3.277193e-01
      vertex 2.461505e+00 4.125298e-01 -9.024238e-02
    endloop
  endfacet
  facet normal 8.891155e-01 1.557968e-01 -4.303499e-01
    outer loop
      vertex 2.461505e+00 4.125298e-01 -9.024238e-02
      vertex 2.297215e+00 6.941419e-01 -3.277193e-01
      vertex 2.346989e+00 8.135214e-01 -1.816668e-01
    endloop
  endfacet
  facet normal 8.282921e-01 1.113474e-01 -5.491211e-01
    outer loop
      vertex 2.461505e+00 4.125298e-01 -9.024238e-02
      vertex 2.346989e+00 8.135214e-01 -1.816668e-01
      vertex 2.542056e+00 5.181130e-01 5.267002e-02
    endloop
  endfacet
  facet normal 7.183960e-01 -7.428814e-02 -6.916563e-01
    outer loop
      vertex 2.542056e+00 5.181130e-01 5.267002e-02
      vertex 2.346989e+00 8.135214e-01 -1.816668e-01
      vertex 2.454426e+00 9.438819e-01 -8.407765e-02
    endloop
  endfacet
  facet normal 6.173401e-01 -1.225283e-01 -7.770959e-01
    outer loop
      vertex 2.542056e+00 5.181130e-01 5.267002e-02
      vertex 2.454426e+00 9.438819e-01 -8.407765e-02
      vertex 2.681578e+00 6.154538e-01 1.481610e-01
    endloop
  endfacet
  facet normal 4.380617e-01 -2.969920e-01 -8.484678e-01
    outer loop
      vertex 2.681578e+00 6.154538e-01 1.481610e-01
      vertex 2.454426e+00 9.438819e-01 -8.407765e-02
      vertex 2.603170e+00 1.065377e+00 -4.980889e-02
    endloop
  endfacet
  facet normal 3.095233e-01 -3.372591e-01 -8.890735e-01
    outer loop
      vertex 2.681578e+00 6.154538e-01 1.481610e-01
      vertex 2.603170e+00 1.065377e+00 -4.980889e-02
      vertex 2.858831e+00 6.897331e-01 1.816930e-01
    endloop
  endfacet
  facet normal 8.965148e-02 -4.776054e-01 -8.739884e-01
    outer loop
      vertex 2.858831e+00 6.897331e-01 1.816930e-01
      vertex 2.603170e+00 1.065377e+00 -4.980889e-02
      vertex 2.770576e+00 1.159511e+00 -8.407765e-02
    endloop
  endfacet
  facet normal -4.848997e-02 -4.987062e-01 -8.654137e-01
    outer loop
      vertex 2.858831e+00 6.897331e-01 1.816930e-01
      vertex 2.770576e+00 1.159511e+00 -8.407765e-02
      vertex 3.046828e+00 7.296425e-01 1.481610e-01
    endloop
  endfacet
  facet normal -2.718944e-01 -5.867957e-01 -7.627216e-01
    outer loop
      vertex 3.046828e+00 7.296425e-01 1.481610e-01
      vertex 2.770576e+00 1.159511e+00 -8.407765e-02
      vertex 2.931158e+00 1.211952e+00 -1.816668e-01
    endloop
  endfacet
  facet normal -3.998454e-01 -5.807993e-01 -7.090809e-01
    outer loop
      vertex 3.046828e+00 7.296425e-01 1.481610e-01
      vertex 2.931158e+00 1.211952e+00 -1.816668e-01
      vertex 3.216950e+00 7.291061e-01 5.267002e-02
    endloop
  endfacet
  facet normal -5.890620e-01 -6.073551e-01 -5.330344e-01
    outer loop
      vertex 3.216950e+00 7.291061e-01 5.267002e-02
      vertex 2.931158e+00 1.211952e+00 -1.816668e-01
      vertex 3.060469e+00 1.214716e+00 -3.277193e-01
    endloop
  endfacet
  facet normal -6.891576e-01 -5.712623e-01 -4.457815e-01
    outer loop
      vertex 3.216950e+00 7.291061e-01 5.267002e-02
      vertex 3.060469e+00 1.214716e+00 -3.277193e-01
      vertex 3.343296e+00 6.882055e-01 -9.024238e-02
    endloop
  endfacet
  facet normal -8.135391e-01 -5.373115e-01 -2.223747e-01
    outer loop
      vertex 3.343296e+00 6.882055e-01 -9.024238e-02
      vertex 3.060469e+00 1.214716e+00 -3.277193e-01
      vertex 3.138822e+00 1.167383e+00 -5.000000e-01
    endloop
  endfacet
  facet normal -8.731619e-01 -4.730597e-01 -1.174850e-01
    outer loop
      vertex 3.343296e+00 6.882055e-01 -9.024238e-02
      vertex 3.138822e+00 1.167383e+00 -5.000000e-01
      vertex 3.406632e+00 6.131677e-01 -2.588190e-01
    endloop
  endfacet
  facet normal -9.134000e-01 -3.885184e-01 1.214656e-01
    outer loop
      vertex 3.406632e+00 6.131677e-01 -2.588190e-01
      vertex 3.138822e+00 1.167383e+00 -5.000000e-01
      vertex 3.154289e+00 1.077159e+00 -6.722807e-01
    endloop
  endfacet
  facet normal -9.260624e-01 -3.019920e-01 2.262946e-01
    outer loop
      vertex 3.406632e+00 6.131677e-01 -2.588190e-01
      vertex 3.154289e+00 1.077159e+00 -6.722807e-01
      vertex 3.397316e+00 5.154162e-01 -4.273957e-01
    endloop
  endfacet
  facet normal -8.750442e-01 -1.832668e-01 4.480077e-01
    outer loop
      vertex 3.397316e+00 5.154162e-01 -4.273957e-01
      vertex 3.154289e+00 1.077159e+00 -6.722807e-01
      vertex 3.104515e+00 9.577797e-01 -8.183332e-01
    endloop
  endfacet
  facet normal -8.405463e-01 -8.328937e-02 5.352988e-01
    outer loop
      vertex 3.397316e+00 5.154162e-01 -4.273957e-01
      vertex 3.104515e+00 9.577797e-01 -8.183332e-01
      vertex 3.316765e+00 4.098331e-01 -5.703081e-01
    endloop
  endfacet
  facet normal -7.032621e-01 4.863323e-02 7.092652e-01
    outer loop
      vertex 3.316765e+00 4.098331e-01 -5.703081e-01
      vertex 3.104515e+00 9.577797e-01 -8.183332e-01
      vertex 2.997078e+00 8.274192e-01 -9.159223e-01
    endloop
  endfacet
  facet normal -6.279480e-01 1.511287e-01 7.634405e-01
    outer loop
      vertex 3.316765e+00 4.098331e-01 -5.703081e-01
      vertex 2.997078e+00 8.274192e-01 -9.159223e-01
      vertex 3.177243e+00 3.124922e-01 -6.657991e-01
    endloop
  endfacet
  facet normal -4.217985e-01 2.724810e-01 8.647775e-01
    outer loop
      vertex 3.177243e+00 3.124922e-01 -6.657991e-01
      vertex 2.997078e+00 8.274192e-01 -9.159223e-01
      vertex 2.848334e+00 7.059239e-01 -9.501911e-01
    endloop
  endfacet
  facet normal -3.186796e-01 3.656986e-01 8.744757e-01
    outer loop
      vertex 3.177243e+00 3.124922e-01 -6.657991e-01
      vertex 2.848334e+00 7.059239e-01 -9.501911e-01
      vertex 2.999990e+00 2.382129e-01 -6.993311e-01
    endloop
  endfacet
  facet normal -7.281711e-02 4.529678e-01 8.885482e-01
    outer loop
      vertex 2.999990e+00 2.382129e-01 -6.993311e-01
      vertex 2.848334e+00 7.059239e-01 -9.501911e-01
      vertex 2.680928e+00 6.117904e-01 -9.159223e-01
    endloop
  endfacet
  facet normal 3.974859e-02 5.263678e-01 8.493274e-01
    outer loop
      vertex 2.999990e+00 2.382129e-01 -6.993311e-01
      vertex 2.680928e+00 6.117904e-01 -9.159223e-01
      vertex 2.811992e+00 1.983036e-01 -6.657991e-01
    endloop
  endfacet
  facet normal 2.884525e-01 5.608637e-01 7.760329e-01
    outer loop
      vertex 2.811992e+00 1.983036e-01 -6.657991e-01
      vertex 2.680928e+00 6.117904e-01 -9.159223e-01
      vertex 2.520346e+00 5.593496e-01 -8.183332e-01
    endloop
  endfacet
  facet normal 3.902469e-01 6.075177e-01 6.918306e-01
    outer loop
      vertex 2.811992e+00 1.983036e-01 -6.657991e-01
      vertex 2.520346e+00 5.593496e-01 -8.183332e-01
      vertex 2.641871e+00 1.988400e-01 -5.703081e-01
    endloop
  endfacet
  facet normal 6.046250e-01 5.796524e-01 5.462891e-01
    outer loop
      vertex 2.641871e+00 1.988400e-01 -5.703081e-01
      vertex 2.520346e+00 5.593496e-01 -8.183332e-01
      vertex 2.391035e+00 5.565851e-01 -6.722807e-01
    endloop
  endfacet
  facet normal 6.779245e-01 5.974323e-01 4.283608e-01
    outer loop
      vertex 2.641871e+00 1.988400e-01 -5.703081e-01
      vertex 2.391035e+00 5.565851e-01 -6.722807e-01
      vertex 2.515524e+00 2.397405e-01 -4.273957e-01
    endloop
  endfacet
  facet normal 8.279234e-01 5.083659e-01 2.368692e-01
    outer loop
      vertex 2.515524e+00 2.397405e-01 -4.273957e-01
      vertex 2.391035e+00 5.565851e-01 -6.722807e-01
      vertex 2.312682e+00 6.039179e-01 -5.000000e-01
    endloop
  endfacet
  facet normal 8.604647e-01 4.994012e-01 1.009892e-01
    outer loop
      vertex 2.515524e+00 2.397405e-01 -4.273957e-01
      vertex 2.312682e+00 6.039179e-01 -5.000000e-01
      vertex 2.452188e+00 3.147784e-01 -2.588190e-01
    endloop
  endfacet
  facet normal 7.829324e-01 6.103037e-01 -1.206077e-01
    outer loop
      vertex 2.312682e+00 6.039179e-01 -5.000000e-01
      vertex 2.094718e+00 8.426062e-01 -7.071068e-01
      vertex 2.064116e+00 9.169896e-01 -5.293687e-01
    endloop
  endfacet
  facet normal 7.711719e-01 5.897996e-01 -2.396462e-01
    outer loop
      vertex 2.312682e+00 6.039179e-01 -5.000000e-01
      vertex 2.064116e+00 9.169896e-01 -5.293687e-01
      vertex 2.297215e+00 6.941419e-01 -3.277193e-01
    endloop
  endfacet
  facet normal 7.888858e-01 4.152617e-01 -4.530088e-01
    outer loop
      vertex 2.297215e+00 6.941419e-01 -3.277193e-01
      vertex 2.064116e+00 9.169896e-01 -5.293687e-01
      vertex 2.086483e+00 1.038874e+00 -3.786897e-01
    endloop
  endfacet
  facet normal 7.427455e-01 3.716906e-01 -5.569337e-01
    outer loop
      vertex 2.297215e+00 6.941419e-01 -3.277193e-01
      vertex 2.086483e+00 1.038874e+00 -3.786897e-01
      vertex 2.346989e+00 8.135214e-01 -1.816668e-01
    endloop
  endfacet
  facet normal 6.781272e-01 1.560015e-01 -7.181971e-01
    outer loop
      vertex 2.346989e+00 8.135214e-01 -1.816668e-01
      vertex 2.086483e+00 1.038874e+00 -3.786897e-01
      vertex 2.158414e+00 1.189703e+00 -2.780091e-01
    endloop
  endfacet
  facet normal 6.011622e-01 9.824596e-02 -7.930647e-01
    outer loop
      vertex 2.346989e+00 8.135214e-01 -1.816668e-01
      vertex 2.158414e+00 1.189703e+00 -2.780091e-01
      vertex 2.454426e+00 9.438819e-01 -8.407765e-02
    endloop
  endfacet
  facet normal 4.651918e-01 -1.305450e-01 -8.755311e-01
    outer loop
      vertex 2.454426e+00 9.438819e-01 -8.407765e-02
      vertex 2.158414e+00 1.189703e+00 -2.780091e-01
      vertex 2.268960e+00 1.346515e+00 -2.426548e-01
    endloop
  endfacet
  facet normal 3.654967e-01 -1.904823e-01 -9.111140e-01
    outer loop
      vertex 2.454426e+00 9.438819e-01 -8.407765e-02
      vertex 2.268960e+00 1.346515e+00 -2.426548e-01
      vertex 2.603170e+00 1.065377e+00 -4.980889e-02
    endloop
  endfacet
  facet normal 1.809517e-01 -4.009153e-01 -8.980665e-01
    outer loop
      vertex 2.603170e+00 1.065377e+00 -4.980889e-02
      vertex 2.268960e+00 1.346515e+00 -2.426548e-01
      vertex 2.401289e+00 1.485437e+00 -2.780091e-01
    endloop
  endfacet
  facet normal 7.063499e-02 -4.497463e-01 -8.903589e-01
    outer loop
      vertex 2.603170e+00 1.065377e+00 -4.980889e-02
      vertex 2.401289e+00 1.485437e+00 -2.780091e-01
      vertex 2.770576e+00 1.159511e+00 -8.407765e-02
    endloop
  endfacet
  facet normal -1.302258e-01 -6.117963e-01 -7.802221e-01
    outer loop
      vertex 2.770576e+00 1.159511e+00 -8.407765e-02
      vertex 2.401289e+00 1.485437e+00 -2.780091e-01
      vertex 2.535257e+00 1.585318e+00 -3.786897e-01
    endloop
  endfacet
  facet normal -2.369697e-01 -6.379280e-01 -7.327300e-01
    outer loop
      vertex 2.770576e+00 1.159511e+00 -8.407765e-02
      vertex 2.535257e+00 1.585318e+00 -3.786897e-01
      vertex 2.931158e+00 1.211952e+00 -1.816668e-01
    endloop
  endfacet
  facet normal -4.186500e-01 -7.294071e-01 -5.410152e-01
    outer loop
      vertex 2.931158e+00 1.211952e+00 -1.816668e-01
      vertex 2.535257e+00 1.585318e+00 -3.786897e-01
      vertex 2.650468e+00 1.630954e+00 -5.293687e-01
    endloop
  endfacet
  facet normal -5.084043e-01 -7.255068e-01 -4.638588e-01
    outer loop
      vertex 2.931158e+00 1.211952e+00 -1.816668e-01
      vertex 2.650468e+00 1.630954e+00 -5.293687e-01
      vertex 3.060469e+00 1.214716e+00 -3.277193e-01
    endloop
  endfacet
  facet normal -6.397576e-01 -7.365451e-01 -2.195712e-01
    outer loop
      vertex 3.060469e+00 1.214716e+00 -3.277193e-01
      vertex 2.650468e+00 1.630954e+00 -5.293687e-01
      vertex 2.729381e+00 1.615395e+00 -7.071068e-01
    endloop
  endfacet
  facet normal -7.022765e-01 -7.004957e-01 -1.269390e-01
    outer loop
      vertex 3.060469e+00 1.214716e+00 -3.277193e-01
      vertex 2.729381e+00 1.615395e+00 -7.071068e-01
      vertex 3.138822e+00 1.167383e+00 -5.000000e-01
    endloop
  endfacet
  facet normal -7.616030e-01 -6.339972e-01 1.341958e-01
    outer loop
      vertex 3.138822e+00 1.167383e+00 -5.000000e-01
      vertex 2.729381e+00 1.615395e+00 -7.071068e-01
      vertex 2.759984e+00 1.541012e+00 -8.848448e-01
    endloop
  endfacet
  facet normal -7.908887e-01 -5.684274e-01 2.266833e-01
    outer loop
      vertex 3.138822e+00 1.167383e+00 -5.000000e-01
      vertex 2.759984e+00 1.541012e+00 -8.848448e-01
      vertex 3.154289e+00 1.077159e+00 -6.722807e-01
    endloop
  endfacet
  facet normal -7.675133e-01 -4.379025e-01 4.681504e-01
    outer loop
      vertex 3.154289e+00 1.077159e+00 -6.722807e-01
      vertex 2.759984e+00 1.541012e+00 -8.848448e-01
      vertex 2.737617e+00 1.419128e+00 -1.035524e+00
    endloop
  endfacet
  facet normal -7.620259e-01 -3.493376e-01 5.452336e-01
    outer loop
      vertex 3.154289e+00 1.077159e+00 -6.722807e-01
      vertex 2.737617e+00 1.419128e+00 -1.035524e+00
      vertex 3.104515e+00 9.577797e-01 -8.183332e-01
    endloop
  endfacet
  facet normal -6.563170e-01 -1.766303e-01 7.335187e-01
    outer loop
      vertex 3.104515e+00 9.577797e-01 -8.183332e-01
      vertex 2.737617e+00 1.419128e+00 -1.035524e+00
      vertex 2.665685e+00 1.268298e+00 -1.136204e+00
    endloop
  endfacet
  facet normal -6.191839e-01 -7.486256e-02 7.816693e-01
    outer loop
      vertex 3.104515e+00 9.577797e-01 -8.183332e-01
      vertex 2.665685e+00 1.268298e+00 -1.136204e+00
      vertex 2.997078e+00 8.274192e-01 -9.159223e-01
    endloop
  endfacet
  facet normal -4.428500e-01 1.116184e-01 8.896208e-01
    outer loop
      vertex 2.997078e+00 8.274192e-01 -9.159223e-01
      vertex 2.665685e+00 1.268298e+00 -1.136204e+00
      vertex 2.555140e+00 1.111486e+00 -1.171559e+00
    endloop
  endfacet
  facet normal -3.821754e-01 2.143508e-01 8.988858e-01
    outer loop
      vertex 2.997078e+00 8.274192e-01 -9.159223e-01
      vertex 2.555140e+00 1.111486e+00 -1.171559e+00
      vertex 2.848334e+00 7.059239e-01 -9.501911e-01
    endloop
  endfacet
  facet normal -1.582889e-01 3.824459e-01 9.103185e-01
    outer loop
      vertex 2.848334e+00 7.059239e-01 -9.501911e-01
      vertex 2.555140e+00 1.111486e+00 -1.171559e+00
      vertex 2.422810e+00 9.725647e-01 -1.136204e+00
    endloop
  endfacet
  facet normal -8.666405e-02 4.732612e-01 8.766489e-01
    outer loop
      vertex 2.848334e+00 7.059239e-01 -9.501911e-01
      vertex 2.422810e+00 9.725647e-01 -1.136204e+00
      vertex 2.680928e+00 6.117904e-01 -9.159223e-01
    endloop
  endfacet
  facet normal 1.528528e-01 5.923559e-01 7.910440e-01
    outer loop
      vertex 2.680928e+00 6.117904e-01 -9.159223e-01
      vertex 2.422810e+00 9.725647e-01 -1.136204e+00
      vertex 2.288842e+00 8.726833e-01 -1.035524e+00
    endloop
  endfacet
  facet normal 2.205169e-01 6.604497e-01 7.177594e-01
    outer loop
      vertex 2.680928e+00 6.117904e-01 -9.159223e-01
      vertex 2.288842e+00 8.726833e-01 -1.035524e+00
      vertex 2.520346e+00 5.593496e-01 -8.183332e-01
    endloop
  endfacet
  facet normal 4.409002e-01 7.080810e-01 5.515690e-01
    outer loop
      vertex 2.520346e+00 5.593496e-01 -8.183332e-01
      vertex 2.288842e+00 8.726833e-01 -1.035524e+00
      vertex 2.173632e+00 8.270479e-01 -8.848448e-01
    endloop
  endfacet
  facet normal 4.906950e-01 7.469867e-01 4.485860e-01
    outer loop
      vertex 2.520346e+00 5.593496e-01 -8.183332e-01
      vertex 2.173632e+00 8.270479e-01 -8.848448e-01
      vertex 2.391035e+00 5.565851e-01 -6.722807e-01
    endloop
  endfacet
  facet normal 6.614690e-01 7.134352e-01 2.312338e-01
    outer loop
      vertex 2.391035e+00 5.565851e-01 -6.722807e-01
      vertex 2.173632e+00 8.270479e-01 -8.848448e-01
      vertex 2.094718e+00 8.426062e-01 -7.071068e-01
    endloop
  endfacet
  facet normal 6.832116e-01 7.215029e-01 1.124967e-01
    outer loop
      vertex 2.391035e+00 5.565851e-01 -6.722807e-01
      vertex 2.094718e+00 8.426062e-01 -7.071068e-01
      vertex 2.312682e+00 6.039179e-01 -5.000000e-01
    endloop
  endfacet
  facet normal 5.783193e-01 8.033360e-01 -1.421196e-01
    outer loop
      vertex 2.094718e+00 8.426062e-01 -7.071068e-01
      vertex 1.819772e+00 1.012425e+00 -8.660254e-01
      vertex 1.786793e+00 1.068694e+00 -6.821603e-01
    endloop
  endfacet
  facet normal 5.628664e-01 7.925106e-01 -2.347519e-01
    outer loop
      vertex 2.094718e+00 8.426062e-01 -7.071068e-01
      vertex 1.786793e+00 1.068694e+00 -6.821603e-01
      vertex 2.064116e+00 9.169896e-01 -5.293687e-01
    endloop
  endfacet
  facet normal 6.098944e-01 6.277333e-01 -4.837145e-01
    outer loop
      vertex 2.064116e+00 9.169896e-01 -5.293687e-01
      vertex 1.786793e+00 1.068694e+00 -6.821603e-01
      vertex 1.789705e+00 1.185977e+00 -5.262870e-01
    endloop
  endfacet
  facet normal 5.745186e-01 5.925710e-01 -5.646132e-01
    outer loop
      vertex 2.064116e+00 9.169896e-01 -5.293687e-01
      vertex 1.789705e+00 1.185977e+00 -5.262870e-01
      vertex 2.086483e+00 1.038874e+00 -3.786897e-01
    endloop
  endfacet
  facet normal 5.518414e-01 3.572396e-01 -7.535588e-01
    outer loop
      vertex 2.086483e+00 1.038874e+00 -3.786897e-01
      vertex 1.789705e+00 1.185977e+00 -5.262870e-01
      vertex 1.828064e+00 1.346418e+00 -4.221358e-01
    endloop
  endfacet
  facet normal 4.984663e-01 3.041631e-01 -8.117981e-01
    outer loop
      vertex 2.086483e+00 1.038874e+00 -3.786897e-01
      vertex 1.828064e+00 1.346418e+00 -4.221358e-01
      vertex 2.158414e+00 1.189703e+00 -2.780091e-01
    endloop
  endfacet
  facet normal 4.115545e-01 2.981619e-02 -9.108973e-01
    outer loop
      vertex 2.158414e+00 1.189703e+00 -2.780091e-01
      vertex 1.828064e+00 1.346418e+00 -4.221358e-01
      vertex 1.896031e+00 1.525592e+00 -3.855628e-01
    endloop
  endfacet
  facet normal 3.445047e-01 -3.132299e-02 -9.382619e-01
    outer loop
      vertex 2.158414e+00 1.189703e+00 -2.780091e-01
      vertex 1.896031e+00 1.525592e+00 -3.855628e-01
      vertex 2.268960e+00 1.346515e+00 -2.426548e-01
    endloop
  endfacet
  facet normal 2.090197e-01 -3.059397e-01 -9.288227e-01
    outer loop
      vertex 2.268960e+00 1.346515e+00 -2.426548e-01
      vertex 1.896031e+00 1.525592e+00 -3.855628e-01
      vertex 1.983258e+00 1.696220e+00 -4.221358e-01
    endloop
  endfacet
  facet normal 1.348119e-01 -3.630473e-01 -9.219666e-01
    outer loop
      vertex 2.268960e+00 1.346515e+00 -2.426548e-01
      vertex 1.983258e+00 1.696220e+00 -4.221358e-01
      vertex 2.401289e+00 1.485437e+00 -2.780091e-01
    endloop
  endfacet
  facet normal -2.448168e-02 -5.968962e-01 -8.019449e-01
    outer loop
      vertex 2.401289e+00 1.485437e+00 -2.780091e-01
      vertex 1.983258e+00 1.696220e+00 -4.221358e-01
      vertex 2.076465e+00 1.832327e+00 -5.262870e-01
    endloop
  endfacet
  facet normal -9.798292e-02 -6.382529e-01 -7.635657e-01
    outer loop
      vertex 2.401289e+00 1.485437e+00 -2.780091e-01
      vertex 2.076465e+00 1.832327e+00 -5.262870e-01
      vertex 2.535257e+00 1.585318e+00 -3.786897e-01
    endloop
  endfacet
  facet normal -2.516310e-01 -7.961775e-01 -5.502574e-01
    outer loop
      vertex 2.535257e+00 1.585318e+00 -3.786897e-01
      vertex 2.076465e+00 1.832327e+00 -5.262870e-01
      vertex 2.161464e+00 1.913191e+00 -6.821603e-01
    endloop
  endfacet
  facet normal -3.166970e-01 -8.131148e-01 -4.884131e-01
    outer loop
      vertex 2.535257e+00 1.585318e+00 -3.786897e-01
      vertex 2.161464e+00 1.913191e+00 -6.821603e-01
      vertex 2.650468e+00 1.630954e+00 -5.293687e-01
    endloop
  endfacet
  facet normal -4.369460e-01 -8.734237e-01 -2.149636e-01
    outer loop
      vertex 2.650468e+00 1.630954e+00 -5.293687e-01
      vertex 2.161464e+00 1.913191e+00 -6.821603e-01
      vertex 2.225313e+00 1.926502e+00 -8.660254e-01
    endloop
  endfacet
  facet normal -4.874031e-01 -8.617225e-01 -1.409702e-01
    outer loop
      vertex 2.650468e+00 1.630954e+00 -5.293687e-01
      vertex 2.225313e+00 1.926502e+00 -8.660254e-01
      vertex 2.729381e+00 1.615395e+00 -7.071068e-01
    endloop
  endfacet
  facet normal -5.532894e-01 -8.191081e-01 1.514360e-01
    outer loop
      vertex 2.729381e+00 1.615395e+00 -7.071068e-01
      vertex 2.225313e+00 1.926502e+00 -8.660254e-01
      vertex 2.258292e+00 1.870232e+00 -1.049890e+00
    endloop
  endfacet
  facet normal -5.852519e-01 -7.789454e-01 2.252206e-01
    outer loop
      vertex 2.729381e+00 1.615395e+00 -7.071068e-01
      vertex 2.258292e+00 1.870232e+00 -1.049890e+00
      vertex 2.759984e+00 1.541012e+00 -8.848448e-01
    endloop
  endfacet
  facet normal -5.846793e-01 -6.429718e-01 4.947094e-01
    outer loop
      vertex 2.759984e+00 1.541012e+00 -8.848448e-01
      vertex 2.258292e+00 1.870232e+00 -1.049890e+00
      vertex 2.255380e+00 1.752949e+00 -1.205764e+00
    endloop
  endfacet
  facet normal -5.967114e-01 -5.782825e-01 5.563496e-01
    outer loop
      vertex 2.759984e+00 1.541012e+00 -8.848448e-01
      vertex 2.255380e+00 1.752949e+00 -1.205764e+00
      vertex 2.737617e+00 1.419128e+00 -1.035524e+00
    endloop
  endfacet
  facet normal -5.266617e-01 -3.706848e-01 7.649969e-01
    outer loop
      vertex 2.737617e+00 1.419128e+00 -1.035524e+00
      vertex 2.255380e+00 1.752949e+00 -1.205764e+00
      vertex 2.217021e+00 1.592508e+00 -1.309915e+00
    endloop
  endfacet
  facet normal -5.198975e-01 -2.887107e-01 8.039606e-01
    outer loop
      vertex 2.737617e+00 1.419128e+00 -1.035524e+00
      vertex 2.217021e+00 1.592508e+00 -1.309915e+00
      vertex 2.665685e+00 1.268298e+00 -1.136204e+00
    endloop
  endfacet
  facet normal -3.866214e-01 -4.139935e-02 9.213088e-01
    outer loop
      vertex 2.665685e+00 1.268298e+00 -1.136204e+00
      vertex 2.217021e+00 1.592508e+00 -1.309915e+00
      vertex 2.149054e+00 1.413335e+00 -1.346488e+00
    endloop
  endfacet
  facet normal -3.650452e-01 4.771861e-02 9.297660e-01
    outer loop
      vertex 2.665685e+00 1.268298e+00 -1.136204e+00
      vertex 2.149054e+00 1.413335e+00 -1.346488e+00
      vertex 2.555140e+00 1.111486e+00 -1.171559e+00
    endloop
  endfacet
  facet normal -1.844016e-01 2.952079e-01 9.374691e-01
    outer loop
      vertex 2.555140e+00 1.111486e+00 -1.171559e+00
      vertex 2.149054e+00 1.413335e+00 -1.346488e+00
      vertex 2.061827e+00 1.242706e+00 -1.309915e+00
    endloop
  endfacet
  facet normal -1.548354e-01 3.796092e-01 9.120981e-01
    outer loop
      vertex 2.555140e+00 1.111486e+00 -1.171559e+00
      vertex 2.061827e+00 1.242706e+00 -1.309915e+00
      vertex 2.422810e+00 9.725647e-01 -1.136204e+00
    endloop
  endfacet
  facet normal 4.891230e-02 5.856377e-01 8.090958e-01
    outer loop
      vertex 2.422810e+00 9.725647e-01 -1.136204e+00
      vertex 2.061827e+00 1.242706e+00 -1.309915e+00
      vertex 1.968620e+00 1.106599e+00 -1.205764e+00
    endloop
  endfacet
  facet normal 7.779352e-02 6.540863e-01 7.524090e-01
    outer loop
      vertex 2.422810e+00 9.725647e-01 -1.136204e+00
      vertex 1.968620e+00 1.106599e+00 -1.205764e+00
      vertex 2.288842e+00 8.726833e-01 -1.035524e+00
    endloop
  endfacet
  facet normal 2.761128e-01 7.833164e-01 5.569354e-01
    outer loop
      vertex 2.288842e+00 8.726833e-01 -1.035524e+00
      vertex 1.968620e+00 1.106599e+00 -1.205764e+00
      vertex 1.883621e+00 1.025735e+00 -1.049890e+00
    endloop
  endfacet
  facet normal 2.957379e-01 8.277560e-01 4.768219e-01
    outer loop
      vertex 2.288842e+00 8.726833e-01 -1.035524e+00
      vertex 1.883621e+00 1.025735e+00 -1.049890e+00
      vertex 2.173632e+00 8.270479e-01 -8.848448e-01
    endloop
  endfacet
  facet normal 4.616768e-01 8.586937e-01 2.224853e-01
    outer loop
      vertex 2.173632e+00 8.270479e-01 -8.848448e-01
      vertex 1.883621e+00 1.025735e+00 -1.049890e+00
      vertex 1.819772e+00 1.012425e+00 -8.660254e-01
    endloop
  endfacet
  facet normal 4.655266e-01 8.754256e-01 1.300578e-01
    outer loop
      vertex 2.173632e+00 8.270479e-01 -8.848448e-01
      vertex 1.819772e+00 1.012425e+00 -8.660254e-01
      vertex 2.094718e+00 8.426062e-01 -7.071068e-01
    endloop
  endfacet
  facet normal 3.338768e-01 9.275605e-01 -1.678028e-01
    outer loop
      vertex 1.819772e+00 1.012425e+00 -8.660254e-01
      vertex 1.515110e+00 1.104015e+00 -9.659258e-01
      vertex 1.492489e+00 1.146366e+00 -7.768361e-01
    endloop
  endfacet
  facet normal 3.157626e-01 9.216704e-01 -2.254278e-01
    outer loop
      vertex 1.819772e+00 1.012425e+00 -8.660254e-01
      vertex 1.492489e+00 1.146366e+00 -7.768361e-01
      vertex 1.786793e+00 1.068694e+00 -6.821603e-01
    endloop
  endfacet
  facet normal 3.701973e-01 7.708978e-01 -5.183343e-01
    outer loop
      vertex 1.786793e+00 1.068694e+00 -6.821603e-01
      vertex 1.492489e+00 1.146366e+00 -7.768361e-01
      vertex 1.485812e+00 1.257356e+00 -6.165336e-01
    endloop
  endfacet
  facet normal 3.443289e-01 7.471040e-01 -5.685713e-01
    outer loop
      vertex 1.786793e+00 1.068694e+00 -6.821603e-01
      vertex 1.485812e+00 1.257356e+00 -6.165336e-01
      vertex 1.789705e+00 1.185977e+00 -5.262870e-01
    endloop
  endfacet
  facet normal 3.523258e-01 4.989027e-01 -7.918097e-01
    outer loop
      vertex 1.789705e+00 1.185977e+00 -5.262870e-01
      vertex 1.485812e+00 1.257356e+00 -6.165336e-01
      vertex 1.496098e+00 1.420088e+00 -5.094228e-01
    endloop
  endfacet
  facet normal 3.199356e-01 4.608729e-01 -8.277907e-01
    outer loop
      vertex 1.789705e+00 1.185977e+00 -5.262870e-01
      vertex 1.496098e+00 1.420088e+00 -5.094228e-01
      vertex 1.828064e+00 1.346418e+00 -4.221358e-01
    endloop
  endfacet
  facet normal 2.823621e-01 1.496500e-01 -9.475635e-01
    outer loop
      vertex 1.828064e+00 1.346418e+00 -4.221358e-01
      vertex 1.496098e+00 1.420088e+00 -5.094228e-01
      vertex 1.521779e+00 1.609788e+00 -4.718105e-01
    endloop
  endfacet
  facet normal 2.454402e-01 1.036390e-01 -9.638558e-01
    outer loop
      vertex 1.828064e+00 1.346418e+00 -4.221358e-01
      vertex 1.521779e+00 1.609788e+00 -4.718105e-01
      vertex 1.896031e+00 1.525592e+00 -3.855628e-01
    endloop
  endfacet
  facet normal 1.702455e-01 -2.258114e-01 -9.591797e-01
    outer loop
      vertex 1.896031e+00 1.525592e+00 -3.855628e-01
      vertex 1.521779e+00 1.609788e+00 -4.718105e-01
      vertex 1.558947e+00 1.797575e+00 -5.094228e-01
    endloop
  endfacet
  facet normal 1.312894e-01 -2.714812e-01 -9.534469e-01
    outer loop
      vertex 1.896031e+00 1.525592e+00 -3.855628e-01
      vertex 1.558947e+00 1.797575e+00 -5.094228e-01
      vertex 1.983258e+00 1.696220e+00 -4.221358e-01
    endloop
  endfacet
  facet normal 3.320875e-02 -5.687465e-01 -8.218422e-01
    outer loop
      vertex 1.983258e+00 1.696220e+00 -4.221358e-01
      vertex 1.558947e+00 1.797575e+00 -5.094228e-01
      vertex 1.601942e+00 1.954861e+00 -6.165336e-01
    endloop
  endfacet
  facet normal -5.014460e-03 -6.055303e-01 -7.958064e-01
    outer loop
      vertex 1.983258e+00 1.696220e+00 -4.221358e-01
      vertex 1.601942e+00 1.954861e+00 -6.165336e-01
      vertex 2.076465e+00 1.832327e+00 -5.262870e-01
    endloop
  endfacet
  facet normal -1.068583e-01 -8.238190e-01 -5.566898e-01
    outer loop
      vertex 2.076465e+00 1.832327e+00 -5.262870e-01
      vertex 1.601942e+00 1.954861e+00 -6.165336e-01
      vertex 1.644219e+00 2.057701e+00 -7.768361e-01
    endloop
  endfacet
  facet normal -1.416984e-01 -8.450059e-01 -5.156419e-01
    outer loop
      vertex 2.076465e+00 1.832327e+00 -5.262870e-01
      vertex 1.644219e+00 2.057701e+00 -7.768361e-01
      vertex 2.161464e+00 1.913191e+00 -6.821603e-01
    endloop
  endfacet
  facet normal -2.279113e-01 -9.514133e-01 -2.070488e-01
    outer loop
      vertex 2.161464e+00 1.913191e+00 -6.821603e-01
      vertex 1.644219e+00 2.057701e+00 -7.768361e-01
      vertex 1.679342e+00 2.090437e+00 -9.659258e-01
    endloop
  endfacet
  facet normal -2.572619e-01 -9.532798e-01 -1.583476e-01
    outer loop
      vertex 2.161464e+00 1.913191e+00 -6.821603e-01
      vertex 1.679342e+00 2.090437e+00 -9.659258e-01
      vertex 2.225313e+00 1.926502e+00 -8.660254e-01
    endloop
  endfacet
  facet normal -3.120247e-01 -9.343850e-01 1.719455e-01
    outer loop
      vertex 2.225313e+00 1.926502e+00 -8.660254e-01
      vertex 1.679342e+00 2.090437e+00 -9.659258e-01
      vertex 1.701964e+00 2.048087e+00 -1.155016e+00
    endloop
  endfacet
  facet normal -3.345620e-01 -9.162395e-01 2.203938e-01
    outer loop
      vertex 2.225313e+00 1.926502e+00 -8.660254e-01
      vertex 1.701964e+00 2.048087e+00 -1.155016e+00
      vertex 2.258292e+00 1.870232e+00 -1.049890e+00
    endloop
  endfacet
  facet normal -3.475991e-01 -7.776110e-01 5.239236e-01
    outer loop
      vertex 2.258292e+00 1.870232e+00 -1.049890e+00
      vertex 1.701964e+00 2.048087e+00 -1.155016e+00
      vertex 1.708640e+00 1.937097e+00 -1.315318e+00
    endloop
  endfacet
  facet normal -3.628245e-01 -7.413499e-01 5.645872e-01
    outer loop
      vertex 2.258292e+00 1.870232e+00 -1.049890e+00
      vertex 1.708640e+00 1.937097e+00 -1.315318e+00
      vertex 2.255380e+00 1.752949e+00 -1.205764e+00
    endloop
  endfacet
  facet normal -3.297910e-01 -5.044053e-01 7.980057e-01
    outer loop
      vertex 2.255380e+00 1.752949e+00 -1.205764e+00
      vertex 1.708640e+00 1.937097e+00 -1.315318e+00
      vertex 1.698355e+00 1.774365e+00 -1.422429e+00
    endloop
  endfacet
  facet normal -3.380684e-01 -4.542359e-01 8.242448e-01
    outer loop
      vertex 2.255380e+00 1.752949e+00 -1.205764e+00
      vertex 1.698355e+00 1.774365e+00 -1.422429e+00
      vertex 2.217021e+00 1.592508e+00 -1.309915e+00
    endloop
  endfacet
  facet normal -2.606479e-01 -1.536918e-01 9.531220e-01
    outer loop
      vertex 2.217021e+00 1.592508e+00 -1.309915e+00
      vertex 1.698355e+00 1.774365e+00 -1.422429e+00
      vertex 1.672674e+00 1.584665e+00 -1.460041e+00
    endloop
  endfacet
  facet normal -2.633501e-01 -9.603931e-02 9.599079e-01
    outer loop
      vertex 2.217021e+00 1.592508e+00 -1.309915e+00
      vertex 1.672674e+00 1.584665e+00 -1.460041e+00
      vertex 2.149054e+00 1.413335e+00 -1.346488e+00
    endloop
  endfacet
  facet normal -1.495908e-01 2.225633e-01 9.633733e-01
    outer loop
      vertex 2.149054e+00 1.413335e+00 -1.346488e+00
      vertex 1.672674e+00 1.584665e+00 -1.460041e+00
      vertex 1.635506e+00 1.396877e+00 -1.422429e+00
    endloop
  endfacet
  facet normal -1.492123e-01 2.795744e-01 9.484587e-01
    outer loop
      vertex 2.149054e+00 1.413335e+00 -1.346488e+00
      vertex 1.635506e+00 1.396877e+00 -1.422429e+00
      vertex 2.061827e+00 1.242706e+00 -1.309915e+00
    endloop
  endfacet
  facet normal -1.324739e-02 5.652931e-01 8.247838e-01
    outer loop
      vertex 2.061827e+00 1.242706e+00 -1.309915e+00
      vertex 1.635506e+00 1.396877e+00 -1.422429e+00
      vertex 1.592511e+00 1.239591e+00 -1.315318e+00
    endloop
  endfacet
  facet normal -1.316252e-02 6.133228e-01 7.897227e-01
    outer loop
      vertex 2.061827e+00 1.242706e+00 -1.309915e+00
      vertex 1.592511e+00 1.239591e+00 -1.315318e+00
      vertex 1.968620e+00 1.106599e+00 -1.205764e+00
    endloop
  endfacet
  facet normal 1.268640e-01 8.193413e-01 5.590934e-01
    outer loop
      vertex 1.968620e+00 1.106599e+00 -1.205764e+00
      vertex 1.592511e+00 1.239591e+00 -1.315318e+00
      vertex 1.550233e+00 1.136752e+00 -1.155016e+00
    endloop
  endfacet
  facet normal 1.231417e-01 8.518643e-01 5.090808e-01
    outer loop
      vertex 1.968620e+00 1.106599e+00 -1.205764e+00
      vertex 1.550233e+00 1.136752e+00 -1.155016e+00
      vertex 1.883621e+00 1.025735e+00 -1.049890e+00
    endloop
  endfacet
  facet normal 2.486849e-01 9.455684e-01 2.098955e-01
    outer loop
      vertex 1.883621e+00 1.025735e+00 -1.049890e+00
      vertex 1.550233e+00 1.136752e+00 -1.155016e+00
      vertex 1.515110e+00 1.104015e+00 -9.659258e-01
    endloop
  endfacet
  facet normal 2.384325e-01 9.591531e-01 1.522341e-01
    outer loop
      vertex 1.883621e+00 1.025735e+00 -1.049890e+00
      vertex 1.515110e+00 1.104015e+00 -9.659258e-01
      vertex 1.819772e+00 1.012425e+00 -8.660254e-01
    endloop
  endfacet
  facet normal 7.005699e-02 9.786177e-01 -1.933893e-01
    outer loop
      vertex 1.515110e+00 1.104015e+00 -9.659258e-01
      vertex 1.209308e+00 1.119174e+00 -1.000000e+00
      vertex 1.206900e+00 1.157158e+00 -8.086584e-01
    endloop
  endfacet
  facet normal 6.040599e-02 9.755594e-01 -2.112697e-01
    outer loop
      vertex 1.515110e+00 1.104015e+00 -9.659258e-01
      vertex 1.206900e+00 1.157158e+00 -8.086584e-01
      vertex 1.492489e+00 1.146366e+00 -7.768361e-01
    endloop
  endfacet
  facet normal 9.260681e-02 8.303437e-01 -5.495028e-01
    outer loop
      vertex 1.492489e+00 1.146366e+00 -7.768361e-01
      vertex 1.206900e+00 1.157158e+00 -8.086584e-01
      vertex 1.199722e+00 1.265306e+00 -6.464467e-01
    endloop
  endfacet
  facet normal 8.189457e-02 8.209967e-01 -5.650290e-01
    outer loop
      vertex 1.492489e+00 1.146366e+00 -7.768361e-01
      vertex 1.199722e+00 1.265306e+00 -6.464467e-01
      vertex 1.485812e+00 1.257356e+00 -6.165336e-01
    endloop
  endfacet
  facet normal 1.016106e-01 5.582478e-01 -8.234286e-01
    outer loop
      vertex 1.485812e+00 1.257356e+00 -6.165336e-01
      vertex 1.199722e+00 1.265306e+00 -6.464467e-01
      vertex 1.188868e+00 1.427154e+00 -5.380604e-01
    endloop
  endfacet
  facet normal 9.028791e-02 5.435627e-01 -8.344985e-01
    outer loop
      vertex 1.485812e+00 1.257356e+00 -6.165336e-01
      vertex 1.188868e+00 1.427154e+00 -5.380604e-01
      vertex 1.496098e+00 1.420088e+00 -5.094228e-01
    endloop
  endfacet
  facet normal 9.549741e-02 2.008154e-01 -9.749633e-01
    outer loop
      vertex 1.496098e+00 1.420088e+00 -5.094228e-01
      vertex 1.188868e+00 1.427154e+00 -5.380604e-01
      vertex 1.175989e+00 1.618062e+00 -5.000002e-01
    endloop
  endfacet
  facet normal 8.422845e-02 1.828119e-01 -9.795332e-01
    outer loop
      vertex 1.496098e+00 1.420088e+00 -5.094228e-01
      vertex 1.175989e+00 1.618062e+00 -5.000002e-01
      vertex 1.521779e+00 1.609788e+00 -4.718105e-01
    endloop
  endfacet
  facet normal 7.525301e-02 -1.900573e-01 -9.788847e-01
    outer loop
      vertex 1.521779e+00 1.609788e+00 -4.718105e-01
      vertex 1.175989e+00 1.618062e+00 -5.000002e-01
      vertex 1.163046e+00 1.808966e+00 -5.380604e-01
    endloop
  endfacet
  facet normal 6.460284e-02 -2.082588e-01 -9.759379e-01
    outer loop
      vertex 1.521779e+00 1.609788e+00 -4.718105e-01
      vertex 1.163046e+00 1.808966e+00 -5.380604e-01
      vertex 1.558947e+00 1.797575e+00 -5.094228e-01
    endloop
  endfacet
  facet normal 4.420876e-02 -5.538341e-01 -8.314526e-01
    outer loop
      vertex 1.558947e+00 1.797575e+00 -5.094228e-01
      vertex 1.163046e+00 1.808966e+00 -5.380604e-01
      vertex 1.152010e+00 1.970802e+00 -6.464467e-01
    endloop
  endfacet
  facet normal 3.446891e-02 -5.689566e-01 -8.216449e-01
    outer loop
      vertex 1.558947e+00 1.797575e+00 -5.094228e-01
      vertex 1.152010e+00 1.970802e+00 -6.464467e-01
      vertex 1.601942e+00 1.954861e+00 -6.165336e-01
    endloop
  endfacet
  facet normal 7.417989e-03 -8.318959e-01 -5.548821e-01
    outer loop
      vertex 1.601942e+00 1.954861e+00 -6.165336e-01
      vertex 1.152010e+00 1.970802e+00 -6.464467e-01
      vertex 1.144561e+00 2.078932e+00 -8.086584e-01
    endloop
  endfacet
  facet normal -1.351621e-03 -8.415220e-01 -5.402211e-01
    outer loop
      vertex 1.601942e+00 1.954861e+00 -6.165336e-01
      vertex 1.144561e+00 2.078932e+00 -8.086584e-01
      vertex 1.644219e+00 2.057701e+00 -7.768361e-01
    endloop
  endfacet
  facet normal -2.930090e-02 -9.805394e-01 -1.941237e-01
    outer loop
      vertex 1.644219e+00 2.057701e+00 -7.768361e-01
      vertex 1.144561e+00 2.078932e+00 -8.086584e-01
      vertex 1.141833e+00 2.116894e+00 -1.000000e+00
    endloop
  endfacet
  facet normal -3.717745e-02 -9.834776e-01 -1.771714e-01
    outer loop
      vertex 1.644219e+00 2.057701e+00 -7.768361e-01
      vertex 1.141833e+00 2.116894e+00 -1.000000e+00
      vertex 1.679342e+00 2.090437e+00 -9.659258e-01
    endloop
  endfacet
  facet normal -6.047331e-02 -9.792096e-01 1.936274e-01
    outer loop
      vertex 1.679342e+00 2.090437e+00 -9.659258e-01
      vertex 1.141833e+00 2.116894e+00 -1.000000e+00
      vertex 1.144241e+00 2.078910e+00 -1.191342e+00
    endloop
  endfacet
  facet normal -6.760142e-02 -9.752866e-01 2.103478e-01
    outer loop
      vertex 1.679342e+00 2.090437e+00 -9.659258e-01
      vertex 1.144241e+00 2.078910e+00 -1.191342e+00
      vertex 1.701964e+00 2.048087e+00 -1.155016e+00
    endloop
  endfacet
  facet normal -8.176843e-02 -8.309127e-01 5.503618e-01
    outer loop
      vertex 1.701964e+00 2.048087e+00 -1.155016e+00
      vertex 1.144241e+00 2.078910e+00 -1.191342e+00
      vertex 1.151419e+00 1.970762e+00 -1.353553e+00
    endloop
  endfacet
  facet normal -8.831830e-02 -8.206702e-01 5.645354e-01
    outer loop
      vertex 1.701964e+00 2.048087e+00 -1.155016e+00
      vertex 1.151419e+00 1.970762e+00 -1.353553e+00
      vertex 1.708640e+00 1.937097e+00 -1.315318e+00
    endloop
  endfacet
  facet normal -9.031991e-02 -5.583326e-01 8.246860e-01
    outer loop
      vertex 1.708640e+00 1.937097e+00 -1.315318e+00
      vertex 1.151419e+00 1.970762e+00 -1.353553e+00
      vertex 1.162273e+00 1.808913e+00 -1.461940e+00
    endloop
  endfacet
  facet normal -9.647516e-02 -5.429699e-01 8.341920e-01
    outer loop
      vertex 1.708640e+00 1.937097e+00 -1.315318e+00
      vertex 1.162273e+00 1.808913e+00 -1.461940e+00
      vertex 1.698355e+00 1.774365e+00 -1.422429e+00
    endloop
  endfacet
  facet normal -8.484742e-02 -2.003138e-01 9.760509e-01
    outer loop
      vertex 1.698355e+00 1.774365e+00 -1.422429e+00
      vertex 1.162273e+00 1.808913e+00 -1.461940e+00
      vertex 1.175152e+00 1.618006e+00 -1.500000e+00
    endloop
  endfacet
  facet normal -9.082468e-02 -1.818380e-01 9.791250e-01
    outer loop
      vertex 1.698355e+00 1.774365e+00 -1.422429e+00
      vertex 1.175152e+00 1.618006e+00 -1.500000e+00
      vertex 1.672674e+00 1.584665e+00 -1.460041e+00
    endloop
  endfacet
  facet normal -6.587619e-02 1.907989e-01 9.794162e-01
    outer loop
      vertex 1.672674e+00 1.584665e+00 -1.460041e+00
      vertex 1.175152e+00 1.618006e+00 -1.500000e+00
      vertex 1.188095e+00 1.427102e+00 -1.461940e+00
    endloop
  endfacet
  facet normal -7.195834e-02 2.095559e-01 9.751453e-01
    outer loop
      vertex 1.672674e+00 1.584665e+00 -1.460041e+00
      vertex 1.188095e+00 1.427102e+00 -1.461940e+00
      vertex 1.635506e+00 1.396877e+00 -1.422429e+00
    endloop
  endfacet
  facet normal -3.597392e-02 5.544062e-01 8.314684e-01
    outer loop
      vertex 1.635506e+00 1.396877e+00 -1.422429e+00
      vertex 1.188095e+00 1.427102e+00 -1.461940e+00
      vertex 1.199131e+00 1.265266e+00 -1.353553e+00
    endloop
  endfacet
  facet normal -4.251467e-02 5.702758e-01 8.203524e-01
    outer loop
      vertex 1.635506e+00 1.396877e+00 -1.422429e+00
      vertex 1.199131e+00 1.265266e+00 -1.353553e+00
      vertex 1.592511e+00 1.239591e+00 -1.315318e+00
    endloop
  endfacet
  facet normal 3.985339e-04 8.320845e-01 5.546488e-01
    outer loop
      vertex 1.592511e+00 1.239591e+00 -1.315318e+00
      vertex 1.199131e+00 1.265266e+00 -1.353553e+00
      vertex 1.206580e+00 1.157136e+00 -1.191342e+00
    endloop
  endfacet
  facet normal -6.964527e-03 8.424982e-01 5.386541e-01
    outer loop
      vertex 1.592511e+00 1.239591e+00 -1.315318e+00
      vertex 1.206580e+00 1.157136e+00 -1.191342e+00
      vertex 1.550233e+00 1.136752e+00 -1.155016e+00
    endloop
  endfacet
  facet normal 3.764534e-02 9.802879e-01 1.939549e-01
    outer loop
      vertex 1.550233e+00 1.136752e+00 -1.155016e+00
      vertex 1.206580e+00 1.157136e+00 -1.191342e+00
      vertex 1.209308e+00 1.119174e+00 -1.000000e+00
    endloop
  endfacet
  facet normal 2.918902e-02 9.839971e-01 1.757775e-01
    outer loop
      vertex 1.550233e+00 1.136752e+00 -1.155016e+00
      vertex 1.209308e+00 1.119174e+00 -1.000000e+00
      vertex 1.515110e+00 1.104015e+00 -9.659258e-01
    endloop
  endfacet
  facet normal -1.911693e-01 9.585741e-01 -2.111634e-01
    outer loop
      vertex 1.209308e+00 1.119174e+00 -1.000000e+00
      vertex 9.267189e-01 1.070323e+00 -9.659258e-01
      vertex 9.494701e-01 1.116323e+00 -7.777062e-01
    endloop
  endfacet
  facet normal -1.763844e-01 9.650548e-01 -1.937983e-01
    outer loop
      vertex 1.209308e+00 1.119174e+00 -1.000000e+00
      vertex 9.494701e-01 1.116323e+00 -7.777062e-01
      vertex 1.206900e+00 1.157158e+00 -8.086584e-01
    endloop
  endfacet
  facet normal -1.951060e-01 8.013692e-01 -5.654565e-01
    outer loop
      vertex 1.206900e+00 1.157158e+00 -8.086584e-01
      vertex 9.494701e-01 1.116323e+00 -7.777062e-01
      vertex 9.480165e-01 1.228560e+00 -6.181414e-01
    endloop
  endfacet
  facet normal -1.808963e-01 8.145927e-01 -5.511037e-01
    outer loop
      vertex 1.206900e+00 1.157158e+00 -8.086584e-01
      vertex 9.480165e-01 1.228560e+00 -6.181414e-01
      vertex 1.199722e+00 1.265306e+00 -6.464467e-01
    endloop
  endfacet
  facet normal -1.703664e-01 5.243181e-01 -8.343056e-01
    outer loop
      vertex 1.199722e+00 1.265306e+00 -6.464467e-01
      vertex 9.480165e-01 1.228560e+00 -6.181414e-01
      vertex 9.225793e-01 1.389947e+00 -5.115235e-01
    endloop
  endfacet
  facet normal -1.579937e-01 5.421060e-01 -8.253236e-01
    outer loop
      vertex 1.199722e+00 1.265306e+00 -6.464467e-01
      vertex 9.225793e-01 1.389947e+00 -5.115235e-01
      vertex 1.188868e+00 1.427154e+00 -5.380604e-01
    endloop
  endfacet
  facet normal -1.208938e-01 1.673735e-01 -9.784533e-01
    outer loop
      vertex 1.188868e+00 1.427154e+00 -5.380604e-01
      vertex 9.225793e-01 1.389947e+00 -5.115235e-01
      vertex 8.770312e-01 1.575914e+00 -4.740843e-01
    endloop
  endfacet
  facet normal -1.109893e-01 1.871022e-01 -9.760503e-01
    outer loop
      vertex 1.188868e+00 1.427154e+00 -5.380604e-01
      vertex 8.770312e-01 1.575914e+00 -4.740843e-01
      vertex 1.175989e+00 1.618062e+00 -5.000002e-01
    endloop
  endfacet
  facet normal -5.381040e-02 -2.175579e-01 -9.745630e-01
    outer loop
      vertex 1.175989e+00 1.618062e+00 -5.000002e-01
      vertex 8.770312e-01 1.575914e+00 -4.740843e-01
      vertex 8.183063e-01 1.758150e+00 -5.115235e-01
    endloop
  endfacet
  facet normal -4.613114e-02 -1.983199e-01 -9.790511e-01
    outer loop
      vertex 1.175989e+00 1.618062e+00 -5.000002e-01
      vertex 8.183063e-01 1.758150e+00 -5.115235e-01
      vertex 1.163046e+00 1.808966e+00 -5.380604e-01
    endloop
  endfacet
  facet normal 2.107223e-02 -5.713913e-01 -8.204072e-01
    outer loop
      vertex 1.163046e+00 1.808966e+00 -5.380604e-01
      vertex 8.183063e-01 1.758150e+00 -5.115235e-01
      vertex 7.553451e-01 1.908911e+00 -6.181414e-01
    endloop
  endfacet
  facet normal 2.726158e-02 -5.549702e-01 -8.314234e-01
    outer loop
      vertex 1.163046e+00 1.808966e+00 -5.380604e-01
      vertex 7.553451e-01 1.908911e+00 -6.181414e-01
      vertex 1.152010e+00 1.970802e+00 -6.464467e-01
    endloop
  endfacet
  facet normal 9.220116e-02 -8.373576e-01 -5.388239e-01
    outer loop
      vertex 1.152010e+00 1.970802e+00 -6.464467e-01
      vertex 7.553451e-01 1.908911e+00 -6.181414e-01
      vertex 6.977328e-01 2.005244e+00 -7.777062e-01
    endloop
  endfacet
  facet normal 9.776674e-02 -8.260120e-01 -5.551088e-01
    outer loop
      vertex 1.152010e+00 1.970802e+00 -6.464467e-01
      vertex 6.977328e-01 2.005244e+00 -7.777062e-01
      vertex 1.144561e+00 2.078932e+00 -8.086584e-01
    endloop
  endfacet
  facet normal 1.483762e-01 -9.732975e-01 -1.751468e-01
    outer loop
      vertex 1.144561e+00 2.078932e+00 -8.086584e-01
      vertex 6.977328e-01 2.005244e+00 -7.777062e-01
      vertex 6.542403e-01 2.032485e+00 -9.659258e-01
    endloop
  endfacet
  facet normal 1.541191e-01 -9.687398e-01 -1.943979e-01
    outer loop
      vertex 1.144561e+00 2.078932e+00 -8.086584e-01
      vertex 6.542403e-01 2.032485e+00 -9.659258e-01
      vertex 1.141833e+00 2.116894e+00 -1.000000e+00
    endloop
  endfacet
  facet normal 1.810903e-01 -9.601740e-01 2.127727e-01
    outer loop
      vertex 1.141833e+00 2.116894e+00 -1.000000e+00
      vertex 6.542403e-01 2.032485e+00 -9.659258e-01
      vertex 6.314891e-01 1.986485e+00 -1.154145e+00
    endloop
  endfacet
  facet normal 1.876215e-01 -9.629873e-01 1.935293e-01
    outer loop
      vertex 1.141833e+00 2.116894e+00 -1.000000e+00
      vertex 6.314891e-01 1.986485e+00 -1.154145e+00
      vertex 1.144241e+00 2.078910e+00 -1.191342e+00
    endloop
  endfacet
  facet normal 1.858138e-01 -8.028837e-01 5.664372e-01
    outer loop
      vertex 1.144241e+00 2.078910e+00 -1.191342e+00
      vertex 6.314891e-01 1.986485e+00 -1.154145e+00
      vertex 6.329427e-01 1.874247e+00 -1.313710e+00
    endloop
  endfacet
  facet normal 1.934936e-01 -8.123352e-01 5.501561e-01
    outer loop
      vertex 1.144241e+00 2.078910e+00 -1.191342e+00
      vertex 6.329427e-01 1.874247e+00 -1.313710e+00
      vertex 1.151419e+00 1.970762e+00 -1.353553e+00
    endloop
  endfacet
  facet normal 1.620754e-01 -5.260117e-01 8.348912e-01
    outer loop
      vertex 1.151419e+00 1.970762e+00 -1.353553e+00
      vertex 6.329427e-01 1.874247e+00 -1.313710e+00
      vertex 6.583799e-01 1.712860e+00 -1.420328e+00
    endloop
  endfacet
  facet normal 1.710300e-01 -5.402888e-01 8.239155e-01
    outer loop
      vertex 1.151419e+00 1.970762e+00 -1.353553e+00
      vertex 6.583799e-01 1.712860e+00 -1.420328e+00
      vertex 1.162273e+00 1.808913e+00 -1.461940e+00
    endloop
  endfacet
  facet normal 1.131380e-01 -1.693899e-01 9.790336e-01
    outer loop
      vertex 1.162273e+00 1.808913e+00 -1.461940e+00
      vertex 6.583799e-01 1.712860e+00 -1.420328e+00
      vertex 7.039281e-01 1.526893e+00 -1.457767e+00
    endloop
  endfacet
  facet normal 1.233291e-01 -1.860156e-01 9.747759e-01
    outer loop
      vertex 1.162273e+00 1.808913e+00 -1.461940e+00
      vertex 7.039281e-01 1.526893e+00 -1.457767e+00
      vertex 1.175152e+00 1.618006e+00 -1.500000e+00
    endloop
  endfacet
  facet normal 4.582204e-02 2.151761e-01 9.754996e-01
    outer loop
      vertex 1.175152e+00 1.618006e+00 -1.500000e+00
      vertex 7.039281e-01 1.526893e+00 -1.457767e+00
      vertex 7.626529e-01 1.344657e+00 -1.420328e+00
    endloop
  endfacet
  facet normal 5.714047e-02 1.989260e-01 9.783473e-01
    outer loop
      vertex 1.175152e+00 1.618006e+00 -1.500000e+00
      vertex 7.626529e-01 1.344657e+00 -1.420328e+00
      vertex 1.188095e+00 1.427102e+00 -1.461940e+00
    endloop
  endfacet
  facet normal -2.983690e-02 5.688075e-01 8.219293e-01
    outer loop
      vertex 1.188095e+00 1.427102e+00 -1.461940e+00
      vertex 7.626529e-01 1.344657e+00 -1.420328e+00
      vertex 8.256141e-01 1.193896e+00 -1.313710e+00
    endloop
  endfacet
  facet normal -1.747857e-02 5.555530e-01 8.312974e-01
    outer loop
      vertex 1.188095e+00 1.427102e+00 -1.461940e+00
      vertex 8.256141e-01 1.193896e+00 -1.313710e+00
      vertex 1.199131e+00 1.265266e+00 -1.353553e+00
    endloop
  endfacet
  facet normal -1.018445e-01 8.349349e-01 5.408432e-01
    outer loop
      vertex 1.199131e+00 1.265266e+00 -1.353553e+00
      vertex 8.256141e-01 1.193896e+00 -1.313710e+00
      vertex 8.832264e-01 1.097563e+00 -1.154145e+00
    endloop
  endfacet
  facet normal -8.847357e-02 8.269333e-01 5.552962e-01
    outer loop
      vertex 1.199131e+00 1.265266e+00 -1.353553e+00
      vertex 8.832264e-01 1.097563e+00 -1.154145e+00
      vertex 1.206580e+00 1.157136e+00 -1.191342e+00
    endloop
  endfacet
  facet normal -1.585656e-01 9.713146e-01 1.772143e-01
    outer loop
      vertex 1.206580e+00 1.157136e+00 -1.191342e+00
      vertex 8.832264e-01 1.097563e+00 -1.154145e+00
      vertex 9.267189e-01 1.070323e+00 -9.659258e-01
    endloop
  endfacet
  facet normal -1.442629e-01 9.702256e-01 1.945521e-01
    outer loop
      vertex 1.206580e+00 1.157136e+00 -1.191342e+00
      vertex 9.267189e-01 1.070323e+00 -9.659258e-01
      vertex 1.209308e+00 1.119174e+00 -1.000000e+00
    endloop
  endfacet
  facet normal -4.229388e-01 8.811158e-01 -2.115599e-01
    outer loop
      vertex 9.267189e-01 1.070323e+00 -9.659258e-01
      vertex 6.822626e-01 9.769693e-01 -8.660254e-01
      vertex 7.297245e-01 1.042385e+00 -6.884630e-01
    endloop
  endfacet
  facet normal -3.775445e-01 9.090105e-01 -1.765220e-01
    outer loop
      vertex 9.267189e-01 1.070323e+00 -9.659258e-01
      vertex 7.297245e-01 1.042385e+00 -6.884630e-01
      vertex 9.494701e-01 1.116323e+00 -7.777062e-01
    endloop
  endfacet
  facet normal -4.585276e-01 6.963829e-01 -5.520899e-01
    outer loop
      vertex 9.494701e-01 1.116323e+00 -7.777062e-01
      vertex 7.297245e-01 1.042385e+00 -6.884630e-01
      vertex 7.366601e-01 1.166291e+00 -5.379328e-01
    endloop
  endfacet
  facet normal -4.177443e-01 7.413427e-01 -5.252625e-01
    outer loop
      vertex 9.494701e-01 1.116323e+00 -7.777062e-01
      vertex 7.366601e-01 1.166291e+00 -5.379328e-01
      vertex 9.480165e-01 1.228560e+00 -6.181414e-01
    endloop
  endfacet
  facet normal -4.264177e-01 4.066068e-01 -8.079845e-01
    outer loop
      vertex 9.480165e-01 1.228560e+00 -6.181414e-01
      vertex 7.366601e-01 1.166291e+00 -5.379328e-01
      vertex 7.020134e-01 1.329825e+00 -4.373518e-01
    endloop
  endfacet
  facet normal -3.933047e-01 4.628288e-01 -7.944186e-01
    outer loop
      vertex 9.480165e-01 1.228560e+00 -6.181414e-01
      vertex 7.020134e-01 1.329825e+00 -4.373518e-01
      vertex 9.225793e-01 1.389947e+00 -5.115235e-01
    endloop
  endfacet
  facet normal -3.316069e-01 5.461591e-02 -9.418354e-01
    outer loop
      vertex 9.225793e-01 1.389947e+00 -5.115235e-01
      vertex 7.020134e-01 1.329825e+00 -4.373518e-01
      vertex 6.310591e-01 1.508090e+00 -4.020324e-01
    endloop
  endfacet
  facet normal -3.082412e-01 1.146270e-01 -9.443770e-01
    outer loop
      vertex 9.225793e-01 1.389947e+00 -5.115235e-01
      vertex 6.310591e-01 1.508090e+00 -4.020324e-01
      vertex 8.770312e-01 1.575914e+00 -4.740843e-01
    endloop
  endfacet
  facet normal -1.882269e-01 -3.080606e-01 -9.325606e-01
    outer loop
      vertex 8.770312e-01 1.575914e+00 -4.740843e-01
      vertex 6.310591e-01 1.508090e+00 -4.020324e-01
      vertex 5.345993e-01 1.673946e+00 -4.373518e-01
    endloop
  endfacet
  facet normal -1.741804e-01 -2.517112e-01 -9.519993e-01
    outer loop
      vertex 8.770312e-01 1.575914e+00 -4.740843e-01
      vertex 5.345993e-01 1.673946e+00 -4.373518e-01
      vertex 8.183063e-01 1.758150e+00 -5.115235e-01
    endloop
  endfacet
  facet normal -1.783808e-02 -6.263673e-01 -7.793240e-01
    outer loop
      vertex 8.183063e-01 1.758150e+00 -5.115235e-01
      vertex 5.345993e-01 1.673946e+00 -4.373518e-01
      vertex 4.273192e-01 1.802144e+00 -5.379328e-01
    endloop
  endfacet
  facet normal -1.027809e-02 -5.802281e-01 -8.143892e-01
    outer loop
      vertex 8.183063e-01 1.758150e+00 -5.115235e-01
      vertex 4.273192e-01 1.802144e+00 -5.379328e-01
      vertex 7.553451e-01 1.908911e+00 -6.181414e-01
    endloop
  endfacet
  facet normal 1.532123e-01 -8.497154e-01 -5.044896e-01
    outer loop
      vertex 7.553451e-01 1.908911e+00 -6.181414e-01
      vertex 4.273192e-01 1.802144e+00 -5.379328e-01
      vertex 3.255511e-01 1.873166e+00 -6.884630e-01
    endloop
  endfacet
  facet normal 1.583600e-01 -8.189425e-01 -5.515935e-01
    outer loop
      vertex 7.553451e-01 1.908911e+00 -6.181414e-01
      vertex 3.255511e-01 1.873166e+00 -6.884630e-01
      vertex 6.977328e-01 2.005244e+00 -7.777062e-01
    endloop
  endfacet
  facet normal 2.980706e-01 -9.424156e-01 -1.516800e-01
    outer loop
      vertex 6.977328e-01 2.005244e+00 -7.777062e-01
      vertex 3.255511e-01 1.873166e+00 -6.884630e-01
      vertex 2.447884e-01 1.876200e+00 -8.660254e-01
    endloop
  endfacet
  facet normal 3.049510e-01 -9.300287e-01 -2.050649e-01
    outer loop
      vertex 6.977328e-01 2.005244e+00 -7.777062e-01
      vertex 2.447884e-01 1.876200e+00 -8.660254e-01
      vertex 6.542403e-01 2.032485e+00 -9.659258e-01
    endloop
  endfacet
  facet normal 3.946247e-01 -8.913925e-01 2.229143e-01
    outer loop
      vertex 6.542403e-01 2.032485e+00 -9.659258e-01
      vertex 2.447884e-01 1.876200e+00 -8.660254e-01
      vertex 1.973265e-01 1.810785e+00 -1.043588e+00
    endloop
  endfacet
  facet normal 4.065970e-01 -8.976094e-01 1.702238e-01
    outer loop
      vertex 6.542403e-01 2.032485e+00 -9.659258e-01
      vertex 1.973265e-01 1.810785e+00 -1.043588e+00
      vertex 6.314891e-01 1.986485e+00 -1.154145e+00
    endloop
  endfacet
  facet normal 4.292339e-01 -7.069419e-01 5.621311e-01
    outer loop
      vertex 6.314891e-01 1.986485e+00 -1.154145e+00
      vertex 1.973265e-01 1.810785e+00 -1.043588e+00
      vertex 1.903909e-01 1.686878e+00 -1.194118e+00
    endloop
  endfacet
  facet normal 4.484144e-01 -7.291552e-01 5.169692e-01
    outer loop
      vertex 6.314891e-01 1.986485e+00 -1.154145e+00
      vertex 1.903909e-01 1.686878e+00 -1.194118e+00
      vertex 6.329427e-01 1.874247e+00 -1.313710e+00
    endloop
  endfacet
  facet normal 3.977101e-01 -4.180672e-01 8.167291e-01
    outer loop
      vertex 6.329427e-01 1.874247e+00 -1.313710e+00
      vertex 1.903909e-01 1.686878e+00 -1.194118e+00
      vertex 2.250376e-01 1.523345e+00 -1.294699e+00
    endloop
  endfacet
  facet normal 4.248950e-01 -4.514053e-01 7.846639e-01
    outer loop
      vertex 6.329427e-01 1.874247e+00 -1.313710e+00
      vertex 2.250376e-01 1.523345e+00 -1.294699e+00
      vertex 6.583799e-01 1.712860e+00 -1.420328e+00
    endloop
  endfacet
  facet normal 3.047180e-01 -6.695324e-02 9.500864e-01
    outer loop
      vertex 6.583799e-01 1.712860e+00 -1.420328e+00
      vertex 2.250376e-01 1.523345e+00 -1.294699e+00
      vertex 2.959919e-01 1.345080e+00 -1.330018e+00
    endloop
  endfacet
  facet normal 3.395218e-01 -1.050208e-01 9.347168e-01
    outer loop
      vertex 6.583799e-01 1.712860e+00 -1.420328e+00
      vertex 2.959919e-01 1.345080e+00 -1.330018e+00
      vertex 7.039281e-01 1.526893e+00 -1.457767e+00
    endloop
  endfacet
  facet normal 1.631577e-01 2.953532e-01 9.413533e-01
    outer loop
      vertex 7.039281e-01 1.526893e+00 -1.457767e+00
      vertex 2.959919e-01 1.345080e+00 -1.330018e+00
      vertex 3.924517e-01 1.179224e+00 -1.294699e+00
    endloop
  endfacet
  facet normal 2.042338e-01 2.597195e-01 9.438402e-01
    outer loop
      vertex 7.039281e-01 1.526893e+00 -1.457767e+00
      vertex 3.924517e-01 1.179224e+00 -1.294699e+00
      vertex 7.626529e-01 1.344657e+00 -1.420328e+00
    endloop
  endfacet
  facet normal -6.464951e-03 6.139010e-01 7.893565e-01
    outer loop
      vertex 7.626529e-01 1.344657e+00 -1.420328e+00
      vertex 3.924517e-01 1.179224e+00 -1.294699e+00
      vertex 4.997318e-01 1.051026e+00 -1.194118e+00
    endloop
  endfacet
  facet normal 3.889067e-02 5.877400e-01 8.081146e-01
    outer loop
      vertex 7.626529e-01 1.344657e+00 -1.420328e+00
      vertex 4.997318e-01 1.051026e+00 -1.194118e+00
      vertex 8.256141e-01 1.193896e+00 -1.313710e+00
    endloop
  endfacet
  facet normal -1.781028e-01 8.379983e-01 5.157889e-01
    outer loop
      vertex 8.256141e-01 1.193896e+00 -1.313710e+00
      vertex 4.997318e-01 1.051026e+00 -1.194118e+00
      vertex 6.014999e-01 9.800037e-01 -1.043588e+00
    endloop
  endfacet
  facet normal -1.306735e-01 8.271621e-01 5.465595e-01
    outer loop
      vertex 8.256141e-01 1.193896e+00 -1.313710e+00
      vertex 6.014999e-01 9.800037e-01 -1.043588e+00
      vertex 8.832264e-01 1.097563e+00 -1.154145e+00
    endloop
  endfacet
  facet normal -3.245657e-01 9.316167e-01 1.635465e-01
    outer loop
      vertex 8.832264e-01 1.097563e+00 -1.154145e+00
      vertex 6.014999e-01 9.800037e-01 -1.043588e+00
      vertex 6.822626e-01 9.769693e-01 -8.660254e-01
    endloop
  endfacet
  facet normal -2.771313e-01 9.397762e-01 2.000472e-01
    outer loop
      vertex 8.832264e-01 1.097563e+00 -1.154145e+00
      vertex 6.822626e-01 9.769693e-01 -8.660254e-01
      vertex 9.267189e-01 1.070323e+00 -9.659258e-01
    endloop
  endfacet
  facet normal -5.950169e-01 7.809989e-01 -1.897251e-01
    outer loop
      vertex 6.822626e-01 9.769693e-01 -8.660254e-01
      vertex 4.773340e-01 8.594465e-01 -7.071068e-01
      vertex 5.458068e-01 9.501365e-01 -5.485286e-01
    endloop
  endfacet
  facet normal -5.377122e-01 8.275828e-01 -1.611593e-01
    outer loop
      vertex 6.822626e-01 9.769693e-01 -8.660254e-01
      vertex 5.458068e-01 9.501365e-01 -5.485286e-01
      vertex 7.297245e-01 1.042385e+00 -6.884630e-01
    endloop
  endfacet
  facet normal -6.614881e-01 5.569226e-01 -5.022656e-01
    outer loop
      vertex 7.297245e-01 1.042385e+00 -6.884630e-01
      vertex 5.458068e-01 9.501365e-01 -5.485286e-01
      vertex 5.619766e-01 1.090585e+00 -4.140925e-01
    endloop
  endfacet
  facet normal -6.137273e-01 6.232130e-01 -4.847106e-01
    outer loop
      vertex 7.297245e-01 1.042385e+00 -6.884630e-01
      vertex 5.619766e-01 1.090585e+00 -4.140925e-01
      vertex 7.366601e-01 1.166291e+00 -5.379328e-01
    endloop
  endfacet
  facet normal -6.294995e-01 2.479065e-01 -7.363917e-01
    outer loop
      vertex 7.366601e-01 1.166291e+00 -5.379328e-01
      vertex 5.619766e-01 1.090585e+00 -4.140925e-01
      vertex 5.233818e-01 1.259409e+00 -3.242651e-01
    endloop
  endfacet
  facet normal -5.940920e-01 3.263343e-01 -7.352282e-01
    outer loop
      vertex 7.366601e-01 1.166291e+00 -5.379328e-01
      vertex 5.233818e-01 1.259409e+00 -3.242651e-01
      vertex 7.020134e-01 1.329825e+00 -4.373518e-01
    endloop
  endfacet
  facet normal -5.040126e-01 -9.930013e-02 -8.579690e-01
    outer loop
      vertex 7.020134e-01 1.329825e+00 -4.373518e-01
      vertex 5.233818e-01 1.259409e+00 -3.242651e-01
      vertex 4.358981e-01 1.430908e+00 -2.927219e-01
    endloop
  endfacet
  facet normal -4.829274e-01 -1.876489e-02 -8.754593e-01
    outer loop
      vertex 7.020134e-01 1.329825e+00 -4.373518e-01
      vertex 4.358981e-01 1.430908e+00 -2.927219e-01
      vertex 6.310591e-01 1.508090e+00 -4.020324e-01
    endloop
  endfacet
  facet normal -3.038737e-01 -4.333024e-01 -8.484750e-01
    outer loop
      vertex 6.310591e-01 1.508090e+00 -4.020324e-01
      vertex 4.358981e-01 1.430908e+00 -2.927219e-01
      vertex 3.128440e-01 1.578972e+00 -3.242651e-01
    endloop
  endfacet
  facet normal -2.964631e-01 -3.607317e-01 -8.842976e-01
    outer loop
      vertex 6.310591e-01 1.508090e+00 -4.020324e-01
      vertex 3.128440e-01 1.578972e+00 -3.242651e-01
      vertex 5.345993e-01 1.673946e+00 -4.373518e-01
    endloop
  endfacet
  facet normal -5.936401e-02 -7.040354e-01 -7.076793e-01
    outer loop
      vertex 5.345993e-01 1.673946e+00 -4.373518e-01
      vertex 3.128440e-01 1.578972e+00 -3.242651e-01
      vertex 1.729534e-01 1.681060e+00 -4.140925e-01
    endloop
  endfacet
  facet normal -6.158974e-02 -6.474902e-01 -7.595809e-01
    outer loop
      vertex 5.345993e-01 1.673946e+00 -4.373518e-01
      vertex 1.729534e-01 1.681060e+00 -4.140925e-01
      vertex 4.273192e-01 1.802144e+00 -5.379328e-01
    endloop
  endfacet
  facet normal 1.919271e-01 -8.692192e-01 -4.556555e-01
    outer loop
      vertex 4.273192e-01 1.802144e+00 -5.379328e-01
      vertex 1.729534e-01 1.681060e+00 -4.140925e-01
      vertex 3.752348e-02 1.721629e+00 -5.485286e-01
    endloop
  endfacet
  facet normal 1.863711e-01 -8.339247e-01 -5.194568e-01
    outer loop
      vertex 4.273192e-01 1.802144e+00 -5.379328e-01
      vertex 3.752348e-02 1.721629e+00 -5.485286e-01
      vertex 3.255511e-01 1.873166e+00 -6.884630e-01
    endloop
  endfacet
  facet normal 4.107672e-01 -9.022041e-01 -1.315219e-01
    outer loop
      vertex 3.255511e-01 1.873166e+00 -6.884630e-01
      vertex 3.752348e-02 1.721629e+00 -5.485286e-01
      vertex -7.282788e-02 1.694505e+00 -7.071068e-01
    endloop
  endfacet
  facet normal 4.086645e-01 -8.902559e-01 -2.010913e-01
    outer loop
      vertex 3.255511e-01 1.873166e+00 -6.884630e-01
      vertex -7.282788e-02 1.694505e+00 -7.071068e-01
      vertex 2.447884e-01 1.876200e+00 -8.660254e-01
    endloop
  endfacet
  facet normal 5.633386e-01 -7.982297e-01 2.132577e-01
    outer loop
      vertex 2.447884e-01 1.876200e+00 -8.660254e-01
      vertex -7.282788e-02 1.694505e+00 -7.071068e-01
      vertex -1.413007e-01 1.603815e+00 -8.656850e-01
    endloop
  endfacet
  facet normal 5.704390e-01 -8.083790e-01 1.453367e-01
    outer loop
      vertex 2.447884e-01 1.876200e+00 -8.660254e-01
      vertex -1.413007e-01 1.603815e+00 -8.656850e-01
      vertex 1.973265e-01 1.810785e+00 -1.043588e+00
    endloop
  endfacet
  facet normal 6.273490e-01 -5.749612e-01 5.252170e-01
    outer loop
      vertex 1.973265e-01 1.810785e+00 -1.043588e+00
      vertex -1.413007e-01 1.603815e+00 -8.656850e-01
      vertex -1.574705e-01 1.463366e+00 -1.000121e+00
    endloop
  endfacet
  facet normal 6.474042e-01 -6.028060e-01 4.663612e-01
    outer loop
      vertex 1.973265e-01 1.810785e+00 -1.043588e+00
      vertex -1.574705e-01 1.463366e+00 -1.000121e+00
      vertex 1.903909e-01 1.686878e+00 -1.194118e+00
    endloop
  endfacet
  facet normal 5.946731e-01 -2.674586e-01 7.581753e-01
    outer loop
      vertex 1.903909e-01 1.686878e+00 -1.194118e+00
      vertex -1.574705e-01 1.463366e+00 -1.000121e+00
      vertex -1.188757e-01 1.294542e+00 -1.089948e+00
    endloop
  endfacet
  facet normal 6.290795e-01 -3.061753e-01 7.145038e-01
    outer loop
      vertex 1.903909e-01 1.686878e+00 -1.194118e+00
      vertex -1.188757e-01 1.294542e+00 -1.089948e+00
      vertex 2.250376e-01 1.523345e+00 -1.294699e+00
    endloop
  endfacet
  facet normal 4.708624e-01 7.857670e-02 8.787004e-01
    outer loop
      vertex 2.250376e-01 1.523345e+00 -1.294699e+00
      vertex -1.188757e-01 1.294542e+00 -1.089948e+00
      vertex -3.139194e-02 1.123043e+00 -1.121492e+00
    endloop
  endfacet
  facet normal 5.187566e-01 3.725592e-02 8.541098e-01
    outer loop
      vertex 2.250376e-01 1.523345e+00 -1.294699e+00
      vertex -3.139194e-02 1.123043e+00 -1.121492e+00
      vertex 2.959919e-01 1.345080e+00 -1.330018e+00
    endloop
  endfacet
  facet normal 2.736459e-01 4.125260e-01 8.688730e-01
    outer loop
      vertex 2.959919e-01 1.345080e+00 -1.330018e+00
      vertex -3.139194e-02 1.123043e+00 -1.121492e+00
      vertex 9.166214e-02 9.749790e-01 -1.089948e+00
    endloop
  endfacet
  facet normal 3.322329e-01 3.773067e-01 8.644426e-01
    outer loop
      vertex 2.959919e-01 1.345080e+00 -1.330018e+00
      vertex 9.166214e-02 9.749790e-01 -1.089948e+00
      vertex 3.924517e-01 1.179224e+00 -1.294699e+00
    endloop
  endfacet
  facet normal 3.141473e-02 6.841782e-01 7.286380e-01
    outer loop
      vertex 3.924517e-01 1.179224e+00 -1.294699e+00
      vertex 9.166214e-02 9.749790e-01 -1.089948e+00
      vertex 2.315527e-01 8.728912e-01 -1.000121e+00
    endloop
  endfacet
  facet normal 9.648517e-02 6.631135e-01 7.422743e-01
    outer loop
      vertex 3.924517e-01 1.179224e+00 -1.294699e+00
      vertex 2.315527e-01 8.728912e-01 -1.000121e+00
      vertex 4.997318e-01 1.051026e+00 -1.194118e+00
    endloop
  endfacet
  facet normal -2.194296e-01 8.506464e-01 4.777566e-01
    outer loop
      vertex 4.997318e-01 1.051026e+00 -1.194118e+00
      vertex 2.315527e-01 8.728912e-01 -1.000121e+00
      vertex 3.669826e-01 8.323216e-01 -8.656850e-01
    endloop
  endfacet
  facet normal -1.527085e-01 8.499442e-01 5.042569e-01
    outer loop
      vertex 4.997318e-01 1.051026e+00 -1.194118e+00
      vertex 3.669826e-01 8.323216e-01 -8.656850e-01
      vertex 6.014999e-01 9.800037e-01 -1.043588e+00
    endloop
  endfacet
  facet normal -4.397636e-01 8.846905e-01 1.546956e-01
    outer loop
      vertex 6.014999e-01 9.800037e-01 -1.043588e+00
      vertex 3.669826e-01 8.323216e-01 -8.656850e-01
      vertex 4.773340e-01 8.594465e-01 -7.071068e-01
    endloop
  endfacet
  facet normal -3.759199e-01 9.076913e-01 1.864957e-01
    outer loop
      vertex 6.014999e-01 9.800037e-01 -1.043588e+00
      vertex 4.773340e-01 8.594465e-01 -7.071068e-01
      vertex 6.822626e-01 9.769693e-01 -8.660254e-01
    endloop
  endfacet
  facet normal -6.809112e-01 7.164628e-01 -1.517926e-01
    outer loop
      vertex 4.773340e-01 8.594465e-01 -7.071068e-01
      vertex 2.960771e-01 7.310623e-01 -5.000000e-01
      vertex 3.840433e-01 8.429350e-01 -3.665583e-01
    endloop
  endfacet
  facet normal -6.534457e-01 7.433503e-01 -1.429650e-01
    outer loop
      vertex 4.773340e-01 8.594465e-01 -7.071068e-01
      vertex 3.840433e-01 8.429350e-01 -3.665583e-01
      vertex 5.458068e-01 9.501365e-01 -5.485286e-01
    endloop
  endfacet
  facet normal -7.813863e-01 4.560962e-01 -4.259245e-01
    outer loop
      vertex 5.458068e-01 9.501365e-01 -5.485286e-01
      vertex 3.840433e-01 8.429350e-01 -3.665583e-01
      vertex 4.135424e-01 9.991158e-01 -2.534319e-01
    endloop
  endfacet
  facet normal -7.609038e-01 4.922520e-01 -4.227451e-01
    outer loop
      vertex 5.458068e-01 9.501365e-01 -5.485286e-01
      vertex 4.135424e-01 9.991158e-01 -2.534319e-01
      vertex 5.619766e-01 1.090585e+00 -4.140925e-01
    endloop
  endfacet
  facet normal -7.634419e-01 1.263818e-01 -6.333910e-01
    outer loop
      vertex 5.619766e-01 1.090585e+00 -4.140925e-01
      vertex 4.135424e-01 9.991158e-01 -2.534319e-01
      vertex 3.800834e-01 1.175828e+00 -1.778433e-01
    endloop
  endfacet
  facet normal -7.507962e-01 1.682258e-01 -6.387528e-01
    outer loop
      vertex 5.619766e-01 1.090585e+00 -4.140925e-01
      vertex 3.800834e-01 1.175828e+00 -1.778433e-01
      vertex 5.233818e-01 1.259409e+00 -3.242651e-01
    endloop
  endfacet
  facet normal -6.304479e-01 -2.220984e-01 -7.437794e-01
    outer loop
      vertex 5.233818e-01 1.259409e+00 -3.242651e-01
      vertex 3.800834e-01 1.175828e+00 -1.778433e-01
      vertex 2.887601e-01 1.346168e+00 -1.513001e-01
    endloop
  endfacet
  facet normal -6.259199e-01 -1.797079e-01 -7.589001e-01
    outer loop
      vertex 5.233818e-01 1.259409e+00 -3.242651e-01
      vertex 2.887601e-01 1.346168e+00 -1.513001e-01
      vertex 4.358981e-01 1.430908e+00 -2.927219e-01
    endloop
  endfacet
  facet normal -4.028015e-01 -5.372639e-01 -7.410118e-01
    outer loop
      vertex 4.358981e-01 1.430908e+00 -2.927219e-01
      vertex 2.887601e-01 1.346168e+00 -1.513001e-01
      vertex 1.534758e-01 1.484203e+00 -1.778433e-01
    endloop
  endfacet
  facet normal -4.055924e-01 -5.000822e-01 -7.651226e-01
    outer loop
      vertex 4.358981e-01 1.430908e+00 -2.927219e-01
      vertex 1.534758e-01 1.484203e+00 -1.778433e-01
      vertex 3.128440e-01 1.578972e+00 -3.242651e-01
    endloop
  endfacet
  facet normal -1.147439e-01 -7.723339e-01 -6.247673e-01
    outer loop
      vertex 3.128440e-01 1.578972e+00 -3.242651e-01
      vertex 1.534758e-01 1.484203e+00 -1.778433e-01
      vertex -5.173861e-03 1.568920e+00 -2.534319e-01
    endloop
  endfacet
  facet normal -1.225215e-01 -7.449286e-01 -6.557971e-01
    outer loop
      vertex 3.128440e-01 1.578972e+00 -3.242651e-01
      vertex -5.173861e-03 1.568920e+00 -2.534319e-01
      vertex 1.729534e-01 1.681060e+00 -4.140925e-01
    endloop
  endfacet
  facet normal 1.902573e-01 -8.914348e-01 -4.112738e-01
    outer loop
      vertex 1.729534e-01 1.681060e+00 -4.140925e-01
      vertex -5.173861e-03 1.568920e+00 -2.534319e-01
      vertex -1.630358e-01 1.587420e+00 -3.665583e-01
    endloop
  endfacet
  facet normal 1.809866e-01 -8.761703e-01 -4.467319e-01
    outer loop
      vertex 1.729534e-01 1.681060e+00 -4.140925e-01
      vertex -1.630358e-01 1.587420e+00 -3.665583e-01
      vertex 3.752348e-02 1.721629e+00 -5.485286e-01
    endloop
  endfacet
  facet normal 4.653567e-01 -8.751416e-01 -1.325534e-01
    outer loop
      vertex 3.752348e-02 1.721629e+00 -5.485286e-01
      vertex -1.630358e-01 1.587420e+00 -3.665583e-01
      vertex -2.960771e-01 1.536887e+00 -5.000000e-01
    endloop
  endfacet
  facet normal 4.584092e-01 -8.723741e-01 -1.697774e-01
    outer loop
      vertex 3.752348e-02 1.721629e+00 -5.485286e-01
      vertex -2.960771e-01 1.536887e+00 -5.000000e-01
      vertex -7.282788e-02 1.694505e+00 -7.071068e-01
    endloop
  endfacet
  facet normal 6.677300e-01 -7.252361e-01 1.678371e-01
    outer loop
      vertex -7.282788e-02 1.694505e+00 -7.071068e-01
      vertex -2.960771e-01 1.536887e+00 -5.000000e-01
      vertex -3.840433e-01 1.425014e+00 -6.334417e-01
    endloop
  endfacet
  facet normal 6.665463e-01 -7.337197e-01 1.318006e-01
    outer loop
      vertex -7.282788e-02 1.694505e+00 -7.071068e-01
      vertex -3.840433e-01 1.425014e+00 -6.334417e-01
      vertex -1.413007e-01 1.603815e+00 -8.656850e-01
    endloop
  endfacet
  facet normal 7.664017e-01 -4.654319e-01 4.427207e-01
    outer loop
      vertex -1.413007e-01 1.603815e+00 -8.656850e-01
      vertex -3.840433e-01 1.425014e+00 -6.334417e-01
      vertex -4.135424e-01 1.268833e+00 -7.465681e-01
    endloop
  endfacet
  facet normal 7.734930e-01 -4.824705e-01 4.110120e-01
    outer loop
      vertex -1.413007e-01 1.603815e+00 -8.656850e-01
      vertex -4.135424e-01 1.268833e+00 -7.465681e-01
      vertex -1.574705e-01 1.463366e+00 -1.000121e+00
    endloop
  endfacet
  facet normal 7.474633e-01 -1.365610e-01 6.501152e-01
    outer loop
      vertex -1.574705e-01 1.463366e+00 -1.000121e+00
      vertex -4.135424e-01 1.268833e+00 -7.465681e-01
      vertex -3.800834e-01 1.092122e+00 -8.221567e-01
    endloop
  endfacet
  facet normal 7.639505e-01 -1.582092e-01 6.255793e-01
    outer loop
      vertex -1.574705e-01 1.463366e+00 -1.000121e+00
      vertex -3.800834e-01 1.092122e+00 -8.221567e-01
      vertex -1.188757e-01 1.294542e+00 -1.089948e+00
    endloop
  endfacet
  facet normal 6.150201e-01 2.113529e-01 7.596579e-01
    outer loop
      vertex -1.188757e-01 1.294542e+00 -1.089948e+00
      vertex -3.800834e-01 1.092122e+00 -8.221567e-01
      vertex -2.887601e-01 9.217814e-01 -8.486999e-01
    endloop
  endfacet
  facet normal 6.404009e-01 1.897948e-01 7.442208e-01
    outer loop
      vertex -1.188757e-01 1.294542e+00 -1.089948e+00
      vertex -2.887601e-01 9.217814e-01 -8.486999e-01
      vertex -3.139194e-02 1.123043e+00 -1.121492e+00
    endloop
  endfacet
  facet normal 3.891434e-01 5.267103e-01 7.557405e-01
    outer loop
      vertex -3.139194e-02 1.123043e+00 -1.121492e+00
      vertex -2.887601e-01 9.217814e-01 -8.486999e-01
      vertex -1.534758e-01 7.837457e-01 -8.221567e-01
    endloop
  endfacet
  facet normal 4.213854e-01 5.099672e-01 7.499119e-01
    outer loop
      vertex -3.139194e-02 1.123043e+00 -1.121492e+00
      vertex -1.534758e-01 7.837457e-01 -8.221567e-01
      vertex 9.166214e-02 9.749790e-01 -1.089948e+00
    endloop
  endfacet
  facet normal 1.028720e-01 7.625407e-01 6.387089e-01
    outer loop
      vertex 9.166214e-02 9.749790e-01 -1.089948e+00
      vertex -1.534758e-01 7.837457e-01 -8.221567e-01
      vertex 5.173861e-03 6.990293e-01 -7.465681e-01
    endloop
  endfacet
  facet normal 1.388286e-01 7.545732e-01 6.413626e-01
    outer loop
      vertex 9.166214e-02 9.749790e-01 -1.089948e+00
      vertex 5.173861e-03 6.990293e-01 -7.465681e-01
      vertex 2.315527e-01 8.728912e-01 -1.000121e+00
    endloop
  endfacet
  facet normal -2.013534e-01 8.823809e-01 4.252772e-01
    outer loop
      vertex 2.315527e-01 8.728912e-01 -1.000121e+00
      vertex 5.173861e-03 6.990293e-01 -7.465681e-01
      vertex 1.630358e-01 6.805293e-01 -6.334417e-01
    endloop
  endfacet
  facet normal -1.652644e-01 8.857331e-01 4.337793e-01
    outer loop
      vertex 2.315527e-01 8.728912e-01 -1.000121e+00
      vertex 1.630358e-01 6.805293e-01 -6.334417e-01
      vertex 3.669826e-01 8.323216e-01 -8.656850e-01
    endloop
  endfacet
  facet normal -4.769867e-01 8.664559e-01 1.474378e-01
    outer loop
      vertex 3.669826e-01 8.323216e-01 -8.656850e-01
      vertex 1.630358e-01 6.805293e-01 -6.334417e-01
      vertex 2.960771e-01 7.310623e-01 -5.000000e-01
    endloop
  endfacet
  facet normal -4.440163e-01 8.819562e-01 1.581227e-01
    outer loop
      vertex 3.669826e-01 8.323216e-01 -8.656850e-01
      vertex 2.960771e-01 7.310623e-01 -5.000000e-01
      vertex 4.773340e-01 8.594465e-01 -7.071068e-01
    endloop
  endfacet
  facet normal -6.522970e-01 7.502347e-01 -1.079651e-01
    outer loop
      vertex 2.960771e-01 7.310623e-01 -5.000000e-01
      vertex 1.001952e-01 5.954593e-01 -2.588190e-01
      vertex 2.140831e-01 7.101953e-01 -1.496155e-01
    endloop
  endfacet
  facet normal -7.035782e-01 6.998984e-01 -1.229633e-01
    outer loop
      vertex 2.960771e-01 7.310623e-01 -5.000000e-01
      vertex 2.140831e-01 7.101953e-01 -1.496155e-01
      vertex 3.840433e-01 8.429350e-01 -3.665583e-01
    endloop
  endfacet
  facet normal -8.092571e-01 4.779589e-01 -3.415525e-01
    outer loop
      vertex 3.840433e-01 8.429350e-01 -3.665583e-01
      vertex 2.140831e-01 7.101953e-01 -1.496155e-01
      vertex 2.707516e-01 8.723007e-01 -5.703719e-02
    endloop
  endfacet
  facet normal -8.428618e-01 4.108950e-01 -3.474899e-01
    outer loop
      vertex 3.840433e-01 8.429350e-01 -3.665583e-01
      vertex 2.707516e-01 8.723007e-01 -5.703719e-02
      vertex 4.135424e-01 9.991158e-01 -2.534319e-01
    endloop
  endfacet
  facet normal -8.406604e-01 1.339021e-01 -5.247479e-01
    outer loop
      vertex 4.135424e-01 9.991158e-01 -2.534319e-01
      vertex 2.707516e-01 8.723007e-01 -5.703719e-02
      vertex 2.615734e-01 1.057097e+00 4.821650e-03
    endloop
  endfacet
  facet normal -8.545131e-01 5.895542e-02 -5.160732e-01
    outer loop
      vertex 4.135424e-01 9.991158e-01 -2.534319e-01
      vertex 2.615734e-01 1.057097e+00 4.821650e-03
      vertex 3.800834e-01 1.175828e+00 -1.778433e-01
    endloop
  endfacet
  facet normal -7.422391e-01 -2.284005e-01 -6.300114e-01
    outer loop
      vertex 3.800834e-01 1.175828e+00 -1.778433e-01
      vertex 2.615734e-01 1.057097e+00 4.821650e-03
      vertex 1.879458e-01 1.236449e+00 2.654359e-02
    endloop
  endfacet
  facet normal -7.377139e-01 -3.013693e-01 -6.041148e-01
    outer loop
      vertex 3.800834e-01 1.175828e+00 -1.778433e-01
      vertex 1.879458e-01 1.236449e+00 2.654359e-02
      vertex 2.887601e-01 1.346168e+00 -1.513001e-01
    endloop
  endfacet
  facet normal -5.300367e-01 -5.538235e-01 -6.421375e-01
    outer loop
      vertex 2.887601e-01 1.346168e+00 -1.513001e-01
      vertex 1.879458e-01 1.236449e+00 2.654359e-02
      vertex 6.107790e-02 1.383054e+00 4.821650e-03
    endloop
  endfacet
  facet normal -5.109191e-01 -6.160266e-01 -5.995606e-01
    outer loop
      vertex 2.887601e-01 1.346168e+00 -1.513001e-01
      vertex 6.107790e-02 1.383054e+00 4.821650e-03
      vertex 1.534758e-01 1.484203e+00 -1.778433e-01
    endloop
  endfacet
  facet normal -2.368486e-01 -7.942040e-01 -5.595915e-01
    outer loop
      vertex 1.534758e-01 1.484203e+00 -1.778433e-01
      vertex 6.107790e-02 1.383054e+00 4.821650e-03
      vertex -9.971578e-02 1.474591e+00 -5.703719e-02
    endloop
  endfacet
  facet normal -2.081981e-01 -8.387806e-01 -5.030912e-01
    outer loop
      vertex 1.534758e-01 1.484203e+00 -1.778433e-01
      vertex -9.971578e-02 1.474591e+00 -5.703719e-02
      vertex -5.173861e-03 1.568920e+00 -2.534319e-01
    endloop
  endfacet
  facet normal 9.334419e-02 -9.142751e-01 -3.941927e-01
    outer loop
      vertex -5.173861e-03 1.568920e+00 -2.534319e-01
      vertex -9.971578e-02 1.474591e+00 -5.703719e-02
      vertex -2.699559e-01 1.497126e+00 -1.496155e-01
    endloop
  endfacet
  facet normal 1.252945e-01 -9.363438e-01 -3.279657e-01
    outer loop
      vertex -5.173861e-03 1.568920e+00 -2.534319e-01
      vertex -2.699559e-01 1.497126e+00 -1.496155e-01
      vertex -1.630358e-01 1.587420e+00 -3.665583e-01
    endloop
  endfacet
  facet normal 4.113226e-01 -8.954971e-01 -1.699962e-01
    outer loop
      vertex -1.630358e-01 1.587420e+00 -3.665583e-01
      vertex -2.699559e-01 1.497126e+00 -1.496155e-01
      vertex -4.237248e-01 1.447227e+00 -2.588190e-01
    endloop
  endfacet
  facet normal 4.390432e-01 -8.929302e-01 -9.958256e-02
    outer loop
      vertex -1.630358e-01 1.587420e+00 -3.665583e-01
      vertex -4.237248e-01 1.447227e+00 -2.588190e-01
      vertex -2.960771e-01 1.536887e+00 -5.000000e-01
    endloop
  endfacet
  facet normal 6.688047e-01 -7.392110e-01 7.916716e-02
    outer loop
      vertex -2.960771e-01 1.536887e+00 -5.000000e-01
      vertex -4.237248e-01 1.447227e+00 -2.588190e-01
      vertex -5.376128e-01 1.332491e+00 -3.680226e-01
    endloop
  endfacet
  facet normal 6.845845e-01 -7.139098e-01 1.472308e-01
    outer loop
      vertex -2.960771e-01 1.536887e+00 -5.000000e-01
      vertex -5.376128e-01 1.332491e+00 -3.680226e-01
      vertex -3.840433e-01 1.425014e+00 -6.334417e-01
    endloop
  endfacet
  facet normal 8.257134e-01 -4.682707e-01 3.145153e-01
    outer loop
      vertex -3.840433e-01 1.425014e+00 -6.334417e-01
      vertex -5.376128e-01 1.332491e+00 -3.680226e-01
      vertex -5.942813e-01 1.170385e+00 -4.606009e-01
    endloop
  endfacet
  facet normal 8.236999e-01 -4.263500e-01 3.738236e-01
    outer loop
      vertex -3.840433e-01 1.425014e+00 -6.334417e-01
      vertex -5.942813e-01 1.170385e+00 -4.606009e-01
      vertex -4.135424e-01 1.268833e+00 -7.465681e-01
    endloop
  endfacet
  facet normal 8.575381e-01 -1.244885e-01 4.991302e-01
    outer loop
      vertex -4.135424e-01 1.268833e+00 -7.465681e-01
      vertex -5.942813e-01 1.170385e+00 -4.606009e-01
      vertex -5.851031e-01 9.855895e-01 -5.224597e-01
    endloop
  endfacet
  facet normal 8.352403e-01 -7.487683e-02 5.447634e-01
    outer loop
      vertex -4.135424e-01 1.268833e+00 -7.465681e-01
      vertex -5.851031e-01 9.855895e-01 -5.224597e-01
      vertex -3.800834e-01 1.092122e+00 -8.221567e-01
    endloop
  endfacet
  facet normal 7.598656e-01 2.387059e-01 6.046683e-01
    outer loop
      vertex -3.800834e-01 1.092122e+00 -8.221567e-01
      vertex -5.851031e-01 9.855895e-01 -5.224597e-01
      vertex -5.114755e-01 8.062369e-01 -5.441817e-01
    endloop
  endfacet
  facet normal 7.183523e-01 2.863286e-01 6.340236e-01
    outer loop
      vertex -3.800834e-01 1.092122e+00 -8.221567e-01
      vertex -5.114755e-01 8.062369e-01 -5.441817e-01
      vertex -2.887601e-01 9.217814e-01 -8.486999e-01
    endloop
  endfacet
  facet normal 5.483854e-01 5.657927e-01 6.157532e-01
    outer loop
      vertex -2.887601e-01 9.217814e-01 -8.486999e-01
      vertex -5.114755e-01 8.062369e-01 -5.441817e-01
      vertex -3.846076e-01 6.596322e-01 -5.224597e-01
    endloop
  endfacet
  facet normal 4.915465e-01 6.026356e-01 6.286592e-01
    outer loop
      vertex -2.887601e-01 9.217814e-01 -8.486999e-01
      vertex -3.846076e-01 6.596322e-01 -5.224597e-01
      vertex -1.534758e-01 7.837457e-01 -8.221567e-01
    endloop
  endfacet
  facet normal 2.553624e-01 8.076950e-01 5.314310e-01
    outer loop
      vertex -1.534758e-01 7.837457e-01 -8.221567e-01
      vertex -3.846076e-01 6.596322e-01 -5.224597e-01
      vertex -2.238139e-01 5.680947e-01 -4.606009e-01
    endloop
  endfacet
  facet normal 1.890050e-01 8.267418e-01 5.298822e-01
    outer loop
      vertex -1.534758e-01 7.837457e-01 -8.221567e-01
      vertex -2.238139e-01 5.680947e-01 -4.606009e-01
      vertex 5.173861e-03 6.990293e-01 -7.465681e-01
    endloop
  endfacet
  facet normal -7.540441e-02 9.281168e-01 3.645729e-01
    outer loop
      vertex 5.173861e-03 6.990293e-01 -7.465681e-01
      vertex -2.238139e-01 5.680947e-01 -4.606009e-01
      vertex -5.357381e-02 5.455602e-01 -3.680226e-01
    endloop
  endfacet
  facet normal -1.442339e-01 9.246373e-01 3.524804e-01
    outer loop
      vertex 5.173861e-03 6.990293e-01 -7.465681e-01
      vertex -5.357381e-02 5.455602e-01 -3.680226e-01
      vertex 1.630358e-01 6.805293e-01 -6.334417e-01
    endloop
  endfacet
  facet normal -3.942453e-01 9.082609e-01 1.401174e-01
    outer loop
      vertex 1.630358e-01 6.805293e-01 -6.334417e-01
      vertex -5.357381e-02 5.455602e-01 -3.680226e-01
      vertex 1.001952e-01 5.954593e-01 -2.588190e-01
    endloop
  endfacet
  facet normal -4.579051e-01 8.804342e-01 1.231199e-01
    outer loop
      vertex 1.630358e-01 6.805293e-01 -6.334417e-01
      vertex 1.001952e-01 5.954593e-01 -2.588190e-01
      vertex 2.960771e-01 7.310623e-01 -5.000000e-01
    endloop
  endfacet
  facet normal -4.795880e-01 8.749290e-01 -6.704242e-02
    outer loop
      vertex 1.001952e-01 5.954593e-01 -2.588190e-01
      vertex -1.551726e-01 4.753130e-01 -1.224647e-16
      vertex -1.076908e-02 5.620105e-01 9.844487e-02
    endloop
  endfacet
  facet normal -6.403136e-01 7.573787e-01 -1.279685e-01
    outer loop
      vertex 1.001952e-01 5.954593e-01 -2.588190e-01
      vertex -1.076908e-02 5.620105e-01 9.844487e-02
      vertex 2.140831e-01 7.101953e-01 -1.496155e-01
    endloop
  endfacet
  facet normal -7.188297e-01 6.412334e-01 -2.685210e-01
    outer loop
      vertex 2.140831e-01 7.101953e-01 -1.496155e-01
      vertex -1.076908e-02 5.620105e-01 9.844487e-02
      vertex 8.822891e-02 7.079368e-01 1.819024e-01
    endloop
  endfacet
  facet normal -8.277405e-01 4.670025e-01 -3.110537e-01
    outer loop
      vertex 2.140831e-01 7.101953e-01 -1.496155e-01
      vertex 8.822891e-02 7.079368e-01 1.819024e-01
      vertex 2.707516e-01 8.723007e-01 -5.703719e-02
    endloop
  endfacet
  facet normal -8.462922e-01 3.102144e-01 -4.330780e-01
    outer loop
      vertex 2.707516e-01 8.723007e-01 -5.703719e-02
      vertex 8.822891e-02 7.079368e-01 1.819024e-01
      vertex 1.267498e-01 8.908758e-01 2.376669e-01
    endloop
  endfacet
  facet normal -8.910406e-01 1.036757e-01 -4.419254e-01
    outer loop
      vertex 2.707516e-01 8.723007e-01 -5.703719e-02
      vertex 1.267498e-01 8.908758e-01 2.376669e-01
      vertex 2.615734e-01 1.057097e+00 4.821650e-03
    endloop
  endfacet
  facet normal -8.418394e-01 -6.733005e-02 -5.355120e-01
    outer loop
      vertex 2.615734e-01 1.057097e+00 4.821650e-03
      vertex 1.267498e-01 8.908758e-01 2.376669e-01
      vertex 9.892916e-02 1.082977e+00 2.572488e-01
    endloop
  endfacet
  facet normal -8.205536e-01 -2.762504e-01 -5.003774e-01
    outer loop
      vertex 2.615734e-01 1.057097e+00 4.821650e-03
      vertex 9.892916e-02 1.082977e+00 2.572488e-01
      vertex 1.879458e-01 1.236449e+00 2.654359e-02
    endloop
  endfacet
  facet normal -7.060622e-01 -4.329092e-01 -5.604157e-01
    outer loop
      vertex 1.879458e-01 1.236449e+00 2.654359e-02
      vertex 9.892916e-02 1.082977e+00 2.572488e-01
      vertex 9.002410e-03 1.254994e+00 2.376669e-01
    endloop
  endfacet
  facet normal -6.278222e-01 -6.141516e-01 -4.781810e-01
    outer loop
      vertex 1.879458e-01 1.236449e+00 2.654359e-02
      vertex 9.002410e-03 1.254994e+00 2.376669e-01
      vertex 6.107790e-02 1.383054e+00 4.821650e-03
    endloop
  endfacet
  facet normal -4.604105e-01 -7.303219e-01 -5.046306e-01
    outer loop
      vertex 6.107790e-02 1.383054e+00 4.821650e-03
      vertex 9.002410e-03 1.254994e+00 2.376669e-01
      vertex -1.293399e-01 1.380740e+00 1.819024e-01
    endloop
  endfacet
  facet normal -3.429014e-01 -8.591004e-01 -3.799540e-01
    outer loop
      vertex 6.107790e-02 1.383054e+00 4.821650e-03
      vertex -1.293399e-01 1.380740e+00 1.819024e-01
      vertex -9.971578e-02 1.474591e+00 -5.703719e-02
    endloop
  endfacet
  facet normal -1.431924e-01 -9.150135e-01 -3.771555e-01
    outer loop
      vertex -9.971578e-02 1.474591e+00 -5.703719e-02
      vertex -1.293399e-01 1.380740e+00 1.819024e-01
      vertex -2.950364e-01 1.441070e+00 9.844487e-02
    endloop
  endfacet
  facet normal -8.763507e-03 -9.751770e-01 -2.212534e-01
    outer loop
      vertex -9.971578e-02 1.474591e+00 -5.703719e-02
      vertex -2.950364e-01 1.441070e+00 9.844487e-02
      vertex -2.699559e-01 1.497126e+00 -1.496155e-01
    endloop
  endfacet
  facet normal 1.972564e-01 -9.603401e-01 -1.970706e-01
    outer loop
      vertex -2.699559e-01 1.497126e+00 -1.496155e-01
      vertex -2.950364e-01 1.441070e+00 9.844487e-02
      vertex -4.628614e-01 1.426800e+00 -9.096078e-17
    endloop
  endfacet
  facet normal 3.248914e-01 -9.454079e-01 -2.548666e-02
    outer loop
      vertex -2.699559e-01 1.497126e+00 -1.496155e-01
      vertex -4.628614e-01 1.426800e+00 -9.096078e-17
      vertex -4.237248e-01 1.447227e+00 -2.588190e-01
    endloop
  endfacet
  facet normal 5.100733e-01 -8.600812e-01 9.249256e-03
    outer loop
      vertex -4.237248e-01 1.447227e+00 -2.588190e-01
      vertex -4.628614e-01 1.426800e+00 -9.096078e-17
      vertex -6.072649e-01 1.340103e+00 -9.844487e-02
    endloop
  endfacet
  facet normal 6.078541e-01 -7.736334e-01 1.788986e-01
    outer loop
      vertex -4.237248e-01 1.447227e+00 -2.588190e-01
      vertex -6.072649e-01 1.340103e+00 -9.844487e-02
      vertex -5.376128e-01 1.332491e+00 -3.680226e-01
    endloop
  endfacet
  facet normal 7.485365e-01 -6.285763e-01 2.111515e-01
    outer loop
      vertex -5.376128e-01 1.332491e+00 -3.680226e-01
      vertex -6.072649e-01 1.340103e+00 -9.844487e-02
      vertex -7.062629e-01 1.194176e+00 -1.819024e-01
    endloop
  endfacet
  facet normal 7.964533e-01 -4.848196e-01 3.614029e-01
    outer loop
      vertex -5.376128e-01 1.332491e+00 -3.680226e-01
      vertex -7.062629e-01 1.194176e+00 -1.819024e-01
      vertex -5.942813e-01 1.170385e+00 -4.606009e-01
    endloop
  endfacet
  facet normal 8.761554e-01 -2.995964e-01 3.776159e-01
    outer loop
      vertex -5.942813e-01 1.170385e+00 -4.606009e-01
      vertex -7.062629e-01 1.194176e+00 -1.819024e-01
      vertex -7.447838e-01 1.011237e+00 -2.376669e-01
    endloop
  endfacet
  facet normal 8.609301e-01 -1.225189e-01 4.937494e-01
    outer loop
      vertex -5.942813e-01 1.170385e+00 -4.606009e-01
      vertex -7.447838e-01 1.011237e+00 -2.376669e-01
      vertex -5.851031e-01 9.855895e-01 -5.224597e-01
    endloop
  endfacet
  facet normal 8.725954e-01 7.720811e-02 4.823031e-01
    outer loop
      vertex -5.851031e-01 9.855895e-01 -5.224597e-01
      vertex -7.447838e-01 1.011237e+00 -2.376669e-01
      vertex -7.169631e-01 8.191362e-01 -2.572488e-01
    endloop
  endfacet
  facet normal 7.910361e-01 2.575265e-01 5.549252e-01
    outer loop
      vertex -5.851031e-01 9.855895e-01 -5.224597e-01
      vertex -7.169631e-01 8.191362e-01 -2.572488e-01
      vertex -5.114755e-01 8.062369e-01 -5.441817e-01
    endloop
  endfacet
  facet normal 7.379394e-01 4.436676e-01 5.085317e-01
    outer loop
      vertex -5.114755e-01 8.062369e-01 -5.441817e-01
      vertex -7.169631e-01 8.191362e-01 -2.572488e-01
      vertex -6.270364e-01 6.471189e-01 -2.376669e-01
    endloop
  endfacet
  facet normal 5.979136e-01 5.967164e-01 5.351905e-01
    outer loop
      vertex -5.114755e-01 8.062369e-01 -5.441817e-01
      vertex -6.270364e-01 6.471189e-01 -2.376669e-01
      vertex -3.846076e-01 6.596322e-01 -5.224597e-01
    endloop
  endfacet
  facet normal 4.930883e-01 7.431062e-01 4.523904e-01
    outer loop
      vertex -3.846076e-01 6.596322e-01 -5.224597e-01
      vertex -6.270364e-01 6.471189e-01 -2.376669e-01
      vertex -4.886941e-01 5.213733e-01 -1.819024e-01
    endloop
  endfacet
  facet normal 3.117408e-01 8.433653e-01 4.376672e-01
    outer loop
      vertex -3.846076e-01 6.596322e-01 -5.224597e-01
      vertex -4.886941e-01 5.213733e-01 -1.819024e-01
      vertex -2.238139e-01 5.680947e-01 -4.606009e-01
    endloop
  endfacet
  facet normal 1.758697e-01 9.299006e-01 3.230397e-01
    outer loop
      vertex -2.238139e-01 5.680947e-01 -4.606009e-01
      vertex -4.886941e-01 5.213733e-01 -1.819024e-01
      vertex -3.229975e-01 4.610431e-01 -9.844487e-02
    endloop
  endfacet
  facet normal -2.372328e-02 9.604587e-01 2.774100e-01
    outer loop
      vertex -2.238139e-01 5.680947e-01 -4.606009e-01
      vertex -3.229975e-01 4.610431e-01 -9.844487e-02
      vertex -5.357381e-02 5.455602e-01 -3.680226e-01
    endloop
  endfacet
  facet normal -1.654940e-01 9.761320e-01 1.406342e-01
    outer loop
      vertex -5.357381e-02 5.455602e-01 -3.680226e-01
      vertex -3.229975e-01 4.610431e-01 -9.844487e-02
      vertex -1.551726e-01 4.753130e-01 -1.224647e-16
    endloop
  endfacet
  facet normal -3.578915e-01 9.304326e-01 7.879665e-02
    outer loop
      vertex -5.357381e-02 5.455602e-01 -3.680226e-01
      vertex -1.551726e-01 4.753130e-01 -1.224647e-16
      vertex 1.001952e-01 5.954593e-01 -2.588190e-01
    endloop
  endfacet
  facet normal -2.561413e-01 9.634627e-01 -7.830224e-02
    outer loop
      vertex -1.551726e-01 4.753130e-01 -1.224647e-16
      vertex -4.318934e-01 4.227801e-01 2.588190e-01
      vertex -2.782169e-01 4.725271e-01 3.682220e-01
    endloop
  endfacet
  facet normal -4.379870e-01 8.880702e-01 -1.396378e-01
    outer loop
      vertex -1.551726e-01 4.753130e-01 -1.224647e-16
      vertex -2.782169e-01 4.725271e-01 3.682220e-01
      vertex -1.076908e-02 5.620105e-01 9.844487e-02
    endloop
  endfacet
  facet normal -5.443429e-01 7.918074e-01 -2.770052e-01
    outer loop
      vertex -1.076908e-02 5.620105e-01 9.844487e-02
      vertex -2.782169e-01 4.725271e-01 3.682220e-01
      vertex -1.536554e-01 5.906059e-01 4.609693e-01
    endloop
  endfacet
  facet normal -6.875021e-01 6.507393e-01 -3.223031e-01
    outer loop
      vertex -1.076908e-02 5.620105e-01 9.844487e-02
      vertex -1.536554e-01 5.906059e-01 4.609693e-01
      vertex 8.822891e-02 7.079368e-01 1.819024e-01
    endloop
  endfacet
  facet normal -7.472843e-01 5.002572e-01 -4.373887e-01
    outer loop
      vertex 8.822891e-02 7.079368e-01 1.819024e-01
      vertex -1.536554e-01 5.906059e-01 4.609693e-01
      vertex -7.717227e-02 7.590400e-01 5.229411e-01
    endloop
  endfacet
  facet normal -8.350701e-01 3.136185e-01 -4.519971e-01
    outer loop
      vertex 8.822891e-02 7.079368e-01 1.819024e-01
      vertex -7.717227e-02 7.590400e-01 5.229411e-01
      vertex 1.267498e-01 8.908758e-01 2.376669e-01
    endloop
  endfacet
  facet normal -8.343191e-01 1.326867e-01 -5.350756e-01
    outer loop
      vertex 1.267498e-01 8.908758e-01 2.376669e-01
      vertex -7.717227e-02 7.590400e-01 5.229411e-01
      vertex -6.041138e-02 9.521870e-01 5.447027e-01
    endloop
  endfacet
  facet normal -8.579848e-01 -7.241719e-02 -5.085449e-01
    outer loop
      vertex 1.267498e-01 8.908758e-01 2.376669e-01
      vertex -6.041138e-02 9.521870e-01 5.447027e-01
      vertex 9.892916e-02 1.082977e+00 2.572488e-01
    endloop
  endfacet
  facet normal -7.917018e-01 -2.552900e-01 -5.550092e-01
    outer loop
      vertex 9.892916e-02 1.082977e+00 2.572488e-01
      vertex -6.041138e-02 9.521870e-01 5.447027e-01
      vertex -1.059244e-01 1.140642e+00 5.229411e-01
    endloop
  endfacet
  facet normal -7.523284e-01 -4.482572e-01 -4.827706e-01
    outer loop
      vertex 9.892916e-02 1.082977e+00 2.572488e-01
      vertex -1.059244e-01 1.140642e+00 5.229411e-01
      vertex 9.002410e-03 1.254994e+00 2.376669e-01
    endloop
  endfacet
  facet normal -6.252673e-01 -6.041104e-01 -4.940560e-01
    outer loop
      vertex 9.002410e-03 1.254994e+00 2.376669e-01
      vertex -1.059244e-01 1.140642e+00 5.229411e-01
      vertex -2.067824e-01 1.295714e+00 4.609693e-01
    endloop
  endfacet
  facet normal -5.343523e-01 -7.557571e-01 -3.785484e-01
    outer loop
      vertex 9.002410e-03 1.254994e+00 2.376669e-01
      vertex -2.067824e-01 1.295714e+00 4.609693e-01
      vertex -1.293399e-01 1.380740e+00 1.819024e-01
    endloop
  endfacet
  facet normal -3.603507e-01 -8.597356e-01 -3.619421e-01
    outer loop
      vertex -1.293399e-01 1.380740e+00 1.819024e-01
      vertex -2.067824e-01 1.295714e+00 4.609693e-01
      vertex -3.476307e-01 1.393795e+00 3.682220e-01
    endloop
  endfacet
  facet normal -2.380447e-01 -9.477265e-01 -2.124836e-01
    outer loop
      vertex -1.293399e-01 1.380740e+00 1.819024e-01
      vertex -3.476307e-01 1.393795e+00 3.682220e-01
      vertex -2.950364e-01 1.441070e+00 9.844487e-02
    endloop
  endfacet
  facet normal -3.800350e-02 -9.829935e-01 -1.796647e-01
    outer loop
      vertex -2.950364e-01 1.441070e+00 9.844487e-02
      vertex -3.476307e-01 1.393795e+00 3.682220e-01
      vertex -5.070263e-01 1.419954e+00 2.588190e-01
    endloop
  endfacet
  facet normal 9.101218e-02 -9.957911e-01 -1.081096e-02
    outer loop
      vertex -2.950364e-01 1.441070e+00 9.844487e-02
      vertex -5.070263e-01 1.419954e+00 2.588190e-01
      vertex -4.628614e-01 1.426800e+00 -9.096078e-17
    endloop
  endfacet
  facet normal 2.920292e-01 -9.560945e-01 2.454071e-02
    outer loop
      vertex -4.628614e-01 1.426800e+00 -9.096078e-17
      vertex -5.070263e-01 1.419954e+00 2.588190e-01
      vertex -6.607028e-01 1.370207e+00 1.494161e-01
    endloop
  endfacet
  facet normal 4.033780e-01 -8.938971e-01 1.955355e-01
    outer loop
      vertex -4.628614e-01 1.426800e+00 -9.096078e-17
      vertex -6.607028e-01 1.370207e+00 1.494161e-01
      vertex -6.072649e-01 1.340103e+00 -9.844487e-02
    endloop
  endfacet
  facet normal 5.796788e-01 -7.845114e-01 2.202598e-01
    outer loop
      vertex -6.072649e-01 1.340103e+00 -9.844487e-02
      vertex -6.607028e-01 1.370207e+00 1.494161e-01
      vertex -7.852643e-01 1.252128e+00 5.666877e-02
    endloop
  endfacet
  facet normal 6.526901e-01 -6.577854e-01 3.759176e-01
    outer loop
      vertex -6.072649e-01 1.340103e+00 -9.844487e-02
      vertex -7.852643e-01 1.252128e+00 5.666877e-02
      vertex -7.062629e-01 1.194176e+00 -1.819024e-01
    endloop
  endfacet
  facet normal 7.820643e-01 -4.946124e-01 3.791226e-01
    outer loop
      vertex -7.062629e-01 1.194176e+00 -1.819024e-01
      vertex -7.852643e-01 1.252128e+00 5.666877e-02
      vertex -8.617474e-01 1.083694e+00 -5.303021e-03
    endloop
  endfacet
  facet normal 8.013668e-01 -3.223407e-01 5.038925e-01
    outer loop
      vertex -7.062629e-01 1.194176e+00 -1.819024e-01
      vertex -8.617474e-01 1.083694e+00 -5.303021e-03
      vertex -7.447838e-01 1.011237e+00 -2.376669e-01
    endloop
  endfacet
  facet normal 8.689651e-01 -1.292291e-01 4.777023e-01
    outer loop
      vertex -7.447838e-01 1.011237e+00 -2.376669e-01
      vertex -8.617474e-01 1.083694e+00 -5.303021e-03
      vertex -8.785083e-01 8.905467e-01 -2.706462e-02
    endloop
  endfacet
  facet normal 8.259501e-01 6.250548e-02 5.602673e-01
    outer loop
      vertex -7.447838e-01 1.011237e+00 -2.376669e-01
      vertex -8.785083e-01 8.905467e-01 -2.706462e-02
      vertex -7.169631e-01 8.191362e-01 -2.572488e-01
    endloop
  endfacet
  facet normal 8.266899e-01 2.574242e-01 5.003165e-01
    outer loop
      vertex -7.169631e-01 8.191362e-01 -2.572488e-01
      vertex -8.785083e-01 8.905467e-01 -2.706462e-02
      vertex -8.329953e-01 7.020919e-01 -5.303021e-03
    endloop
  endfacet
  facet normal 7.216095e-01 4.382492e-01 5.359267e-01
    outer loop
      vertex -7.169631e-01 8.191362e-01 -2.572488e-01
      vertex -8.329953e-01 7.020919e-01 -5.303021e-03
      vertex -6.270364e-01 6.471189e-01 -2.376669e-01
    endloop
  endfacet
  facet normal 6.607784e-01 6.064860e-01 4.422066e-01
    outer loop
      vertex -6.270364e-01 6.471189e-01 -2.376669e-01
      vertex -8.329953e-01 7.020919e-01 -5.303021e-03
      vertex -7.321373e-01 5.470196e-01 5.666877e-02
    endloop
  endfacet
  facet normal 5.039226e-01 7.468386e-01 4.339287e-01
    outer loop
      vertex -6.270364e-01 6.471189e-01 -2.376669e-01
      vertex -7.321373e-01 5.470196e-01 5.666877e-02
      vertex -4.886941e-01 5.213733e-01 -1.819024e-01
    endloop
  endfacet
  facet normal 3.962805e-01 8.636613e-01 3.115299e-01
    outer loop
      vertex -4.886941e-01 5.213733e-01 -1.819024e-01
      vertex -7.321373e-01 5.470196e-01 5.666877e-02
      vertex -5.912890e-01 4.489384e-01 1.494161e-01
    endloop
  endfacet
  facet normal 2.066496e-01 9.405335e-01 2.696157e-01
    outer loop
      vertex -4.886941e-01 5.213733e-01 -1.819024e-01
      vertex -5.912890e-01 4.489384e-01 1.494161e-01
      vertex -3.229975e-01 4.610431e-01 -9.844487e-02
    endloop
  endfacet
  facet normal 7.409625e-02 9.889375e-01 1.285003e-01
    outer loop
      vertex -3.229975e-01 4.610431e-01 -9.844487e-02
      vertex -5.912890e-01 4.489384e-01 1.494161e-01
      vertex -4.318934e-01 4.227801e-01 2.588190e-01
    endloop
  endfacet
  facet normal -1.241621e-01 9.899171e-01 6.817506e-02
    outer loop
      vertex -3.229975e-01 4.610431e-01 -9.844487e-02
      vertex -4.318934e-01 4.227801e-01 2.588190e-01
      vertex -1.551726e-01 4.753130e-01 -1.224647e-16
    endloop
  endfacet
  facet normal -1.471732e-01 9.814329e-01 -1.230021e-01
    outer loop
      vertex -4.318934e-01 4.227801e-01 2.588190e-01
      vertex -6.692601e-01 4.174122e-01 5.000000e-01
      vertex -5.321805e-01 4.547254e-01 6.337054e-01
    endloop
  endfacet
  facet normal -2.136511e-01 9.668919e-01 -1.395467e-01
    outer loop
      vertex -4.318934e-01 4.227801e-01 2.588190e-01
      vertex -5.321805e-01 4.547254e-01 6.337054e-01
      vertex -2.782169e-01 4.725271e-01 3.682220e-01
    endloop
  endfacet
  facet normal -4.268493e-01 8.327988e-01 -3.524853e-01
    outer loop
      vertex -2.782169e-01 4.725271e-01 3.682220e-01
      vertex -5.321805e-01 4.547254e-01 6.337054e-01
      vertex -4.155549e-01 5.624774e-01 7.470554e-01
    endloop
  endfacet
  facet normal -4.833834e-01 7.960292e-01 -3.642499e-01
    outer loop
      vertex -2.782169e-01 4.725271e-01 3.682220e-01
      vertex -4.155549e-01 5.624774e-01 7.470554e-01
      vertex -1.536554e-01 5.906059e-01 4.609693e-01
    endloop
  endfacet
  facet normal -6.388110e-01 5.577225e-01 -5.299680e-01
    outer loop
      vertex -1.536554e-01 5.906059e-01 4.609693e-01
      vertex -4.155549e-01 5.624774e-01 7.470554e-01
      vertex -3.371386e-01 7.242639e-01 8.227934e-01
    endloop
  endfacet
  facet normal -6.804658e-01 5.045195e-01 -5.314381e-01
    outer loop
      vertex -1.536554e-01 5.906059e-01 4.609693e-01
      vertex -3.371386e-01 7.242639e-01 8.227934e-01
      vertex -7.717227e-02 7.590400e-01 5.229411e-01
    endloop
  endfacet
  facet normal -7.518021e-01 1.986240e-01 -6.287624e-01
    outer loop
      vertex -7.717227e-02 7.590400e-01 5.229411e-01
      vertex -3.371386e-01 7.242639e-01 8.227934e-01
      vertex -3.088696e-01 9.154543e-01 8.493890e-01
    endloop
  endfacet
  facet normal -7.757229e-01 1.367289e-01 -6.160838e-01
    outer loop
      vertex -7.717227e-02 7.590400e-01 5.229411e-01
      vertex -3.088696e-01 9.154543e-01 8.493890e-01
      vertex -6.041138e-02 9.521870e-01 5.447027e-01
    endloop
  endfacet
  facet normal -7.494183e-01 -1.905367e-01 -6.340883e-01
    outer loop
      vertex -6.041138e-02 9.521870e-01 5.447027e-01
      vertex -3.088696e-01 9.154543e-01 8.493890e-01
      vertex -3.350517e-01 1.106942e+00 8.227934e-01
    endloop
  endfacet
  facet normal -7.550016e-01 -2.522305e-01 -6.052705e-01
    outer loop
      vertex -6.041138e-02 9.521870e-01 5.447027e-01
      vertex -3.350517e-01 1.106942e+00 8.227934e-01
      vertex -1.059244e-01 1.140642e+00 5.229411e-01
    endloop
  endfacet
  facet normal -6.317883e-01 -5.514469e-01 -5.447476e-01
    outer loop
      vertex -1.059244e-01 1.140642e+00 5.229411e-01
      vertex -3.350517e-01 1.106942e+00 8.227934e-01
      vertex -4.116990e-01 1.269574e+00 7.470554e-01
    endloop
  endfacet
  facet normal -6.209811e-01 -6.036795e-01 -4.999535e-01
    outer loop
      vertex -1.059244e-01 1.140642e+00 5.229411e-01
      vertex -4.116990e-01 1.269574e+00 7.470554e-01
      vertex -2.067824e-01 1.295714e+00 4.609693e-01
    endloop
  endfacet
  facet normal -4.159716e-01 -8.290442e-01 -3.737022e-01
    outer loop
      vertex -2.067824e-01 1.295714e+00 4.609693e-01
      vertex -4.116990e-01 1.269574e+00 7.470554e-01
      vertex -5.271425e-01 1.378591e+00 6.337054e-01
    endloop
  endfacet
  facet normal -3.935138e-01 -8.634733e-01 -3.155326e-01
    outer loop
      vertex -2.067824e-01 1.295714e+00 4.609693e-01
      vertex -5.271425e-01 1.378591e+00 6.337054e-01
      vertex -3.476307e-01 1.393795e+00 3.682220e-01
    endloop
  endfacet
  facet normal -1.344266e-01 -9.799569e-01 -1.470167e-01
    outer loop
      vertex -3.476307e-01 1.393795e+00 3.682220e-01
      vertex -5.271425e-01 1.378591e+00 6.337054e-01
      vertex -6.638070e-01 1.417397e+00 5.000000e-01
    endloop
  endfacet
  facet normal -1.074671e-01 -9.909554e-01 -8.036273e-02
    outer loop
      vertex -3.476307e-01 1.393795e+00 3.682220e-01
      vertex -6.638070e-01 1.417397e+00 5.000000e-01
      vertex -5.070263e-01 1.419954e+00 2.588190e-01
    endloop
  endfacet
  facet normal 1.695284e-01 -9.804580e-01 9.981062e-02
    outer loop
      vertex -5.070263e-01 1.419954e+00 2.588190e-01
      vertex -6.638070e-01 1.417397e+00 5.000000e-01
      vertex -8.008866e-01 1.380084e+00 3.662946e-01
    endloop
  endfacet
  facet normal 1.928348e-01 -9.666263e-01 1.686663e-01
    outer loop
      vertex -5.070263e-01 1.419954e+00 2.588190e-01
      vertex -8.008866e-01 1.380084e+00 3.662946e-01
      vertex -6.607028e-01 1.370207e+00 1.494161e-01
    endloop
  endfacet
  facet normal 4.490126e-01 -8.311143e-01 3.280803e-01
    outer loop
      vertex -6.607028e-01 1.370207e+00 1.494161e-01
      vertex -8.008866e-01 1.380084e+00 3.662946e-01
      vertex -9.175122e-01 1.272332e+00 2.529446e-01
    endloop
  endfacet
  facet normal 4.615130e-01 -7.954139e-01 3.928390e-01
    outer loop
      vertex -6.607028e-01 1.370207e+00 1.494161e-01
      vertex -9.175122e-01 1.272332e+00 2.529446e-01
      vertex -7.852643e-01 1.252128e+00 5.666877e-02
    endloop
  endfacet
  facet normal 6.615805e-01 -5.561393e-01 5.030113e-01
    outer loop
      vertex -7.852643e-01 1.252128e+00 5.666877e-02
      vertex -9.175122e-01 1.272332e+00 2.529446e-01
      vertex -9.959285e-01 1.110546e+00 1.772066e-01
    endloop
  endfacet
  facet normal 6.585533e-01 -5.044864e-01 5.583915e-01
    outer loop
      vertex -7.852643e-01 1.252128e+00 5.666877e-02
      vertex -9.959285e-01 1.110546e+00 1.772066e-01
      vertex -8.617474e-01 1.083694e+00 -5.303021e-03
    endloop
  endfacet
  facet normal 7.755952e-01 -1.980514e-01 5.993561e-01
    outer loop
      vertex -8.617474e-01 1.083694e+00 -5.303021e-03
      vertex -9.959285e-01 1.110546e+00 1.772066e-01
      vertex -1.024197e+00 9.193551e-01 1.506110e-01
    endloop
  endfacet
  facet normal 7.548379e-01 -1.377557e-01 6.412824e-01
    outer loop
      vertex -8.617474e-01 1.083694e+00 -5.303021e-03
      vertex -1.024197e+00 9.193551e-01 1.506110e-01
      vertex -8.785083e-01 8.905467e-01 -2.706462e-02
    endloop
  endfacet
  facet normal 7.740931e-01 1.897278e-01 6.039728e-01
    outer loop
      vertex -8.785083e-01 8.905467e-01 -2.706462e-02
      vertex -1.024197e+00 9.193551e-01 1.506110e-01
      vertex -9.980153e-01 7.278678e-01 1.772066e-01
    endloop
  endfacet
  facet normal 7.354615e-01 2.503244e-01 6.296301e-01
    outer loop
      vertex -8.785083e-01 8.905467e-01 -2.706462e-02
      vertex -9.980153e-01 7.278678e-01 1.772066e-01
      vertex -8.329953e-01 7.020919e-01 -5.303021e-03
    endloop
  endfacet
  facet normal 6.567111e-01 5.498620e-01 5.161223e-01
    outer loop
      vertex -8.329953e-01 7.020919e-01 -5.303021e-03
      vertex -9.980153e-01 7.278678e-01 1.772066e-01
      vertex -9.213681e-01 5.652357e-01 2.529446e-01
    endloop
  endfacet
  facet normal 6.022932e-01 6.014755e-01 5.248525e-01
    outer loop
      vertex -8.329953e-01 7.020919e-01 -5.303021e-03
      vertex -9.213681e-01 5.652357e-01 2.529446e-01
      vertex -7.321373e-01 5.470196e-01 5.666877e-02
    endloop
  endfacet
  facet normal 4.403216e-01 8.277848e-01 3.476912e-01
    outer loop
      vertex -7.321373e-01 5.470196e-01 5.666877e-02
      vertex -9.213681e-01 5.652357e-01 2.529446e-01
      vertex -8.059246e-01 4.562182e-01 3.662946e-01
    endloop
  endfacet
  facet normal 3.748289e-01 8.616959e-01 3.420284e-01
    outer loop
      vertex -7.321373e-01 5.470196e-01 5.666877e-02
      vertex -8.059246e-01 4.562182e-01 3.662946e-01
      vertex -5.912890e-01 4.489384e-01 1.494161e-01
    endloop
  endfacet
  facet normal 1.576969e-01 9.797749e-01 1.231785e-01
    outer loop
      vertex -5.912890e-01 4.489384e-01 1.494161e-01
      vertex -8.059246e-01 4.562182e-01 3.662946e-01
      vertex -6.692601e-01 4.174122e-01 5.000000e-01
    endloop
  endfacet
  facet normal 8.795696e-02 9.901862e-01 1.086043e-01
    outer loop
      vertex -5.912890e-01 4.489384e-01 1.494161e-01
      vertex -6.692601e-01 4.174122e-01 5.000000e-01
      vertex -4.318934e-01 4.227801e-01 2.588190e-01
    endloop
  endfacet
  facet normal -1.597259e-01 9.743672e-01 -1.584178e-01
    outer loop
      vertex -6.692601e-01 4.174122e-01 5.000000e-01
      vertex -8.908517e-01 4.147596e-01 7.071068e-01
      vertex -7.860111e-01 4.577654e-01 8.659123e-01
    endloop
  endfacet
  facet normal -1.232176e-01 9.813509e-01 -1.475393e-01
    outer loop
      vertex -6.692601e-01 4.174122e-01 5.000000e-01
      vertex -7.860111e-01 4.577654e-01 8.659123e-01
      vertex -5.321805e-01 4.547254e-01 6.337054e-01
    endloop
  endfacet
  facet normal -3.873810e-01 8.133209e-01 -4.341027e-01
    outer loop
      vertex -5.321805e-01 4.547254e-01 6.337054e-01
      vertex -7.860111e-01 4.577654e-01 8.659123e-01
      vertex -7.006881e-01 5.702612e-01 1.000541e+00
    endloop
  endfacet
  facet normal -3.554753e-01 8.322629e-01 -4.254125e-01
    outer loop
      vertex -5.321805e-01 4.547254e-01 6.337054e-01
      vertex -7.006881e-01 5.702612e-01 1.000541e+00
      vertex -4.155549e-01 5.624774e-01 7.470554e-01
    endloop
  endfacet
  facet normal -5.560371e-01 5.282708e-01 -6.416796e-01
    outer loop
      vertex -4.155549e-01 5.624774e-01 7.470554e-01
      vertex -7.006881e-01 5.702612e-01 1.000541e+00
      vertex -6.478725e-01 7.351207e-01 1.090497e+00
    endloop
  endfacet
  facet normal -5.310424e-01 5.565162e-01 -6.389708e-01
    outer loop
      vertex -4.155549e-01 5.624774e-01 7.470554e-01
      vertex -6.478725e-01 7.351207e-01 1.090497e+00
      vertex -3.371386e-01 7.242639e-01 8.227934e-01
    endloop
  endfacet
  facet normal -6.405382e-01 1.642379e-01 -7.501578e-01
    outer loop
      vertex -3.371386e-01 7.242639e-01 8.227934e-01
      vertex -6.478725e-01 7.351207e-01 1.090497e+00
      vertex -6.356049e-01 9.272454e-01 1.122086e+00
    endloop
  endfacet
  facet normal -6.239405e-01 1.974349e-01 -7.561202e-01
    outer loop
      vertex -3.371386e-01 7.242639e-01 8.227934e-01
      vertex -6.356049e-01 9.272454e-01 1.122086e+00
      vertex -3.088696e-01 9.154543e-01 8.493890e-01
    endloop
  endfacet
  facet normal -6.293029e-01 -2.234395e-01 -7.443471e-01
    outer loop
      vertex -3.088696e-01 9.154543e-01 8.493890e-01
      vertex -6.356049e-01 9.272454e-01 1.122086e+00
      vertex -6.657529e-01 1.117386e+00 1.090497e+00
    endloop
  endfacet
  facet normal -6.212927e-01 -1.905150e-01 -7.600654e-01
    outer loop
      vertex -3.088696e-01 9.154543e-01 8.493890e-01
      vertex -6.657529e-01 1.117386e+00 1.090497e+00
      vertex -3.350517e-01 1.106942e+00 8.227934e-01
    endloop
  endfacet
  facet normal -5.246303e-01 -5.774408e-01 -6.255599e-01
    outer loop
      vertex -3.350517e-01 1.106942e+00 8.227934e-01
      vertex -6.657529e-01 1.117386e+00 1.090497e+00
      vertex -7.337268e-01 1.276596e+00 1.000541e+00
    endloop
  endfacet
  facet normal -5.239915e-01 -5.498668e-01 -6.504455e-01
    outer loop
      vertex -3.350517e-01 1.106942e+00 8.227934e-01
      vertex -7.337268e-01 1.276596e+00 1.000541e+00
      vertex -4.116990e-01 1.269574e+00 7.470554e-01
    endloop
  endfacet
  facet normal -3.418153e-01 -8.452118e-01 -4.108276e-01
    outer loop
      vertex -4.116990e-01 1.269574e+00 7.470554e-01
      vertex -7.337268e-01 1.276596e+00 1.000541e+00
      vertex -8.291782e-01 1.380636e+00 8.659123e-01
    endloop
  endfacet
  facet normal -3.461227e-01 -8.270526e-01 -4.429256e-01
    outer loop
      vertex -4.116990e-01 1.269574e+00 7.470554e-01
      vertex -8.291782e-01 1.380636e+00 8.659123e-01
      vertex -5.271425e-01 1.378591e+00 6.337054e-01
    endloop
  endfacet
  facet normal -1.077256e-01 -9.854531e-01 -1.314434e-01
    outer loop
      vertex -5.271425e-01 1.378591e+00 6.337054e-01
      vertex -8.291782e-01 1.380636e+00 8.659123e-01
      vertex -9.375754e-01 1.413667e+00 7.071068e-01
    endloop
  endfacet
  facet normal -1.137232e-01 -9.792118e-01 -1.679620e-01
    outer loop
      vertex -5.271425e-01 1.378591e+00 6.337054e-01
      vertex -9.375754e-01 1.413667e+00 7.071068e-01
      vertex -6.638070e-01 1.417397e+00 5.000000e-01
    endloop
  endfacet
  facet normal 1.420877e-01 -9.751012e-01 1.702610e-01
    outer loop
      vertex -6.638070e-01 1.417397e+00 5.000000e-01
      vertex -9.375754e-01 1.413667e+00 7.071068e-01
      vertex -1.042416e+00 1.370662e+00 5.483013e-01
    endloop
  endfacet
  facet normal 1.380502e-01 -9.815378e-01 1.323846e-01
    outer loop
      vertex -6.638070e-01 1.417397e+00 5.000000e-01
      vertex -1.042416e+00 1.370662e+00 5.483013e-01
      vertex -8.008866e-01 1.380084e+00 3.662946e-01
    endloop
  endfacet
  facet normal 3.687756e-01 -8.148758e-01 4.471934e-01
    outer loop
      vertex -8.008866e-01 1.380084e+00 3.662946e-01
      vertex -1.042416e+00 1.370662e+00 5.483013e-01
      vertex -1.127739e+00 1.258166e+00 4.136725e-01
    endloop
  endfacet
  facet normal 3.703068e-01 -8.330750e-01 4.109244e-01
    outer loop
      vertex -8.008866e-01 1.380084e+00 3.662946e-01
      vertex -1.127739e+00 1.258166e+00 4.136725e-01
      vertex -9.175122e-01 1.272332e+00 2.529446e-01
    endloop
  endfacet
  facet normal 5.372715e-01 -5.300804e-01 6.560138e-01
    outer loop
      vertex -9.175122e-01 1.272332e+00 2.529446e-01
      vertex -1.127739e+00 1.258166e+00 4.136725e-01
      vertex -1.180555e+00 1.093306e+00 3.237164e-01
    endloop
  endfacet
  facet normal 5.473643e-01 -5.574984e-01 6.241697e-01
    outer loop
      vertex -9.175122e-01 1.272332e+00 2.529446e-01
      vertex -1.180555e+00 1.093306e+00 3.237164e-01
      vertex -9.959285e-01 1.110546e+00 1.772066e-01
    endloop
  endfacet
  facet normal 6.224719e-01 -1.655148e-01 7.649402e-01
    outer loop
      vertex -9.959285e-01 1.110546e+00 1.772066e-01
      vertex -1.180555e+00 1.093306e+00 3.237164e-01
      vertex -1.192822e+00 9.011817e-01 2.921280e-01
    endloop
  endfacet
  facet normal 6.425593e-01 -1.979758e-01 7.402183e-01
    outer loop
      vertex -9.959285e-01 1.110546e+00 1.772066e-01
      vertex -1.192822e+00 9.011817e-01 2.921280e-01
      vertex -1.024197e+00 9.193551e-01 1.506110e-01
    endloop
  endfacet
  facet normal 6.124299e-01 2.230973e-01 7.583912e-01
    outer loop
      vertex -1.024197e+00 9.193551e-01 1.506110e-01
      vertex -1.192822e+00 9.011817e-01 2.921280e-01
      vertex -1.162674e+00 7.110410e-01 3.237164e-01
    endloop
  endfacet
  facet normal 6.415483e-01 1.909070e-01 7.429470e-01
    outer loop
      vertex -1.024197e+00 9.193551e-01 1.506110e-01
      vertex -1.162674e+00 7.110410e-01 3.237164e-01
      vertex -9.980153e-01 7.278678e-01 1.772066e-01
    endloop
  endfacet
  facet normal 5.087896e-01 5.778073e-01 6.381785e-01
    outer loop
      vertex -9.980153e-01 7.278678e-01 1.772066e-01
      vertex -1.162674e+00 7.110410e-01 3.237164e-01
      vertex -1.094700e+00 5.518314e-01 4.136725e-01
    endloop
  endfacet
  facet normal 5.440745e-01 5.510671e-01 6.326990e-01
    outer loop
      vertex -9.980153e-01 7.278678e-01 1.772066e-01
      vertex -1.094700e+00 5.518314e-01 4.136725e-01
      vertex -9.213681e-01 5.652357e-01 2.529446e-01
    endloop
  endfacet
  facet normal 3.261921e-01 8.457292e-01 4.223042e-01
    outer loop
      vertex -9.213681e-01 5.652357e-01 2.529446e-01
      vertex -1.094700e+00 5.518314e-01 4.136725e-01
      vertex -9.992490e-01 4.477912e-01 5.483013e-01
    endloop
  endfacet
  facet normal 3.644627e-01 8.283328e-01 4.254782e-01
    outer loop
      vertex -9.213681e-01 5.652357e-01 2.529446e-01
      vertex -9.992490e-01 4.477912e-01 5.483013e-01
      vertex -8.059246e-01 4.562182e-01 3.662946e-01
    endloop
  endfacet
  facet normal 9.133818e-02 9.855499e-01 1.426492e-01
    outer loop
      vertex -8.059246e-01 4.562182e-01 3.662946e-01
      vertex -9.992490e-01 4.477912e-01 5.483013e-01
      vertex -8.908517e-01 4.147596e-01 7.071068e-01
    endloop
  endfacet
  facet normal 1.299395e-01 9.798674e-01 1.515770e-01
    outer loop
      vertex -8.059246e-01 4.562182e-01 3.662946e-01
      vertex -8.908517e-01 4.147596e-01 7.071068e-01
      vertex -6.692601e-01 4.174122e-01 5.000000e-01
    endloop
  endfacet
  facet normal -2.295441e-01 9.551634e-01 -1.870093e-01
    outer loop
      vertex -8.908517e-01 4.147596e-01 7.071068e-01
      vertex -1.125437e+00 3.894986e-01 8.660254e-01
      vertex -1.062325e+00 4.394591e-01 1.043736e+00
    endloop
  endfacet
  facet normal -1.644372e-01 9.740959e-01 -1.552340e-01
    outer loop
      vertex -8.908517e-01 4.147596e-01 7.071068e-01
      vertex -1.062325e+00 4.394591e-01 1.043736e+00
      vertex -7.860111e-01 4.577654e-01 8.659123e-01
    endloop
  endfacet
  facet normal -3.762893e-01 7.769597e-01 -5.047178e-01
    outer loop
      vertex -7.860111e-01 4.577654e-01 8.659123e-01
      vertex -1.062325e+00 4.394591e-01 1.043736e+00
      vertex -1.022233e+00 5.567434e-01 1.194392e+00
    endloop
  endfacet
  facet normal -3.226010e-01 8.168905e-01 -4.781407e-01
    outer loop
      vertex -7.860111e-01 4.577654e-01 8.659123e-01
      vertex -1.022233e+00 5.567434e-01 1.194392e+00
      vertex -7.006881e-01 5.702612e-01 1.000541e+00
    endloop
  endfacet
  facet normal -4.678742e-01 4.791097e-01 -7.426625e-01
    outer loop
      vertex -7.006881e-01 5.702612e-01 1.000541e+00
      vertex -1.022233e+00 5.567434e-01 1.194392e+00
      vertex -1.011263e+00 7.234961e-01 1.295057e+00
    endloop
  endfacet
  facet normal -4.274512e-01 5.347003e-01 -7.289589e-01
    outer loop
      vertex -7.006881e-01 5.702612e-01 1.000541e+00
      vertex -1.011263e+00 7.234961e-01 1.295057e+00
      vertex -6.478725e-01 7.351207e-01 1.090497e+00
    endloop
  endfacet
  facet normal -4.902555e-01 1.092476e-01 -8.647049e-01
    outer loop
      vertex -6.478725e-01 7.351207e-01 1.090497e+00
      vertex -1.011263e+00 7.234961e-01 1.295057e+00
      vertex -1.031085e+00 9.143304e-01 1.330406e+00
    endloop
  endfacet
  facet normal -4.634670e-01 1.724977e-01 -8.691622e-01
    outer loop
      vertex -6.478725e-01 7.351207e-01 1.090497e+00
      vertex -1.031085e+00 9.143304e-01 1.330406e+00
      vertex -6.356049e-01 9.272454e-01 1.122086e+00
    endloop
  endfacet
  facet normal -4.409730e-01 -2.753913e-01 -8.542262e-01
    outer loop
      vertex -6.356049e-01 9.272454e-01 1.122086e+00
      vertex -1.031085e+00 9.143304e-01 1.330406e+00
      vertex -1.078683e+00 1.100194e+00 1.295057e+00
    endloop
  endfacet
  facet normal -4.264988e-01 -2.136364e-01 -8.788961e-01
    outer loop
      vertex -6.356049e-01 9.272454e-01 1.122086e+00
      vertex -1.078683e+00 1.100194e+00 1.295057e+00
      vertex -6.657529e-01 1.117386e+00 1.090497e+00
    endloop
  endfacet
  facet normal -3.282252e-01 -6.178736e-01 -7.144931e-01
    outer loop
      vertex -6.657529e-01 1.117386e+00 1.090497e+00
      vertex -1.078683e+00 1.100194e+00 1.295057e+00
      vertex -1.146809e+00 1.252790e+00 1.194392e+00
    endloop
  endfacet
  facet normal -3.231551e-01 -5.663482e-01 -7.581692e-01
    outer loop
      vertex -6.657529e-01 1.117386e+00 1.090497e+00
      vertex -1.146809e+00 1.252790e+00 1.194392e+00
      vertex -7.337268e-01 1.276596e+00 1.000541e+00
    endloop
  endfacet
  facet normal -1.687518e-01 -8.684129e-01 -4.662423e-01
    outer loop
      vertex -7.337268e-01 1.276596e+00 1.000541e+00
      vertex -1.146809e+00 1.252790e+00 1.194392e+00
      vertex -1.225092e+00 1.348888e+00 1.043736e+00
    endloop
  endfacet
  facet normal -1.688807e-01 -8.342163e-01 -5.249405e-01
    outer loop
      vertex -7.337268e-01 1.276596e+00 1.000541e+00
      vertex -1.225092e+00 1.348888e+00 1.043736e+00
      vertex -8.291782e-01 1.380636e+00 8.659123e-01
    endloop
  endfacet
  facet normal 1.416052e-02 -9.893154e-01 -1.451017e-01
    outer loop
      vertex -8.291782e-01 1.380636e+00 8.659123e-01
      vertex -1.225092e+00 1.348888e+00 1.043736e+00
      vertex -1.301614e+00 1.373857e+00 8.660254e-01
    endloop
  endfacet
  facet normal 1.396770e-02 -9.770065e-01 -2.127517e-01
    outer loop
      vertex -8.291782e-01 1.380636e+00 8.659123e-01
      vertex -1.301614e+00 1.373857e+00 8.660254e-01
      vertex -9.375754e-01 1.413667e+00 7.071068e-01
    endloop
  endfacet
  facet normal 1.929574e-01 -9.603052e-01 2.014481e-01
    outer loop
      vertex -9.375754e-01 1.413667e+00 7.071068e-01
      vertex -1.301614e+00 1.373857e+00 8.660254e-01
      vertex -1.364726e+00 1.323897e+00 6.883146e-01
    endloop
  endfacet
  facet normal 1.982981e-01 -9.711996e-01 1.320953e-01
    outer loop
      vertex -9.375754e-01 1.413667e+00 7.071068e-01
      vertex -1.364726e+00 1.323897e+00 6.883146e-01
      vertex -1.042416e+00 1.370662e+00 5.483013e-01
    endloop
  endfacet
  facet normal 3.395653e-01 -7.838607e-01 5.198632e-01
    outer loop
      vertex -1.042416e+00 1.370662e+00 5.483013e-01
      vertex -1.364726e+00 1.323897e+00 6.883146e-01
      vertex -1.404818e+00 1.206612e+00 5.376587e-01
    endloop
  endfacet
  facet normal 3.558515e-01 -8.157003e-01 4.560732e-01
    outer loop
      vertex -1.042416e+00 1.370662e+00 5.483013e-01
      vertex -1.404818e+00 1.206612e+00 5.376587e-01
      vertex -1.127739e+00 1.258166e+00 4.136725e-01
    endloop
  endfacet
  facet normal 4.306282e-01 -4.870306e-01 7.598425e-01
    outer loop
      vertex -1.127739e+00 1.258166e+00 4.136725e-01
      vertex -1.404818e+00 1.206612e+00 5.376587e-01
      vertex -1.415788e+00 1.039860e+00 4.369937e-01
    endloop
  endfacet
  facet normal 4.622108e-01 -5.342672e-01 7.077568e-01
    outer loop
      vertex -1.127739e+00 1.258166e+00 4.136725e-01
      vertex -1.415788e+00 1.039860e+00 4.369937e-01
      vertex -1.180555e+00 1.093306e+00 3.237164e-01
    endloop
  endfacet
  facet normal 4.523143e-01 -1.167958e-01 8.841779e-01
    outer loop
      vertex -1.180555e+00 1.093306e+00 3.237164e-01
      vertex -1.415788e+00 1.039860e+00 4.369937e-01
      vertex -1.395966e+00 8.490253e-01 4.016448e-01
    endloop
  endfacet
  facet normal 5.012611e-01 -1.714544e-01 8.481396e-01
    outer loop
      vertex -1.180555e+00 1.093306e+00 3.237164e-01
      vertex -1.395966e+00 8.490253e-01 4.016448e-01
      vertex -1.192822e+00 9.011817e-01 2.921280e-01
    endloop
  endfacet
  facet normal 4.024720e-01 2.694590e-01 8.748761e-01
    outer loop
      vertex -1.192822e+00 9.011817e-01 2.921280e-01
      vertex -1.395966e+00 8.490253e-01 4.016448e-01
      vertex -1.348368e+00 6.631620e-01 4.369937e-01
    endloop
  endfacet
  facet normal 4.671359e-01 2.164874e-01 8.572732e-01
    outer loop
      vertex -1.192822e+00 9.011817e-01 2.921280e-01
      vertex -1.348368e+00 6.631620e-01 4.369937e-01
      vertex -1.162674e+00 7.110410e-01 3.237164e-01
    endloop
  endfacet
  facet normal 2.897237e-01 6.138012e-01 7.343761e-01
    outer loop
      vertex -1.162674e+00 7.110410e-01 3.237164e-01
      vertex -1.348368e+00 6.631620e-01 4.369937e-01
      vertex -1.280242e+00 5.105658e-01 5.376587e-01
    endloop
  endfacet
  facet normal 3.644519e-01 5.711653e-01 7.354896e-01
    outer loop
      vertex -1.162674e+00 7.110410e-01 3.237164e-01
      vertex -1.280242e+00 5.105658e-01 5.376587e-01
      vertex -1.094700e+00 5.518314e-01 4.136725e-01
    endloop
  endfacet
  facet normal 1.309181e-01 8.652753e-01 4.838999e-01
    outer loop
      vertex -1.094700e+00 5.518314e-01 4.136725e-01
      vertex -1.280242e+00 5.105658e-01 5.376587e-01
      vertex -1.201959e+00 4.144680e-01 6.883146e-01
    endloop
  endfacet
  facet normal 2.082368e-01 8.398079e-01 5.013583e-01
    outer loop
      vertex -1.094700e+00 5.518314e-01 4.136725e-01
      vertex -1.201959e+00 4.144680e-01 6.883146e-01
      vertex -9.992490e-01 4.477912e-01 5.483013e-01
    endloop
  endfacet
  facet normal -5.116158e-02 9.857046e-01 1.605270e-01
    outer loop
      vertex -9.992490e-01 4.477912e-01 5.483013e-01
      vertex -1.201959e+00 4.144680e-01 6.883146e-01
      vertex -1.125437e+00 3.894986e-01 8.660254e-01
    endloop
  endfacet
  facet normal 2.230433e-02 9.817285e-01 1.889754e-01
    outer loop
      vertex -9.992490e-01 4.477912e-01 5.483013e-01
      vertex -1.125437e+00 3.894986e-01 8.660254e-01
      vertex -8.908517e-01 4.147596e-01 7.071068e-01
    endloop
  endfacet
  facet normal -3.277799e-01 9.232646e-01 -2.003568e-01
    outer loop
      vertex -1.125437e+00 3.894986e-01 8.660254e-01
      vertex -1.377939e+00 3.215340e-01 9.659258e-01
      vertex -1.359195e+00 3.690482e-01 1.154211e+00
    endloop
  endfacet
  facet normal -2.850909e-01 9.443251e-01 -1.642356e-01
    outer loop
      vertex -1.125437e+00 3.894986e-01 8.660254e-01
      vertex -1.359195e+00 3.690482e-01 1.154211e+00
      vertex -1.062325e+00 4.394591e-01 1.043736e+00
    endloop
  endfacet
  facet normal -3.803953e-01 7.458210e-01 -5.468551e-01
    outer loop
      vertex -1.062325e+00 4.394591e-01 1.043736e+00
      vertex -1.359195e+00 3.690482e-01 1.154211e+00
      vertex -1.369713e+00 4.807214e-01 1.313831e+00
    endloop
  endfacet
  facet normal -3.485967e-01 7.822909e-01 -5.162377e-01
    outer loop
      vertex -1.062325e+00 4.394591e-01 1.043736e+00
      vertex -1.369713e+00 4.807214e-01 1.313831e+00
      vertex -1.022233e+00 5.567434e-01 1.194392e+00
    endloop
  endfacet
  facet normal -3.768096e-01 4.522529e-01 -8.083822e-01
    outer loop
      vertex -1.022233e+00 5.567434e-01 1.194392e+00
      vertex -1.369713e+00 4.807214e-01 1.313831e+00
      vertex -1.407892e+00 6.395525e-01 1.420486e+00
    endloop
  endfacet
  facet normal -3.555474e-01 5.000726e-01 -7.896287e-01
    outer loop
      vertex -1.022233e+00 5.567434e-01 1.194392e+00
      vertex -1.407892e+00 6.395525e-01 1.420486e+00
      vertex -1.011263e+00 7.234961e-01 1.295057e+00
    endloop
  endfacet
  facet normal -3.175032e-01 8.963561e-02 -9.440112e-01
    outer loop
      vertex -1.011263e+00 7.234961e-01 1.295057e+00
      vertex -1.407892e+00 6.395525e-01 1.420486e+00
      vertex -1.467919e+00 8.213609e-01 1.457939e+00
    endloop
  endfacet
  facet normal -3.052445e-01 1.426945e-01 -9.415222e-01
    outer loop
      vertex -1.011263e+00 7.234961e-01 1.295057e+00
      vertex -1.467919e+00 8.213609e-01 1.457939e+00
      vertex -1.031085e+00 9.143304e-01 1.330406e+00
    endloop
  endfacet
  facet normal -2.122796e-01 -2.848551e-01 -9.347700e-01
    outer loop
      vertex -1.031085e+00 9.143304e-01 1.330406e+00
      vertex -1.467919e+00 8.213609e-01 1.457939e+00
      vertex -1.540656e+00 9.984679e-01 1.420486e+00
    endloop
  endfacet
  facet normal -2.065341e-01 -2.335968e-01 -9.501454e-01
    outer loop
      vertex -1.031085e+00 9.143304e-01 1.330406e+00
      vertex -1.540656e+00 9.984679e-01 1.420486e+00
      vertex -1.078683e+00 1.100194e+00 1.295057e+00
    endloop
  endfacet
  facet normal -7.759929e-02 -6.150707e-01 -7.846441e-01
    outer loop
      vertex -1.078683e+00 1.100194e+00 1.295057e+00
      vertex -1.540656e+00 9.984679e-01 1.420486e+00
      vertex -1.615029e+00 1.143911e+00 1.313831e+00
    endloop
  endfacet
  facet normal -7.523021e-02 -5.722821e-01 -8.165988e-01
    outer loop
      vertex -1.078683e+00 1.100194e+00 1.295057e+00
      vertex -1.615029e+00 1.143911e+00 1.313831e+00
      vertex -1.146809e+00 1.252790e+00 1.194392e+00
    endloop
  endfacet
  facet normal 6.659120e-02 -8.534330e-01 -5.169310e-01
    outer loop
      vertex -1.146809e+00 1.252790e+00 1.194392e+00
      vertex -1.615029e+00 1.143911e+00 1.313831e+00
      vertex -1.679716e+00 1.235547e+00 1.154211e+00
    endloop
  endfacet
  facet normal 6.903137e-02 -8.244278e-01 -5.617415e-01
    outer loop
      vertex -1.146809e+00 1.252790e+00 1.194392e+00
      vertex -1.679716e+00 1.235547e+00 1.154211e+00
      vertex -1.225092e+00 1.348888e+00 1.043736e+00
    endloop
  endfacet
  facet normal 1.992450e-01 -9.650613e-01 -1.701711e-01
    outer loop
      vertex -1.225092e+00 1.348888e+00 1.043736e+00
      vertex -1.679716e+00 1.235547e+00 1.154211e+00
      vertex -1.724868e+00 1.259425e+00 9.659258e-01
    endloop
  endfacet
  facet normal 2.052249e-01 -9.531367e-01 -2.222907e-01
    outer loop
      vertex -1.225092e+00 1.348888e+00 1.043736e+00
      vertex -1.724868e+00 1.259425e+00 9.659258e-01
      vertex -1.301614e+00 1.373857e+00 8.660254e-01
    endloop
  endfacet
  facet normal 3.002768e-01 -9.315232e-01 2.051788e-01
    outer loop
      vertex -1.301614e+00 1.373857e+00 8.660254e-01
      vertex -1.724868e+00 1.259425e+00 9.659258e-01
      vertex -1.743612e+00 1.211911e+00 7.776407e-01
    endloop
  endfacet
  facet normal 3.130033e-01 -9.374468e-01 1.523892e-01
    outer loop
      vertex -1.301614e+00 1.373857e+00 8.660254e-01
      vertex -1.743612e+00 1.211911e+00 7.776407e-01
      vertex -1.364726e+00 1.323897e+00 6.883146e-01
    endloop
  endfacet
  facet normal 3.533653e-01 -7.554208e-01 5.517902e-01
    outer loop
      vertex -1.364726e+00 1.323897e+00 6.883146e-01
      vertex -1.743612e+00 1.211911e+00 7.776407e-01
      vertex -1.733094e+00 1.100238e+00 6.180202e-01
    endloop
  endfacet
  facet normal 3.754618e-01 -7.771305e-01 5.050710e-01
    outer loop
      vertex -1.364726e+00 1.323897e+00 6.883146e-01
      vertex -1.733094e+00 1.100238e+00 6.180202e-01
      vertex -1.404818e+00 1.206612e+00 5.376587e-01
    endloop
  endfacet
  facet normal 3.494347e-01 -4.629921e-01 8.145758e-01
    outer loop
      vertex -1.404818e+00 1.206612e+00 5.376587e-01
      vertex -1.733094e+00 1.100238e+00 6.180202e-01
      vertex -1.694915e+00 9.414067e-01 5.113652e-01
    endloop
  endfacet
  facet normal 3.826013e-01 -4.958050e-01 7.796112e-01
    outer loop
      vertex -1.404818e+00 1.206612e+00 5.376587e-01
      vertex -1.694915e+00 9.414067e-01 5.113652e-01
      vertex -1.415788e+00 1.039860e+00 4.369937e-01
    endloop
  endfacet
  facet normal 2.891461e-01 -1.006398e-01 9.519801e-01
    outer loop
      vertex -1.415788e+00 1.039860e+00 4.369937e-01
      vertex -1.694915e+00 9.414067e-01 5.113652e-01
      vertex -1.634888e+00 7.595983e-01 4.739130e-01
    endloop
  endfacet
  facet normal 3.337352e-01 -1.380641e-01 9.325015e-01
    outer loop
      vertex -1.415788e+00 1.039860e+00 4.369937e-01
      vertex -1.634888e+00 7.595983e-01 4.739130e-01
      vertex -1.395966e+00 8.490253e-01 4.016448e-01
    endloop
  endfacet
  facet normal 1.827321e-01 2.746749e-01 9.440141e-01
    outer loop
      vertex -1.395966e+00 8.490253e-01 4.016448e-01
      vertex -1.634888e+00 7.595983e-01 4.739130e-01
      vertex -1.562151e+00 5.824913e-01 5.113652e-01
    endloop
  endfacet
  facet normal 2.370432e-01 2.397560e-01 9.414497e-01
    outer loop
      vertex -1.395966e+00 8.490253e-01 4.016448e-01
      vertex -1.562151e+00 5.824913e-01 5.113652e-01
      vertex -1.348368e+00 6.631620e-01 4.369937e-01
    endloop
  endfacet
  facet normal 4.735631e-02 6.063243e-01 7.938062e-01
    outer loop
      vertex -1.348368e+00 6.631620e-01 4.369937e-01
      vertex -1.562151e+00 5.824913e-01 5.113652e-01
      vertex -1.487778e+00 4.370486e-01 6.180202e-01
    endloop
  endfacet
  facet normal 1.070225e-01 5.803461e-01 8.073070e-01
    outer loop
      vertex -1.348368e+00 6.631620e-01 4.369937e-01
      vertex -1.487778e+00 4.370486e-01 6.180202e-01
      vertex -1.280242e+00 5.105658e-01 5.376587e-01
    endloop
  endfacet
  facet normal -9.646261e-02 8.458240e-01 5.246683e-01
    outer loop
      vertex -1.280242e+00 5.105658e-01 5.376587e-01
      vertex -1.487778e+00 4.370486e-01 6.180202e-01
      vertex -1.423091e+00 3.454126e-01 7.776407e-01
    endloop
  endfacet
  facet normal -3.762635e-02 8.335125e-01 5.512179e-01
    outer loop
      vertex -1.280242e+00 5.105658e-01 5.376587e-01
      vertex -1.423091e+00 3.454126e-01 7.776407e-01
      vertex -1.201959e+00 4.144680e-01 6.883146e-01
    endloop
  endfacet
  facet normal -2.279115e-01 9.576243e-01 1.761024e-01
    outer loop
      vertex -1.201959e+00 4.144680e-01 6.883146e-01
      vertex -1.423091e+00 3.454126e-01 7.776407e-01
      vertex -1.377939e+00 3.215340e-01 9.659258e-01
    endloop
  endfacet
  facet normal -1.754917e-01 9.616724e-01 2.106869e-01
    outer loop
      vertex -1.201959e+00 4.144680e-01 6.883146e-01
      vertex -1.377939e+00 3.215340e-01 9.659258e-01
      vertex -1.125437e+00 3.894986e-01 8.660254e-01
    endloop
  endfacet
  facet normal -4.529223e-01 8.701027e-01 -1.943776e-01
    outer loop
      vertex -1.377939e+00 3.215340e-01 9.659258e-01
      vertex -1.635247e+00 1.952069e-01 1.000000e+00
      vertex -1.655697e+00 2.273071e-01 1.191342e+00
    endloop
  endfacet
  facet normal -4.424589e-01 8.789929e-01 -1.777683e-01
    outer loop
      vertex -1.377939e+00 3.215340e-01 9.659258e-01
      vertex -1.655697e+00 2.273071e-01 1.191342e+00
      vertex -1.359195e+00 3.690482e-01 1.154211e+00
    endloop
  endfacet
  facet normal -4.142851e-01 7.211800e-01 -5.552182e-01
    outer loop
      vertex -1.359195e+00 3.690482e-01 1.154211e+00
      vertex -1.655697e+00 2.273071e-01 1.191342e+00
      vertex -1.713661e+00 3.188920e-01 1.353553e+00
    endloop
  endfacet
  facet normal -4.083633e-01 7.350877e-01 -5.411889e-01
    outer loop
      vertex -1.359195e+00 3.690482e-01 1.154211e+00
      vertex -1.713661e+00 3.188920e-01 1.353553e+00
      vertex -1.369713e+00 4.807214e-01 1.313831e+00
    endloop
  endfacet
  facet normal -3.123141e-01 4.597311e-01 -8.313286e-01
    outer loop
      vertex -1.369713e+00 4.807214e-01 1.313831e+00
      vertex -1.713661e+00 3.188920e-01 1.353553e+00
      vertex -1.800315e+00 4.560185e-01 1.461940e+00
    endloop
  endfacet
  facet normal -3.101524e-01 4.774762e-01 -8.220839e-01
    outer loop
      vertex -1.369713e+00 4.807214e-01 1.313831e+00
      vertex -1.800315e+00 4.560185e-01 1.461940e+00
      vertex -1.407892e+00 6.395525e-01 1.420486e+00
    endloop
  endfacet
  facet normal -1.628943e-01 1.273114e-01 -9.783952e-01
    outer loop
      vertex -1.407892e+00 6.395525e-01 1.420486e+00
      vertex -1.800315e+00 4.560185e-01 1.461940e+00
      vertex -1.902467e+00 6.178104e-01 1.500000e+00
    endloop
  endfacet
  facet normal -1.633053e-01 1.470449e-01 -9.755558e-01
    outer loop
      vertex -1.407892e+00 6.395525e-01 1.420486e+00
      vertex -1.902467e+00 6.178104e-01 1.500000e+00
      vertex -1.467919e+00 8.213609e-01 1.457939e+00
    endloop
  endfacet
  facet normal 1.006415e-02 -2.229127e-01 -9.747865e-01
    outer loop
      vertex -1.467919e+00 8.213609e-01 1.457939e+00
      vertex -1.902467e+00 6.178104e-01 1.500000e+00
      vertex -2.004565e+00 7.796364e-01 1.461940e+00
    endloop
  endfacet
  facet normal 8.525584e-03 -2.035312e-01 -9.790313e-01
    outer loop
      vertex -1.467919e+00 8.213609e-01 1.457939e+00
      vertex -2.004565e+00 7.796364e-01 1.461940e+00
      vertex -1.540656e+00 9.984679e-01 1.420486e+00
    endloop
  endfacet
  facet normal 1.798726e-01 -5.373946e-01 -8.239253e-01
    outer loop
      vertex -1.540656e+00 9.984679e-01 1.420486e+00
      vertex -2.004565e+00 7.796364e-01 1.461940e+00
      vertex -2.091066e+00 9.168598e-01 1.353553e+00
    endloop
  endfacet
  facet normal 1.787271e-01 -5.207634e-01 -8.347827e-01
    outer loop
      vertex -1.540656e+00 9.984679e-01 1.420486e+00
      vertex -2.091066e+00 9.168598e-01 1.353553e+00
      vertex -1.615029e+00 1.143911e+00 1.313831e+00
    endloop
  endfacet
  facet normal 3.216251e-01 -7.705839e-01 -5.502343e-01
    outer loop
      vertex -1.615029e+00 1.143911e+00 1.313831e+00
      vertex -2.091066e+00 9.168598e-01 1.353553e+00
      vertex -2.148800e+00 1.008590e+00 1.191342e+00
    endloop
  endfacet
  facet normal 3.222639e-01 -7.586931e-01 -5.661544e-01
    outer loop
      vertex -1.615029e+00 1.143911e+00 1.313831e+00
      vertex -2.148800e+00 1.008590e+00 1.191342e+00
      vertex -1.679716e+00 1.235547e+00 1.154211e+00
    endloop
  endfacet
  facet normal 4.148171e-01 -8.890503e-01 -1.936912e-01
    outer loop
      vertex -1.679716e+00 1.235547e+00 1.154211e+00
      vertex -2.148800e+00 1.008590e+00 1.191342e+00
      vertex -2.168979e+00 1.040861e+00 1.000000e+00
    endloop
  endfacet
  facet normal 4.183327e-01 -8.831297e-01 -2.123196e-01
    outer loop
      vertex -1.679716e+00 1.235547e+00 1.154211e+00
      vertex -2.168979e+00 1.040861e+00 1.000000e+00
      vertex -1.724868e+00 1.259425e+00 9.659258e-01
    endloop
  endfacet
  facet normal 4.451099e-01 -8.741593e-01 1.942232e-01
    outer loop
      vertex -1.724868e+00 1.259425e+00 9.659258e-01
      vertex -2.168979e+00 1.040861e+00 1.000000e+00
      vertex -2.148529e+00 1.008761e+00 8.086584e-01
    endloop
  endfacet
  facet normal 4.521794e-01 -8.744590e-01 1.756565e-01
    outer loop
      vertex -1.724868e+00 1.259425e+00 9.659258e-01
      vertex -2.148529e+00 1.008761e+00 8.086584e-01
      vertex -1.743612e+00 1.211911e+00 7.776407e-01
    endloop
  endfacet
  facet normal 4.066017e-01 -7.256915e-01 5.550198e-01
    outer loop
      vertex -1.743612e+00 1.211911e+00 7.776407e-01
      vertex -2.148529e+00 1.008761e+00 8.086584e-01
      vertex -2.090565e+00 9.171760e-01 6.464467e-01
    endloop
  endfacet
  facet normal 4.174436e-01 -7.314227e-01 5.392232e-01
    outer loop
      vertex -1.743612e+00 1.211911e+00 7.776407e-01
      vertex -2.090565e+00 9.171760e-01 6.464467e-01
      vertex -1.733094e+00 1.100238e+00 6.180202e-01
    endloop
  endfacet
  facet normal 3.042126e-01 -4.649368e-01 8.314376e-01
    outer loop
      vertex -1.733094e+00 1.100238e+00 6.180202e-01
      vertex -2.090565e+00 9.171760e-01 6.464467e-01
      vertex -2.003911e+00 7.800494e-01 5.380604e-01
    endloop
  endfacet
  facet normal 3.186441e-01 -4.744355e-01 8.205954e-01
    outer loop
      vertex -1.733094e+00 1.100238e+00 6.180202e-01
      vertex -2.003911e+00 7.800494e-01 5.380604e-01
      vertex -1.694915e+00 9.414067e-01 5.113652e-01
    endloop
  endfacet
  facet normal 1.540610e-01 -1.330456e-01 9.790628e-01
    outer loop
      vertex -1.694915e+00 9.414067e-01 5.113652e-01
      vertex -2.003911e+00 7.800494e-01 5.380604e-01
      vertex -1.901759e+00 6.182575e-01 5.000002e-01
    endloop
  endfacet
  facet normal 1.715891e-01 -1.441072e-01 9.745719e-01
    outer loop
      vertex -1.694915e+00 9.414067e-01 5.113652e-01
      vertex -1.901759e+00 6.182575e-01 5.000002e-01
      vertex -1.634888e+00 7.595983e-01 4.739130e-01
    endloop
  endfacet
  facet normal -1.961243e-02 2.171596e-01 9.759391e-01
    outer loop
      vertex -1.634888e+00 7.595983e-01 4.739130e-01
      vertex -1.901759e+00 6.182575e-01 5.000002e-01
      vertex -1.799661e+00 4.564316e-01 5.380604e-01
    endloop
  endfacet
  facet normal 1.276391e-04 2.069417e-01 9.783533e-01
    outer loop
      vertex -1.634888e+00 7.595983e-01 4.739130e-01
      vertex -1.799661e+00 4.564316e-01 5.380604e-01
      vertex -1.562151e+00 5.824913e-01 5.113652e-01
    endloop
  endfacet
  facet normal -1.896999e-01 5.321480e-01 8.251257e-01
    outer loop
      vertex -1.562151e+00 5.824913e-01 5.113652e-01
      vertex -1.799661e+00 4.564316e-01 5.380604e-01
      vertex -1.713160e+00 3.192081e-01 6.464467e-01
    endloop
  endfacet
  facet normal -1.693213e-01 5.250443e-01 8.340616e-01
    outer loop
      vertex -1.562151e+00 5.824913e-01 5.113652e-01
      vertex -1.713160e+00 3.192081e-01 6.464467e-01
      vertex -1.487778e+00 4.370486e-01 6.180202e-01
    endloop
  endfacet
  facet normal -3.310241e-01 7.660371e-01 5.510084e-01
    outer loop
      vertex -1.487778e+00 4.370486e-01 6.180202e-01
      vertex -1.713160e+00 3.192081e-01 6.464467e-01
      vertex -1.655426e+00 2.274782e-01 8.086584e-01
    endloop
  endfacet
  facet normal -3.122471e-01 7.637338e-01 5.649889e-01
    outer loop
      vertex -1.487778e+00 4.370486e-01 6.180202e-01
      vertex -1.655426e+00 2.274782e-01 8.086584e-01
      vertex -1.423091e+00 3.454126e-01 7.776407e-01
    endloop
  endfacet
  facet normal -4.233341e-01 8.849802e-01 1.939029e-01
    outer loop
      vertex -1.423091e+00 3.454126e-01 7.776407e-01
      vertex -1.655426e+00 2.274782e-01 8.086584e-01
      vertex -1.635247e+00 1.952069e-01 1.000000e+00
    endloop
  endfacet
  facet normal -4.082202e-01 8.882716e-01 2.105466e-01
    outer loop
      vertex -1.423091e+00 3.454126e-01 7.776407e-01
      vertex -1.635247e+00 1.952069e-01 1.000000e+00
      vertex -1.377939e+00 3.215340e-01 9.659258e-01
    endloop
  endfacet
  facet normal -6.014428e-01 7.794978e-01 -1.750708e-01
    outer loop
      vertex -1.635247e+00 1.952069e-01 1.000000e+00
      vertex -1.873822e+00 3.475224e-03 9.659258e-01
      vertex -1.921679e+00 9.008765e-03 1.154974e+00
    endloop
  endfacet
  facet normal -6.063405e-01 7.711348e-01 -1.941708e-01
    outer loop
      vertex -1.635247e+00 1.952069e-01 1.000000e+00
      vertex -1.921679e+00 9.008765e-03 1.154974e+00
      vertex -1.655697e+00 2.273071e-01 1.191342e+00
    endloop
  endfacet
  facet normal -4.895341e-01 6.861179e-01 -5.381436e-01
    outer loop
      vertex -1.655697e+00 2.273071e-01 1.191342e+00
      vertex -1.921679e+00 9.008765e-03 1.154974e+00
      vertex -2.016629e+00 6.696623e-02 1.315242e+00
    endloop
  endfacet
  facet normal -4.893579e-01 6.728734e-01 -5.547704e-01
    outer loop
      vertex -1.655697e+00 2.273071e-01 1.191342e+00
      vertex -2.016629e+00 6.696623e-02 1.315242e+00
      vertex -1.713661e+00 3.188920e-01 1.353553e+00
    endloop
  endfacet
  facet normal -3.009641e-01 4.866608e-01 -8.201109e-01
    outer loop
      vertex -1.713661e+00 3.188920e-01 1.353553e+00
      vertex -2.016629e+00 6.696623e-02 1.315242e+00
      vertex -2.144217e+00 1.685241e-01 1.422329e+00
    endloop
  endfacet
  facet normal -2.968299e-01 4.696276e-01 -8.314697e-01
    outer loop
      vertex -1.713661e+00 3.188920e-01 1.353553e+00
      vertex -2.144217e+00 1.685241e-01 1.422329e+00
      vertex -1.800315e+00 4.560185e-01 1.461940e+00
    endloop
  endfacet
  facet normal -6.502134e-02 2.121237e-01 -9.750773e-01
    outer loop
      vertex -1.800315e+00 4.560185e-01 1.461940e+00
      vertex -2.144217e+00 1.685241e-01 1.422329e+00
      vertex -2.285018e+00 2.982211e-01 1.459933e+00
    endloop
  endfacet
  facet normal -5.885372e-02 1.932335e-01 -9.793861e-01
    outer loop
      vertex -1.800315e+00 4.560185e-01 1.461940e+00
      vertex -2.285018e+00 2.982211e-01 1.459933e+00
      vertex -1.902467e+00 6.178104e-01 1.500000e+00
    endloop
  endfacet
  facet normal 1.805146e-01 -9.332328e-02 -9.791349e-01
    outer loop
      vertex -1.902467e+00 6.178104e-01 1.500000e+00
      vertex -2.285018e+00 2.982211e-01 1.459933e+00
      vertex -2.417596e+00 4.363121e-01 1.422329e+00
    endloop
  endfacet
  facet normal 1.865764e-01 -1.118467e-01 -9.760531e-01
    outer loop
      vertex -1.902467e+00 6.178104e-01 1.500000e+00
      vertex -2.417596e+00 4.363121e-01 1.422329e+00
      vertex -2.004565e+00 7.796364e-01 1.461940e+00
    endloop
  endfacet
  facet normal 3.975473e-01 -3.820087e-01 -8.342814e-01
    outer loop
      vertex -2.004565e+00 7.796364e-01 1.461940e+00
      vertex -2.417596e+00 4.363121e-01 1.422329e+00
      vertex -2.521768e+00 5.617740e-01 1.315242e+00
    endloop
  endfacet
  facet normal 4.016477e-01 -3.982006e-01 -8.246911e-01
    outer loop
      vertex -2.004565e+00 7.796364e-01 1.461940e+00
      vertex -2.521768e+00 5.617740e-01 1.315242e+00
      vertex -2.091066e+00 9.168598e-01 1.353553e+00
    endloop
  endfacet
  facet normal 5.542912e-01 -6.113945e-01 -5.647637e-01
    outer loop
      vertex -2.091066e+00 9.168598e-01 1.353553e+00
      vertex -2.521768e+00 5.617740e-01 1.315242e+00
      vertex -2.581675e+00 6.555063e-01 1.154974e+00
    endloop
  endfacet
  facet normal 5.550363e-01 -6.237858e-01 -5.502962e-01
    outer loop
      vertex -2.091066e+00 9.168598e-01 1.353553e+00
      vertex -2.581675e+00 6.555063e-01 1.154974e+00
      vertex -2.148800e+00 1.008590e+00 1.191342e+00
    endloop
  endfacet
  facet normal 6.284479e-01 -7.487622e-01 -2.107330e-01
    outer loop
      vertex -2.148800e+00 1.008590e+00 1.191342e+00
      vertex -2.581675e+00 6.555063e-01 1.154974e+00
      vertex -2.588196e+00 7.032391e-01 9.659258e-01
    endloop
  endfacet
  facet normal 6.248780e-01 -7.563717e-01 -1.934663e-01
    outer loop
      vertex -2.148800e+00 1.008590e+00 1.191342e+00
      vertex -2.588196e+00 7.032391e-01 9.659258e-01
      vertex -2.168979e+00 1.040861e+00 1.000000e+00
    endloop
  endfacet
  facet normal 6.086148e-01 -7.735379e-01 1.767119e-01
    outer loop
      vertex -2.168979e+00 1.040861e+00 1.000000e+00
      vertex -2.588196e+00 7.032391e-01 9.659258e-01
      vertex -2.540339e+00 6.977055e-01 7.768775e-01
    endloop
  endfacet
  facet normal 6.002072e-01 -7.758829e-01 1.943119e-01
    outer loop
      vertex -2.168979e+00 1.040861e+00 1.000000e+00
      vertex -2.540339e+00 6.977055e-01 7.768775e-01
      vertex -2.148529e+00 1.008761e+00 8.086584e-01
    endloop
  endfacet
  facet normal 4.960972e-01 -6.800471e-01 5.398365e-01
    outer loop
      vertex -2.148529e+00 1.008761e+00 8.086584e-01
      vertex -2.540339e+00 6.977055e-01 7.768775e-01
      vertex -2.445389e+00 6.397481e-01 6.166100e-01
    endloop
  endfacet
  facet normal 4.829201e-01 -6.773313e-01 5.549869e-01
    outer loop
      vertex -2.148529e+00 1.008761e+00 8.086584e-01
      vertex -2.445389e+00 6.397481e-01 6.166100e-01
      vertex -2.090565e+00 9.171760e-01 6.464467e-01
    endloop
  endfacet
  facet normal 3.067997e-01 -4.807342e-01 8.214430e-01
    outer loop
      vertex -2.090565e+00 9.171760e-01 6.464467e-01
      vertex -2.445389e+00 6.397481e-01 6.166100e-01
      vertex -2.317802e+00 5.381902e-01 5.095227e-01
    endloop
  endfacet
  facet normal 2.897137e-01 -4.741016e-01 8.314407e-01
    outer loop
      vertex -2.090565e+00 9.171760e-01 6.464467e-01
      vertex -2.317802e+00 5.381902e-01 5.095227e-01
      vertex -2.003911e+00 7.800494e-01 5.380604e-01
    endloop
  endfacet
  facet normal 7.040329e-02 -2.065212e-01 9.759059e-01
    outer loop
      vertex -2.003911e+00 7.800494e-01 5.380604e-01
      vertex -2.317802e+00 5.381902e-01 5.095227e-01
      vertex -2.177001e+00 4.084932e-01 4.719186e-01
    endloop
  endfacet
  facet normal 5.105531e-02 -1.980346e-01 9.788645e-01
    outer loop
      vertex -2.003911e+00 7.800494e-01 5.380604e-01
      vertex -2.177001e+00 4.084932e-01 4.719186e-01
      vertex -1.901759e+00 6.182575e-01 5.000002e-01
    endloop
  endfacet
  facet normal -1.751132e-01 9.863433e-02 9.795951e-01
    outer loop
      vertex -1.901759e+00 6.182575e-01 5.000002e-01
      vertex -2.177001e+00 4.084932e-01 4.719186e-01
      vertex -2.044422e+00 2.704022e-01 5.095227e-01
    endloop
  endfacet
  facet normal -1.946492e-01 1.065227e-01 9.750716e-01
    outer loop
      vertex -1.901759e+00 6.182575e-01 5.000002e-01
      vertex -2.044422e+00 2.704022e-01 5.095227e-01
      vertex -1.799661e+00 4.564316e-01 5.380604e-01
    endloop
  endfacet
  facet normal -3.916375e-01 3.872421e-01 8.346638e-01
    outer loop
      vertex -1.799661e+00 4.564316e-01 5.380604e-01
      vertex -2.044422e+00 2.704022e-01 5.095227e-01
      vertex -1.940250e+00 1.449403e-01 6.166100e-01
    endloop
  endfacet
  facet normal -4.093967e-01 3.924740e-01 8.236252e-01
    outer loop
      vertex -1.799661e+00 4.564316e-01 5.380604e-01
      vertex -1.940250e+00 1.449403e-01 6.166100e-01
      vertex -1.713160e+00 3.192081e-01 6.464467e-01
    endloop
  endfacet
  facet normal -5.476084e-01 6.167868e-01 5.654194e-01
    outer loop
      vertex -1.713160e+00 3.192081e-01 6.464467e-01
      vertex -1.940250e+00 1.449403e-01 6.166100e-01
      vertex -1.880343e+00 5.120803e-02 7.768775e-01
    endloop
  endfacet
  facet normal -5.620651e-01 6.180969e-01 5.495808e-01
    outer loop
      vertex -1.713160e+00 3.192081e-01 6.464467e-01
      vertex -1.880343e+00 5.120803e-02 7.768775e-01
      vertex -1.655426e+00 2.274782e-01 8.086584e-01
    endloop
  endfacet
  facet normal -6.212109e-01 7.544452e-01 2.119182e-01
    outer loop
      vertex -1.655426e+00 2.274782e-01 8.086584e-01
      vertex -1.880343e+00 5.120803e-02 7.768775e-01
      vertex -1.873822e+00 3.475224e-03 9.659258e-01
    endloop
  endfacet
  facet normal -6.312440e-01 7.511222e-01 1.932523e-01
    outer loop
      vertex -1.655426e+00 2.274782e-01 8.086584e-01
      vertex -1.873822e+00 3.475224e-03 9.659258e-01
      vertex -1.635247e+00 1.952069e-01 1.000000e+00
    endloop
  endfacet
  facet normal -7.564000e-01 6.364218e-01 -1.510841e-01
    outer loop
      vertex -1.873822e+00 3.475224e-03 9.659258e-01
      vertex -2.066660e+00 -2.494328e-01 8.660254e-01
      vertex -2.126172e+00 -2.765292e-01 1.049831e+00
    endloop
  endfacet
  facet normal -7.567428e-01 6.191686e-01 -2.096918e-01
    outer loop
      vertex -1.873822e+00 3.475224e-03 9.659258e-01
      vertex -2.126172e+00 -2.765292e-01 1.049831e+00
      vertex -1.921679e+00 9.008765e-03 1.154974e+00
    endloop
  endfacet
  facet normal -6.006119e-01 6.172657e-01 -5.081815e-01
    outer loop
      vertex -1.921679e+00 9.008765e-03 1.154974e+00
      vertex -2.126172e+00 -2.765292e-01 1.049831e+00
      vertex -2.242596e+00 -2.615264e-01 1.205653e+00
    endloop
  endfacet
  facet normal -5.842842e-01 5.883893e-01 -5.589365e-01
    outer loop
      vertex -1.921679e+00 9.008765e-03 1.154974e+00
      vertex -2.242596e+00 -2.615264e-01 1.205653e+00
      vertex -2.016629e+00 6.696623e-02 1.315242e+00
    endloop
  endfacet
  facet normal -3.503977e-01 5.043278e-01 -7.892243e-01
    outer loop
      vertex -2.016629e+00 6.696623e-02 1.315242e+00
      vertex -2.242596e+00 -2.615264e-01 1.205653e+00
      vertex -2.398207e+00 -2.067087e-01 1.309771e+00
    endloop
  endfacet
  facet normal -3.218313e-01 4.652062e-01 -8.246259e-01
    outer loop
      vertex -2.016629e+00 6.696623e-02 1.315242e+00
      vertex -2.398207e+00 -2.067087e-01 1.309771e+00
      vertex -2.144217e+00 1.685241e-01 1.422329e+00
    endloop
  endfacet
  facet normal -4.411671e-02 3.143207e-01 -9.482912e-01
    outer loop
      vertex -2.144217e+00 1.685241e-01 1.422329e+00
      vertex -2.398207e+00 -2.067087e-01 1.309771e+00
      vertex -2.569315e+00 -1.204214e-01 1.346332e+00
    endloop
  endfacet
  facet normal -1.014275e-02 2.682821e-01 -9.632870e-01
    outer loop
      vertex -2.144217e+00 1.685241e-01 1.422329e+00
      vertex -2.569315e+00 -1.204214e-01 1.346332e+00
      vertex -2.285018e+00 2.982211e-01 1.459933e+00
    endloop
  endfacet
  facet normal 2.692067e-01 7.767080e-02 -9.599453e-01
    outer loop
      vertex -2.285018e+00 2.982211e-01 1.459933e+00
      vertex -2.569315e+00 -1.204214e-01 1.346332e+00
      vertex -2.729871e+00 -1.580106e-02 1.309771e+00
    endloop
  endfacet
  facet normal 3.009881e-01 2.941041e-02 -9.531743e-01
    outer loop
      vertex -2.285018e+00 2.982211e-01 1.459933e+00
      vertex -2.729871e+00 -1.580106e-02 1.309771e+00
      vertex -2.417596e+00 4.363121e-01 1.422329e+00
    endloop
  endfacet
  facet normal 5.404290e-01 -1.680207e-01 -8.244426e-01
    outer loop
      vertex -2.417596e+00 4.363121e-01 1.422329e+00
      vertex -2.729871e+00 -1.580106e-02 1.309771e+00
      vertex -2.855431e+00 9.122485e-02 1.205653e+00
    endloop
  endfacet
  facet normal 5.633121e-01 -2.135500e-01 -7.981703e-01
    outer loop
      vertex -2.417596e+00 4.363121e-01 1.422329e+00
      vertex -2.855431e+00 9.122485e-02 1.205653e+00
      vertex -2.521768e+00 5.617740e-01 1.315242e+00
    endloop
  endfacet
  facet normal 7.294329e-01 -3.856545e-01 -5.649763e-01
    outer loop
      vertex -2.521768e+00 5.617740e-01 1.315242e+00
      vertex -2.855431e+00 9.122485e-02 1.205653e+00
      vertex -2.926879e+00 1.843626e-01 1.049831e+00
    endloop
  endfacet
  facet normal 7.385178e-01 -4.241433e-01 -5.241126e-01
    outer loop
      vertex -2.521768e+00 5.617740e-01 1.315242e+00
      vertex -2.926879e+00 1.843626e-01 1.049831e+00
      vertex -2.581675e+00 6.555063e-01 1.154974e+00
    endloop
  endfacet
  facet normal 8.095652e-01 -5.438472e-01 -2.209851e-01
    outer loop
      vertex -2.581675e+00 6.555063e-01 1.154974e+00
      vertex -2.926879e+00 1.843626e-01 1.049831e+00
      vertex -2.933340e+00 2.494328e-01 8.660254e-01
    endloop
  endfacet
  facet normal 8.019619e-01 -5.720480e-01 -1.720997e-01
    outer loop
      vertex -2.581675e+00 6.555063e-01 1.154974e+00
      vertex -2.933340e+00 2.494328e-01 8.660254e-01
      vertex -2.588196e+00 7.032391e-01 9.659258e-01
    endloop
  endfacet
  facet normal 7.689693e-01 -6.195444e-01 1.576418e-01
    outer loop
      vertex -2.588196e+00 7.032391e-01 9.659258e-01
      vertex -2.933340e+00 2.494328e-01 8.660254e-01
      vertex -2.873828e+00 2.765292e-01 6.822202e-01
    endloop
  endfacet
  facet normal 7.438639e-01 -6.354958e-01 2.069095e-01
    outer loop
      vertex -2.588196e+00 7.032391e-01 9.659258e-01
      vertex -2.873828e+00 2.765292e-01 6.822202e-01
      vertex -2.540339e+00 6.977055e-01 7.768775e-01
    endloop
  endfacet
  facet normal 6.119264e-01 -6.002687e-01 5.149987e-01
    outer loop
      vertex -2.540339e+00 6.977055e-01 7.768775e-01
      vertex -2.873828e+00 2.765292e-01 6.822202e-01
      vertex -2.757404e+00 2.615264e-01 5.263976e-01
    endloop
  endfacet
  facet normal 5.708597e-01 -6.036695e-01 5.565090e-01
    outer loop
      vertex -2.540339e+00 6.977055e-01 7.768775e-01
      vertex -2.757404e+00 2.615264e-01 5.263976e-01
      vertex -2.445389e+00 6.397481e-01 6.166100e-01
    endloop
  endfacet
  facet normal 3.605711e-01 -4.871698e-01 7.953955e-01
    outer loop
      vertex -2.445389e+00 6.397481e-01 6.166100e-01
      vertex -2.757404e+00 2.615264e-01 5.263976e-01
      vertex -2.601793e+00 2.067087e-01 4.222803e-01
    endloop
  endfacet
  facet normal 3.076742e-01 -4.798412e-01 8.216380e-01
    outer loop
      vertex -2.445389e+00 6.397481e-01 6.166100e-01
      vertex -2.601793e+00 2.067087e-01 4.222803e-01
      vertex -2.317802e+00 5.381902e-01 5.095227e-01
    endloop
  endfacet
  facet normal 5.388995e-02 -2.970761e-01 9.533319e-01
    outer loop
      vertex -2.317802e+00 5.381902e-01 5.095227e-01
      vertex -2.601793e+00 2.067087e-01 4.222803e-01
      vertex -2.430685e+00 1.204214e-01 3.857192e-01
    endloop
  endfacet
  facet normal -4.532248e-03 -2.830020e-01 9.591086e-01
    outer loop
      vertex -2.317802e+00 5.381902e-01 5.095227e-01
      vertex -2.430685e+00 1.204214e-01 3.857192e-01
      vertex -2.177001e+00 4.084932e-01 4.719186e-01
    endloop
  endfacet
  facet normal -2.589125e-01 -6.045351e-02 9.640071e-01
    outer loop
      vertex -2.177001e+00 4.084932e-01 4.719186e-01
      vertex -2.430685e+00 1.204214e-01 3.857192e-01
      vertex -2.270129e+00 1.580106e-02 4.222803e-01
    endloop
  endfacet
  facet normal -3.156523e-01 -4.495005e-02 9.478097e-01
    outer loop
      vertex -2.177001e+00 4.084932e-01 4.719186e-01
      vertex -2.270129e+00 1.580106e-02 4.222803e-01
      vertex -2.044422e+00 2.704022e-01 5.095227e-01
    endloop
  endfacet
  facet normal -5.289615e-01 1.851348e-01 8.282058e-01
    outer loop
      vertex -2.044422e+00 2.704022e-01 5.095227e-01
      vertex -2.270129e+00 1.580106e-02 4.222803e-01
      vertex -2.144569e+00 -9.122485e-02 5.263976e-01
    endloop
  endfacet
  facet normal -5.774139e-01 1.968802e-01 7.923581e-01
    outer loop
      vertex -2.044422e+00 2.704022e-01 5.095227e-01
      vertex -2.144569e+00 -9.122485e-02 5.263976e-01
      vertex -1.940250e+00 1.449403e-01 6.166100e-01
    endloop
  endfacet
  facet normal -7.167670e-01 4.026396e-01 5.693210e-01
    outer loop
      vertex -1.940250e+00 1.449403e-01 6.166100e-01
      vertex -2.144569e+00 -9.122485e-02 5.263976e-01
      vertex -2.073121e+00 -1.843626e-01 6.822202e-01
    endloop
  endfacet
  facet normal -7.518454e-01 4.067521e-01 5.189231e-01
    outer loop
      vertex -1.940250e+00 1.449403e-01 6.166100e-01
      vertex -2.073121e+00 -1.843626e-01 6.822202e-01
      vertex -1.880343e+00 5.120803e-02 7.768775e-01
    endloop
  endfacet
  facet normal -7.964174e-01 5.607293e-01 2.264996e-01
    outer loop
      vertex -1.880343e+00 5.120803e-02 7.768775e-01
      vertex -2.073121e+00 -1.843626e-01 6.822202e-01
      vertex -2.066660e+00 -2.494328e-01 8.660254e-01
    endloop
  endfacet
  facet normal -8.147884e-01 5.548251e-01 1.681935e-01
    outer loop
      vertex -1.880343e+00 5.120803e-02 7.768775e-01
      vertex -2.066660e+00 -2.494328e-01 8.660254e-01
      vertex -1.873822e+00 3.475224e-03 9.659258e-01
    endloop
  endfacet
  facet normal -8.911793e-01 4.350444e-01 -1.285919e-01
    outer loop
      vertex -2.066660e+00 -2.494328e-01 8.660254e-01
      vertex -2.189586e+00 -5.482166e-01 7.071068e-01
      vertex -2.244157e+00 -6.074854e-01 8.847848e-01
    endloop
  endfacet
  facet normal -8.781977e-01 4.237217e-01 -2.218753e-01
    outer loop
      vertex -2.066660e+00 -2.494328e-01 8.660254e-01
      vertex -2.244157e+00 -6.074854e-01 8.847848e-01
      vertex -2.126172e+00 -2.765292e-01 1.049831e+00
    endloop
  endfacet
  facet normal -7.263824e-01 4.961405e-01 -4.756187e-01
    outer loop
      vertex -2.126172e+00 -2.765292e-01 1.049831e+00
      vertex -2.244157e+00 -6.074854e-01 8.847848e-01
      vertex -2.364134e+00 -6.387417e-01 1.035413e+00
    endloop
  endfacet
  facet normal -6.840613e-01 4.715565e-01 -5.565022e-01
    outer loop
      vertex -2.126172e+00 -2.765292e-01 1.049831e+00
      vertex -2.364134e+00 -6.387417e-01 1.035413e+00
      vertex -2.242596e+00 -2.615264e-01 1.205653e+00
    endloop
  endfacet
  facet normal -4.483245e-01 4.836947e-01 -7.516945e-01
    outer loop
      vertex -2.242596e+00 -2.615264e-01 1.205653e+00
      vertex -2.364134e+00 -6.387417e-01 1.035413e+00
      vertex -2.531251e+00 -6.372271e-01 1.136059e+00
    endloop
  endfacet
  facet normal -3.843487e-01 4.451182e-01 -8.087928e-01
    outer loop
      vertex -2.242596e+00 -2.615264e-01 1.205653e+00
      vertex -2.531251e+00 -6.372271e-01 1.136059e+00
      vertex -2.398207e+00 -2.067087e-01 1.309771e+00
    endloop
  endfacet
  facet normal -9.881218e-02 3.984601e-01 -9.118474e-01
    outer loop
      vertex -2.398207e+00 -2.067087e-01 1.309771e+00
      vertex -2.531251e+00 -6.372271e-01 1.136059e+00
      vertex -2.720067e+00 -6.031722e-01 1.171402e+00
    endloop
  endfacet
  facet normal -2.505559e-02 3.474836e-01 -9.373513e-01
    outer loop
      vertex -2.398207e+00 -2.067087e-01 1.309771e+00
      vertex -2.720067e+00 -6.031722e-01 1.171402e+00
      vertex -2.569315e+00 -1.204214e-01 1.346332e+00
    endloop
  endfacet
  facet normal 2.665110e-01 2.537124e-01 -9.298397e-01
    outer loop
      vertex -2.569315e+00 -1.204214e-01 1.346332e+00
      vertex -2.720067e+00 -6.031722e-01 1.171402e+00
      vertex -2.901835e+00 -5.417615e-01 1.136059e+00
    endloop
  endfacet
  facet normal 3.364490e-01 1.943227e-01 -9.214341e-01
    outer loop
      vertex -2.569315e+00 -1.204214e-01 1.346332e+00
      vertex -2.901835e+00 -5.417615e-01 1.136059e+00
      vertex -2.729871e+00 -1.580106e-02 1.309771e+00
    endloop
  endfacet
  facet normal 5.897900e-01 7.279533e-02 -8.042690e-01
    outer loop
      vertex -2.729871e+00 -1.580106e-02 1.309771e+00
      vertex -2.901835e+00 -5.417615e-01 1.136059e+00
      vertex -3.048885e+00 -4.623443e-01 1.035413e+00
    endloop
  endfacet
  facet normal 6.435514e-01 1.046446e-02 -7.653314e-01
    outer loop
      vertex -2.729871e+00 -1.580106e-02 1.309771e+00
      vertex -3.048885e+00 -4.623443e-01 1.035413e+00
      vertex -2.855431e+00 9.122485e-02 1.205653e+00
    endloop
  endfacet
  facet normal 8.224277e-01 -1.161506e-01 -5.568858e-01
    outer loop
      vertex -2.855431e+00 9.122485e-02 1.205653e+00
      vertex -3.048885e+00 -4.623443e-01 1.035413e+00
      vertex -3.138827e+00 -3.770110e-01 8.847848e-01
    endloop
  endfacet
  facet normal 8.508648e-01 -1.756709e-01 -4.951453e-01
    outer loop
      vertex -2.855431e+00 9.122485e-02 1.205653e+00
      vertex -3.138827e+00 -3.770110e-01 8.847848e-01
      vertex -2.926879e+00 1.843626e-01 1.049831e+00
    endloop
  endfacet
  facet normal 9.314388e-01 -2.852271e-01 -2.259806e-01
    outer loop
      vertex -2.926879e+00 1.843626e-01 1.049831e+00
      vertex -3.138827e+00 -3.770110e-01 8.847848e-01
      vertex -3.157970e+00 -2.987530e-01 7.071068e-01
    endloop
  endfacet
  facet normal 9.292627e-01 -3.367549e-01 -1.518779e-01
    outer loop
      vertex -2.926879e+00 1.843626e-01 1.049831e+00
      vertex -3.157970e+00 -2.987530e-01 7.071068e-01
      vertex -2.933340e+00 2.494328e-01 8.660254e-01
    endloop
  endfacet
  facet normal 9.012960e-01 -4.099321e-01 1.400759e-01
    outer loop
      vertex -2.933340e+00 2.494328e-01 8.660254e-01
      vertex -3.157970e+00 -2.987530e-01 7.071068e-01
      vertex -3.103399e+00 -2.394842e-01 5.294288e-01
    endloop
  endfacet
  facet normal 8.672148e-01 -4.493442e-01 2.145420e-01
    outer loop
      vertex -2.933340e+00 2.494328e-01 8.660254e-01
      vertex -3.103399e+00 -2.394842e-01 5.294288e-01
      vertex -2.873828e+00 2.765292e-01 6.822202e-01
    endloop
  endfacet
  facet normal 7.349269e-01 -4.713342e-01 4.875720e-01
    outer loop
      vertex -2.873828e+00 2.765292e-01 6.822202e-01
      vertex -3.103399e+00 -2.394842e-01 5.294288e-01
      vertex -2.983422e+00 -2.082279e-01 3.788007e-01
    endloop
  endfacet
  facet normal 6.719907e-01 -4.960836e-01 5.498451e-01
    outer loop
      vertex -2.873828e+00 2.765292e-01 6.822202e-01
      vertex -2.983422e+00 -2.082279e-01 3.788007e-01
      vertex -2.757404e+00 2.615264e-01 5.263976e-01
    endloop
  endfacet
  facet normal 4.553490e-01 -4.588167e-01 7.629840e-01
    outer loop
      vertex -2.757404e+00 2.615264e-01 5.263976e-01
      vertex -2.983422e+00 -2.082279e-01 3.788007e-01
      vertex -2.816305e+00 -2.097425e-01 2.781542e-01
    endloop
  endfacet
  facet normal 3.712445e-01 -4.686427e-01 8.015932e-01
    outer loop
      vertex -2.757404e+00 2.615264e-01 5.263976e-01
      vertex -2.816305e+00 -2.097425e-01 2.781542e-01
      vertex -2.601793e+00 2.067087e-01 4.222803e-01
    endloop
  endfacet
  facet normal 1.052231e-01 -3.732049e-01 9.217625e-01
    outer loop
      vertex -2.601793e+00 2.067087e-01 4.222803e-01
      vertex -2.816305e+00 -2.097425e-01 2.781542e-01
      vertex -2.627489e+00 -2.437974e-01 2.428119e-01
    endloop
  endfacet
  facet normal 1.153731e-02 -3.706287e-01 9.287094e-01
    outer loop
      vertex -2.601793e+00 2.067087e-01 4.222803e-01
      vertex -2.627489e+00 -2.437974e-01 2.428119e-01
      vertex -2.430685e+00 1.204214e-01 3.857192e-01
    endloop
  endfacet
  facet normal -2.594962e-01 -2.279969e-01 9.384451e-01
    outer loop
      vertex -2.430685e+00 1.204214e-01 3.857192e-01
      vertex -2.627489e+00 -2.437974e-01 2.428119e-01
      vertex -2.445720e+00 -3.052081e-01 2.781542e-01
    endloop
  endfacet
  facet normal -3.495147e-01 -2.179394e-01 9.112310e-01
    outer loop
      vertex -2.430685e+00 1.204214e-01 3.857192e-01
      vertex -2.445720e+00 -3.052081e-01 2.781542e-01
      vertex -2.270129e+00 1.580106e-02 4.222803e-01
    endloop
  endfacet
  facet normal -5.812761e-01 -4.677610e-02 8.123608e-01
    outer loop
      vertex -2.270129e+00 1.580106e-02 4.222803e-01
      vertex -2.445720e+00 -3.052081e-01 2.781542e-01
      vertex -2.298671e+00 -3.846254e-01 3.788007e-01
    endloop
  endfacet
  facet normal -6.555221e-01 -3.518555e-02 7.543558e-01
    outer loop
      vertex -2.270129e+00 1.580106e-02 4.222803e-01
      vertex -2.298671e+00 -3.846254e-01 3.788007e-01
      vertex -2.144569e+00 -9.122485e-02 5.263976e-01
    endloop
  endfacet
  facet normal -8.123448e-01 1.421419e-01 5.655896e-01
    outer loop
      vertex -2.144569e+00 -9.122485e-02 5.263976e-01
      vertex -2.298671e+00 -3.846254e-01 3.788007e-01
      vertex -2.208729e+00 -4.699586e-01 5.294288e-01
    endloop
  endfacet
  facet normal -8.617425e-01 1.498628e-01 4.847071e-01
    outer loop
      vertex -2.144569e+00 -9.122485e-02 5.263976e-01
      vertex -2.208729e+00 -4.699586e-01 5.294288e-01
      vertex -2.073121e+00 -1.843626e-01 6.822202e-01
    endloop
  endfacet
  facet normal -9.206691e-01 3.108436e-01 2.361030e-01
    outer loop
      vertex -2.073121e+00 -1.843626e-01 6.822202e-01
      vertex -2.208729e+00 -4.699586e-01 5.294288e-01
      vertex -2.189586e+00 -5.482166e-01 7.071068e-01
    endloop
  endfacet
  facet normal -9.397337e-01 3.105765e-01 1.429783e-01
    outer loop
      vertex -2.073121e+00 -1.843626e-01 6.822202e-01
      vertex -2.189586e+00 -5.482166e-01 7.071068e-01
      vertex -2.066660e+00 -2.494328e-01 8.660254e-01
    endloop
  endfacet
  facet normal -9.769701e-01 1.823318e-01 -1.108352e-01
    outer loop
      vertex -2.189586e+00 -5.482166e-01 7.071068e-01
      vertex -2.226019e+00 -8.693269e-01 5.000000e-01
      vertex -2.261337e+00 -9.538753e-01 6.722335e-01
    endloop
  endfacet
  facet normal -9.546628e-01 1.886544e-01 -2.302791e-01
    outer loop
      vertex -2.189586e+00 -5.482166e-01 7.071068e-01
      vertex -2.261337e+00 -9.538753e-01 6.722335e-01
      vertex -2.244157e+00 -6.074854e-01 8.847848e-01
    endloop
  endfacet
  facet normal -8.368084e-01 3.158969e-01 -4.471697e-01
    outer loop
      vertex -2.244157e+00 -6.074854e-01 8.847848e-01
      vertex -2.261337e+00 -9.538753e-01 6.722335e-01
      vertex -2.367359e+00 -1.028037e+00 8.182461e-01
    endloop
  endfacet
  facet normal -7.733654e-01 3.137220e-01 -5.508942e-01
    outer loop
      vertex -2.244157e+00 -6.074854e-01 8.847848e-01
      vertex -2.367359e+00 -1.028037e+00 8.182461e-01
      vertex -2.364134e+00 -6.387417e-01 1.035413e+00
    endloop
  endfacet
  facet normal -5.677805e-01 4.046121e-01 -7.168782e-01
    outer loop
      vertex -2.364134e+00 -6.387417e-01 1.035413e+00
      vertex -2.367359e+00 -1.028037e+00 8.182461e-01
      vertex -2.527943e+00 -1.080522e+00 9.158085e-01
    endloop
  endfacet
  facet normal -4.726227e-01 3.892923e-01 -7.906196e-01
    outer loop
      vertex -2.364134e+00 -6.387417e-01 1.035413e+00
      vertex -2.527943e+00 -1.080522e+00 9.158085e-01
      vertex -2.531251e+00 -6.372271e-01 1.136059e+00
    endloop
  endfacet
  facet normal -2.093446e-01 4.338425e-01 -8.763307e-01
    outer loop
      vertex -2.531251e+00 -6.372271e-01 1.136059e+00
      vertex -2.527943e+00 -1.080522e+00 9.158085e-01
      vertex -2.718641e+00 -1.103339e+00 9.500679e-01
    endloop
  endfacet
  facet normal -9.777307e-02 4.024964e-01 -9.101852e-01
    outer loop
      vertex -2.531251e+00 -6.372271e-01 1.136059e+00
      vertex -2.718641e+00 -1.103339e+00 9.500679e-01
      vertex -2.720067e+00 -6.031722e-01 1.171402e+00
    endloop
  endfacet
  facet normal 1.820373e-01 3.983407e-01 -8.989923e-01
    outer loop
      vertex -2.720067e+00 -6.031722e-01 1.171402e+00
      vertex -2.718641e+00 -1.103339e+00 9.500679e-01
      vertex -2.910422e+00 -1.093015e+00 9.158085e-01
    endloop
  endfacet
  facet normal 2.915930e-01 3.509823e-01 -8.898230e-01
    outer loop
      vertex -2.720067e+00 -6.031722e-01 1.171402e+00
      vertex -2.910422e+00 -1.093015e+00 9.158085e-01
      vertex -2.901835e+00 -5.417615e-01 1.136059e+00
    endloop
  endfacet
  facet normal 5.440106e-01 3.039991e-01 -7.820722e-01
    outer loop
      vertex -2.901835e+00 -5.417615e-01 1.136059e+00
      vertex -2.910422e+00 -1.093015e+00 9.158085e-01
      vertex -3.074089e+00 -1.051122e+00 8.182461e-01
    endloop
  endfacet
  facet normal 6.339474e-01 2.435967e-01 -7.340104e-01
    outer loop
      vertex -2.901835e+00 -5.417615e-01 1.136059e+00
      vertex -3.074089e+00 -1.051122e+00 8.182461e-01
      vertex -3.048885e+00 -4.623443e-01 1.035413e+00
    endloop
  endfacet
  facet normal 8.212117e-01 1.661919e-01 -5.458861e-01
    outer loop
      vertex -3.048885e+00 -4.623443e-01 1.035413e+00
      vertex -3.074089e+00 -1.051122e+00 8.182461e-01
      vertex -3.184724e+00 -9.840374e-01 6.722335e-01
    endloop
  endfacet
  facet normal 8.778751e-01 9.777520e-02 -4.688020e-01
    outer loop
      vertex -3.048885e+00 -4.623443e-01 1.035413e+00
      vertex -3.184724e+00 -9.840374e-01 6.722335e-01
      vertex -3.138827e+00 -3.770110e-01 8.847848e-01
    endloop
  endfacet
  facet normal 9.737446e-01 6.056151e-03 -2.275626e-01
    outer loop
      vertex -3.138827e+00 -3.770110e-01 8.847848e-01
      vertex -3.184724e+00 -9.840374e-01 6.722335e-01
      vertex -3.225486e+00 -9.019742e-01 5.000000e-01
    endloop
  endfacet
  facet normal 9.887699e-01 -6.436043e-02 -1.348770e-01
    outer loop
      vertex -3.138827e+00 -3.770110e-01 8.847848e-01
      vertex -3.225486e+00 -9.019742e-01 5.000000e-01
      vertex -3.157970e+00 -2.987530e-01 7.071068e-01
    endloop
  endfacet
  facet normal 9.801801e-01 -1.529402e-01 1.259216e-01
    outer loop
      vertex -3.157970e+00 -2.987530e-01 7.071068e-01
      vertex -3.225486e+00 -9.019742e-01 5.000000e-01
      vertex -3.190167e+00 -8.174258e-01 3.277665e-01
    endloop
  endfacet
  facet normal 9.508146e-01 -2.191393e-01 2.189282e-01
    outer loop
      vertex -3.157970e+00 -2.987530e-01 7.071068e-01
      vertex -3.190167e+00 -8.174258e-01 3.277665e-01
      vertex -3.103399e+00 -2.394842e-01 5.294288e-01
    endloop
  endfacet
  facet normal 8.385288e-01 -2.874074e-01 4.628892e-01
    outer loop
      vertex -3.103399e+00 -2.394842e-01 5.294288e-01
      vertex -3.190167e+00 -8.174258e-01 3.277665e-01
      vertex -3.084145e+00 -7.432641e-01 1.817539e-01
    endloop
  endfacet
  facet normal 7.680217e-01 -3.436184e-01 5.404342e-01
    outer loop
      vertex -3.103399e+00 -2.394842e-01 5.294288e-01
      vertex -3.084145e+00 -7.432641e-01 1.817539e-01
      vertex -2.983422e+00 -2.082279e-01 3.788007e-01
    endloop
  endfacet
  facet normal 5.677937e-01 -3.764868e-01 7.320301e-01
    outer loop
      vertex -2.983422e+00 -2.082279e-01 3.788007e-01
      vertex -3.084145e+00 -7.432641e-01 1.817539e-01
      vertex -2.923561e+00 -6.907794e-01 8.419146e-02
    endloop
  endfacet
  facet normal 4.658269e-01 -4.182834e-01 7.797719e-01
    outer loop
      vertex -2.983422e+00 -2.082279e-01 3.788007e-01
      vertex -2.923561e+00 -6.907794e-01 8.419146e-02
      vertex -2.816305e+00 -2.097425e-01 2.781542e-01
    endloop
  endfacet
  facet normal 2.084076e-01 -4.053655e-01 8.900815e-01
    outer loop
      vertex -2.816305e+00 -2.097425e-01 2.781542e-01
      vertex -2.923561e+00 -6.907794e-01 8.419146e-02
      vertex -2.732863e+00 -6.679620e-01 4.993208e-02
    endloop
  endfacet
  facet normal 9.037985e-02 -4.307658e-01 8.979267e-01
    outer loop
      vertex -2.816305e+00 -2.097425e-01 2.781542e-01
      vertex -2.732863e+00 -6.679620e-01 4.993208e-02
      vertex -2.627489e+00 -2.437974e-01 2.428119e-01
    endloop
  endfacet
  facet normal -1.826569e-01 -3.690162e-01 9.112977e-01
    outer loop
      vertex -2.627489e+00 -2.437974e-01 2.428119e-01
      vertex -2.732863e+00 -6.679620e-01 4.993208e-02
      vertex -2.541082e+00 -6.782858e-01 8.419146e-02
    endloop
  endfacet
  facet normal -2.983945e-01 -3.791166e-01 8.759174e-01
    outer loop
      vertex -2.627489e+00 -2.437974e-01 2.428119e-01
      vertex -2.541082e+00 -6.782858e-01 8.419146e-02
      vertex -2.445720e+00 -3.052081e-01 2.781542e-01
    endloop
  endfacet
  facet normal -5.432104e-01 -2.737946e-01 7.936996e-01
    outer loop
      vertex -2.445720e+00 -3.052081e-01 2.781542e-01
      vertex -2.541082e+00 -6.782858e-01 8.419146e-02
      vertex -2.377415e+00 -7.201789e-01 1.817539e-01
    endloop
  endfacet
  facet normal -6.392762e-01 -2.722900e-01 7.191551e-01
    outer loop
      vertex -2.445720e+00 -3.052081e-01 2.781542e-01
      vertex -2.377415e+00 -7.201789e-01 1.817539e-01
      vertex -2.298671e+00 -3.846254e-01 3.788007e-01
    endloop
  endfacet
  facet normal -8.186718e-01 -1.355735e-01 5.580290e-01
    outer loop
      vertex -2.298671e+00 -3.846254e-01 3.788007e-01
      vertex -2.377415e+00 -7.201789e-01 1.817539e-01
      vertex -2.266780e+00 -7.872637e-01 3.277665e-01
    endloop
  endfacet
  facet normal -8.816946e-01 -1.274165e-01 4.542904e-01
    outer loop
      vertex -2.298671e+00 -3.846254e-01 3.788007e-01
      vertex -2.266780e+00 -7.872637e-01 3.277665e-01
      vertex -2.208729e+00 -4.699586e-01 5.294288e-01
    endloop
  endfacet
  facet normal -9.701849e-01 2.423256e-02 2.411517e-01
    outer loop
      vertex -2.208729e+00 -4.699586e-01 5.294288e-01
      vertex -2.266780e+00 -7.872637e-01 3.277665e-01
      vertex -2.226019e+00 -8.693269e-01 5.000000e-01
    endloop
  endfacet
  facet normal -9.919689e-01 3.396790e-02 1.218353e-01
    outer loop
      vertex -2.208729e+00 -4.699586e-01 5.294288e-01
      vertex -2.226019e+00 -8.693269e-01 5.000000e-01
      vertex -2.189586e+00 -5.482166e-01 7.071068e-01
    endloop
  endfacet
  facet normal -9.898491e-01 -1.017395e-01 -9.923602e-02
    outer loop
      vertex -2.226019e+00 -8.693269e-01 5.000000e-01
      vertex -2.169365e+00 -1.185281e+00 2.588190e-01
      vertex -2.176190e+00 -1.283282e+00 4.273700e-01
    endloop
  endfacet
  facet normal -9.689182e-01 -7.528611e-02 -2.356471e-01
    outer loop
      vertex -2.226019e+00 -8.693269e-01 5.000000e-01
      vertex -2.176190e+00 -1.283282e+00 4.273700e-01
      vertex -2.261337e+00 -9.538753e-01 6.722335e-01
    endloop
  endfacet
  facet normal -9.003788e-01 8.453534e-02 -4.268159e-01
    outer loop
      vertex -2.261337e+00 -9.538753e-01 6.722335e-01
      vertex -2.176190e+00 -1.283282e+00 4.273700e-01
      vertex -2.254031e+00 -1.390908e+00 5.702607e-01
    endloop
  endfacet
  facet normal -8.304585e-01 1.133785e-01 -5.454209e-01
    outer loop
      vertex -2.261337e+00 -9.538753e-01 6.722335e-01
      vertex -2.254031e+00 -1.390908e+00 5.702607e-01
      vertex -2.367359e+00 -1.028037e+00 8.182461e-01
    endloop
  endfacet
  facet normal -6.740258e-01 2.616086e-01 -6.908329e-01
    outer loop
      vertex -2.367359e+00 -1.028037e+00 8.182461e-01
      vertex -2.254031e+00 -1.390908e+00 5.702607e-01
      vertex -2.391037e+00 -1.491773e+00 6.657371e-01
    endloop
  endfacet
  facet normal -5.639299e-01 2.838360e-01 -7.755129e-01
    outer loop
      vertex -2.367359e+00 -1.028037e+00 8.182461e-01
      vertex -2.391037e+00 -1.491773e+00 6.657371e-01
      vertex -2.527943e+00 -1.080522e+00 9.158085e-01
    endloop
  endfacet
  facet normal -3.429561e-01 4.020588e-01 -8.489581e-01
    outer loop
      vertex -2.527943e+00 -1.080522e+00 9.158085e-01
      vertex -2.391037e+00 -1.491773e+00 6.657371e-01
      vertex -2.566350e+00 -1.570522e+00 6.992640e-01
    endloop
  endfacet
  facet normal -2.085364e-01 4.089564e-01 -8.884071e-01
    outer loop
      vertex -2.527943e+00 -1.080522e+00 9.158085e-01
      vertex -2.566350e+00 -1.570522e+00 6.992640e-01
      vertex -2.718641e+00 -1.103339e+00 9.500679e-01
    endloop
  endfacet
  facet normal 4.149821e-02 4.830537e-01 -8.746068e-01
    outer loop
      vertex -2.718641e+00 -1.103339e+00 9.500679e-01
      vertex -2.566350e+00 -1.570522e+00 6.992640e-01
      vertex -2.753280e+00 -1.615167e+00 6.657371e-01
    endloop
  endfacet
  facet normal 1.797440e-01 4.683868e-01 -8.650468e-01
    outer loop
      vertex -2.718641e+00 -1.103339e+00 9.500679e-01
      vertex -2.753280e+00 -1.615167e+00 6.657371e-01
      vertex -2.910422e+00 -1.093015e+00 9.158085e-01
    endloop
  endfacet
  facet normal 4.179899e-01 4.916516e-01 -7.639131e-01
    outer loop
      vertex -2.910422e+00 -1.093015e+00 9.158085e-01
      vertex -2.753280e+00 -1.615167e+00 6.657371e-01
      vertex -2.923370e+00 -1.618909e+00 5.702607e-01
    endloop
  endfacet
  facet normal 5.391635e-01 4.531697e-01 -7.098873e-01
    outer loop
      vertex -2.910422e+00 -1.093015e+00 9.158085e-01
      vertex -2.923370e+00 -1.618909e+00 5.702607e-01
      vertex -3.074089e+00 -1.051122e+00 8.182461e-01
    endloop
  endfacet
  facet normal 7.280310e-01 4.273700e-01 -5.360278e-01
    outer loop
      vertex -3.074089e+00 -1.051122e+00 8.182461e-01
      vertex -2.923370e+00 -1.618909e+00 5.702607e-01
      vertex -3.050724e+00 -1.581180e+00 4.273700e-01
    endloop
  endfacet
  facet normal 8.148229e-01 3.668963e-01 -4.488326e-01
    outer loop
      vertex -3.074089e+00 -1.051122e+00 8.182461e-01
      vertex -3.050724e+00 -1.581180e+00 4.273700e-01
      vertex -3.184724e+00 -9.840374e-01 6.722335e-01
    endloop
  endfacet
  facet normal 9.261504e-01 3.010119e-01 -2.272384e-01
    outer loop
      vertex -3.184724e+00 -9.840374e-01 6.722335e-01
      vertex -3.050724e+00 -1.581180e+00 4.273700e-01
      vertex -3.115954e+00 -1.507723e+00 2.588190e-01
    endloop
  endfacet
  facet normal 9.669837e-01 2.235569e-01 -1.223311e-01
    outer loop
      vertex -3.184724e+00 -9.840374e-01 6.722335e-01
      vertex -3.115954e+00 -1.507723e+00 2.588190e-01
      vertex -3.225486e+00 -9.019742e-01 5.000000e-01
    endloop
  endfacet
  facet normal 9.844363e-01 1.316566e-01 1.164116e-01
    outer loop
      vertex -3.225486e+00 -9.019742e-01 5.000000e-01
      vertex -3.115954e+00 -1.507723e+00 2.588190e-01
      vertex -3.109129e+00 -1.409722e+00 9.026805e-02
    endloop
  endfacet
  facet normal 9.741312e-01 4.443523e-02 2.215716e-01
    outer loop
      vertex -3.225486e+00 -9.019742e-01 5.000000e-01
      vertex -3.109129e+00 -1.409722e+00 9.026805e-02
      vertex -3.190167e+00 -8.174258e-01 3.277665e-01
    endloop
  endfacet
  facet normal 8.938985e-01 -5.603346e-02 4.447535e-01
    outer loop
      vertex -3.190167e+00 -8.174258e-01 3.277665e-01
      vertex -3.109129e+00 -1.409722e+00 9.026805e-02
      vertex -3.031288e+00 -1.302097e+00 -5.262259e-02
    endloop
  endfacet
  facet normal 8.341270e-01 -1.443709e-01 5.323431e-01
    outer loop
      vertex -3.190167e+00 -8.174258e-01 3.277665e-01
      vertex -3.031288e+00 -1.302097e+00 -5.262259e-02
      vertex -3.084145e+00 -7.432641e-01 1.817539e-01
    endloop
  endfacet
  facet normal 6.659482e-01 -2.340836e-01 7.083204e-01
    outer loop
      vertex -3.084145e+00 -7.432641e-01 1.817539e-01
      vertex -3.031288e+00 -1.302097e+00 -5.262259e-02
      vertex -2.894282e+00 -1.201231e+00 -1.480991e-01
    endloop
  endfacet
  facet normal 5.658420e-01 -3.144039e-01 7.622159e-01
    outer loop
      vertex -3.084145e+00 -7.432641e-01 1.817539e-01
      vertex -2.894282e+00 -1.201231e+00 -1.480991e-01
      vertex -2.923561e+00 -6.907794e-01 8.419146e-02
    endloop
  endfacet
  facet normal 3.336782e-01 -3.745358e-01 8.650906e-01
    outer loop
      vertex -2.923561e+00 -6.907794e-01 8.419146e-02
      vertex -2.894282e+00 -1.201231e+00 -1.480991e-01
      vertex -2.718969e+00 -1.122482e+00 -1.816259e-01
    endloop
  endfacet
  facet normal 2.094869e-01 -4.387775e-01 8.738361e-01
    outer loop
      vertex -2.923561e+00 -6.907794e-01 8.419146e-02
      vertex -2.718969e+00 -1.122482e+00 -1.816259e-01
      vertex -2.732863e+00 -6.679620e-01 4.993208e-02
    endloop
  endfacet
  facet normal -5.092200e-02 -4.545881e-01 8.892450e-01
    outer loop
      vertex -2.732863e+00 -6.679620e-01 4.993208e-02
      vertex -2.718969e+00 -1.122482e+00 -1.816259e-01
      vertex -2.532038e+00 -1.077838e+00 -1.480991e-01
    endloop
  endfacet
  facet normal -1.784265e-01 -4.975591e-01 8.488810e-01
    outer loop
      vertex -2.732863e+00 -6.679620e-01 4.993208e-02
      vertex -2.532038e+00 -1.077838e+00 -1.480991e-01
      vertex -2.541082e+00 -6.782858e-01 8.419146e-02
    endloop
  endfacet
  facet normal -4.264135e-01 -4.618184e-01 7.777502e-01
    outer loop
      vertex -2.541082e+00 -6.782858e-01 8.419146e-02
      vertex -2.532038e+00 -1.077838e+00 -1.480991e-01
      vertex -2.361948e+00 -1.074095e+00 -5.262259e-02
    endloop
  endfacet
  facet normal -5.363457e-01 -4.821747e-01 6.927055e-01
    outer loop
      vertex -2.541082e+00 -6.782858e-01 8.419146e-02
      vertex -2.361948e+00 -1.074095e+00 -5.262259e-02
      vertex -2.377415e+00 -7.201789e-01 1.817539e-01
    endloop
  endfacet
  facet normal -7.348482e-01 -3.965114e-01 5.502517e-01
    outer loop
      vertex -2.377415e+00 -7.201789e-01 1.817539e-01
      vertex -2.361948e+00 -1.074095e+00 -5.262259e-02
      vertex -2.234595e+00 -1.111824e+00 9.026805e-02
    endloop
  endfacet
  facet normal -8.102180e-01 -3.963314e-01 4.318196e-01
    outer loop
      vertex -2.377415e+00 -7.201789e-01 1.817539e-01
      vertex -2.234595e+00 -1.111824e+00 9.026805e-02
      vertex -2.266780e+00 -7.872637e-01 3.277665e-01
    endloop
  endfacet
  facet normal -9.317000e-01 -2.701036e-01 2.428563e-01
    outer loop
      vertex -2.266780e+00 -7.872637e-01 3.277665e-01
      vertex -2.234595e+00 -1.111824e+00 9.026805e-02
      vertex -2.169365e+00 -1.185281e+00 2.588190e-01
    endloop
  endfacet
  facet normal -9.613729e-01 -2.537646e-01 1.066103e-01
    outer loop
      vertex -2.266780e+00 -7.872637e-01 3.277665e-01
      vertex -2.169365e+00 -1.185281e+00 2.588190e-01
      vertex -2.226019e+00 -8.693269e-01 5.000000e-01
    endloop
  endfacet
  facet normal -9.171124e-01 -3.873056e-01 -9.433566e-02
    outer loop
      vertex -2.169365e+00 -1.185281e+00 2.588190e-01
      vertex -2.022987e+00 -1.468852e+00 2.449294e-16
      vertex -1.999012e+00 -1.566364e+00 1.672628e-01
    endloop
  endfacet
  facet normal -9.065846e-01 -3.478523e-01 -2.389626e-01
    outer loop
      vertex -2.169365e+00 -1.185281e+00 2.588190e-01
      vertex -1.999012e+00 -1.566364e+00 1.672628e-01
      vertex -2.176190e+00 -1.283282e+00 4.273700e-01
    endloop
  endfacet
  facet normal -8.919510e-01 -1.753340e-01 -4.167509e-01
    outer loop
      vertex -2.176190e+00 -1.283282e+00 4.273700e-01
      vertex -1.999012e+00 -1.566364e+00 1.672628e-01
      vertex -2.040202e+00 -1.693866e+00 3.090613e-01
    endloop
  endfacet
  facet normal -8.314965e-01 -1.190405e-01 -5.426259e-01
    outer loop
      vertex -2.176190e+00 -1.283282e+00 4.273700e-01
      vertex -2.040202e+00 -1.693866e+00 3.090613e-01
      vertex -2.254031e+00 -1.390908e+00 5.702607e-01
    endloop
  endfacet
  facet normal -7.328452e-01 6.655454e-02 -6.771325e-01
    outer loop
      vertex -2.254031e+00 -1.390908e+00 5.702607e-01
      vertex -2.040202e+00 -1.693866e+00 3.090613e-01
      vertex -2.140286e+00 -1.831947e+00 4.038081e-01
    endloop
  endfacet
  facet normal -6.285359e-01 1.274724e-01 -7.672636e-01
    outer loop
      vertex -2.254031e+00 -1.390908e+00 5.702607e-01
      vertex -2.140286e+00 -1.831947e+00 4.038081e-01
      vertex -2.391037e+00 -1.491773e+00 6.657371e-01
    endloop
  endfacet
  facet normal -4.613974e-01 3.021745e-01 -8.341481e-01
    outer loop
      vertex -2.391037e+00 -1.491773e+00 6.657371e-01
      vertex -2.140286e+00 -1.831947e+00 4.038081e-01
      vertex -2.284027e+00 -1.959586e+00 4.370787e-01
    endloop
  endfacet
  facet normal -3.265159e-01 3.537312e-01 -8.765053e-01
    outer loop
      vertex -2.391037e+00 -1.491773e+00 6.657371e-01
      vertex -2.284027e+00 -1.959586e+00 4.370787e-01
      vertex -2.566350e+00 -1.570522e+00 6.992640e-01
    endloop
  endfacet
  facet normal -1.187767e-01 4.941708e-01 -8.612127e-01
    outer loop
      vertex -2.566350e+00 -1.570522e+00 6.992640e-01
      vertex -2.284027e+00 -1.959586e+00 4.370787e-01
      vertex -2.449543e+00 -2.057351e+00 4.038081e-01
    endloop
  endfacet
  facet normal 2.771521e-02 5.234782e-01 -8.515882e-01
    outer loop
      vertex -2.566350e+00 -1.570522e+00 6.992640e-01
      vertex -2.449543e+00 -2.057351e+00 4.038081e-01
      vertex -2.753280e+00 -1.615167e+00 6.657371e-01
    endloop
  endfacet
  facet normal 2.405214e-01 6.116564e-01 -7.536750e-01
    outer loop
      vertex -2.753280e+00 -1.615167e+00 6.657371e-01
      vertex -2.449543e+00 -2.057351e+00 4.038081e-01
      vertex -2.611634e+00 -2.110358e+00 3.090613e-01
    endloop
  endfacet
  facet normal 3.776736e-01 6.098674e-01 -6.967241e-01
    outer loop
      vertex -2.753280e+00 -1.615167e+00 6.657371e-01
      vertex -2.611634e+00 -2.110358e+00 3.090613e-01
      vertex -2.923370e+00 -1.618909e+00 5.702607e-01
    endloop
  endfacet
  facet normal 5.599739e-01 6.368610e-01 -5.299409e-01
    outer loop
      vertex -2.923370e+00 -1.618909e+00 5.702607e-01
      vertex -2.611634e+00 -2.110358e+00 3.090613e-01
      vertex -2.745624e+00 -2.110536e+00 1.672628e-01
    endloop
  endfacet
  facet normal 6.690406e-01 6.006750e-01 -4.376919e-01
    outer loop
      vertex -2.923370e+00 -1.618909e+00 5.702607e-01
      vertex -2.745624e+00 -2.110536e+00 1.672628e-01
      vertex -3.050724e+00 -1.581180e+00 4.273700e-01
    endloop
  endfacet
  facet normal 7.918072e-01 5.674176e-01 -2.260059e-01
    outer loop
      vertex -3.050724e+00 -1.581180e+00 4.273700e-01
      vertex -2.745624e+00 -2.110536e+00 1.672628e-01
      vertex -2.831114e+00 -2.057860e+00 2.984561e-16
    endloop
  endfacet
  facet normal 8.590074e-01 4.988747e-01 -1.150228e-01
    outer loop
      vertex -3.050724e+00 -1.581180e+00 4.273700e-01
      vertex -2.831114e+00 -2.057860e+00 2.984561e-16
      vertex -3.115954e+00 -1.507723e+00 2.588190e-01
    endloop
  endfacet
  facet normal 9.030015e-01 4.146941e-01 1.123255e-01
    outer loop
      vertex -3.115954e+00 -1.507723e+00 2.588190e-01
      vertex -2.831114e+00 -2.057860e+00 2.984561e-16
      vertex -2.855090e+00 -1.960348e+00 -1.672628e-01
    endloop
  endfacet
  facet normal 9.206097e-01 3.202207e-01 2.234645e-01
    outer loop
      vertex -3.115954e+00 -1.507723e+00 2.588190e-01
      vertex -2.855090e+00 -1.960348e+00 -1.672628e-01
      vertex -3.109129e+00 -1.409722e+00 9.026805e-02
    endloop
  endfacet
  facet normal 8.773837e-01 2.010435e-01 4.356368e-01
    outer loop
      vertex -3.109129e+00 -1.409722e+00 9.026805e-02
      vertex -2.855090e+00 -1.960348e+00 -1.672628e-01
      vertex -2.813900e+00 -1.832846e+00 -3.090613e-01
    endloop
  endfacet
  facet normal 8.442846e-01 9.061088e-02 5.281791e-01
    outer loop
      vertex -3.109129e+00 -1.409722e+00 9.026805e-02
      vertex -2.813900e+00 -1.832846e+00 -3.090613e-01
      vertex -3.031288e+00 -1.302097e+00 -5.262259e-02
    endloop
  endfacet
  facet normal 7.170981e-01 -4.241371e-02 6.956806e-01
    outer loop
      vertex -3.031288e+00 -1.302097e+00 -5.262259e-02
      vertex -2.813900e+00 -1.832846e+00 -3.090613e-01
      vertex -2.713816e+00 -1.694764e+00 -4.038081e-01
    endloop
  endfacet
  facet normal 6.395312e-01 -1.561565e-01 7.527383e-01
    outer loop
      vertex -3.031288e+00 -1.302097e+00 -5.262259e-02
      vertex -2.713816e+00 -1.694764e+00 -4.038081e-01
      vertex -2.894282e+00 -1.201231e+00 -1.480991e-01
    endloop
  endfacet
  facet normal 4.444504e-01 -2.785979e-01 8.513795e-01
    outer loop
      vertex -2.894282e+00 -1.201231e+00 -1.480991e-01
      vertex -2.713816e+00 -1.694764e+00 -4.038081e-01
      vertex -2.570075e+00 -1.567125e+00 -4.370787e-01
    endloop
  endfacet
  facet normal 3.362105e-01 -3.819811e-01 8.608443e-01
    outer loop
      vertex -2.894282e+00 -1.201231e+00 -1.480991e-01
      vertex -2.570075e+00 -1.567125e+00 -4.370787e-01
      vertex -2.718969e+00 -1.122482e+00 -1.816259e-01
    endloop
  endfacet
  facet normal 1.012738e-01 -4.698780e-01 8.769027e-01
    outer loop
      vertex -2.718969e+00 -1.122482e+00 -1.816259e-01
      vertex -2.570075e+00 -1.567125e+00 -4.370787e-01
      vertex -2.404559e+00 -1.469361e+00 -4.038081e-01
    endloop
  endfacet
  facet normal -1.809544e-02 -5.508537e-01 8.344057e-01
    outer loop
      vertex -2.718969e+00 -1.122482e+00 -1.816259e-01
      vertex -2.404559e+00 -1.469361e+00 -4.038081e-01
      vertex -2.532038e+00 -1.077838e+00 -1.480991e-01
    endloop
  endfacet
  facet normal -2.576230e-01 -5.857645e-01 7.684467e-01
    outer loop
      vertex -2.532038e+00 -1.077838e+00 -1.480991e-01
      vertex -2.404559e+00 -1.469361e+00 -4.038081e-01
      vertex -2.242468e+00 -1.416354e+00 -3.090613e-01
    endloop
  endfacet
  facet normal -3.668592e-01 -6.364370e-01 6.785000e-01
    outer loop
      vertex -2.532038e+00 -1.077838e+00 -1.480991e-01
      vertex -2.242468e+00 -1.416354e+00 -3.090613e-01
      vertex -2.361948e+00 -1.074095e+00 -5.262259e-02
    endloop
  endfacet
  facet normal -5.759149e-01 -6.093688e-01 5.449694e-01
    outer loop
      vertex -2.361948e+00 -1.074095e+00 -5.262259e-02
      vertex -2.242468e+00 -1.416354e+00 -3.090613e-01
      vertex -2.108478e+00 -1.416175e+00 -1.672628e-01
    endloop
  endfacet
  facet normal -6.564326e-01 -6.269844e-01 4.195080e-01
    outer loop
      vertex -2.361948e+00 -1.074095e+00 -5.262259e-02
      vertex -2.108478e+00 -1.416175e+00 -1.672628e-01
      vertex -2.234595e+00 -1.111824e+00 9.026805e-02
    endloop
  endfacet
  facet normal -8.064931e-01 -5.392812e-01 2.423731e-01
    outer loop
      vertex -2.234595e+00 -1.111824e+00 9.026805e-02
      vertex -2.108478e+00 -1.416175e+00 -1.672628e-01
      vertex -2.022987e+00 -1.468852e+00 2.449294e-16
    endloop
  endfacet
  facet normal -8.450562e-01 -5.256262e-01 9.796502e-02
    outer loop
      vertex -2.234595e+00 -1.111824e+00 9.026805e-02
      vertex -2.022987e+00 -1.468852e+00 2.449294e-16
      vertex -2.169365e+00 -1.185281e+00 2.588190e-01
    endloop
  endfacet
  facet normal -7.611848e-01 -6.413458e-01 -9.629720e-02
    outer loop
      vertex -2.022987e+00 -1.468852e+00 2.449294e-16
      vertex -1.798840e+00 -1.696021e+00 -2.588190e-01
      vertex -1.748920e+00 -1.780580e+00 -9.024238e-02
    endloop
  endfacet
  facet normal -7.624218e-01 -6.005870e-01 -2.408491e-01
    outer loop
      vertex -2.022987e+00 -1.468852e+00 2.449294e-16
      vertex -1.748920e+00 -1.780580e+00 -9.024238e-02
      vertex -1.999012e+00 -1.566364e+00 1.672628e-01
    endloop
  endfacet
  facet normal -7.996407e-01 -4.311658e-01 -4.179364e-01
    outer loop
      vertex -1.999012e+00 -1.566364e+00 1.672628e-01
      vertex -1.748920e+00 -1.780580e+00 -9.024238e-02
      vertex -1.752027e+00 -1.913345e+00 5.267002e-02
    endloop
  endfacet
  facet normal -7.580432e-01 -3.599659e-01 -5.438704e-01
    outer loop
      vertex -1.999012e+00 -1.566364e+00 1.672628e-01
      vertex -1.752027e+00 -1.913345e+00 5.267002e-02
      vertex -2.040202e+00 -1.693866e+00 3.090613e-01
    endloop
  endfacet
  facet normal -7.194504e-01 -1.532873e-01 -6.774172e-01
    outer loop
      vertex -2.040202e+00 -1.693866e+00 3.090613e-01
      vertex -1.752027e+00 -1.913345e+00 5.267002e-02
      vertex -1.807688e+00 -2.074105e+00 1.481610e-01
    endloop
  endfacet
  facet normal -6.373865e-01 -6.485546e-02 -7.678100e-01
    outer loop
      vertex -2.040202e+00 -1.693866e+00 3.090613e-01
      vertex -1.807688e+00 -2.074105e+00 1.481610e-01
      vertex -2.140286e+00 -1.831947e+00 4.038081e-01
    endloop
  endfacet
  facet normal -5.304794e-01 1.518432e-01 -8.339876e-01
    outer loop
      vertex -2.140286e+00 -1.831947e+00 4.038081e-01
      vertex -1.807688e+00 -2.074105e+00 1.481610e-01
      vertex -1.907428e+00 -2.238384e+00 1.816930e-01
    endloop
  endfacet
  facet normal -4.165010e-01 2.405109e-01 -8.767448e-01
    outer loop
      vertex -2.140286e+00 -1.831947e+00 4.038081e-01
      vertex -1.907428e+00 -2.238384e+00 1.816930e-01
      vertex -2.284027e+00 -1.959586e+00 4.370787e-01
    endloop
  endfacet
  facet normal -2.604745e-01 4.368467e-01 -8.609982e-01
    outer loop
      vertex -2.284027e+00 -1.959586e+00 4.370787e-01
      vertex -1.907428e+00 -2.238384e+00 1.816930e-01
      vertex -2.036063e+00 -2.381174e+00 1.481610e-01
    endloop
  endfacet
  facet normal -1.288104e-01 5.079258e-01 -8.517155e-01
    outer loop
      vertex -2.284027e+00 -1.959586e+00 4.370787e-01
      vertex -2.036063e+00 -2.381174e+00 1.481610e-01
      vertex -2.449543e+00 -2.057351e+00 4.038081e-01
    endloop
  endfacet
  facet normal 4.799936e-02 6.559648e-01 -7.532638e-01
    outer loop
      vertex -2.449543e+00 -2.057351e+00 4.038081e-01
      vertex -2.036063e+00 -2.381174e+00 1.481610e-01
      vertex -2.174009e+00 -2.480735e+00 5.267002e-02
    endloop
  endfacet
  facet normal 1.799153e-01 6.946906e-01 -6.964448e-01
    outer loop
      vertex -2.449543e+00 -2.057351e+00 4.038081e-01
      vertex -2.174009e+00 -2.480735e+00 5.267002e-02
      vertex -2.611634e+00 -2.110358e+00 3.090613e-01
    endloop
  endfacet
  facet normal 3.459768e-01 7.749413e-01 -5.289292e-01
    outer loop
      vertex -2.611634e+00 -2.110358e+00 3.090613e-01
      vertex -2.174009e+00 -2.480735e+00 5.267002e-02
      vertex -2.300267e+00 -2.521910e+00 -9.024238e-02
    endloop
  endfacet
  facet normal 4.610721e-01 7.724920e-01 -4.366562e-01
    outer loop
      vertex -2.611634e+00 -2.110358e+00 3.090613e-01
      vertex -2.300267e+00 -2.521910e+00 -9.024238e-02
      vertex -2.745624e+00 -2.110536e+00 1.672628e-01
    endloop
  endfacet
  facet normal 5.880528e-01 7.770792e-01 -2.243701e-01
    outer loop
      vertex -2.745624e+00 -2.110536e+00 1.672628e-01
      vertex -2.300267e+00 -2.521910e+00 -9.024238e-02
      vertex -2.395613e+00 -2.498431e+00 -2.588190e-01
    endloop
  endfacet
  facet normal 6.724925e-01 7.313663e-01 -1.133898e-01
    outer loop
      vertex -2.745624e+00 -2.110536e+00 1.672628e-01
      vertex -2.395613e+00 -2.498431e+00 -2.588190e-01
      vertex -2.831114e+00 -2.057860e+00 2.984561e-16
    endloop
  endfacet
  facet normal 7.392268e-01 6.637328e-01 1.140289e-01
    outer loop
      vertex -2.831114e+00 -2.057860e+00 2.984561e-16
      vertex -2.395613e+00 -2.498431e+00 -2.588190e-01
      vertex -2.445532e+00 -2.413873e+00 -4.273957e-01
    endloop
  endfacet
  facet normal 7.838315e-01 5.787566e-01 2.250534e-01
    outer loop
      vertex -2.831114e+00 -2.057860e+00 2.984561e-16
      vertex -2.445532e+00 -2.413873e+00 -4.273957e-01
      vertex -2.855090e+00 -1.960348e+00 -1.672628e-01
    endloop
  endfacet
  facet normal 7.778335e-01 4.519194e-01 4.367423e-01
    outer loop
      vertex -2.855090e+00 -1.960348e+00 -1.672628e-01
      vertex -2.445532e+00 -2.413873e+00 -4.273957e-01
      vertex -2.442425e+00 -2.281107e+00 -5.703081e-01
    endloop
  endfacet
  facet normal 7.787433e-01 3.369400e-01 5.291789e-01
    outer loop
      vertex -2.855090e+00 -1.960348e+00 -1.672628e-01
      vertex -2.442425e+00 -2.281107e+00 -5.703081e-01
      vertex -2.813900e+00 -1.832846e+00 -3.090613e-01
    endloop
  endfacet
  facet normal 6.971127e-01 1.720645e-01 6.960084e-01
    outer loop
      vertex -2.813900e+00 -1.832846e+00 -3.090613e-01
      vertex -2.442425e+00 -2.281107e+00 -5.703081e-01
      vertex -2.386765e+00 -2.120348e+00 -6.657991e-01
    endloop
  endfacet
  facet normal 6.565630e-01 4.090446e-02 7.531612e-01
    outer loop
      vertex -2.813900e+00 -1.832846e+00 -3.090613e-01
      vertex -2.386765e+00 -2.120348e+00 -6.657991e-01
      vertex -2.713816e+00 -1.694764e+00 -4.038081e-01
    endloop
  endfacet
  facet normal 5.072679e-01 -1.342227e-01 8.512717e-01
    outer loop
      vertex -2.713816e+00 -1.694764e+00 -4.038081e-01
      vertex -2.386765e+00 -2.120348e+00 -6.657991e-01
      vertex -2.287025e+00 -1.956068e+00 -6.993311e-01
    endloop
  endfacet
  facet normal 4.342409e-01 -2.645756e-01 8.610660e-01
    outer loop
      vertex -2.713816e+00 -1.694764e+00 -4.038081e-01
      vertex -2.287025e+00 -1.956068e+00 -6.993311e-01
      vertex -2.570075e+00 -1.567125e+00 -4.370787e-01
    endloop
  endfacet
  facet normal 2.365397e-01 -4.189609e-01 8.766532e-01
    outer loop
      vertex -2.570075e+00 -1.567125e+00 -4.370787e-01
      vertex -2.287025e+00 -1.956068e+00 -6.993311e-01
      vertex -2.158390e+00 -1.813279e+00 -6.657991e-01
    endloop
  endfacet
  facet normal 1.460235e-01 -5.312264e-01 8.345511e-01
    outer loop
      vertex -2.570075e+00 -1.567125e+00 -4.370787e-01
      vertex -2.158390e+00 -1.813279e+00 -6.657991e-01
      vertex -2.404559e+00 -1.469361e+00 -4.038081e-01
    endloop
  endfacet
  facet normal -7.210951e-02 -6.365531e-01 7.678544e-01
    outer loop
      vertex -2.404559e+00 -1.469361e+00 -4.038081e-01
      vertex -2.158390e+00 -1.813279e+00 -6.657991e-01
      vertex -2.020443e+00 -1.713718e+00 -5.703081e-01
    endloop
  endfacet
  facet normal -1.620199e-01 -7.167970e-01 6.781973e-01
    outer loop
      vertex -2.404559e+00 -1.469361e+00 -4.038081e-01
      vertex -2.020443e+00 -1.713718e+00 -5.703081e-01
      vertex -2.242468e+00 -1.416354e+00 -3.090613e-01
    endloop
  endfacet
  facet normal -3.695954e-01 -7.535642e-01 5.436361e-01
    outer loop
      vertex -2.242468e+00 -1.416354e+00 -3.090613e-01
      vertex -2.020443e+00 -1.713718e+00 -5.703081e-01
      vertex -1.894186e+00 -1.672542e+00 -4.273957e-01
    endloop
  endfacet
  facet normal -4.416672e-01 -7.936726e-01 4.183466e-01
    outer loop
      vertex -2.242468e+00 -1.416354e+00 -3.090613e-01
      vertex -1.894186e+00 -1.672542e+00 -4.273957e-01
      vertex -2.108478e+00 -1.416175e+00 -1.672628e-01
    endloop
  endfacet
  facet normal -6.107732e-01 -7.544378e-01 2.403741e-01
    outer loop
      vertex -2.108478e+00 -1.416175e+00 -1.672628e-01
      vertex -1.894186e+00 -1.672542e+00 -4.273957e-01
      vertex -1.798840e+00 -1.696021e+00 -2.588190e-01
    endloop
  endfacet
  facet normal -6.516235e-01 -7.524318e-01 9.608920e-02
    outer loop
      vertex -2.108478e+00 -1.416175e+00 -1.672628e-01
      vertex -1.798840e+00 -1.696021e+00 -2.588190e-01
      vertex -2.022987e+00 -1.468852e+00 2.449294e-16
    endloop
  endfacet
  facet normal -5.386767e-01 -8.359295e-01 -1.051156e-01
    outer loop
      vertex -1.798840e+00 -1.696021e+00 -2.588190e-01
      vertex -1.516025e+00 -1.847940e+00 -5.000000e-01
      vertex -1.450480e+00 -1.911842e+00 -3.277193e-01
    endloop
  endfacet
  facet normal -5.451323e-01 -8.028735e-01 -2.412984e-01
    outer loop
      vertex -1.798840e+00 -1.696021e+00 -2.588190e-01
      vertex -1.450480e+00 -1.911842e+00 -3.277193e-01
      vertex -1.748920e+00 -1.780580e+00 -9.024238e-02
    endloop
  endfacet
  facet normal -6.277345e-01 -6.486512e-01 -4.303499e-01
    outer loop
      vertex -1.748920e+00 -1.780580e+00 -9.024238e-02
      vertex -1.450480e+00 -1.911842e+00 -3.277193e-01
      vertex -1.420578e+00 -2.037678e+00 -1.816668e-01
    endloop
  endfacet
  facet normal -6.046540e-01 -5.769398e-01 -5.491211e-01
    outer loop
      vertex -1.748920e+00 -1.780580e+00 -9.024238e-02
      vertex -1.420578e+00 -2.037678e+00 -1.816668e-01
      vertex -1.752027e+00 -1.913345e+00 5.267002e-02
    endloop
  endfacet
  facet normal -6.248601e-01 -3.621622e-01 -6.916563e-01
    outer loop
      vertex -1.752027e+00 -1.913345e+00 5.267002e-02
      vertex -1.420578e+00 -2.037678e+00 -1.816668e-01
      vertex -1.430873e+00 -2.206292e+00 -8.407765e-02
    endloop
  endfacet
  facet normal -5.714590e-01 -2.637359e-01 -7.770959e-01
    outer loop
      vertex -1.752027e+00 -1.913345e+00 5.267002e-02
      vertex -1.430873e+00 -2.206292e+00 -8.407765e-02
      vertex -1.807688e+00 -2.074105e+00 1.481610e-01
    endloop
  endfacet
  facet normal -5.289669e-01 -1.721469e-02 -8.484678e-01
    outer loop
      vertex -1.807688e+00 -2.074105e+00 1.481610e-01
      vertex -1.430873e+00 -2.206292e+00 -8.407765e-02
      vertex -1.479796e+00 -2.392013e+00 -4.980889e-02
    endloop
  endfacet
  facet normal -4.486455e-01 9.091511e-02 -8.890735e-01
    outer loop
      vertex -1.807688e+00 -2.074105e+00 1.481610e-01
      vertex -1.479796e+00 -2.392013e+00 -4.980889e-02
      vertex -1.907428e+00 -2.238384e+00 1.816930e-01
    endloop
  endfacet
  facet normal -3.532590e-01 3.336951e-01 -8.739884e-01
    outer loop
      vertex -1.907428e+00 -2.238384e+00 1.816930e-01
      vertex -1.479796e+00 -2.392013e+00 -4.980889e-02
      vertex -1.559900e+00 -2.566568e+00 -8.407765e-02
    endloop
  endfacet
  facet normal -2.539030e-01 4.319635e-01 -8.654137e-01
    outer loop
      vertex -1.907428e+00 -2.238384e+00 1.816930e-01
      vertex -1.559900e+00 -2.566568e+00 -8.407765e-02
      vertex -2.036063e+00 -2.381174e+00 1.481610e-01
    endloop
  endfacet
  facet normal -1.249426e-01 6.345432e-01 -7.627216e-01
    outer loop
      vertex -2.036063e+00 -2.381174e+00 1.481610e-01
      vertex -1.559900e+00 -2.566568e+00 -8.407765e-02
      vertex -1.658990e+00 -2.703381e+00 -1.816668e-01
    endloop
  endfacet
  facet normal -1.790352e-02 7.048998e-01 -7.090809e-01
    outer loop
      vertex -2.036063e+00 -2.381174e+00 1.481610e-01
      vertex -1.658990e+00 -2.703381e+00 -1.816668e-01
      vertex -2.174009e+00 -2.480735e+00 5.267002e-02
    endloop
  endfacet
  facet normal 1.195668e-01 8.376026e-01 -5.330344e-01
    outer loop
      vertex -2.174009e+00 -2.480735e+00 5.267002e-02
      vertex -1.658990e+00 -2.703381e+00 -1.816668e-01
      vertex -1.761979e+00 -2.781624e+00 -3.277193e-01
    endloop
  endfacet
  facet normal 2.217607e-01 8.672376e-01 -4.457815e-01
    outer loop
      vertex -2.174009e+00 -2.480735e+00 5.267002e-02
      vertex -1.761979e+00 -2.781624e+00 -3.277193e-01
      vertex -2.300267e+00 -2.521910e+00 -9.024238e-02
    endloop
  endfacet
  facet normal 3.423432e-01 9.128804e-01 -2.223747e-01
    outer loop
      vertex -2.300267e+00 -2.521910e+00 -9.024238e-02
      vertex -1.761979e+00 -2.781624e+00 -3.277193e-01
      vertex -1.853190e+00 -2.789386e+00 -5.000000e-01
    endloop
  endfacet
  facet normal 4.283453e-01 8.959451e-01 -1.174850e-01
    outer loop
      vertex -2.300267e+00 -2.521910e+00 -9.024238e-02
      vertex -1.853190e+00 -2.789386e+00 -5.000000e-01
      vertex -2.395613e+00 -2.498431e+00 -2.588190e-01
    endloop
  endfacet
  facet normal 5.105908e-01 8.512010e-01 1.214656e-01
    outer loop
      vertex -2.395613e+00 -2.498431e+00 -2.588190e-01
      vertex -1.853190e+00 -2.789386e+00 -5.000000e-01
      vertex -1.918735e+00 -2.725485e+00 -6.722807e-01
    endloop
  endfacet
  facet normal 5.716938e-01 7.886425e-01 2.262946e-01
    outer loop
      vertex -2.395613e+00 -2.498431e+00 -2.588190e-01
      vertex -1.918735e+00 -2.725485e+00 -6.722807e-01
      vertex -2.445532e+00 -2.413873e+00 -4.273957e-01
    endloop
  endfacet
  facet normal 6.002041e-01 6.626041e-01 4.480077e-01
    outer loop
      vertex -2.445532e+00 -2.413873e+00 -4.273957e-01
      vertex -1.918735e+00 -2.725485e+00 -6.722807e-01
      vertex -1.948637e+00 -2.599648e+00 -8.183332e-01
    endloop
  endfacet
  facet normal 6.310600e-01 5.614432e-01 5.352988e-01
    outer loop
      vertex -2.445532e+00 -2.413873e+00 -4.273957e-01
      vertex -1.948637e+00 -2.599648e+00 -8.183332e-01
      vertex -2.442425e+00 -2.281107e+00 -5.703081e-01
    endloop
  endfacet
  facet normal 5.975369e-01 3.740220e-01 7.092652e-01
    outer loop
      vertex -2.442425e+00 -2.281107e+00 -5.703081e-01
      vertex -1.948637e+00 -2.599648e+00 -8.183332e-01
      vertex -1.938342e+00 -2.431034e+00 -9.159223e-01
    endloop
  endfacet
  facet normal 5.968518e-01 2.468329e-01 7.634405e-01
    outer loop
      vertex -2.442425e+00 -2.281107e+00 -5.703081e-01
      vertex -1.938342e+00 -2.431034e+00 -9.159223e-01
      vertex -2.386765e+00 -2.120348e+00 -6.657991e-01
    endloop
  endfacet
  facet normal 5.014025e-01 2.748522e-02 8.647775e-01
    outer loop
      vertex -2.386765e+00 -2.120348e+00 -6.657991e-01
      vertex -1.938342e+00 -2.431034e+00 -9.159223e-01
      vertex -1.889419e+00 -2.245313e+00 -9.501911e-01
    endloop
  endfacet
  facet normal 4.727695e-01 -1.085412e-01 8.744757e-01
    outer loop
      vertex -2.386765e+00 -2.120348e+00 -6.657991e-01
      vertex -1.889419e+00 -2.245313e+00 -9.501911e-01
      vertex -2.287025e+00 -1.956068e+00 -6.993311e-01
    endloop
  endfacet
  facet normal 3.251581e-01 -3.236578e-01 8.885482e-01
    outer loop
      vertex -2.287025e+00 -1.956068e+00 -6.993311e-01
      vertex -1.889419e+00 -2.245313e+00 -9.501911e-01
      vertex -1.809315e+00 -2.070759e+00 -9.159223e-01
    endloop
  endfacet
  facet normal 2.772339e-01 -4.492041e-01 8.493274e-01
    outer loop
      vertex -2.287025e+00 -1.956068e+00 -6.993311e-01
      vertex -1.809315e+00 -2.070759e+00 -9.159223e-01
      vertex -2.158390e+00 -1.813279e+00 -6.657991e-01
    endloop
  endfacet
  facet normal 9.630441e-02 -6.232964e-01 7.760329e-01
    outer loop
      vertex -2.158390e+00 -1.813279e+00 -6.657991e-01
      vertex -1.809315e+00 -2.070759e+00 -9.159223e-01
      vertex -1.710225e+00 -1.933946e+00 -8.183332e-01
    endloop
  endfacet
  facet normal 4.137358e-02 -7.208735e-01 6.918306e-01
    outer loop
      vertex -2.158390e+00 -1.813279e+00 -6.657991e-01
      vertex -1.710225e+00 -1.933946e+00 -8.183332e-01
      vertex -2.020443e+00 -1.713718e+00 -5.703081e-01
    endloop
  endfacet
  facet normal -1.484408e-01 -8.243383e-01 5.462891e-01
    outer loop
      vertex -2.020443e+00 -1.713718e+00 -5.703081e-01
      vertex -1.710225e+00 -1.933946e+00 -8.183332e-01
      vertex -1.607236e+00 -1.855702e+00 -6.722807e-01
    endloop
  endfacet
  facet normal -1.972906e-01 -8.818069e-01 4.283608e-01
    outer loop
      vertex -2.020443e+00 -1.713718e+00 -5.703081e-01
      vertex -1.607236e+00 -1.855702e+00 -6.722807e-01
      vertex -1.894186e+00 -1.672542e+00 -4.273957e-01
    endloop
  endfacet
  facet normal -3.709941e-01 -8.979178e-01 2.368692e-01
    outer loop
      vertex -1.894186e+00 -1.672542e+00 -4.273957e-01
      vertex -1.607236e+00 -1.855702e+00 -6.722807e-01
      vertex -1.516025e+00 -1.847940e+00 -5.000000e-01
    endloop
  endfacet
  facet normal -4.025899e-01 -9.097926e-01 1.009892e-01
    outer loop
      vertex -1.894186e+00 -1.672542e+00 -4.273957e-01
      vertex -1.516025e+00 -1.847940e+00 -5.000000e-01
      vertex -1.798840e+00 -1.696021e+00 -2.588190e-01
    endloop
  endfacet
  facet normal -2.746781e-01 -9.539422e-01 -1.206077e-01
    outer loop
      vertex -1.516025e+00 -1.847940e+00 -5.000000e-01
      vertex -1.199391e+00 -1.912927e+00 -7.071068e-01
      vertex -1.130912e+00 -1.955117e+00 -5.293687e-01
    endloop
  endfacet
  facet normal -2.772157e-01 -9.304414e-01 -2.396462e-01
    outer loop
      vertex -1.516025e+00 -1.847940e+00 -5.000000e-01
      vertex -1.130912e+00 -1.955117e+00 -5.293687e-01
      vertex -1.450480e+00 -1.911842e+00 -3.277193e-01
    endloop
  endfacet
  facet normal -3.941373e-01 -7.996492e-01 -4.530088e-01
    outer loop
      vertex -1.450480e+00 -1.911842e+00 -3.277193e-01
      vertex -1.130912e+00 -1.955117e+00 -5.293687e-01
      vertex -1.077365e+00 -2.066870e+00 -3.786897e-01
    endloop
  endfacet
  facet normal -3.824195e-01 -7.372789e-01 -5.569337e-01
    outer loop
      vertex -1.450480e+00 -1.911842e+00 -3.277193e-01
      vertex -1.077365e+00 -2.066870e+00 -3.786897e-01
      vertex -1.420578e+00 -2.037678e+00 -1.816668e-01
    endloop
  endfacet
  facet normal -4.569211e-01 -5.248010e-01 -7.181971e-01
    outer loop
      vertex -1.420578e+00 -2.037678e+00 -1.816668e-01
      vertex -1.077365e+00 -2.066870e+00 -3.786897e-01
      vertex -1.046904e+00 -2.231174e+00 -2.780091e-01
    endloop
  endfacet
  facet normal -4.286029e-01 -4.328369e-01 -7.930647e-01
    outer loop
      vertex -1.420578e+00 -2.037678e+00 -1.816668e-01
      vertex -1.046904e+00 -2.231174e+00 -2.780091e-01
      vertex -1.430873e+00 -2.206292e+00 -8.407765e-02
    endloop
  endfacet
  facet normal -4.530805e-01 -1.678197e-01 -8.755311e-01
    outer loop
      vertex -1.430873e+00 -2.206292e+00 -8.407765e-02
      vertex -1.046904e+00 -2.231174e+00 -2.780091e-01
      vertex -1.044165e+00 -2.423015e+00 -2.426548e-01
    endloop
  endfacet
  facet normal -4.076557e-01 -6.073016e-02 -9.111140e-01
    outer loop
      vertex -1.430873e+00 -2.206292e+00 -8.407765e-02
      vertex -1.044165e+00 -2.423015e+00 -2.426548e-01
      vertex -1.479796e+00 -2.392013e+00 -4.980889e-02
    endloop
  endfacet
  facet normal -3.820451e-01 2.179866e-01 -8.980665e-01
    outer loop
      vertex -1.479796e+00 -2.392013e+00 -4.980889e-02
      vertex -1.044165e+00 -2.423015e+00 -2.426548e-01
      vertex -1.069566e+00 -2.613186e+00 -2.780091e-01
    endloop
  endfacet
  facet normal -3.214992e-01 3.223342e-01 -8.903589e-01
    outer loop
      vertex -1.479796e+00 -2.392013e+00 -4.980889e-02
      vertex -1.069566e+00 -2.613186e+00 -2.780091e-01
      vertex -1.559900e+00 -2.566568e+00 -8.407765e-02
    endloop
  endfacet
  facet normal -2.542499e-01 5.714984e-01 -7.802221e-01
    outer loop
      vertex -1.559900e+00 -2.566568e+00 -8.407765e-02
      vertex -1.069566e+00 -2.613186e+00 -2.780091e-01
      vertex -1.119239e+00 -2.772736e+00 -3.786897e-01
    endloop
  endfacet
  facet normal -1.832522e-01 6.553819e-01 -7.327300e-01
    outer loop
      vertex -1.559900e+00 -2.566568e+00 -8.407765e-02
      vertex -1.119239e+00 -2.772736e+00 -3.786897e-01
      vertex -1.658990e+00 -2.703381e+00 -1.816668e-01
    endloop
  endfacet
  facet normal -9.003978e-02 8.361791e-01 -5.410152e-01
    outer loop
      vertex -1.658990e+00 -2.703381e+00 -1.816668e-01
      vertex -1.119239e+00 -2.772736e+00 -3.786897e-01
      vertex -1.185623e+00 -2.877375e+00 -5.293687e-01
    endloop
  endfacet
  facet normal -1.513447e-02 8.857799e-01 -4.638588e-01
    outer loop
      vertex -1.658990e+00 -2.703381e+00 -1.816668e-01
      vertex -1.185623e+00 -2.877375e+00 -5.293687e-01
      vertex -1.761979e+00 -2.781624e+00 -3.277193e-01
    endloop
  endfacet
  facet normal 8.464440e-02 9.719176e-01 -2.195712e-01
    outer loop
      vertex -1.761979e+00 -2.781624e+00 -3.277193e-01
      vertex -1.185623e+00 -2.877375e+00 -5.293687e-01
      vertex -1.258610e+00 -2.911172e+00 -7.071068e-01
    endloop
  endfacet
  facet normal 1.564126e-01 9.795007e-01 -1.269390e-01
    outer loop
      vertex -1.761979e+00 -2.781624e+00 -3.277193e-01
      vertex -1.258610e+00 -2.911172e+00 -7.071068e-01
      vertex -1.853190e+00 -2.789386e+00 -5.000000e-01
    endloop
  endfacet
  facet normal 2.434955e-01 9.605735e-01 1.341958e-01
    outer loop
      vertex -1.853190e+00 -2.789386e+00 -5.000000e-01
      vertex -1.258610e+00 -2.911172e+00 -7.071068e-01
      vertex -1.327090e+00 -2.868983e+00 -8.848448e-01
    endloop
  endfacet
  facet normal 3.057292e-01 9.247401e-01 2.266833e-01
    outer loop
      vertex -1.853190e+00 -2.789386e+00 -5.000000e-01
      vertex -1.327090e+00 -2.868983e+00 -8.848448e-01
      vertex -1.918735e+00 -2.725485e+00 -6.722807e-01
    endloop
  endfacet
  facet normal 3.635386e-01 8.054036e-01 4.681504e-01
    outer loop
      vertex -1.918735e+00 -2.725485e+00 -6.722807e-01
      vertex -1.327090e+00 -2.868983e+00 -8.848448e-01
      vertex -1.380636e+00 -2.757229e+00 -1.035524e+00
    endloop
  endfacet
  facet normal 4.111564e-01 7.305277e-01 5.452336e-01
    outer loop
      vertex -1.918735e+00 -2.725485e+00 -6.722807e-01
      vertex -1.380636e+00 -2.757229e+00 -1.035524e+00
      vertex -1.948637e+00 -2.599648e+00 -8.183332e-01
    endloop
  endfacet
  facet normal 4.271509e-01 5.286704e-01 7.335187e-01
    outer loop
      vertex -1.948637e+00 -2.599648e+00 -8.183332e-01
      vertex -1.380636e+00 -2.757229e+00 -1.035524e+00
      vertex -1.411098e+00 -2.592925e+00 -1.136204e+00
    endloop
  endfacet
  facet normal 4.569272e-01 4.245123e-01 7.816693e-01
    outer loop
      vertex -1.948637e+00 -2.599648e+00 -8.183332e-01
      vertex -1.411098e+00 -2.592925e+00 -1.136204e+00
      vertex -1.938342e+00 -2.431034e+00 -9.159223e-01
    endloop
  endfacet
  facet normal 4.238808e-01 1.699995e-01 8.896208e-01
    outer loop
      vertex -1.938342e+00 -2.431034e+00 -9.159223e-01
      vertex -1.411098e+00 -2.592925e+00 -1.136204e+00
      vertex -1.413836e+00 -2.401085e+00 -1.171559e+00
    endloop
  endfacet
  facet normal 4.351786e-01 5.122367e-02 8.988858e-01
    outer loop
      vertex -1.938342e+00 -2.431034e+00 -9.159223e-01
      vertex -1.413836e+00 -2.401085e+00 -1.171559e+00
      vertex -1.889419e+00 -2.245313e+00 -9.501911e-01
    endloop
  endfacet
  facet normal 3.528544e-01 -2.163654e-01 9.103185e-01
    outer loop
      vertex -1.889419e+00 -2.245313e+00 -9.501911e-01
      vertex -1.413836e+00 -2.401085e+00 -1.171559e+00
      vertex -1.388435e+00 -2.210914e+00 -1.136204e+00
    endloop
  endfacet
  facet normal 3.482886e-01 -3.319365e-01 8.766489e-01
    outer loop
      vertex -1.889419e+00 -2.245313e+00 -9.501911e-01
      vertex -1.388435e+00 -2.210914e+00 -1.136204e+00
      vertex -1.809315e+00 -2.070759e+00 -9.159223e-01
    endloop
  endfacet
  facet normal 2.245176e-01 -5.690706e-01 7.910440e-01
    outer loop
      vertex -1.809315e+00 -2.070759e+00 -9.159223e-01
      vertex -1.388435e+00 -2.210914e+00 -1.136204e+00
      vertex -1.338762e+00 -2.051363e+00 -1.035524e+00
    endloop
  endfacet
  facet normal 2.098006e-01 -6.639316e-01 7.177594e-01
    outer loop
      vertex -1.809315e+00 -2.070759e+00 -9.159223e-01
      vertex -1.338762e+00 -2.051363e+00 -1.035524e+00
      vertex -1.710225e+00 -1.933946e+00 -8.183332e-01
    endloop
  endfacet
  facet normal 5.950381e-02 -8.320042e-01 5.515690e-01
    outer loop
      vertex -1.710225e+00 -1.933946e+00 -8.183332e-01
      vertex -1.338762e+00 -2.051363e+00 -1.035524e+00
      vertex -1.272379e+00 -1.946725e+00 -8.848448e-01
    endloop
  endfacet
  facet normal 4.208717e-02 -8.927482e-01 4.485860e-01
    outer loop
      vertex -1.710225e+00 -1.933946e+00 -8.183332e-01
      vertex -1.272379e+00 -1.946725e+00 -8.848448e-01
      vertex -1.607236e+00 -1.855702e+00 -6.722807e-01
    endloop
  endfacet
  facet normal -1.157930e-01 -9.659829e-01 2.312338e-01
    outer loop
      vertex -1.607236e+00 -1.855702e+00 -6.722807e-01
      vertex -1.272379e+00 -1.946725e+00 -8.848448e-01
      vertex -1.199391e+00 -1.912927e+00 -7.071068e-01
    endloop
  endfacet
  facet normal -1.286410e-01 -9.852898e-01 1.124967e-01
    outer loop
      vertex -1.607236e+00 -1.855702e+00 -6.722807e-01
      vertex -1.199391e+00 -1.912927e+00 -7.071068e-01
      vertex -1.516025e+00 -1.847940e+00 -5.000000e-01
    endloop
  endfacet
  facet normal 4.318918e-03 -9.898401e-01 -1.421196e-01
    outer loop
      vertex -1.199391e+00 -1.912927e+00 -7.071068e-01
      vertex -8.771383e-01 -1.888704e+00 -8.660254e-01
      vertex -8.173833e-01 -1.914842e+00 -6.821603e-01
    endloop
  endfacet
  facet normal 1.045757e-02 -9.719991e-01 -2.347519e-01
    outer loop
      vertex -1.199391e+00 -1.912927e+00 -7.071068e-01
      vertex -8.173833e-01 -1.914842e+00 -6.821603e-01
      vertex -1.130912e+00 -1.955117e+00 -5.293687e-01
    endloop
  endfacet
  facet normal -1.244426e-01 -8.663338e-01 -4.837145e-01
    outer loop
      vertex -1.130912e+00 -1.955117e+00 -5.293687e-01
      vertex -8.173833e-01 -1.914842e+00 -6.821603e-01
      vertex -7.508018e-01 -2.011438e+00 -5.262870e-01
    endloop
  endfacet
  facet normal -1.164908e-01 -8.170936e-01 -5.646132e-01
    outer loop
      vertex -1.130912e+00 -1.955117e+00 -5.293687e-01
      vertex -7.508018e-01 -2.011438e+00 -5.262870e-01
      vertex -1.077365e+00 -2.066870e+00 -3.786897e-01
    endloop
  endfacet
  facet normal -2.364689e-01 -6.133772e-01 -7.535588e-01
    outer loop
      vertex -1.077365e+00 -2.066870e+00 -3.786897e-01
      vertex -7.508018e-01 -2.011438e+00 -5.262870e-01
      vertex -6.875301e-01 -2.163784e+00 -4.221358e-01
    endloop
  endfacet
  facet normal -2.244852e-01 -5.390642e-01 -8.117981e-01
    outer loop
      vertex -1.077365e+00 -2.066870e+00 -3.786897e-01
      vertex -6.875301e-01 -2.163784e+00 -4.221358e-01
      vertex -1.046904e+00 -2.231174e+00 -2.780091e-01
    endloop
  endfacet
  facet normal -3.154290e-01 -2.660275e-01 -9.108973e-01
    outer loop
      vertex -1.046904e+00 -2.231174e+00 -2.780091e-01
      vertex -6.875301e-01 -2.163784e+00 -4.221358e-01
      vertex -6.372007e-01 -2.348688e+00 -3.855628e-01
    endloop
  endfacet
  facet normal -2.971213e-01 -1.771539e-01 -9.382619e-01
    outer loop
      vertex -1.046904e+00 -2.231174e+00 -2.780091e-01
      vertex -6.372007e-01 -2.348688e+00 -3.855628e-01
      vertex -1.044165e+00 -2.423015e+00 -2.426548e-01
    endloop
  endfacet
  facet normal -3.489274e-01 1.246517e-01 -9.288227e-01
    outer loop
      vertex -1.044165e+00 -2.423015e+00 -2.426548e-01
      vertex -6.372007e-01 -2.348688e+00 -3.855628e-01
      vertex -6.074759e-01 -2.538000e+00 -4.221358e-01
    endloop
  endfacet
  facet normal -3.224590e-01 2.144710e-01 -9.219666e-01
    outer loop
      vertex -1.044165e+00 -2.423015e+00 -2.426548e-01
      vertex -6.074759e-01 -2.538000e+00 -4.221358e-01
      vertex -1.069566e+00 -2.613186e+00 -2.780091e-01
    endloop
  endfacet
  facet normal -3.310407e-01 4.972891e-01 -8.019449e-01
    outer loop
      vertex -1.069566e+00 -2.613186e+00 -2.780091e-01
      vertex -6.074759e-01 -2.538000e+00 -4.221358e-01
      vertex -6.028810e-01 -2.702899e+00 -5.262870e-01
    endloop
  endfacet
  facet normal -2.958858e-01 5.739504e-01 -7.635657e-01
    outer loop
      vertex -1.069566e+00 -2.613186e+00 -2.780091e-01
      vertex -6.028810e-01 -2.702899e+00 -5.262870e-01
      vertex -1.119239e+00 -2.772736e+00 -3.786897e-01
    endloop
  endfacet
  facet normal -2.644076e-01 7.920261e-01 -5.502574e-01
    outer loop
      vertex -1.119239e+00 -2.772736e+00 -3.786897e-01
      vertex -6.028810e-01 -2.702899e+00 -5.262870e-01
      vertex -6.241155e-01 -2.818281e+00 -6.821603e-01
    endloop
  endfacet
  facet normal -2.217236e-01 8.439735e-01 -4.884131e-01
    outer loop
      vertex -1.119239e+00 -2.772736e+00 -3.786897e-01
      vertex -6.241155e-01 -2.818281e+00 -6.821603e-01
      vertex -1.185623e+00 -2.877375e+00 -5.293687e-01
    endloop
  endfacet
  facet normal -1.598888e-01 9.634450e-01 -2.149636e-01
    outer loop
      vertex -1.185623e+00 -2.877375e+00 -5.293687e-01
      vertex -6.241155e-01 -2.818281e+00 -6.821603e-01
      vertex -6.679467e-01 -2.866579e+00 -8.660254e-01
    endloop
  endfacet
  facet normal -1.121904e-01 9.836365e-01 -1.409702e-01
    outer loop
      vertex -1.185623e+00 -2.877375e+00 -5.293687e-01
      vertex -6.679467e-01 -2.866579e+00 -8.660254e-01
      vertex -1.258610e+00 -2.911172e+00 -7.071068e-01
    endloop
  endfacet
  facet normal -3.383914e-02 9.878877e-01 1.514360e-01
    outer loop
      vertex -1.258610e+00 -2.911172e+00 -7.071068e-01
      vertex -6.679467e-01 -2.866579e+00 -8.660254e-01
      vertex -7.277016e-01 -2.840440e+00 -1.049890e+00
    endloop
  endfacet
  facet normal 1.562617e-02 9.741825e-01 2.252206e-01
    outer loop
      vertex -1.258610e+00 -2.911172e+00 -7.071068e-01
      vertex -7.277016e-01 -2.840440e+00 -1.049890e+00
      vertex -1.327090e+00 -2.868983e+00 -8.848448e-01
    endloop
  endfacet
  facet normal 9.508613e-02 8.638410e-01 4.947094e-01
    outer loop
      vertex -1.327090e+00 -2.868983e+00 -8.848448e-01
      vertex -7.277016e-01 -2.840440e+00 -1.049890e+00
      vertex -7.942832e-01 -2.743845e+00 -1.205764e+00
    endloop
  endfacet
  facet normal 1.428437e-01 8.185785e-01 5.563496e-01
    outer loop
      vertex -1.327090e+00 -2.868983e+00 -8.848448e-01
      vertex -7.942832e-01 -2.743845e+00 -1.205764e+00
      vertex -1.380636e+00 -2.757229e+00 -1.035524e+00
    endloop
  endfacet
  facet normal 2.081952e-01 6.094543e-01 7.649969e-01
    outer loop
      vertex -1.380636e+00 -2.757229e+00 -1.035524e+00
      vertex -7.942832e-01 -2.743845e+00 -1.205764e+00
      vertex -8.575549e-01 -2.591499e+00 -1.309915e+00
    endloop
  endfacet
  facet normal 2.509060e-01 5.391600e-01 8.039606e-01
    outer loop
      vertex -1.380636e+00 -2.757229e+00 -1.035524e+00
      vertex -8.575549e-01 -2.591499e+00 -1.309915e+00
      vertex -1.411098e+00 -2.592925e+00 -1.136204e+00
    endloop
  endfacet
  facet normal 2.884494e-01 2.607432e-01 9.213088e-01
    outer loop
      vertex -1.411098e+00 -2.592925e+00 -1.136204e+00
      vertex -8.575549e-01 -2.591499e+00 -1.309915e+00
      vertex -9.078842e-01 -2.406594e+00 -1.346488e+00
    endloop
  endfacet
  facet normal 3.233761e-01 1.759630e-01 9.297660e-01
    outer loop
      vertex -1.411098e+00 -2.592925e+00 -1.136204e+00
      vertex -9.078842e-01 -2.406594e+00 -1.346488e+00
      vertex -1.413836e+00 -2.401085e+00 -1.171559e+00
    endloop
  endfacet
  facet normal 3.227029e-01 -1.304397e-01 9.374691e-01
    outer loop
      vertex -1.413836e+00 -2.401085e+00 -1.171559e+00
      vertex -9.078842e-01 -2.406594e+00 -1.346488e+00
      vertex -9.376090e-01 -2.217282e+00 -1.309915e+00
    endloop
  endfacet
  facet normal 3.483931e-01 -2.161003e-01 9.120981e-01
    outer loop
      vertex -1.413836e+00 -2.401085e+00 -1.171559e+00
      vertex -9.376090e-01 -2.217282e+00 -1.309915e+00
      vertex -1.388435e+00 -2.210914e+00 -1.136204e+00
    endloop
  endfacet
  facet normal 3.046583e-01 -5.025408e-01 8.090958e-01
    outer loop
      vertex -1.388435e+00 -2.210914e+00 -1.136204e+00
      vertex -9.376090e-01 -2.217282e+00 -1.309915e+00
      vertex -9.422039e-01 -2.052383e+00 -1.205764e+00
    endloop
  endfacet
  facet normal 3.215260e-01 -5.748928e-01 7.524090e-01
    outer loop
      vertex -1.388435e+00 -2.210914e+00 -1.136204e+00
      vertex -9.422039e-01 -2.052383e+00 -1.205764e+00
      vertex -1.338762e+00 -2.051363e+00 -1.035524e+00
    endloop
  endfacet
  facet normal 2.370419e-01 -7.960114e-01 5.569354e-01
    outer loop
      vertex -1.338762e+00 -2.051363e+00 -1.035524e+00
      vertex -9.422039e-01 -2.052383e+00 -1.205764e+00
      vertex -9.209694e-01 -1.937002e+00 -1.049890e+00
    endloop
  endfacet
  facet normal 2.472857e-01 -8.434990e-01 4.768219e-01
    outer loop
      vertex -1.338762e+00 -2.051363e+00 -1.035524e+00
      vertex -9.209694e-01 -1.937002e+00 -1.049890e+00
      vertex -1.272379e+00 -1.946725e+00 -8.848448e-01
    endloop
  endfacet
  facet normal 1.312231e-01 -9.660646e-01 2.224853e-01
    outer loop
      vertex -1.272379e+00 -1.946725e+00 -8.848448e-01
      vertex -9.209694e-01 -1.937002e+00 -1.049890e+00
      vertex -8.771383e-01 -1.888704e+00 -8.660254e-01
    endloop
  endfacet
  facet normal 1.379433e-01 -9.818638e-01 1.300578e-01
    outer loop
      vertex -1.272379e+00 -1.946725e+00 -8.848448e-01
      vertex -8.771383e-01 -1.888704e+00 -8.660254e-01
      vertex -1.199391e+00 -1.912927e+00 -7.071068e-01
    endloop
  endfacet
  facet normal 2.750944e-01 -9.466601e-01 -1.678028e-01
    outer loop
      vertex -8.771383e-01 -1.888704e+00 -8.660254e-01
      vertex -5.768260e-01 -1.783727e+00 -9.659258e-01
      vertex -5.336316e-01 -1.804692e+00 -7.768361e-01
    endloop
  endfacet
  facet normal 2.862869e-01 -9.312476e-01 -2.254278e-01
    outer loop
      vertex -8.771383e-01 -1.888704e+00 -8.660254e-01
      vertex -5.336316e-01 -1.804692e+00 -7.768361e-01
      vertex -8.173833e-01 -1.914842e+00 -6.821603e-01
    endloop
  endfacet
  facet normal 1.536265e-01 -8.412660e-01 -5.183343e-01
    outer loop
      vertex -8.173833e-01 -1.914842e+00 -6.821603e-01
      vertex -5.336316e-01 -1.804692e+00 -7.768361e-01
      vertex -4.629921e-01 -1.890561e+00 -6.165336e-01
    endloop
  endfacet
  facet normal 1.605687e-01 -8.068113e-01 -5.685713e-01
    outer loop
      vertex -8.173833e-01 -1.914842e+00 -6.821603e-01
      vertex -4.629921e-01 -1.890561e+00 -6.165336e-01
      vertex -7.508018e-01 -2.011438e+00 -5.262870e-01
    endloop
  endfacet
  facet normal 8.210149e-03 -6.107127e-01 -7.918097e-01
    outer loop
      vertex -7.508018e-01 -2.011438e+00 -5.262870e-01
      vertex -4.629921e-01 -1.890561e+00 -6.165336e-01
      vertex -3.756617e-01 -2.028259e+00 -5.094228e-01
    endloop
  endfacet
  facet normal 1.206098e-02 -5.609074e-01 -8.277907e-01
    outer loop
      vertex -7.508018e-01 -2.011438e+00 -5.262870e-01
      vertex -3.756617e-01 -2.028259e+00 -5.094228e-01
      vertex -6.875301e-01 -2.163784e+00 -4.221358e-01
    endloop
  endfacet
  facet normal -1.404736e-01 -2.870377e-01 -9.475635e-01
    outer loop
      vertex -6.875301e-01 -2.163784e+00 -4.221358e-01
      vertex -3.756617e-01 -2.028259e+00 -5.094228e-01
      vertex -2.849356e-01 -2.196825e+00 -4.718105e-01
    endloop
  endfacet
  facet normal -1.376479e-01 -2.281119e-01 -9.638558e-01
    outer loop
      vertex -6.875301e-01 -2.163784e+00 -4.221358e-01
      vertex -2.849356e-01 -2.196825e+00 -4.718105e-01
      vertex -6.372007e-01 -2.348688e+00 -3.855628e-01
    endloop
  endfacet
  facet normal -2.704601e-01 8.261746e-02 -9.591797e-01
    outer loop
      vertex -6.372007e-01 -2.348688e+00 -3.855628e-01
      vertex -2.849356e-01 -2.196825e+00 -4.718105e-01
      vertex -2.046261e-01 -2.370595e+00 -5.094228e-01
    endloop
  endfacet
  facet normal -2.657880e-01 1.424629e-01 -9.534469e-01
    outer loop
      vertex -6.372007e-01 -2.348688e+00 -3.855628e-01
      vertex -2.046261e-01 -2.370595e+00 -5.094228e-01
      vertex -6.074759e-01 -2.538000e+00 -4.221358e-01
    endloop
  endfacet
  facet normal -3.611672e-01 4.406059e-01 -8.218422e-01
    outer loop
      vertex -6.074759e-01 -2.538000e+00 -4.221358e-01
      vertex -2.046261e-01 -2.370595e+00 -5.094228e-01
      vertex -1.469595e-01 -2.523114e+00 -6.165336e-01
    endloop
  endfacet
  facet normal -3.518650e-01 4.928317e-01 -7.958064e-01
    outer loop
      vertex -6.074759e-01 -2.538000e+00 -4.221358e-01
      vertex -1.469595e-01 -2.523114e+00 -6.165336e-01
      vertex -6.028810e-01 -2.702899e+00 -5.262870e-01
    endloop
  endfacet
  facet normal -3.977785e-01 7.292933e-01 -5.566898e-01
    outer loop
      vertex -6.028810e-01 -2.702899e+00 -5.262870e-01
      vertex -1.469595e-01 -2.523114e+00 -6.165336e-01
      vertex -1.207151e-01 -2.631163e+00 -7.768361e-01
    endloop
  endfacet
  facet normal -3.820456e-01 7.669124e-01 -5.156419e-01
    outer loop
      vertex -6.028810e-01 -2.702899e+00 -5.262870e-01
      vertex -1.207151e-01 -2.631163e+00 -7.768361e-01
      vertex -6.241155e-01 -2.818281e+00 -6.821603e-01
    endloop
  endfacet
  facet normal -3.748426e-01 9.036724e-01 -2.070488e-01
    outer loop
      vertex -6.241155e-01 -2.818281e+00 -6.821603e-01
      vertex -1.207151e-01 -2.631163e+00 -7.768361e-01
      vertex -1.298883e-01 -2.678292e+00 -9.659258e-01
    endloop
  endfacet
  facet normal -3.521945e-01 9.224343e-01 -1.583476e-01
    outer loop
      vertex -6.241155e-01 -2.818281e+00 -6.821603e-01
      vertex -1.298883e-01 -2.678292e+00 -9.659258e-01
      vertex -6.679467e-01 -2.866579e+00 -8.660254e-01
    endloop
  endfacet
  facet normal -2.967844e-01 9.393369e-01 1.719455e-01
    outer loop
      vertex -6.679467e-01 -2.866579e+00 -8.660254e-01
      vertex -1.298883e-01 -2.678292e+00 -9.659258e-01
      vertex -1.730827e-01 -2.657326e+00 -1.155016e+00
    endloop
  endfacet
  facet normal -2.678857e-01 9.379039e-01 2.203938e-01
    outer loop
      vertex -6.679467e-01 -2.866579e+00 -8.660254e-01
      vertex -1.730827e-01 -2.657326e+00 -1.155016e+00
      vertex -7.277016e-01 -2.840440e+00 -1.049890e+00
    endloop
  endfacet
  facet normal -1.758547e-01 8.334142e-01 5.239236e-01
    outer loop
      vertex -7.277016e-01 -2.840440e+00 -1.049890e+00
      vertex -1.730827e-01 -2.657326e+00 -1.155016e+00
      vertex -2.437222e-01 -2.571458e+00 -1.315318e+00
    endloop
  endfacet
  facet normal -1.422233e-01 8.130275e-01 5.645872e-01
    outer loop
      vertex -7.277016e-01 -2.840440e+00 -1.049890e+00
      vertex -2.437222e-01 -2.571458e+00 -1.315318e+00
      vertex -7.942832e-01 -2.743845e+00 -1.205764e+00
    endloop
  endfacet
  facet normal -2.967545e-02 6.019188e-01 7.980057e-01
    outer loop
      vertex -7.942832e-01 -2.743845e+00 -1.205764e+00
      vertex -2.437222e-01 -2.571458e+00 -1.315318e+00
      vertex -3.310526e-01 -2.433759e+00 -1.422429e+00
    endloop
  endfacet
  facet normal 6.509940e-03 5.661961e-01 8.242448e-01
    outer loop
      vertex -7.942832e-01 -2.743845e+00 -1.205764e+00
      vertex -3.310526e-01 -2.433759e+00 -1.422429e+00
      vertex -8.575549e-01 -2.591499e+00 -1.309915e+00
    endloop
  endfacet
  facet normal 1.205308e-01 2.775443e-01 9.531220e-01
    outer loop
      vertex -8.575549e-01 -2.591499e+00 -1.309915e+00
      vertex -3.310526e-01 -2.433759e+00 -1.422429e+00
      vertex -4.217787e-01 -2.265194e+00 -1.460041e+00
    endloop
  endfacet
  facet normal 1.566042e-01 2.324907e-01 9.599079e-01
    outer loop
      vertex -8.575549e-01 -2.591499e+00 -1.309915e+00
      vertex -4.217787e-01 -2.265194e+00 -1.460041e+00
      vertex -9.078842e-01 -2.406594e+00 -1.346488e+00
    endloop
  endfacet
  facet normal 2.518410e-01 -9.213022e-02 9.633733e-01
    outer loop
      vertex -9.078842e-01 -2.406594e+00 -1.346488e+00
      vertex -4.217787e-01 -2.265194e+00 -1.460041e+00
      vertex -5.020882e-01 -2.091424e+00 -1.422429e+00
    endloop
  endfacet
  facet normal 2.850450e-01 -1.384756e-01 9.484587e-01
    outer loop
      vertex -9.078842e-01 -2.406594e+00 -1.346488e+00
      vertex -5.020882e-01 -2.091424e+00 -1.422429e+00
      vertex -9.376090e-01 -2.217282e+00 -1.309915e+00
    endloop
  endfacet
  facet normal 3.429883e-01 -4.495451e-01 8.247838e-01
    outer loop
      vertex -9.376090e-01 -2.217282e+00 -1.309915e+00
      vertex -5.020882e-01 -2.091424e+00 -1.422429e+00
      vertex -5.597548e-01 -1.938905e+00 -1.315318e+00
    endloop
  endfacet
  facet normal 3.711508e-01 -4.884518e-01 7.897227e-01
    outer loop
      vertex -9.376090e-01 -2.217282e+00 -1.309915e+00
      vertex -5.597548e-01 -1.938905e+00 -1.315318e+00
      vertex -9.422039e-01 -2.052383e+00 -1.205764e+00
    endloop
  endfacet
  facet normal 3.789615e-01 -7.374298e-01 5.590934e-01
    outer loop
      vertex -9.422039e-01 -2.052383e+00 -1.205764e+00
      vertex -5.597548e-01 -1.938905e+00 -1.315318e+00
      vertex -5.859992e-01 -1.830856e+00 -1.155016e+00
    endloop
  endfacet
  facet normal 4.010896e-01 -7.615536e-01 5.090808e-01
    outer loop
      vertex -9.422039e-01 -2.052383e+00 -1.205764e+00
      vertex -5.859992e-01 -1.830856e+00 -1.155016e+00
      vertex -9.209694e-01 -1.937002e+00 -1.049890e+00
    endloop
  endfacet
  facet normal 3.546009e-01 -9.111543e-01 2.098955e-01
    outer loop
      vertex -9.209694e-01 -1.937002e+00 -1.049890e+00
      vertex -5.859992e-01 -1.830856e+00 -1.155016e+00
      vertex -5.768260e-01 -1.783727e+00 -9.659258e-01
    endloop
  endfacet
  facet normal 3.708801e-01 -9.161183e-01 1.522341e-01
    outer loop
      vertex -9.209694e-01 -1.937002e+00 -1.049890e+00
      vertex -5.768260e-01 -1.783727e+00 -9.659258e-01
      vertex -8.771383e-01 -1.888704e+00 -8.660254e-01
    endloop
  endfacet
  facet normal 5.185398e-01 -8.328968e-01 -1.933893e-01
    outer loop
      vertex -5.768260e-01 -1.783727e+00 -9.659258e-01
      vertex -3.205171e-01 -1.616244e+00 -1.000000e+00
      vertex -2.962423e-01 -1.645558e+00 -8.086584e-01
    endloop
  endfacet
  facet normal 5.245500e-01 -8.247499e-01 -2.112697e-01
    outer loop
      vertex -5.768260e-01 -1.783727e+00 -9.659258e-01
      vertex -2.962423e-01 -1.645558e+00 -8.086584e-01
      vertex -5.336316e-01 -1.804692e+00 -7.768361e-01
    endloop
  endfacet
  facet normal 4.131433e-01 -7.261951e-01 -5.495028e-01
    outer loop
      vertex -5.336316e-01 -1.804692e+00 -7.768361e-01
      vertex -2.962423e-01 -1.645558e+00 -8.086584e-01
      vertex -2.268673e-01 -1.728833e+00 -6.464467e-01
    endloop
  endfacet
  facet normal 4.163156e-01 -7.123367e-01 -5.650290e-01
    outer loop
      vertex -5.336316e-01 -1.804692e+00 -7.768361e-01
      vertex -2.268673e-01 -1.728833e+00 -6.464467e-01
      vertex -4.629921e-01 -1.890561e+00 -6.165336e-01
    endloop
  endfacet
  facet normal 2.459251e-01 -5.113572e-01 -8.234286e-01
    outer loop
      vertex -4.629921e-01 -1.890561e+00 -6.165336e-01
      vertex -2.268673e-01 -1.728833e+00 -6.464467e-01
      vertex -1.229538e-01 -1.853391e+00 -5.380604e-01
    endloop
  endfacet
  facet normal 2.464537e-01 -4.928213e-01 -8.344985e-01
    outer loop
      vertex -4.629921e-01 -1.890561e+00 -6.165336e-01
      vertex -1.229538e-01 -1.853391e+00 -5.380604e-01
      vertex -3.756617e-01 -2.028259e+00 -5.094228e-01
    endloop
  endfacet
  facet normal 4.077731e-02 -2.185951e-01 -9.749633e-01
    outer loop
      vertex -3.756617e-01 -2.028259e+00 -5.094228e-01
      vertex -1.229538e-01 -1.853391e+00 -5.380604e-01
      vertex -3.217116e-04 -2.000269e+00 -5.000002e-01
    endloop
  endfacet
  facet normal 3.931189e-02 -1.974062e-01 -9.795332e-01
    outer loop
      vertex -3.756617e-01 -2.028259e+00 -5.094228e-01
      vertex -3.217116e-04 -2.000269e+00 -5.000002e-01
      vertex -2.849356e-01 -2.196825e+00 -4.718105e-01
    endloop
  endfacet
  facet normal -1.725938e-01 1.095269e-01 -9.788847e-01
    outer loop
      vertex -2.849356e-01 -2.196825e+00 -4.718105e-01
      vertex -3.217116e-04 -2.000269e+00 -5.000002e-01
      vertex 1.223594e-01 -2.147105e+00 -5.380604e-01
    endloop
  endfacet
  facet normal -1.746762e-01 1.305123e-01 -9.759379e-01
    outer loop
      vertex -2.849356e-01 -2.196825e+00 -4.718105e-01
      vertex 1.223594e-01 -2.147105e+00 -5.380604e-01
      vertex -2.046261e-01 -2.370595e+00 -5.094228e-01
    endloop
  endfacet
  facet normal -3.613012e-01 4.220759e-01 -8.314526e-01
    outer loop
      vertex -2.046261e-01 -2.370595e+00 -5.094228e-01
      vertex 1.223594e-01 -2.147105e+00 -5.380604e-01
      vertex 2.264123e-01 -2.271547e+00 -6.464467e-01
    endloop
  endfacet
  facet normal -3.623102e-01 4.400352e-01 -8.216449e-01
    outer loop
      vertex -2.046261e-01 -2.370595e+00 -5.094228e-01
      vertex 2.264123e-01 -2.271547e+00 -6.464467e-01
      vertex -1.469595e-01 -2.523114e+00 -6.165336e-01
    endloop
  endfacet
  facet normal -4.949774e-01 6.686578e-01 -5.548821e-01
    outer loop
      vertex -1.469595e-01 -2.523114e+00 -6.165336e-01
      vertex 2.264123e-01 -2.271547e+00 -6.464467e-01
      vertex 2.959961e-01 -2.354647e+00 -8.086584e-01
    endloop
  endfacet
  facet normal -4.935408e-01 6.816001e-01 -5.402211e-01
    outer loop
      vertex -1.469595e-01 -2.523114e+00 -6.165336e-01
      vertex 2.959961e-01 -2.354647e+00 -8.086584e-01
      vertex -1.207151e-01 -2.631163e+00 -7.768361e-01
    endloop
  endfacet
  facet normal -5.526416e-01 8.104956e-01 -1.941237e-01
    outer loop
      vertex -1.207151e-01 -2.631163e+00 -7.768361e-01
      vertex 2.959961e-01 -2.354647e+00 -8.086584e-01
      vertex 3.205171e-01 -2.383756e+00 -1.000000e+00
    endloop
  endfacet
  facet normal -5.479964e-01 8.175024e-01 -1.771714e-01
    outer loop
      vertex -1.207151e-01 -2.631163e+00 -7.768361e-01
      vertex 3.205171e-01 -2.383756e+00 -1.000000e+00
      vertex -1.298883e-01 -2.678292e+00 -9.659258e-01
    endloop
  endfacet
  facet normal -5.266410e-01 8.277425e-01 1.936274e-01
    outer loop
      vertex -1.298883e-01 -2.678292e+00 -9.659258e-01
      vertex 3.205171e-01 -2.383756e+00 -1.000000e+00
      vertex 2.962423e-01 -2.354442e+00 -1.191342e+00
    endloop
  endfacet
  facet normal -5.185684e-01 8.287585e-01 2.103478e-01
    outer loop
      vertex -1.298883e-01 -2.678292e+00 -9.659258e-01
      vertex 2.962423e-01 -2.354442e+00 -1.191342e+00
      vertex -1.730827e-01 -2.657326e+00 -1.155016e+00
    endloop
  endfacet
  facet normal -4.222462e-01 7.202847e-01 5.503618e-01
    outer loop
      vertex -1.730827e-01 -2.657326e+00 -1.155016e+00
      vertex 2.962423e-01 -2.354442e+00 -1.191342e+00
      vertex 2.268673e-01 -2.271167e+00 -1.353553e+00
    endloop
  endfacet
  facet normal -4.109269e-01 7.158484e-01 5.645354e-01
    outer loop
      vertex -1.730827e-01 -2.657326e+00 -1.155016e+00
      vertex 2.268673e-01 -2.271167e+00 -1.353553e+00
      vertex -2.437222e-01 -2.571458e+00 -1.315318e+00
    endloop
  endfacet
  facet normal -2.551093e-01 5.047893e-01 8.246860e-01
    outer loop
      vertex -2.437222e-01 -2.571458e+00 -1.315318e+00
      vertex 2.268673e-01 -2.271167e+00 -1.353553e+00
      vertex 1.229538e-01 -2.146609e+00 -1.461940e+00
    endloop
  endfacet
  facet normal -2.410996e-01 4.959785e-01 8.341920e-01
    outer loop
      vertex -2.437222e-01 -2.571458e+00 -1.315318e+00
      vertex 1.229538e-01 -2.146609e+00 -1.461940e+00
      vertex -3.310526e-01 -2.433759e+00 -1.422429e+00
    endloop
  endfacet
  facet normal -4.909848e-02 2.119293e-01 9.760509e-01
    outer loop
      vertex -3.310526e-01 -2.433759e+00 -1.422429e+00
      vertex 1.229538e-01 -2.146609e+00 -1.461940e+00
      vertex 3.217116e-04 -1.999731e+00 -1.500000e+00
    endloop
  endfacet
  facet normal -3.340297e-02 2.004954e-01 9.791250e-01
    outer loop
      vertex -3.310526e-01 -2.433759e+00 -1.422429e+00
      vertex 3.217116e-04 -1.999731e+00 -1.500000e+00
      vertex -4.217787e-01 -2.265194e+00 -1.460041e+00
    endloop
  endfacet
  facet normal 1.654438e-01 -1.156385e-01 9.794162e-01
    outer loop
      vertex -4.217787e-01 -2.265194e+00 -1.460041e+00
      vertex 3.217116e-04 -1.999731e+00 -1.500000e+00
      vertex -1.223594e-01 -1.852895e+00 -1.461940e+00
    endloop
  endfacet
  facet normal 1.813894e-01 -1.272382e-01 9.751453e-01
    outer loop
      vertex -4.217787e-01 -2.265194e+00 -1.460041e+00
      vertex -1.223594e-01 -1.852895e+00 -1.461940e+00
      vertex -5.020882e-01 -2.091424e+00 -1.422429e+00
    endloop
  endfacet
  facet normal 3.549753e-01 -4.273791e-01 8.314684e-01
    outer loop
      vertex -5.020882e-01 -2.091424e+00 -1.422429e+00
      vertex -1.223594e-01 -1.852895e+00 -1.461940e+00
      vertex -2.264123e-01 -1.728453e+00 -1.353553e+00
    endloop
  endfacet
  facet normal 3.695948e-01 -4.363733e-01 8.203524e-01
    outer loop
      vertex -5.020882e-01 -2.091424e+00 -1.422429e+00
      vertex -2.264123e-01 -1.728453e+00 -1.353553e+00
      vertex -5.597548e-01 -1.938905e+00 -1.315318e+00
    endloop
  endfacet
  facet normal 4.887646e-01 -6.734047e-01 5.546488e-01
    outer loop
      vertex -5.597548e-01 -1.938905e+00 -1.315318e+00
      vertex -2.264123e-01 -1.728453e+00 -1.353553e+00
      vertex -2.959961e-01 -1.645353e+00 -1.191342e+00
    endloop
  endfacet
  facet normal 5.008425e-01 -6.775017e-01 5.386541e-01
    outer loop
      vertex -5.597548e-01 -1.938905e+00 -1.315318e+00
      vertex -2.959961e-01 -1.645353e+00 -1.191342e+00
      vertex -5.859992e-01 -1.830856e+00 -1.155016e+00
    endloop
  endfacet
  facet normal 5.457430e-01 -8.151969e-01 1.939549e-01
    outer loop
      vertex -5.859992e-01 -1.830856e+00 -1.155016e+00
      vertex -2.959961e-01 -1.645353e+00 -1.191342e+00
      vertex -3.205171e-01 -1.616244e+00 -1.000000e+00
    endloop
  endfacet
  facet normal 5.547646e-01 -8.132272e-01 1.757775e-01
    outer loop
      vertex -5.859992e-01 -1.830856e+00 -1.155016e+00
      vertex -3.205171e-01 -1.616244e+00 -1.000000e+00
      vertex -5.768260e-01 -1.783727e+00 -9.659258e-01
    endloop
  endfacet
  facet normal 7.180949e-01 -6.631363e-01 -2.111634e-01
    outer loop
      vertex -3.205171e-01 -1.616244e+00 -1.000000e+00
      vertex -1.206115e-01 -1.410621e+00 -9.659258e-01
      vertex -1.119795e-01 -1.461209e+00 -7.777062e-01
    endloop
  endfacet
  facet normal 7.099430e-01 -6.770695e-01 -1.937983e-01
    outer loop
      vertex -3.205171e-01 -1.616244e+00 -1.000000e+00
      vertex -1.119795e-01 -1.461209e+00 -7.777062e-01
      vertex -2.962423e-01 -1.645558e+00 -8.086584e-01
    endloop
  endfacet
  facet normal 6.288770e-01 -5.336409e-01 -5.654565e-01
    outer loop
      vertex -2.962423e-01 -1.645558e+00 -8.086584e-01
      vertex -1.119795e-01 -1.461209e+00 -7.777062e-01
      vertex -4.483212e-02 -1.551156e+00 -6.181414e-01
    endloop
  endfacet
  facet normal 6.251538e-01 -5.526911e-01 -5.511037e-01
    outer loop
      vertex -2.962423e-01 -1.645558e+00 -8.086584e-01
      vertex -4.483212e-02 -1.551156e+00 -6.181414e-01
      vertex -2.268673e-01 -1.728833e+00 -6.464467e-01
    endloop
  endfacet
  facet normal 4.460157e-01 -3.240434e-01 -8.343056e-01
    outer loop
      vertex -2.268673e-01 -1.728833e+00 -6.464467e-01
      vertex -4.483212e-02 -1.551156e+00 -6.181414e-01
      vertex 7.060800e-02 -1.666769e+00 -5.115235e-01
    endloop
  endfacet
  facet normal 4.464615e-01 -3.457066e-01 -8.253236e-01
    outer loop
      vertex -2.268673e-01 -1.728833e+00 -6.464467e-01
      vertex 7.060800e-02 -1.666769e+00 -5.115235e-01
      vertex -1.229538e-01 -1.853391e+00 -5.380604e-01
    endloop
  endfacet
  facet normal 1.961848e-01 -6.434837e-02 -9.784533e-01
    outer loop
      vertex -1.229538e-01 -1.853391e+00 -5.380604e-01
      vertex 7.060800e-02 -1.666769e+00 -5.115235e-01
      vertex 2.167662e-01 -1.790448e+00 -4.740843e-01
    endloop
  endfacet
  facet normal 1.997681e-01 -8.613092e-02 -9.760503e-01
    outer loop
      vertex -1.229538e-01 -1.853391e+00 -5.380604e-01
      vertex 2.167662e-01 -1.790448e+00 -4.740843e-01
      vertex -3.217116e-04 -2.000269e+00 -5.000002e-01
    endloop
  endfacet
  facet normal -8.434381e-02 2.076370e-01 -9.745630e-01
    outer loop
      vertex -3.217116e-04 -2.000269e+00 -5.000002e-01
      vertex 2.167662e-01 -1.790448e+00 -4.740843e-01
      vertex 3.713912e-01 -1.903362e+00 -5.115235e-01
    endloop
  endfacet
  facet normal -7.924864e-02 1.875594e-01 -9.790511e-01
    outer loop
      vertex -3.217116e-04 -2.000269e+00 -5.000002e-01
      vertex 3.713912e-01 -1.903362e+00 -5.115235e-01
      vertex 1.223594e-01 -2.147105e+00 -5.380604e-01
    endloop
  endfacet
  facet normal -3.529032e-01 4.498794e-01 -8.204072e-01
    outer loop
      vertex 1.223594e-01 -2.147105e+00 -5.380604e-01
      vertex 3.713912e-01 -1.903362e+00 -5.115235e-01
      vertex 5.109427e-01 -1.988322e+00 -6.181414e-01
    endloop
  endfacet
  facet normal -3.482584e-01 4.329564e-01 -8.314234e-01
    outer loop
      vertex 1.223594e-01 -2.147105e+00 -5.380604e-01
      vertex 5.109427e-01 -1.988322e+00 -6.181414e-01
      vertex 2.264123e-01 -2.271547e+00 -6.464467e-01
    endloop
  endfacet
  facet normal -5.667787e-01 6.232420e-01 -5.388239e-01
    outer loop
      vertex 2.264123e-01 -2.271547e+00 -6.464467e-01
      vertex 5.109427e-01 -1.988322e+00 -6.181414e-01
      vertex 6.141754e-01 -2.032394e+00 -7.777062e-01
    endloop
  endfacet
  facet normal -5.646126e-01 6.107919e-01 -5.551088e-01
    outer loop
      vertex 2.264123e-01 -2.271547e+00 -6.464467e-01
      vertex 6.141754e-01 -2.032394e+00 -7.777062e-01
      vertex 2.959961e-01 -2.354647e+00 -8.086584e-01
    endloop
  endfacet
  facet normal -6.921288e-01 7.002009e-01 -1.751468e-01
    outer loop
      vertex 2.959961e-01 -2.354647e+00 -8.086584e-01
      vertex 6.141754e-01 -2.032394e+00 -7.777062e-01
      vertex 6.653729e-01 -2.028867e+00 -9.659258e-01
    endloop
  endfacet
  facet normal -6.940959e-01 6.931380e-01 -1.943979e-01
    outer loop
      vertex 2.959961e-01 -2.354647e+00 -8.086584e-01
      vertex 6.653729e-01 -2.028867e+00 -9.659258e-01
      vertex 3.205171e-01 -2.383756e+00 -1.000000e+00
    endloop
  endfacet
  facet normal -7.108812e-01 6.703549e-01 2.127727e-01
    outer loop
      vertex 3.205171e-01 -2.383756e+00 -1.000000e+00
      vertex 6.653729e-01 -2.028867e+00 -9.659258e-01
      vertex 6.567409e-01 -1.978280e+00 -1.154145e+00
    endloop
  endfacet
  facet normal -7.178187e-01 6.687919e-01 1.935293e-01
    outer loop
      vertex 3.205171e-01 -2.383756e+00 -1.000000e+00
      vertex 6.567409e-01 -1.978280e+00 -1.154145e+00
      vertex 2.962423e-01 -2.354442e+00 -1.191342e+00
    endloop
  endfacet
  facet normal -6.222497e-01 5.403279e-01 5.664372e-01
    outer loop
      vertex 2.962423e-01 -2.354442e+00 -1.191342e+00
      vertex 6.567409e-01 -1.978280e+00 -1.154145e+00
      vertex 5.895935e-01 -1.888332e+00 -1.313710e+00
    endloop
  endfacet
  facet normal -6.340183e-01 5.434603e-01 5.501561e-01
    outer loop
      vertex 2.962423e-01 -2.354442e+00 -1.191342e+00
      vertex 5.895935e-01 -1.888332e+00 -1.313710e+00
      vertex 2.268673e-01 -2.271167e+00 -1.353553e+00
    endloop
  endfacet
  facet normal -4.403036e-01 3.302869e-01 8.348912e-01
    outer loop
      vertex 2.268673e-01 -2.271167e+00 -1.353553e+00
      vertex 5.895935e-01 -1.888332e+00 -1.313710e+00
      vertex 4.741534e-01 -1.772719e+00 -1.420328e+00
    endloop
  endfacet
  facet normal -4.559399e-01 3.365739e-01 8.239155e-01
    outer loop
      vertex 2.268673e-01 -2.271167e+00 -1.353553e+00
      vertex 4.741534e-01 -1.772719e+00 -1.420328e+00
      vertex 1.229538e-01 -2.146609e+00 -1.461940e+00
    endloop
  endfacet
  facet normal -1.910955e-01 7.053842e-02 9.790336e-01
    outer loop
      vertex 1.229538e-01 -2.146609e+00 -1.461940e+00
      vertex 4.741534e-01 -1.772719e+00 -1.420328e+00
      vertex 3.279952e-01 -1.649041e+00 -1.457767e+00
    endloop
  endfacet
  facet normal -2.091126e-01 7.799876e-02 9.747759e-01
    outer loop
      vertex 1.229538e-01 -2.146609e+00 -1.461940e+00
      vertex 3.279952e-01 -1.649041e+00 -1.457767e+00
      vertex 3.217116e-04 -1.999731e+00 -1.500000e+00
    endloop
  endfacet
  facet normal 8.940655e-02 -2.010147e-01 9.754996e-01
    outer loop
      vertex 3.217116e-04 -1.999731e+00 -1.500000e+00
      vertex 3.279952e-01 -1.649041e+00 -1.457767e+00
      vertex 1.733702e-01 -1.536126e+00 -1.420328e+00
    endloop
  endfacet
  facet normal 7.069815e-02 -1.945208e-01 9.783473e-01
    outer loop
      vertex 3.217116e-04 -1.999731e+00 -1.500000e+00
      vertex 1.733702e-01 -1.536126e+00 -1.420328e+00
      vertex -1.223594e-01 -1.852895e+00 -1.461940e+00
    endloop
  endfacet
  facet normal 3.584752e-01 -4.426372e-01 8.219293e-01
    outer loop
      vertex -1.223594e-01 -1.852895e+00 -1.461940e+00
      vertex 1.733702e-01 -1.536126e+00 -1.420328e+00
      vertex 3.381870e-02 -1.451166e+00 -1.313710e+00
    endloop
  endfacet
  facet normal 3.406863e-01 -4.391782e-01 8.312974e-01
    outer loop
      vertex -1.223594e-01 -1.852895e+00 -1.461940e+00
      vertex 3.381870e-02 -1.451166e+00 -1.313710e+00
      vertex -2.264123e-01 -1.728453e+00 -1.353553e+00
    endloop
  endfacet
  facet normal 5.731564e-01 -6.156138e-01 5.408432e-01
    outer loop
      vertex -2.264123e-01 -1.728453e+00 -1.353553e+00
      vertex 3.381870e-02 -1.451166e+00 -1.313710e+00
      vertex -6.941394e-02 -1.407094e+00 -1.154145e+00
    endloop
  endfacet
  facet normal 5.576358e-01 -6.169996e-01 5.552962e-01
    outer loop
      vertex -2.264123e-01 -1.728453e+00 -1.353553e+00
      vertex -6.941394e-02 -1.407094e+00 -1.154145e+00
      vertex -2.959961e-01 -1.645353e+00 -1.191342e+00
    endloop
  endfacet
  facet normal 6.992066e-01 -6.926075e-01 1.772143e-01
    outer loop
      vertex -2.959961e-01 -1.645353e+00 -1.191342e+00
      vertex -6.941394e-02 -1.407094e+00 -1.154145e+00
      vertex -1.206115e-01 -1.410621e+00 -9.659258e-01
    endloop
  endfacet
  facet normal 6.869954e-01 -7.001334e-01 1.945521e-01
    outer loop
      vertex -2.959961e-01 -1.645353e+00 -1.191342e+00
      vertex -1.206115e-01 -1.410621e+00 -9.659258e-01
      vertex -3.205171e-01 -1.616244e+00 -1.000000e+00
    endloop
  endfacet
  facet normal 8.600716e-01 -4.642405e-01 -2.115599e-01
    outer loop
      vertex -1.206115e-01 -1.410621e+00 -9.659258e-01
      vertex 2.228613e-02 -1.191409e+00 -8.660254e-01
      vertex 2.233884e-02 -1.272228e+00 -6.884630e-01
    endloop
  endfacet
  facet normal 8.397429e-01 -5.134899e-01 -1.765220e-01
    outer loop
      vertex -1.206115e-01 -1.410621e+00 -9.659258e-01
      vertex 2.233884e-02 -1.272228e+00 -6.884630e-01
      vertex -1.119795e-01 -1.461209e+00 -7.777062e-01
    endloop
  endfacet
  facet normal 7.802802e-01 -2.938699e-01 -5.520899e-01
    outer loop
      vertex -1.119795e-01 -1.461209e+00 -7.777062e-01
      vertex 2.233884e-02 -1.272228e+00 -6.884630e-01
      vertex 8.955822e-02 -1.376547e+00 -5.379328e-01
    endloop
  endfacet
  facet normal 7.737126e-01 -3.542149e-01 -5.252625e-01
    outer loop
      vertex -1.119795e-01 -1.461209e+00 -7.777062e-01
      vertex 8.955822e-02 -1.376547e+00 -5.379328e-01
      vertex -4.483212e-02 -1.551156e+00 -6.181414e-01
    endloop
  endfacet
  facet normal 5.839766e-01 -7.830981e-02 -8.079845e-01
    outer loop
      vertex -4.483212e-02 -1.551156e+00 -6.181414e-01
      vertex 8.955822e-02 -1.376547e+00 -5.379328e-01
      vertex 2.137107e-01 -1.488484e+00 -4.373518e-01
    endloop
  endfacet
  facet normal 5.902341e-01 -1.432576e-01 -7.944186e-01
    outer loop
      vertex -4.483212e-02 -1.551156e+00 -6.181414e-01
      vertex 2.137107e-01 -1.488484e+00 -4.373518e-01
      vertex 7.060800e-02 -1.666769e+00 -5.115235e-01
    endloop
  endfacet
  facet normal 3.003781e-01 1.507285e-01 -9.418354e-01
    outer loop
      vertex 7.060800e-02 -1.666769e+00 -5.115235e-01
      vertex 2.137107e-01 -1.488484e+00 -4.373518e-01
      vertex 3.758953e-01 -1.590997e+00 -4.020324e-01
    endloop
  endfacet
  facet normal 3.167485e-01 8.844441e-02 -9.443770e-01
    outer loop
      vertex 7.060800e-02 -1.666769e+00 -5.115235e-01
      vertex 3.758953e-01 -1.590997e+00 -4.020324e-01
      vertex 2.167662e-01 -1.790448e+00 -4.740843e-01
    endloop
  endfacet
  facet normal -2.879472e-02 3.598633e-01 -9.325606e-01
    outer loop
      vertex 2.167662e-01 -1.790448e+00 -4.740843e-01
      vertex 3.758953e-01 -1.590997e+00 -4.020324e-01
      vertex 5.514207e-01 -1.668480e+00 -4.373518e-01
    endloop
  endfacet
  facet normal -7.037204e-03 3.060193e-01 -9.519993e-01
    outer loop
      vertex 2.167662e-01 -1.790448e+00 -4.740843e-01
      vertex 5.514207e-01 -1.668480e+00 -4.373518e-01
      vertex 3.713912e-01 -1.903362e+00 -5.115235e-01
    endloop
  endfacet
  facet normal -3.537381e-01 5.172267e-01 -7.793240e-01
    outer loop
      vertex 3.713912e-01 -1.903362e+00 -5.115235e-01
      vertex 5.514207e-01 -1.668480e+00 -4.373518e-01
      vertex 7.135649e-01 -1.709137e+00 -5.379328e-01
    endloop
  endfacet
  facet normal -3.327344e-01 4.754557e-01 -8.143892e-01
    outer loop
      vertex 3.713912e-01 -1.903362e+00 -5.115235e-01
      vertex 7.135649e-01 -1.709137e+00 -5.379328e-01
      vertex 5.109427e-01 -1.988322e+00 -6.181414e-01
    endloop
  endfacet
  facet normal -6.234015e-01 5.973783e-01 -5.044896e-01
    outer loop
      vertex 5.109427e-01 -1.988322e+00 -6.181414e-01
      vertex 7.135649e-01 -1.709137e+00 -5.379328e-01
      vertex 8.376429e-01 -1.706777e+00 -6.884630e-01
    endloop
  endfacet
  facet normal -6.094782e-01 5.694567e-01 -5.515935e-01
    outer loop
      vertex 5.109427e-01 -1.988322e+00 -6.181414e-01
      vertex 8.376429e-01 -1.706777e+00 -6.884630e-01
      vertex 6.141754e-01 -2.032394e+00 -7.777062e-01
    endloop
  endfacet
  facet normal -7.950821e-01 5.872287e-01 -1.516800e-01
    outer loop
      vertex 6.141754e-01 -2.032394e+00 -7.777062e-01
      vertex 8.376429e-01 -1.706777e+00 -6.884630e-01
      vertex 9.047649e-01 -1.661761e+00 -8.660254e-01
    endloop
  endfacet
  facet normal -7.933677e-01 5.731633e-01 -2.050649e-01
    outer loop
      vertex 6.141754e-01 -2.032394e+00 -7.777062e-01
      vertex 9.047649e-01 -1.661761e+00 -8.660254e-01
      vertex 6.653729e-01 -2.028867e+00 -9.659258e-01
    endloop
  endfacet
  facet normal -8.432054e-01 4.891971e-01 2.229143e-01
    outer loop
      vertex 6.653729e-01 -2.028867e+00 -9.659258e-01
      vertex 9.047649e-01 -1.661761e+00 -8.660254e-01
      vertex 9.047121e-01 -1.580941e+00 -1.043588e+00
    endloop
  endfacet
  facet normal -8.565455e-01 4.871895e-01 1.702238e-01
    outer loop
      vertex 6.653729e-01 -2.028867e+00 -9.659258e-01
      vertex 9.047121e-01 -1.580941e+00 -1.043588e+00
      vertex 6.567409e-01 -1.978280e+00 -1.154145e+00
    endloop
  endfacet
  facet normal -7.627876e-01 3.196306e-01 5.621311e-01
    outer loop
      vertex 6.567409e-01 -1.978280e+00 -1.154145e+00
      vertex 9.047121e-01 -1.580941e+00 -1.043588e+00
      vertex 8.374928e-01 -1.476622e+00 -1.194118e+00
    endloop
  endfacet
  facet normal -7.913616e-01 3.263276e-01 5.169692e-01
    outer loop
      vertex 6.567409e-01 -1.978280e+00 -1.154145e+00
      vertex 8.374928e-01 -1.476622e+00 -1.194118e+00
      vertex 5.895935e-01 -1.888332e+00 -1.313710e+00
    endloop
  endfacet
  facet normal -5.674880e-01 1.044553e-01 8.167291e-01
    outer loop
      vertex 5.895935e-01 -1.888332e+00 -1.313710e+00
      vertex 8.374928e-01 -1.476622e+00 -1.194118e+00
      vertex 7.133403e-01 -1.364685e+00 -1.294699e+00
    endloop
  endfacet
  facet normal -6.090767e-01 1.154476e-01 7.846639e-01
    outer loop
      vertex 5.895935e-01 -1.888332e+00 -1.313710e+00
      vertex 7.133403e-01 -1.364685e+00 -1.294699e+00
      vertex 4.741534e-01 -1.772719e+00 -1.420328e+00
    endloop
  endfacet
  facet normal -2.858761e-01 -1.249424e-01 9.500864e-01
    outer loop
      vertex 4.741534e-01 -1.772719e+00 -1.420328e+00
      vertex 7.133403e-01 -1.364685e+00 -1.294699e+00
      vertex 5.511557e-01 -1.262172e+00 -1.330018e+00
    endloop
  endfacet
  facet normal -3.364086e-01 -1.146023e-01 9.347168e-01
    outer loop
      vertex 4.741534e-01 -1.772719e+00 -1.420328e+00
      vertex 5.511557e-01 -1.262172e+00 -1.330018e+00
      vertex 3.279952e-01 -1.649041e+00 -1.457767e+00
    endloop
  endfacet
  facet normal 4.160685e-02 -3.348474e-01 9.413533e-01
    outer loop
      vertex 3.279952e-01 -1.649041e+00 -1.457767e+00
      vertex 5.511557e-01 -1.262172e+00 -1.330018e+00
      vertex 3.756303e-01 -1.184689e+00 -1.294699e+00
    endloop
  endfacet
  facet normal -1.256933e-02 -3.301631e-01 9.438402e-01
    outer loop
      vertex 3.279952e-01 -1.649041e+00 -1.457767e+00
      vertex 3.756303e-01 -1.184689e+00 -1.294699e+00
      vertex 1.733702e-01 -1.536126e+00 -1.420328e+00
    endloop
  endfacet
  facet normal 3.660722e-01 -4.928564e-01 7.893565e-01
    outer loop
      vertex 1.733702e-01 -1.536126e+00 -1.420328e+00
      vertex 3.756303e-01 -1.184689e+00 -1.294699e+00
      vertex 2.134861e-01 -1.144033e+00 -1.194118e+00
    endloop
  endfacet
  facet normal 3.140017e-01 -4.983510e-01 8.081146e-01
    outer loop
      vertex 1.733702e-01 -1.536126e+00 -1.420328e+00
      vertex 2.134861e-01 -1.144033e+00 -1.194118e+00
      vertex 3.381870e-02 -1.451166e+00 -1.313710e+00
    endloop
  endfacet
  facet normal 6.366513e-01 -5.732687e-01 5.157889e-01
    outer loop
      vertex 3.381870e-02 -1.451166e+00 -1.313710e+00
      vertex 2.134861e-01 -1.144033e+00 -1.194118e+00
      vertex 8.940811e-02 -1.146392e+00 -1.043588e+00
    endloop
  endfacet
  facet normal 5.919108e-01 -5.923803e-01 5.465595e-01
    outer loop
      vertex 3.381870e-02 -1.451166e+00 -1.313710e+00
      vertex 8.940811e-02 -1.146392e+00 -1.043588e+00
      vertex -6.941394e-02 -1.407094e+00 -1.154145e+00
    endloop
  endfacet
  facet normal 8.101697e-01 -5.629188e-01 1.635465e-01
    outer loop
      vertex -6.941394e-02 -1.407094e+00 -1.154145e+00
      vertex 8.940811e-02 -1.146392e+00 -1.043588e+00
      vertex 2.228613e-02 -1.191409e+00 -8.660254e-01
    endloop
  endfacet
  facet normal 7.765905e-01 -5.974013e-01 2.000472e-01
    outer loop
      vertex -6.941394e-02 -1.407094e+00 -1.154145e+00
      vertex 2.228613e-02 -1.191409e+00 -8.660254e-01
      vertex -1.206115e-01 -1.410621e+00 -9.659258e-01
    endloop
  endfacet
  facet normal 9.404384e-01 -2.820992e-01 -1.897251e-01
    outer loop
      vertex 2.228613e-02 -1.191409e+00 -8.660254e-01
      vertex 1.189987e-01 -9.758767e-01 -7.071068e-01
      vertex 1.169092e-01 -1.089494e+00 -5.485286e-01
    endloop
  endfacet
  facet normal 9.214593e-01 -3.534692e-01 -1.611593e-01
    outer loop
      vertex 2.228613e-02 -1.191409e+00 -8.660254e-01
      vertex 1.169092e-01 -1.089494e+00 -5.485286e-01
      vertex 2.233884e-02 -1.272228e+00 -6.884630e-01
    endloop
  endfacet
  facet normal 8.625060e-01 -6.174695e-02 -5.022656e-01
    outer loop
      vertex 2.233884e-02 -1.272228e+00 -6.884630e-01
      vertex 1.169092e-01 -1.089494e+00 -5.485286e-01
      vertex 1.863810e-01 -1.212623e+00 -4.140925e-01
    endloop
  endfacet
  facet normal 8.628312e-01 -1.434501e-01 -4.847106e-01
    outer loop
      vertex 2.233884e-02 -1.272228e+00 -6.884630e-01
      vertex 1.863810e-01 -1.212623e+00 -4.140925e-01
      vertex 8.955822e-02 -1.376547e+00 -5.379328e-01
    endloop
  endfacet
  facet normal 6.549916e-01 1.694500e-01 -7.363917e-01
    outer loop
      vertex 8.955822e-02 -1.376547e+00 -5.379328e-01
      vertex 1.863810e-01 -1.212623e+00 -4.140925e-01
      vertex 3.168374e-01 -1.326520e+00 -3.242651e-01
    endloop
  endfacet
  facet normal 6.724451e-01 8.518851e-02 -7.352282e-01
    outer loop
      vertex 8.955822e-02 -1.376547e+00 -5.379328e-01
      vertex 3.168374e-01 -1.326520e+00 -3.242651e-01
      vertex 2.137107e-01 -1.488484e+00 -4.373518e-01
    endloop
  endfacet
  facet normal 3.493876e-01 3.765867e-01 -8.579690e-01
    outer loop
      vertex 2.137107e-01 -1.488484e+00 -4.373518e-01
      vertex 3.168374e-01 -1.326520e+00 -3.242651e-01
      vertex 4.884177e-01 -1.413843e+00 -2.927219e-01
    endloop
  endfacet
  facet normal 3.796667e-01 2.990387e-01 -8.754593e-01
    outer loop
      vertex 2.137107e-01 -1.488484e+00 -4.373518e-01
      vertex 4.884177e-01 -1.413843e+00 -2.927219e-01
      vertex 3.758953e-01 -1.590997e+00 -4.020324e-01
    endloop
  endfacet
  facet normal -8.849737e-03 5.291615e-01 -8.484750e-01
    outer loop
      vertex 3.758953e-01 -1.590997e+00 -4.020324e-01
      vertex 4.884177e-01 -1.413843e+00 -2.927219e-01
      vertex 6.750004e-01 -1.461300e+00 -3.242651e-01
    endloop
  endfacet
  facet normal 2.781094e-02 4.660947e-01 -8.842976e-01
    outer loop
      vertex 3.758953e-01 -1.590997e+00 -4.020324e-01
      vertex 6.750004e-01 -1.461300e+00 -3.242651e-01
      vertex 5.514207e-01 -1.668480e+00 -4.373518e-01
    endloop
  endfacet
  facet normal -3.657951e-01 6.044699e-01 -7.076793e-01
    outer loop
      vertex 5.514207e-01 -1.668480e+00 -4.373518e-01
      vertex 6.750004e-01 -1.461300e+00 -3.242651e-01
      vertex 8.481799e-01 -1.461665e+00 -4.140925e-01
    endloop
  endfacet
  facet normal -3.307580e-01 5.600321e-01 -7.595809e-01
    outer loop
      vertex 5.514207e-01 -1.668480e+00 -4.373518e-01
      vertex 8.481799e-01 -1.461665e+00 -4.140925e-01
      vertex 7.135649e-01 -1.709137e+00 -5.379328e-01
    endloop
  endfacet
  facet normal -6.661865e-01 5.904012e-01 -4.556555e-01
    outer loop
      vertex 7.135649e-01 -1.709137e+00 -5.379328e-01
      vertex 8.481799e-01 -1.461665e+00 -4.140925e-01
      vertex 9.815913e-01 -1.414883e+00 -5.485286e-01
    endloop
  endfacet
  facet normal -6.409461e-01 5.651131e-01 -5.194568e-01
    outer loop
      vertex 7.135649e-01 -1.709137e+00 -5.379328e-01
      vertex 9.815913e-01 -1.414883e+00 -5.485286e-01
      vertex 8.376429e-01 -1.706777e+00 -6.884630e-01
    endloop
  endfacet
  facet normal -8.626199e-01 4.884556e-01 -1.315219e-01
    outer loop
      vertex 8.376429e-01 -1.706777e+00 -6.884630e-01
      vertex 9.815913e-01 -1.414883e+00 -5.485286e-01
      vertex 1.054924e+00 -1.328076e+00 -7.071068e-01
    endloop
  endfacet
  facet normal -8.538958e-01 4.800252e-01 -2.010913e-01
    outer loop
      vertex 8.376429e-01 -1.706777e+00 -6.884630e-01
      vertex 1.054924e+00 -1.328076e+00 -7.071068e-01
      vertex 9.047649e-01 -1.661761e+00 -8.660254e-01
    endloop
  endfacet
  facet normal -9.249382e-01 3.146593e-01 2.132577e-01
    outer loop
      vertex 9.047649e-01 -1.661761e+00 -8.660254e-01
      vertex 1.054924e+00 -1.328076e+00 -7.071068e-01
      vertex 1.057013e+00 -1.214459e+00 -8.656850e-01
    endloop
  endfacet
  facet normal -9.366481e-01 3.186967e-01 1.453367e-01
    outer loop
      vertex 9.047649e-01 -1.661761e+00 -8.660254e-01
      vertex 1.057013e+00 -1.214459e+00 -8.656850e-01
      vertex 9.047121e-01 -1.580941e+00 -1.043588e+00
    endloop
  endfacet
  facet normal -8.454897e-01 9.640686e-02 5.252170e-01
    outer loop
      vertex 9.047121e-01 -1.580941e+00 -1.043588e+00
      vertex 1.057013e+00 -1.214459e+00 -8.656850e-01
      vertex 9.875415e-01 -1.091329e+00 -1.000121e+00
    endloop
  endfacet
  facet normal -8.780815e-01 1.071456e-01 4.663612e-01
    outer loop
      vertex 9.047121e-01 -1.580941e+00 -1.043588e+00
      vertex 9.875415e-01 -1.091329e+00 -1.000121e+00
      vertex 8.374928e-01 -1.476622e+00 -1.194118e+00
    endloop
  endfacet
  facet normal -6.383089e-01 -1.331615e-01 7.581753e-01
    outer loop
      vertex 8.374928e-01 -1.476622e+00 -1.194118e+00
      vertex 9.875415e-01 -1.091329e+00 -1.000121e+00
      vertex 8.570851e-01 -9.774330e-01 -1.089948e+00
    endloop
  endfacet
  facet normal -6.889013e-01 -1.220626e-01 7.145038e-01
    outer loop
      vertex 8.374928e-01 -1.476622e+00 -1.194118e+00
      vertex 8.570851e-01 -9.774330e-01 -1.089948e+00
      vertex 7.133403e-01 -1.364685e+00 -1.294699e+00
    endloop
  endfacet
  facet normal -3.347494e-01 -3.403358e-01 8.787004e-01
    outer loop
      vertex 7.133403e-01 -1.364685e+00 -1.294699e+00
      vertex 8.570851e-01 -9.774330e-01 -1.089948e+00
      vertex 6.855048e-01 -8.901092e-01 -1.121492e+00
    endloop
  endfacet
  facet normal -3.977845e-01 -3.350582e-01 8.541098e-01
    outer loop
      vertex 7.133403e-01 -1.364685e+00 -1.294699e+00
      vertex 6.855048e-01 -8.901092e-01 -1.121492e+00
      vertex 5.511557e-01 -1.262172e+00 -1.330018e+00
    endloop
  endfacet
  facet normal 2.109249e-02 -4.945855e-01 8.688730e-01
    outer loop
      vertex 5.511557e-01 -1.262172e+00 -1.330018e+00
      vertex 6.855048e-01 -8.901092e-01 -1.121492e+00
      vertex 4.989221e-01 -8.426523e-01 -1.089948e+00
    endloop
  endfacet
  facet normal -4.700669e-02 -5.005291e-01 8.644426e-01
    outer loop
      vertex 5.511557e-01 -1.262172e+00 -1.330018e+00
      vertex 4.989221e-01 -8.426523e-01 -1.089948e+00
      vertex 3.756303e-01 -1.184689e+00 -1.294699e+00
    endloop
  endfacet
  facet normal 3.767348e-01 -5.719769e-01 7.286380e-01
    outer loop
      vertex 3.756303e-01 -1.184689e+00 -1.294699e+00
      vertex 4.989221e-01 -8.426523e-01 -1.089948e+00
      vertex 3.257425e-01 -8.422871e-01 -1.000121e+00
    endloop
  endfacet
  facet normal 3.117102e-01 -5.931826e-01 7.422743e-01
    outer loop
      vertex 3.756303e-01 -1.184689e+00 -1.294699e+00
      vertex 3.257425e-01 -8.422871e-01 -1.000121e+00
      vertex 2.134861e-01 -1.144033e+00 -1.194118e+00
    endloop
  endfacet
  facet normal 6.775197e-01 -5.592099e-01 4.777566e-01
    outer loop
      vertex 2.134861e-01 -1.144033e+00 -1.194118e+00
      vertex 3.257425e-01 -8.422871e-01 -1.000121e+00
      vertex 1.923312e-01 -8.890693e-01 -8.656850e-01
    endloop
  endfacet
  facet normal 6.231284e-01 -5.978595e-01 5.042569e-01
    outer loop
      vertex 2.134861e-01 -1.144033e+00 -1.194118e+00
      vertex 1.923312e-01 -8.890693e-01 -8.656850e-01
      vertex 8.940811e-02 -1.146392e+00 -1.043588e+00
    endloop
  endfacet
  facet normal 8.757842e-01 -4.572431e-01 1.546956e-01
    outer loop
      vertex 8.940811e-02 -1.146392e+00 -1.043588e+00
      vertex 1.923312e-01 -8.890693e-01 -8.656850e-01
      vertex 1.189987e-01 -9.758767e-01 -7.071068e-01
    endloop
  endfacet
  facet normal 8.376532e-01 -5.133775e-01 1.864957e-01
    outer loop
      vertex 8.940811e-02 -1.146392e+00 -1.043588e+00
      vertex 1.189987e-01 -9.758767e-01 -7.071068e-01
      vertex 2.228613e-02 -1.191409e+00 -8.660254e-01
    endloop
  endfacet
  facet normal 9.719950e-01 -1.794010e-01 -1.517926e-01
    outer loop
      vertex 1.189987e-01 -9.758767e-01 -7.071068e-01
      vertex 1.901762e-01 -7.654715e-01 -5.000000e-01
      vertex 1.847672e-01 -9.076837e-01 -3.665583e-01
    endloop
  endfacet
  facet normal 9.655790e-01 -2.172973e-01 -1.429650e-01
    outer loop
      vertex 1.189987e-01 -9.758767e-01 -7.071068e-01
      vertex 1.847672e-01 -9.076837e-01 -3.665583e-01
      vertex 1.169092e-01 -1.089494e+00 -5.485286e-01
    endloop
  endfacet
  facet normal 9.002414e-01 9.029783e-02 -4.259245e-01
    outer loop
      vertex 1.169092e-01 -1.089494e+00 -5.485286e-01
      vertex 1.847672e-01 -9.076837e-01 -3.665583e-01
      vertex 2.527027e-01 -1.051376e+00 -2.534319e-01
    endloop
  endfacet
  facet normal 9.049225e-01 4.900782e-02 -4.227451e-01
    outer loop
      vertex 1.169092e-01 -1.089494e+00 -5.485286e-01
      vertex 2.527027e-01 -1.051376e+00 -2.534319e-01
      vertex 1.863810e-01 -1.212623e+00 -4.140925e-01
    endloop
  endfacet
  facet normal 6.919228e-01 3.464949e-01 -6.333910e-01
    outer loop
      vertex 1.863810e-01 -1.212623e+00 -4.140925e-01
      vertex 2.527027e-01 -1.051376e+00 -2.534319e-01
      vertex 3.836403e-01 -1.174672e+00 -1.778433e-01
    endloop
  endfacet
  facet normal 7.062875e-01 3.052094e-01 -6.387528e-01
    outer loop
      vertex 1.863810e-01 -1.212623e+00 -4.140925e-01
      vertex 3.836403e-01 -1.174672e+00 -1.778433e-01
      vertex 3.168374e-01 -1.326520e+00 -3.242651e-01
    endloop
  endfacet
  facet normal 3.794969e-01 5.502493e-01 -7.437794e-01
    outer loop
      vertex 3.168374e-01 -1.326520e+00 -3.242651e-01
      vertex 3.836403e-01 -1.174672e+00 -1.778433e-01
      vertex 5.576457e-01 -1.258802e+00 -1.513001e-01
    endloop
  endfacet
  facet normal 4.007501e-01 5.132933e-01 -7.589001e-01
    outer loop
      vertex 3.168374e-01 -1.326520e+00 -3.242651e-01
      vertex 5.576457e-01 -1.258802e+00 -1.513001e-01
      vertex 4.884177e-01 -1.413843e+00 -2.927219e-01
    endloop
  endfacet
  facet normal 1.007744e-02 6.714164e-01 -7.410118e-01
    outer loop
      vertex 4.884177e-01 -1.413843e+00 -2.927219e-01
      vertex 5.576457e-01 -1.258802e+00 -1.513001e-01
      vertex 7.482284e-01 -1.290957e+00 -1.778433e-01
    endloop
  endfacet
  facet normal 3.419015e-02 6.429762e-01 -7.651226e-01
    outer loop
      vertex 4.884177e-01 -1.413843e+00 -2.927219e-01
      vertex 7.482284e-01 -1.290957e+00 -1.778433e-01
      vertex 6.750004e-01 -1.461300e+00 -3.242651e-01
    endloop
  endfacet
  facet normal -3.611367e-01 6.922760e-01 -6.247673e-01
    outer loop
      vertex 6.750004e-01 -1.461300e+00 -3.242651e-01
      vertex 7.482284e-01 -1.290957e+00 -1.778433e-01
      vertex 9.263737e-01 -1.266242e+00 -2.534319e-01
    endloop
  endfacet
  facet normal -3.387361e-01 6.746763e-01 -6.557971e-01
    outer loop
      vertex 6.750004e-01 -1.461300e+00 -3.242651e-01
      vertex 9.263737e-01 -1.266242e+00 -2.534319e-01
      vertex 8.481799e-01 -1.461665e+00 -4.140925e-01
    endloop
  endfacet
  facet normal -6.778936e-01 6.093555e-01 -4.112738e-01
    outer loop
      vertex 8.481799e-01 -1.461665e+00 -4.140925e-01
      vertex 9.263737e-01 -1.266242e+00 -2.534319e-01
      vertex 1.064961e+00 -1.188420e+00 -3.665583e-01
    endloop
  endfacet
  facet normal -6.614213e-01 6.024554e-01 -4.467319e-01
    outer loop
      vertex 8.481799e-01 -1.461665e+00 -4.140925e-01
      vertex 1.064961e+00 -1.188420e+00 -3.665583e-01
      vertex 9.815913e-01 -1.414883e+00 -5.485286e-01
    endloop
  endfacet
  facet normal -8.908768e-01 4.344746e-01 -1.325534e-01
    outer loop
      vertex 9.815913e-01 -1.414883e+00 -5.485286e-01
      vertex 1.064961e+00 -1.188420e+00 -3.665583e-01
      vertex 1.142891e+00 -1.069338e+00 -5.000000e-01
    endloop
  endfacet
  facet normal -8.836295e-01 4.363193e-01 -1.697774e-01
    outer loop
      vertex 9.815913e-01 -1.414883e+00 -5.485286e-01
      vertex 1.142891e+00 -1.069338e+00 -5.000000e-01
      vertex 1.054924e+00 -1.328076e+00 -7.071068e-01
    endloop
  endfacet
  facet normal -9.664880e-01 1.942465e-01 1.678371e-01
    outer loop
      vertex 1.054924e+00 -1.328076e+00 -7.071068e-01
      vertex 1.142891e+00 -1.069338e+00 -5.000000e-01
      vertex 1.148300e+00 -9.271258e-01 -6.334417e-01
    endloop
  endfacet
  facet normal -9.705169e-01 2.018056e-01 1.318006e-01
    outer loop
      vertex 1.054924e+00 -1.328076e+00 -7.071068e-01
      vertex 1.148300e+00 -9.271258e-01 -6.334417e-01
      vertex 1.057013e+00 -1.214459e+00 -8.656850e-01
    endloop
  endfacet
  facet normal -8.936060e-01 -7.393728e-02 4.427207e-01
    outer loop
      vertex 1.057013e+00 -1.214459e+00 -8.656850e-01
      vertex 1.148300e+00 -9.271258e-01 -6.334417e-01
      vertex 1.080364e+00 -7.834337e-01 -7.465681e-01
    endloop
  endfacet
  facet normal -9.093580e-01 -6.432095e-02 4.110120e-01
    outer loop
      vertex 1.057013e+00 -1.214459e+00 -8.656850e-01
      vertex 1.080364e+00 -7.834337e-01 -7.465681e-01
      vertex 9.875415e-01 -1.091329e+00 -1.000121e+00
    endloop
  endfacet
  facet normal -6.849790e-01 -3.288677e-01 6.501152e-01
    outer loop
      vertex 9.875415e-01 -1.091329e+00 -1.000121e+00
      vertex 1.080364e+00 -7.834337e-01 -7.465681e-01
      vertex 9.494268e-01 -6.601374e-01 -8.221567e-01
    endloop
  endfacet
  facet normal -7.110420e-01 -3.210449e-01 6.255793e-01
    outer loop
      vertex 9.875415e-01 -1.091329e+00 -1.000121e+00
      vertex 9.494268e-01 -6.601374e-01 -8.221567e-01
      vertex 8.570851e-01 -9.774330e-01 -1.089948e+00
    endloop
  endfacet
  facet normal -3.733316e-01 -5.324879e-01 7.596579e-01
    outer loop
      vertex 8.570851e-01 -9.774330e-01 -1.089948e+00
      vertex 9.494268e-01 -6.601374e-01 -8.221567e-01
      vertex 7.754214e-01 -5.760078e-01 -8.486999e-01
    endloop
  endfacet
  facet normal -4.065366e-01 -5.299655e-01 7.442208e-01
    outer loop
      vertex 8.570851e-01 -9.774330e-01 -1.089948e+00
      vertex 7.754214e-01 -5.760078e-01 -8.486999e-01
      vertex 6.855048e-01 -8.901092e-01 -1.121492e+00
    endloop
  endfacet
  facet normal -5.231110e-03 -6.548504e-01 7.557405e-01
    outer loop
      vertex 6.855048e-01 -8.901092e-01 -1.121492e+00
      vertex 7.754214e-01 -5.760078e-01 -8.486999e-01
      vertex 5.848387e-01 -5.438528e-01 -8.221567e-01
    endloop
  endfacet
  facet normal -4.115675e-02 -6.602562e-01 7.499119e-01
    outer loop
      vertex 6.855048e-01 -8.901092e-01 -1.121492e+00
      vertex 5.848387e-01 -5.438528e-01 -8.221567e-01
      vertex 4.989221e-01 -8.426523e-01 -1.089948e+00
    endloop
  endfacet
  facet normal 3.649849e-01 -6.773750e-01 6.387089e-01
    outer loop
      vertex 4.989221e-01 -8.426523e-01 -1.089948e+00
      vertex 5.848387e-01 -5.438528e-01 -8.221567e-01
      vertex 4.066934e-01 -5.685677e-01 -7.465681e-01
    endloop
  endfacet
  facet normal 3.312123e-01 -6.920639e-01 6.413626e-01
    outer loop
      vertex 4.989221e-01 -8.426523e-01 -1.089948e+00
      vertex 4.066934e-01 -5.685677e-01 -7.465681e-01
      vertex 3.257425e-01 -8.422871e-01 -1.000121e+00
    endloop
  endfacet
  facet normal 6.815488e-01 -5.955086e-01 4.252772e-01
    outer loop
      vertex 3.257425e-01 -8.422871e-01 -1.000121e+00
      vertex 4.066934e-01 -5.685677e-01 -7.465681e-01
      vertex 2.681063e-01 -6.463898e-01 -6.334417e-01
    endloop
  endfacet
  facet normal 6.543226e-01 -6.194332e-01 4.337793e-01
    outer loop
      vertex 3.257425e-01 -8.422871e-01 -1.000121e+00
      vertex 2.681063e-01 -6.463898e-01 -6.334417e-01
      vertex 1.923312e-01 -8.890693e-01 -8.656850e-01
    endloop
  endfacet
  facet normal 8.951804e-01 -4.206117e-01 1.474378e-01
    outer loop
      vertex 1.923312e-01 -8.890693e-01 -8.656850e-01
      vertex 2.681063e-01 -6.463898e-01 -6.334417e-01
      vertex 1.901762e-01 -7.654715e-01 -5.000000e-01
    endloop
  endfacet
  facet normal 8.776176e-01 -4.525313e-01 1.581227e-01
    outer loop
      vertex 1.923312e-01 -8.890693e-01 -8.656850e-01
      vertex 1.901762e-01 -7.654715e-01 -5.000000e-01
      vertex 1.189987e-01 -9.758767e-01 -7.071068e-01
    endloop
  endfacet
  facet normal 9.686963e-01 -2.235421e-01 -1.079651e-01
    outer loop
      vertex 1.901762e-01 -7.654715e-01 -5.000000e-01
      vertex 2.689426e-01 -5.406299e-01 -2.588190e-01
      vertex 2.442454e-01 -7.003950e-01 -1.496155e-01
    endloop
  endfacet
  facet normal 9.805967e-01 -1.526768e-01 -1.229633e-01
    outer loop
      vertex 1.901762e-01 -7.654715e-01 -5.000000e-01
      vertex 2.442454e-01 -7.003950e-01 -1.496155e-01
      vertex 1.847672e-01 -9.076837e-01 -3.665583e-01
    endloop
  endfacet
  facet normal 9.356400e-01 8.899251e-02 -3.415525e-01
    outer loop
      vertex 1.847672e-01 -9.076837e-01 -3.665583e-01
      vertex 2.442454e-01 -7.003950e-01 -1.496155e-01
      vertex 2.936828e-01 -8.648499e-01 -5.703719e-02
    endloop
  endfacet
  facet normal 9.234076e-01 1.630007e-01 -3.474899e-01
    outer loop
      vertex 1.847672e-01 -9.076837e-01 -3.665583e-01
      vertex 2.936828e-01 -8.648499e-01 -5.703719e-02
      vertex 2.527027e-01 -1.051376e+00 -2.534319e-01
    endloop
  endfacet
  facet normal 7.588142e-01 3.857987e-01 -5.247479e-01
    outer loop
      vertex 2.527027e-01 -1.051376e+00 -2.534319e-01
      vertex 2.936828e-01 -8.648499e-01 -5.703719e-02
      vertex 4.097284e-01 -1.008958e+00 4.821650e-03
    endloop
  endfacet
  facet normal 7.259688e-01 4.545743e-01 -5.160732e-01
    outer loop
      vertex 2.527027e-01 -1.051376e+00 -2.534319e-01
      vertex 4.097284e-01 -1.008958e+00 4.821650e-03
      vertex 3.836403e-01 -1.174672e+00 -1.778433e-01
    endloop
  endfacet
  facet normal 4.662336e-01 6.210571e-01 -6.300114e-01
    outer loop
      vertex 3.836403e-01 -1.174672e+00 -1.778433e-01
      vertex 4.097284e-01 -1.008958e+00 4.821650e-03
      vertex 5.747152e-01 -1.110780e+00 2.654359e-02
    endloop
  endfacet
  facet normal 4.196827e-01 6.774303e-01 -6.041148e-01
    outer loop
      vertex 3.836403e-01 -1.174672e+00 -1.778433e-01
      vertex 5.747152e-01 -1.110780e+00 2.654359e-02
      vertex 5.576457e-01 -1.258802e+00 -1.513001e-01
    endloop
  endfacet
  facet normal 1.032794e-01 7.596004e-01 -6.421375e-01
    outer loop
      vertex 5.576457e-01 -1.258802e+00 -1.513001e-01
      vertex 5.747152e-01 -1.110780e+00 2.654359e-02
      vertex 7.635256e-01 -1.154815e+00 4.821650e-03
    endloop
  endfacet
  facet normal 5.125089e-02 7.986867e-01 -5.995606e-01
    outer loop
      vertex 5.576457e-01 -1.258802e+00 -1.513001e-01
      vertex 7.635256e-01 -1.154815e+00 4.821650e-03
      vertex 7.482284e-01 -1.290957e+00 -1.778433e-01
    endloop
  endfacet
  facet normal -2.752069e-01 7.817407e-01 -5.595915e-01
    outer loop
      vertex 7.482284e-01 -1.290957e+00 -1.778433e-01
      vertex 7.635256e-01 -1.154815e+00 4.821650e-03
      vertex 9.474148e-01 -1.134358e+00 -5.703719e-02
    endloop
  endfacet
  facet normal -3.245871e-01 8.009635e-01 -5.030912e-01
    outer loop
      vertex 7.482284e-01 -1.290957e+00 -1.778433e-01
      vertex 9.474148e-01 -1.134358e+00 -5.703719e-02
      vertex 9.263737e-01 -1.266242e+00 -2.534319e-01
    endloop
  endfacet
  facet normal -6.129145e-01 6.847978e-01 -3.941927e-01
    outer loop
      vertex 9.263737e-01 -1.266242e+00 -2.534319e-01
      vertex 9.474148e-01 -1.134358e+00 -5.703719e-02
      vertex 1.098387e+00 -1.052524e+00 -1.496155e-01
    endloop
  endfacet
  facet normal -6.517344e-01 6.838718e-01 -3.279657e-01
    outer loop
      vertex 9.263737e-01 -1.266242e+00 -2.534319e-01
      vertex 1.098387e+00 -1.052524e+00 -1.496155e-01
      vertex 1.064961e+00 -1.188420e+00 -3.665583e-01
    endloop
  endfacet
  facet normal -8.591270e-01 4.827030e-01 -1.699962e-01
    outer loop
      vertex 1.064961e+00 -1.188420e+00 -3.665583e-01
      vertex 1.098387e+00 -1.052524e+00 -1.496155e-01
      vertex 1.193459e+00 -9.217718e-01 -2.588190e-01
    endloop
  endfacet
  facet normal -8.800446e-01 4.643326e-01 -9.958256e-02
    outer loop
      vertex 1.064961e+00 -1.188420e+00 -3.665583e-01
      vertex 1.193459e+00 -9.217718e-01 -2.588190e-01
      vertex 1.142891e+00 -1.069338e+00 -5.000000e-01
    endloop
  endfacet
  facet normal -9.755717e-01 2.049207e-01 7.916716e-02
    outer loop
      vertex 1.142891e+00 -1.069338e+00 -5.000000e-01
      vertex 1.193459e+00 -9.217718e-01 -2.588190e-01
      vertex 1.218156e+00 -7.620068e-01 -3.680226e-01
    endloop
  endfacet
  facet normal -9.734661e-01 1.751765e-01 1.472308e-01
    outer loop
      vertex 1.142891e+00 -1.069338e+00 -5.000000e-01
      vertex 1.218156e+00 -7.620068e-01 -3.680226e-01
      vertex 1.148300e+00 -9.271258e-01 -6.334417e-01
    endloop
  endfacet
  facet normal -9.432588e-01 -1.065032e-01 3.145153e-01
    outer loop
      vertex 1.148300e+00 -9.271258e-01 -6.334417e-01
      vertex 1.218156e+00 -7.620068e-01 -3.680226e-01
      vertex 1.168719e+00 -5.975518e-01 -4.606009e-01
    endloop
  endfacet
  facet normal -9.169895e-01 -1.392342e-01 3.738236e-01
    outer loop
      vertex 1.148300e+00 -9.271258e-01 -6.334417e-01
      vertex 1.168719e+00 -5.975518e-01 -4.606009e-01
      vertex 1.080364e+00 -7.834337e-01 -7.465681e-01
    endloop
  endfacet
  facet normal -7.669354e-01 -4.033349e-01 4.991302e-01
    outer loop
      vertex 1.080364e+00 -7.834337e-01 -7.465681e-01
      vertex 1.168719e+00 -5.975518e-01 -4.606009e-01
      vertex 1.052673e+00 -4.534437e-01 -5.224597e-01
    endloop
  endfacet
  facet normal -7.197351e-01 -4.303653e-01 5.447634e-01
    outer loop
      vertex 1.080364e+00 -7.834337e-01 -7.465681e-01
      vertex 1.052673e+00 -4.534437e-01 -5.224597e-01
      vertex 9.494268e-01 -6.601374e-01 -8.221567e-01
    endloop
  endfacet
  facet normal -4.744364e-01 -6.397549e-01 6.046683e-01
    outer loop
      vertex 9.494268e-01 -6.601374e-01 -8.221567e-01
      vertex 1.052673e+00 -4.534437e-01 -5.224597e-01
      vertex 8.876865e-01 -3.516216e-01 -5.441817e-01
    endloop
  endfacet
  facet normal -4.128595e-01 -6.538815e-01 6.340236e-01
    outer loop
      vertex 9.494268e-01 -6.601374e-01 -8.221567e-01
      vertex 8.876865e-01 -3.516216e-01 -5.441817e-01
      vertex 7.754214e-01 -5.760078e-01 -8.486999e-01
    endloop
  endfacet
  facet normal -1.110885e-01 -7.800688e-01 6.157532e-01
    outer loop
      vertex 7.754214e-01 -5.760078e-01 -8.486999e-01
      vertex 8.876865e-01 -3.516216e-01 -5.441817e-01
      vertex 6.988762e-01 -3.075870e-01 -5.224597e-01
    endloop
  endfacet
  facet normal -4.344919e-02 -7.764662e-01 6.286592e-01
    outer loop
      vertex 7.754214e-01 -5.760078e-01 -8.486999e-01
      vertex 6.988762e-01 -3.075870e-01 -5.224597e-01
      vertex 5.848387e-01 -5.438528e-01 -8.221567e-01
    endloop
  endfacet
  facet normal 2.681587e-01 -8.035372e-01 5.314310e-01
    outer loop
      vertex 5.848387e-01 -5.438528e-01 -8.221567e-01
      vertex 6.988762e-01 -3.075870e-01 -5.224597e-01
      vertex 5.149870e-01 -3.280438e-01 -4.606009e-01
    endloop
  endfacet
  facet normal 3.330384e-01 -7.799425e-01 5.298822e-01
    outer loop
      vertex 5.848387e-01 -5.438528e-01 -8.221567e-01
      vertex 5.149870e-01 -3.280438e-01 -4.606009e-01
      vertex 4.066934e-01 -5.685677e-01 -7.465681e-01
    endloop
  endfacet
  facet normal 6.065368e-01 -7.065407e-01 3.645729e-01
    outer loop
      vertex 4.066934e-01 -5.685677e-01 -7.465681e-01
      vertex 5.149870e-01 -3.280438e-01 -4.606009e-01
      vertex 3.640144e-01 -4.098776e-01 -3.680226e-01
    endloop
  endfacet
  facet normal 6.601759e-01 -6.632687e-01 3.524804e-01
    outer loop
      vertex 4.066934e-01 -5.685677e-01 -7.465681e-01
      vertex 3.640144e-01 -4.098776e-01 -3.680226e-01
      vertex 2.681063e-01 -6.463898e-01 -6.334417e-01
    endloop
  endfacet
  facet normal 8.528135e-01 -5.030669e-01 1.401174e-01
    outer loop
      vertex 2.681063e-01 -6.463898e-01 -6.334417e-01
      vertex 3.640144e-01 -4.098776e-01 -3.680226e-01
      vertex 2.689426e-01 -5.406299e-01 -2.588190e-01
    endloop
  endfacet
  facet normal 8.879593e-01 -4.431364e-01 1.231199e-01
    outer loop
      vertex 2.681063e-01 -6.463898e-01 -6.334417e-01
      vertex 2.689426e-01 -5.406299e-01 -2.588190e-01
      vertex 1.901762e-01 -7.654715e-01 -5.000000e-01
    endloop
  endfacet
  facet normal 9.022652e-01 -4.259376e-01 -6.704242e-02
    outer loop
      vertex 2.689426e-01 -5.406299e-01 -2.588190e-01
      vertex 4.049192e-01 -2.933281e-01 -3.673940e-16
      vertex 3.390539e-01 -4.483462e-01 9.844487e-02
    endloop
  endfacet
  facet normal 9.632006e-01 -2.363654e-01 -1.279685e-01
    outer loop
      vertex 2.689426e-01 -5.406299e-01 -2.588190e-01
      vertex 3.390539e-01 -4.483462e-01 9.844487e-02
      vertex 2.442454e-01 -7.003950e-01 -1.496155e-01
    endloop
  endfacet
  facet normal 9.584530e-01 -9.625123e-02 -2.685210e-01
    outer loop
      vertex 2.442454e-01 -7.003950e-01 -1.496155e-01
      vertex 3.390539e-01 -4.483462e-01 9.844487e-02
      vertex 3.447361e-01 -6.245925e-01 1.819024e-01
    endloop
  endfacet
  facet normal 9.441533e-01 1.087207e-01 -3.110537e-01
    outer loop
      vertex 2.442454e-01 -7.003950e-01 -1.496155e-01
      vertex 3.447361e-01 -6.245925e-01 1.819024e-01
      vertex 2.936828e-01 -8.648499e-01 -5.703719e-02
    endloop
  endfacet
  facet normal 8.670042e-01 2.464693e-01 -4.330780e-01
    outer loop
      vertex 2.936828e-01 -8.648499e-01 -5.703719e-02
      vertex 3.447361e-01 -6.245925e-01 1.819024e-01
      vertex 4.211009e-01 -7.952353e-01 2.376669e-01
    endloop
  endfacet
  facet normal 7.818060e-01 4.398651e-01 -4.419254e-01
    outer loop
      vertex 2.936828e-01 -8.648499e-01 -5.703719e-02
      vertex 4.211009e-01 -7.952353e-01 2.376669e-01
      vertex 4.097284e-01 -1.008958e+00 4.821650e-03
    endloop
  endfacet
  facet normal 6.414867e-01 5.492919e-01 -5.355120e-01
    outer loop
      vertex 4.097284e-01 -1.008958e+00 4.821650e-03
      vertex 4.211009e-01 -7.952353e-01 2.376669e-01
      vertex 5.565224e-01 -9.342957e-01 2.572488e-01
    endloop
  endfacet
  facet normal 5.014659e-01 7.058006e-01 -5.003774e-01
    outer loop
      vertex 4.097284e-01 -1.008958e+00 4.821650e-03
      vertex 5.565224e-01 -9.342957e-01 2.572488e-01
      vertex 5.747152e-01 -1.110780e+00 2.654359e-02
    endloop
  endfacet
  facet normal 3.167587e-01 7.652439e-01 -5.604157e-01
    outer loop
      vertex 5.747152e-01 -1.110780e+00 2.654359e-02
      vertex 5.565224e-01 -9.342957e-01 2.572488e-01
      vertex 7.303839e-01 -1.020603e+00 2.376669e-01
    endloop
  endfacet
  facet normal 1.469296e-01 8.658837e-01 -4.781810e-01
    outer loop
      vertex 5.747152e-01 -1.110780e+00 2.654359e-02
      vertex 7.303839e-01 -1.020603e+00 2.376669e-01
      vertex 7.635256e-01 -1.154815e+00 4.821650e-03
    endloop
  endfacet
  facet normal -5.679253e-02 8.614653e-01 -5.046306e-01
    outer loop
      vertex 7.635256e-01 -1.154815e+00 4.821650e-03
      vertex 7.303839e-01 -1.020603e+00 2.376669e-01
      vertex 9.162166e-01 -1.041018e+00 1.819024e-01
    endloop
  endfacet
  facet normal -2.275535e-01 8.965792e-01 -3.799540e-01
    outer loop
      vertex 7.635256e-01 -1.154815e+00 4.821650e-03
      vertex 9.162166e-01 -1.041018e+00 1.819024e-01
      vertex 9.474148e-01 -1.134358e+00 -5.703719e-02
    endloop
  endfacet
  facet normal -4.219863e-01 8.244278e-01 -3.771555e-01
    outer loop
      vertex 9.474148e-01 -1.134358e+00 -5.703719e-02
      vertex 9.162166e-01 -1.041018e+00 1.819024e-01
      vertex 1.085729e+00 -9.924320e-01 9.844487e-02
    endloop
  endfacet
  facet normal -5.661048e-01 7.940858e-01 -2.212534e-01
    outer loop
      vertex 9.474148e-01 -1.134358e+00 -5.703719e-02
      vertex 1.085729e+00 -9.924320e-01 9.844487e-02
      vertex 1.098387e+00 -1.052524e+00 -1.496155e-01
    endloop
  endfacet
  facet normal -7.240575e-01 6.609871e-01 -1.970706e-01
    outer loop
      vertex 1.098387e+00 -1.052524e+00 -1.496155e-01
      vertex 1.085729e+00 -9.924320e-01 9.844487e-02
      vertex 1.213115e+00 -8.822424e-01 -3.358901e-16
    endloop
  endfacet
  facet normal -8.185394e-01 5.738847e-01 -2.548666e-02
    outer loop
      vertex 1.098387e+00 -1.052524e+00 -1.496155e-01
      vertex 1.213115e+00 -8.822424e-01 -3.358901e-16
      vertex 1.193459e+00 -9.217718e-01 -2.588190e-01
    endloop
  endfacet
  facet normal -9.182010e-01 3.960068e-01 9.249256e-03
    outer loop
      vertex 1.193459e+00 -9.217718e-01 -2.588190e-01
      vertex 1.213115e+00 -8.822424e-01 -3.358901e-16
      vertex 1.278980e+00 -7.272243e-01 -9.844487e-02
    endloop
  endfacet
  facet normal -9.464946e-01 2.685949e-01 1.788986e-01
    outer loop
      vertex 1.193459e+00 -9.217718e-01 -2.588190e-01
      vertex 1.278980e+00 -7.272243e-01 -9.844487e-02
      vertex 1.218156e+00 -7.620068e-01 -3.680226e-01
    endloop
  endfacet
  facet normal -9.750466e-01 6.855021e-02 2.111515e-01
    outer loop
      vertex 1.218156e+00 -7.620068e-01 -3.680226e-01
      vertex 1.278980e+00 -7.272243e-01 -9.844487e-02
      vertex 1.273298e+00 -5.509780e-01 -1.819024e-01
    endloop
  endfacet
  facet normal -9.293141e-01 -7.591627e-02 3.614029e-01
    outer loop
      vertex 1.218156e+00 -7.620068e-01 -3.680226e-01
      vertex 1.273298e+00 -5.509780e-01 -1.819024e-01
      vertex 1.168719e+00 -5.975518e-01 -4.606009e-01
    endloop
  endfacet
  facet normal -8.849229e-01 -2.726127e-01 3.776159e-01
    outer loop
      vertex 1.168719e+00 -5.975518e-01 -4.606009e-01
      vertex 1.273298e+00 -5.509780e-01 -1.819024e-01
      vertex 1.196933e+00 -3.803352e-01 -2.376669e-01
    endloop
  endfacet
  facet normal -7.685219e-01 -4.069222e-01 4.937494e-01
    outer loop
      vertex 1.168719e+00 -5.975518e-01 -4.606009e-01
      vertex 1.196933e+00 -3.803352e-01 -2.376669e-01
      vertex 1.052673e+00 -4.534437e-01 -5.224597e-01
    endloop
  endfacet
  facet normal -6.605627e-01 -5.753614e-01 4.823031e-01
    outer loop
      vertex 1.052673e+00 -4.534437e-01 -5.224597e-01
      vertex 1.196933e+00 -3.803352e-01 -2.376669e-01
      vertex 1.061512e+00 -2.412748e-01 -2.572488e-01
    endloop
  endfacet
  facet normal -4.885914e-01 -6.733027e-01 5.549252e-01
    outer loop
      vertex 1.052673e+00 -4.534437e-01 -5.224597e-01
      vertex 1.061512e+00 -2.412748e-01 -2.572488e-01
      vertex 8.876865e-01 -3.516216e-01 -5.441817e-01
    endloop
  endfacet
  facet normal -3.362243e-01 -7.926845e-01 5.085317e-01
    outer loop
      vertex 8.876865e-01 -3.516216e-01 -5.441817e-01
      vertex 1.061512e+00 -2.412748e-01 -2.572488e-01
      vertex 8.876500e-01 -1.549674e-01 -2.376669e-01
    endloop
  endfacet
  facet normal -1.329812e-01 -8.341985e-01 5.351905e-01
    outer loop
      vertex 8.876865e-01 -3.516216e-01 -5.441817e-01
      vertex 8.876500e-01 -1.549674e-01 -2.376669e-01
      vertex 6.988762e-01 -3.075870e-01 -5.224597e-01
    endloop
  endfacet
  facet normal 3.787007e-02 -8.910156e-01 4.523904e-01
    outer loop
      vertex 6.988762e-01 -3.075870e-01 -5.224597e-01
      vertex 8.876500e-01 -1.549674e-01 -2.376669e-01
      vertex 7.018174e-01 -1.345527e-01 -1.819024e-01
    endloop
  endfacet
  facet normal 2.435141e-01 -8.655335e-01 4.376672e-01
    outer loop
      vertex 6.988762e-01 -3.075870e-01 -5.224597e-01
      vertex 7.018174e-01 -1.345527e-01 -1.819024e-01
      vertex 5.149870e-01 -3.280438e-01 -4.606009e-01
    endloop
  endfacet
  facet normal 4.043003e-01 -8.556790e-01 3.230397e-01
    outer loop
      vertex 5.149870e-01 -3.280438e-01 -4.606009e-01
      vertex 7.018174e-01 -1.345527e-01 -1.819024e-01
      vertex 5.323048e-01 -1.831385e-01 -9.844487e-02
    endloop
  endfacet
  facet normal 5.837360e-01 -7.630832e-01 2.774100e-01
    outer loop
      vertex 5.149870e-01 -3.280438e-01 -4.606009e-01
      vertex 5.323048e-01 -1.831385e-01 -9.844487e-02
      vertex 3.640144e-01 -4.098776e-01 -3.680226e-01
    endloop
  endfacet
  facet normal 7.076434e-01 -6.924325e-01 1.406342e-01
    outer loop
      vertex 3.640144e-01 -4.098776e-01 -3.680226e-01
      vertex 5.323048e-01 -1.831385e-01 -9.844487e-02
      vertex 4.049192e-01 -2.933281e-01 -3.673940e-16
    endloop
  endfacet
  facet normal 8.364348e-01 -5.423725e-01 7.879665e-02
    outer loop
      vertex 3.640144e-01 -4.098776e-01 -3.680226e-01
      vertex 4.049192e-01 -2.933281e-01 -3.673940e-16
      vertex 2.689426e-01 -5.406299e-01 -2.588190e-01
    endloop
  endfacet
  facet normal 7.735318e-01 -6.289016e-01 -7.830224e-02
    outer loop
      vertex 4.049192e-01 -2.933281e-01 -3.673940e-16
      vertex 5.979130e-01 -8.817571e-02 2.588190e-01
      vertex 5.028266e-01 -2.187507e-01 3.682220e-01
    endloop
  endfacet
  facet normal 8.763335e-01 -4.610216e-01 -1.396378e-01
    outer loop
      vertex 4.049192e-01 -2.933281e-01 -3.673940e-16
      vertex 5.028266e-01 -2.187507e-01 3.682220e-01
      vertex 3.390539e-01 -4.483462e-01 9.844487e-02
    endloop
  endfacet
  facet normal 9.057954e-01 -3.206289e-01 -2.770052e-01
    outer loop
      vertex 3.390539e-01 -4.483462e-01 9.844487e-02
      vertex 5.028266e-01 -2.187507e-01 3.682220e-01
      vertex 4.714593e-01 -3.874938e-01 4.609693e-01
    endloop
  endfacet
  facet normal 9.386958e-01 -1.223555e-01 -3.223031e-01
    outer loop
      vertex 3.390539e-01 -4.483462e-01 9.844487e-02
      vertex 4.714593e-01 -3.874938e-01 4.609693e-01
      vertex 3.447361e-01 -6.245925e-01 1.819024e-01
    endloop
  endfacet
  facet normal 8.986095e-01 3.452613e-02 -4.373887e-01
    outer loop
      vertex 3.447361e-01 -6.245925e-01 1.819024e-01
      vertex 4.714593e-01 -3.874938e-01 4.609693e-01
      vertex 5.085862e-01 -5.687156e-01 5.229411e-01
    endloop
  endfacet
  facet normal 8.599262e-01 2.371192e-01 -4.519971e-01
    outer loop
      vertex 3.447361e-01 -6.245925e-01 1.819024e-01
      vertex 5.085862e-01 -5.687156e-01 5.229411e-01
      vertex 4.211009e-01 -7.952353e-01 2.376669e-01
    endloop
  endfacet
  facet normal 7.529696e-01 3.830547e-01 -5.350756e-01
    outer loop
      vertex 4.211009e-01 -7.952353e-01 2.376669e-01
      vertex 5.085862e-01 -5.687156e-01 5.229411e-01
      vertex 6.085553e-01 -7.348265e-01 5.447027e-01
    endloop
  endfacet
  facet normal 6.515585e-01 5.628975e-01 -5.085449e-01
    outer loop
      vertex 4.211009e-01 -7.952353e-01 2.376669e-01
      vertex 6.085553e-01 -7.348265e-01 5.447027e-01
      vertex 5.565224e-01 -9.342957e-01 2.572488e-01
    endloop
  endfacet
  facet normal 4.904446e-01 6.718846e-01 -5.550092e-01
    outer loop
      vertex 5.565224e-01 -9.342957e-01 2.572488e-01
      vertex 6.085553e-01 -7.348265e-01 5.447027e-01
      vertex 7.561471e-01 -8.605378e-01 5.229411e-01
    endloop
  endfacet
  facet normal 3.451675e-01 8.048553e-01 -4.827706e-01
    outer loop
      vertex 5.565224e-01 -9.342957e-01 2.572488e-01
      vertex 7.561471e-01 -8.605378e-01 5.229411e-01
      vertex 7.303839e-01 -1.020603e+00 2.376669e-01
    endloop
  endfacet
  facet normal 1.507647e-01 8.562585e-01 -4.940560e-01
    outer loop
      vertex 7.303839e-01 -1.020603e+00 2.376669e-01
      vertex 7.561471e-01 -8.605378e-01 5.229411e-01
      vertex 9.288921e-01 -9.267110e-01 4.609693e-01
    endloop
  endfacet
  facet normal -1.192279e-02 9.255047e-01 -3.785484e-01
    outer loop
      vertex 7.303839e-01 -1.020603e+00 2.376669e-01
      vertex 9.288921e-01 -9.267110e-01 4.609693e-01
      vertex 9.162166e-01 -1.041018e+00 1.819024e-01
    endloop
  endfacet
  facet normal -2.138100e-01 9.073495e-01 -3.619421e-01
    outer loop
      vertex 9.162166e-01 -1.041018e+00 1.819024e-01
      vertex 9.288921e-01 -9.267110e-01 4.609693e-01
      vertex 1.100491e+00 -9.232719e-01 3.682220e-01
    endloop
  endfacet
  facet normal -3.644774e-01 9.066460e-01 -2.124836e-01
    outer loop
      vertex 9.162166e-01 -1.041018e+00 1.819024e-01
      vertex 1.100491e+00 -9.232719e-01 3.682220e-01
      vertex 1.085729e+00 -9.924320e-01 9.844487e-02
    endloop
  endfacet
  facet normal -5.470436e-01 8.175964e-01 -1.796647e-01
    outer loop
      vertex 1.085729e+00 -9.924320e-01 9.844487e-02
      vertex 1.100491e+00 -9.232719e-01 3.682220e-01
      vertex 1.244821e+00 -8.507440e-01 2.588190e-01
    endloop
  endfacet
  facet normal -6.589417e-01 7.521163e-01 -1.081096e-02
    outer loop
      vertex 1.085729e+00 -9.924320e-01 9.844487e-02
      vertex 1.244821e+00 -8.507440e-01 2.588190e-01
      vertex 1.213115e+00 -8.822424e-01 -3.358901e-16
    endloop
  endfacet
  facet normal -7.982348e-01 6.018463e-01 2.454071e-02
    outer loop
      vertex 1.213115e+00 -8.822424e-01 -3.358901e-16
      vertex 1.244821e+00 -8.507440e-01 2.588190e-01
      vertex 1.339907e+00 -7.201690e-01 1.494161e-01
    endloop
  endfacet
  facet normal -8.517592e-01 4.860783e-01 1.955355e-01
    outer loop
      vertex 1.213115e+00 -8.822424e-01 -3.358901e-16
      vertex 1.339907e+00 -7.201690e-01 1.494161e-01
      vertex 1.278980e+00 -7.272243e-01 -9.844487e-02
    endloop
  endfacet
  facet normal -9.300942e-01 2.939564e-01 2.202598e-01
    outer loop
      vertex 1.278980e+00 -7.272243e-01 -9.844487e-02
      vertex 1.339907e+00 -7.201690e-01 1.494161e-01
      vertex 1.371274e+00 -5.514259e-01 5.666877e-02
    endloop
  endfacet
  facet normal -9.146739e-01 1.485180e-01 3.759176e-01
    outer loop
      vertex 1.278980e+00 -7.272243e-01 -9.844487e-02
      vertex 1.371274e+00 -5.514259e-01 5.666877e-02
      vertex 1.273298e+00 -5.509780e-01 -1.819024e-01
    endloop
  endfacet
  facet normal -9.234292e-01 -5.953600e-02 3.791226e-01
    outer loop
      vertex 1.273298e+00 -5.509780e-01 -1.819024e-01
      vertex 1.371274e+00 -5.514259e-01 5.666877e-02
      vertex 1.334147e+00 -3.702041e-01 -5.303021e-03
    endloop
  endfacet
  facet normal -8.377865e-01 -2.102525e-01 5.038925e-01
    outer loop
      vertex 1.273298e+00 -5.509780e-01 -1.819024e-01
      vertex 1.334147e+00 -3.702041e-01 -5.303021e-03
      vertex 1.196933e+00 -3.803352e-01 -2.376669e-01
    endloop
  endfacet
  facet normal -7.789665e-01 -4.062164e-01 4.777023e-01
    outer loop
      vertex 1.196933e+00 -3.803352e-01 -2.376669e-01
      vertex 1.334147e+00 -3.702041e-01 -5.303021e-03
      vertex 1.234178e+00 -2.040932e-01 -2.706462e-02
    endloop
  endfacet
  facet normal -6.314679e-01 -5.360493e-01 5.602673e-01
    outer loop
      vertex 1.196933e+00 -3.803352e-01 -2.376669e-01
      vertex 1.234178e+00 -2.040932e-01 -2.706462e-02
      vertex 1.061512e+00 -2.412748e-01 -2.572488e-01
    endloop
  endfacet
  facet normal -5.174960e-01 -6.941767e-01 5.003165e-01
    outer loop
      vertex 1.061512e+00 -2.412748e-01 -2.572488e-01
      vertex 1.234178e+00 -2.040932e-01 -2.706462e-02
      vertex 1.086587e+00 -7.838189e-02 -5.303021e-03
    endloop
  endfacet
  facet normal -3.261979e-01 -7.787025e-01 5.359267e-01
    outer loop
      vertex 1.061512e+00 -2.412748e-01 -2.572488e-01
      vertex 1.086587e+00 -7.838189e-02 -5.303021e-03
      vertex 8.876500e-01 -1.549674e-01 -2.376669e-01
    endloop
  endfacet
  facet normal -1.780975e-01 -8.790533e-01 4.422066e-01
    outer loop
      vertex 8.876500e-01 -1.549674e-01 -2.376669e-01
      vertex 1.086587e+00 -7.838189e-02 -5.303021e-03
      vertex 9.138416e-01 -1.220868e-02 5.666877e-02
    endloop
  endfacet
  facet normal 3.129877e-02 -9.004034e-01 4.339287e-01
    outer loop
      vertex 8.876500e-01 -1.549674e-01 -2.376669e-01
      vertex 9.138416e-01 -1.220868e-02 5.666877e-02
      vertex 7.018174e-01 -1.345527e-01 -1.819024e-01
    endloop
  endfacet
  facet normal 1.870498e-01 -9.316445e-01 3.115299e-01
    outer loop
      vertex 7.018174e-01 -1.345527e-01 -1.819024e-01
      vertex 9.138416e-01 -1.220868e-02 5.666877e-02
      vertex 7.422422e-01 -1.564781e-02 1.494161e-01
    endloop
  endfacet
  facet normal 3.856487e-01 -8.823732e-01 2.696157e-01
    outer loop
      vertex 7.018174e-01 -1.345527e-01 -1.819024e-01
      vertex 7.422422e-01 -1.564781e-02 1.494161e-01
      vertex 5.323048e-01 -1.831385e-01 -9.844487e-02
    endloop
  endfacet
  facet normal 5.213378e-01 -8.436199e-01 1.285003e-01
    outer loop
      vertex 5.323048e-01 -1.831385e-01 -9.844487e-02
      vertex 7.422422e-01 -1.564781e-02 1.494161e-01
      vertex 5.979130e-01 -8.817571e-02 2.588190e-01
    endloop
  endfacet
  facet normal 6.823079e-01 -7.278791e-01 6.817506e-02
    outer loop
      vertex 5.323048e-01 -1.831385e-01 -9.844487e-02
      vertex 5.979130e-01 -8.817571e-02 2.588190e-01
      vertex 4.049192e-01 -2.933281e-01 -3.673940e-16
    endloop
  endfacet
  facet normal 6.959374e-01 -7.074897e-01 -1.230021e-01
    outer loop
      vertex 5.979130e-01 -8.817571e-02 2.588190e-01
      vertex 7.867915e-01 5.568768e-02 5.000000e-01
      vertex 6.978240e-01 -5.507277e-02 6.337054e-01
    endloop
  endfacet
  facet normal 7.411722e-01 -6.566510e-01 -1.395467e-01
    outer loop
      vertex 5.979130e-01 -8.817571e-02 2.588190e-01
      vertex 6.978240e-01 -5.507277e-02 6.337054e-01
      vertex 5.028266e-01 -2.187507e-01 3.682220e-01
    endloop
  endfacet
  facet normal 8.348352e-01 -4.228526e-01 -3.524853e-01
    outer loop
      vertex 5.028266e-01 -2.187507e-01 3.682220e-01
      vertex 6.978240e-01 -5.507277e-02 6.337054e-01
      vertex 6.668069e-01 -2.107968e-01 7.470554e-01
    endloop
  endfacet
  facet normal 8.589596e-01 -3.598755e-01 -3.642499e-01
    outer loop
      vertex 5.028266e-01 -2.187507e-01 3.682220e-01
      vertex 6.668069e-01 -2.107968e-01 7.470554e-01
      vertex 4.714593e-01 -3.874938e-01 4.609693e-01
    endloop
  endfacet
  facet normal 8.446301e-01 -7.572328e-02 -5.299680e-01
    outer loop
      vertex 4.714593e-01 -3.874938e-01 4.609693e-01
      vertex 6.668069e-01 -2.107968e-01 7.470554e-01
      vertex 6.984625e-01 -3.877767e-01 8.227934e-01
    endloop
  endfacet
  facet normal 8.470575e-01 -8.197106e-03 -5.314381e-01
    outer loop
      vertex 4.714593e-01 -3.874938e-01 4.609693e-01
      vertex 6.984625e-01 -3.877767e-01 8.227934e-01
      vertex 5.085862e-01 -5.687156e-01 5.229411e-01
    endloop
  endfacet
  facet normal 7.249689e-01 2.812080e-01 -6.287624e-01
    outer loop
      vertex 5.085862e-01 -5.687156e-01 5.229411e-01
      vertex 6.984625e-01 -3.877767e-01 8.227934e-01
      vertex 7.879713e-01 -5.590691e-01 8.493890e-01
    endloop
  endfacet
  facet normal 7.079402e-01 3.453424e-01 -6.160838e-01
    outer loop
      vertex 5.085862e-01 -5.687156e-01 5.229411e-01
      vertex 7.879713e-01 -5.590691e-01 8.493890e-01
      vertex 6.085553e-01 -7.348265e-01 5.447027e-01
    endloop
  endfacet
  facet normal 4.942974e-01 5.946445e-01 -6.340883e-01
    outer loop
      vertex 6.085553e-01 -7.348265e-01 5.447027e-01
      vertex 7.879713e-01 -5.590691e-01 8.493890e-01
      vertex 9.217065e-01 -6.985961e-01 8.227934e-01
    endloop
  endfacet
  facet normal 4.625518e-01 6.478376e-01 -6.052705e-01
    outer loop
      vertex 6.085553e-01 -7.348265e-01 5.447027e-01
      vertex 9.217065e-01 -6.985961e-01 8.227934e-01
      vertex 7.561471e-01 -8.605378e-01 5.229411e-01
    endloop
  endfacet
  facet normal 1.869951e-01 8.174857e-01 -5.447476e-01
    outer loop
      vertex 7.561471e-01 -8.605378e-01 5.229411e-01
      vertex 9.217065e-01 -6.985961e-01 8.227934e-01
      vertex 1.079308e+00 -7.851161e-01 7.470554e-01
    endloop
  endfacet
  facet normal 1.475504e-01 8.533905e-01 -4.999535e-01
    outer loop
      vertex 7.561471e-01 -8.605378e-01 5.229411e-01
      vertex 1.079308e+00 -7.851161e-01 7.470554e-01
      vertex 9.288921e-01 -9.267110e-01 4.609693e-01
    endloop
  endfacet
  facet normal -1.507718e-01 9.152128e-01 -3.737022e-01
    outer loop
      vertex 9.288921e-01 -9.267110e-01 4.609693e-01
      vertex 1.079308e+00 -7.851161e-01 7.470554e-01
      vertex 1.236783e+00 -8.054572e-01 6.337054e-01
    endloop
  endfacet
  facet normal -1.891775e-01 9.298661e-01 -3.155326e-01
    outer loop
      vertex 9.288921e-01 -9.267110e-01 4.609693e-01
      vertex 1.236783e+00 -8.054572e-01 6.337054e-01
      vertex 1.100491e+00 -9.232719e-01 3.682220e-01
    endloop
  endfacet
  facet normal -4.672509e-01 8.718158e-01 -1.470167e-01
    outer loop
      vertex 1.100491e+00 -9.232719e-01 3.682220e-01
      vertex 1.236783e+00 -8.054572e-01 6.337054e-01
      vertex 1.370156e+00 -7.565225e-01 5.000000e-01
    endloop
  endfacet
  facet normal -4.955262e-01 8.648674e-01 -8.036273e-02
    outer loop
      vertex 1.100491e+00 -9.232719e-01 3.682220e-01
      vertex 1.370156e+00 -7.565225e-01 5.000000e-01
      vertex 1.244821e+00 -8.507440e-01 2.588190e-01
    endloop
  endfacet
  facet normal -7.134501e-01 6.935609e-01 9.981062e-02
    outer loop
      vertex 1.244821e+00 -8.507440e-01 2.588190e-01
      vertex 1.370156e+00 -7.565225e-01 5.000000e-01
      vertex 1.459124e+00 -6.457621e-01 3.662946e-01
    endloop
  endfacet
  facet normal -7.241753e-01 6.686716e-01 1.686663e-01
    outer loop
      vertex 1.244821e+00 -8.507440e-01 2.588190e-01
      vertex 1.459124e+00 -6.457621e-01 3.662946e-01
      vertex 1.339907e+00 -7.201690e-01 1.494161e-01
    endloop
  endfacet
  facet normal -8.517756e-01 4.084626e-01 3.280803e-01
    outer loop
      vertex 1.339907e+00 -7.201690e-01 1.494161e-01
      vertex 1.459124e+00 -6.457621e-01 3.662946e-01
      vertex 1.490141e+00 -4.900381e-01 2.529446e-01
    endloop
  endfacet
  facet normal -8.409044e-01 3.722328e-01 3.928390e-01
    outer loop
      vertex 1.339907e+00 -7.201690e-01 1.494161e-01
      vertex 1.490141e+00 -4.900381e-01 2.529446e-01
      vertex 1.371274e+00 -5.514259e-01 5.666877e-02
    endloop
  endfacet
  facet normal -8.621204e-01 6.105884e-02 5.030113e-01
    outer loop
      vertex 1.371274e+00 -5.514259e-01 5.666877e-02
      vertex 1.490141e+00 -4.900381e-01 2.529446e-01
      vertex 1.458485e+00 -3.130581e-01 1.772066e-01
    endloop
  endfacet
  facet normal -8.293105e-01 2.105010e-02 5.583915e-01
    outer loop
      vertex 1.371274e+00 -5.514259e-01 5.666877e-02
      vertex 1.458485e+00 -3.130581e-01 1.772066e-01
      vertex 1.334147e+00 -3.702041e-01 -5.303021e-03
    endloop
  endfacet
  facet normal -7.438814e-01 -2.956564e-01 5.993561e-01
    outer loop
      vertex 1.334147e+00 -3.702041e-01 -5.303021e-03
      vertex 1.458485e+00 -3.130581e-01 1.772066e-01
      vertex 1.368977e+00 -1.417657e-01 1.506110e-01
    endloop
  endfacet
  facet normal -6.916474e-01 -3.322359e-01 6.412824e-01
    outer loop
      vertex 1.334147e+00 -3.702041e-01 -5.303021e-03
      vertex 1.368977e+00 -1.417657e-01 1.506110e-01
      vertex 1.234178e+00 -2.040932e-01 -2.706462e-02
    endloop
  endfacet
  facet normal -5.147353e-01 -6.084935e-01 6.039728e-01
    outer loop
      vertex 1.234178e+00 -2.040932e-01 -2.706462e-02
      vertex 1.368977e+00 -1.417657e-01 1.506110e-01
      vertex 1.235241e+00 -2.238706e-03 1.772066e-01
    endloop
  endfacet
  facet normal -4.478639e-01 -6.348101e-01 6.296301e-01
    outer loop
      vertex 1.234178e+00 -2.040932e-01 -2.706462e-02
      vertex 1.235241e+00 -2.238706e-03 1.772066e-01
      vertex 1.086587e+00 -7.838189e-02 -5.303021e-03
    endloop
  endfacet
  facet normal -2.080897e-01 -8.308528e-01 5.161223e-01
    outer loop
      vertex 1.086587e+00 -7.838189e-02 -5.303021e-03
      vertex 1.235241e+00 -2.238706e-03 1.772066e-01
      vertex 1.077640e+00 8.428127e-02 2.529446e-01
    endloop
  endfacet
  facet normal -1.337270e-01 -8.406229e-01 5.248525e-01
    outer loop
      vertex 1.086587e+00 -7.838189e-02 -5.303021e-03
      vertex 1.077640e+00 8.428127e-02 2.529446e-01
      vertex 9.138416e-01 -1.220868e-02 5.666877e-02
    endloop
  endfacet
  facet normal 1.303321e-01 -9.285065e-01 3.476912e-01
    outer loop
      vertex 9.138416e-01 -1.220868e-02 5.666877e-02
      vertex 1.077640e+00 8.428127e-02 2.529446e-01
      vertex 9.201650e-01 1.046223e-01 3.662946e-01
    endloop
  endfacet
  facet normal 2.032492e-01 -9.174455e-01 3.420284e-01
    outer loop
      vertex 9.138416e-01 -1.220868e-02 5.666877e-02
      vertex 9.201650e-01 1.046223e-01 3.662946e-01
      vertex 7.422422e-01 -1.564781e-02 1.494161e-01
    endloop
  endfacet
  facet normal 4.483178e-01 -8.853464e-01 1.231785e-01
    outer loop
      vertex 7.422422e-01 -1.564781e-02 1.494161e-01
      vertex 9.201650e-01 1.046223e-01 3.662946e-01
      vertex 7.867915e-01 5.568768e-02 5.000000e-01
    endloop
  endfacet
  facet normal 5.108582e-01 -8.527773e-01 1.086043e-01
    outer loop
      vertex 7.422422e-01 -1.564781e-02 1.494161e-01
      vertex 7.867915e-01 5.568768e-02 5.000000e-01
      vertex 5.979130e-01 -8.817571e-02 2.588190e-01
    endloop
  endfacet
  facet normal 7.019397e-01 -6.943951e-01 -1.584178e-01
    outer loop
      vertex 7.867915e-01 5.568768e-02 5.000000e-01
      vertex 9.645038e-01 1.880819e-01 7.071068e-01
      vertex 9.049641e-01 9.166576e-02 8.659123e-01
    endloop
  endfacet
  facet normal 6.765087e-01 -7.215041e-01 -1.475393e-01
    outer loop
      vertex 7.867915e-01 5.568768e-02 5.000000e-01
      vertex 9.049641e-01 9.166576e-02 8.659123e-01
      vertex 6.978240e-01 -5.507277e-02 6.337054e-01
    endloop
  endfacet
  facet normal 7.914558e-01 -4.302935e-01 -4.341027e-01
    outer loop
      vertex 6.978240e-01 -5.507277e-02 6.337054e-01
      vertex 9.049641e-01 9.166576e-02 8.659123e-01
      vertex 9.020598e-01 -4.949686e-02 1.000541e+00
    endloop
  endfacet
  facet normal 7.767774e-01 -4.643717e-01 -4.254125e-01
    outer loop
      vertex 6.978240e-01 -5.507277e-02 6.337054e-01
      vertex 9.020598e-01 -4.949686e-02 1.000541e+00
      vertex 6.668069e-01 -2.107968e-01 7.470554e-01
    endloop
  endfacet
  facet normal 7.603533e-01 -1.005496e-01 -6.416796e-01
    outer loop
      vertex 6.668069e-01 -2.107968e-01 7.470554e-01
      vertex 9.020598e-01 -4.949686e-02 1.000541e+00
      vertex 9.562330e-01 -2.139152e-01 1.090497e+00
    endloop
  endfacet
  facet normal 7.567344e-01 -1.380922e-01 -6.389708e-01
    outer loop
      vertex 6.668069e-01 -2.107968e-01 7.470554e-01
      vertex 9.562330e-01 -2.139152e-01 1.090497e+00
      vertex 6.984625e-01 -3.877767e-01 8.227934e-01
    endloop
  endfacet
  facet normal 6.147429e-01 2.436277e-01 -7.501578e-01
    outer loop
      vertex 6.984625e-01 -3.877767e-01 8.227934e-01
      vertex 9.562330e-01 -2.139152e-01 1.090497e+00
      vertex 1.059236e+00 -3.765581e-01 1.122086e+00
    endloop
  endfacet
  facet normal 6.208278e-01 2.070148e-01 -7.561202e-01
    outer loop
      vertex 6.984625e-01 -3.877767e-01 8.227934e-01
      vertex 1.059236e+00 -3.765581e-01 1.122086e+00
      vertex 7.879713e-01 -5.590691e-01 8.493890e-01
    endloop
  endfacet
  facet normal 3.777823e-01 5.506613e-01 -7.443471e-01
    outer loop
      vertex 7.879713e-01 -5.590691e-01 8.493890e-01
      vertex 1.059236e+00 -3.765581e-01 1.122086e+00
      vertex 1.195389e+00 -5.126647e-01 1.090497e+00
    endloop
  endfacet
  facet normal 3.906545e-01 5.193166e-01 -7.600654e-01
    outer loop
      vertex 7.879713e-01 -5.590691e-01 8.493890e-01
      vertex 1.195389e+00 -5.126647e-01 1.090497e+00
      vertex 9.217065e-01 -6.985961e-01 8.227934e-01
    endloop
  endfacet
  facet normal 8.502368e-02 7.755293e-01 -6.255599e-01
    outer loop
      vertex 9.217065e-01 -6.985961e-01 8.227934e-01
      vertex 1.195389e+00 -5.126647e-01 1.090497e+00
      vertex 1.343962e+00 -6.015139e-01 1.000541e+00
    endloop
  endfacet
  facet normal 1.007145e-01 7.528461e-01 -6.504455e-01
    outer loop
      vertex 9.217065e-01 -6.985961e-01 8.227934e-01
      vertex 1.343962e+00 -6.015139e-01 1.000541e+00
      vertex 1.079308e+00 -7.851161e-01 7.470554e-01
    endloop
  endfacet
  facet normal -2.202686e-01 8.847047e-01 -4.108276e-01
    outer loop
      vertex 1.079308e+00 -7.851161e-01 7.470554e-01
      vertex 1.343962e+00 -6.015139e-01 1.000541e+00
      vertex 1.482337e+00 -6.295792e-01 8.659123e-01
    endloop
  endfacet
  facet normal -2.061101e-01 8.725454e-01 -4.429256e-01
    outer loop
      vertex 1.079308e+00 -7.851161e-01 7.470554e-01
      vertex 1.482337e+00 -6.295792e-01 8.659123e-01
      vertex 1.236783e+00 -8.054572e-01 6.337054e-01
    endloop
  endfacet
  facet normal -4.920830e-01 8.605678e-01 -1.314434e-01
    outer loop
      vertex 1.236783e+00 -8.054572e-01 6.337054e-01
      vertex 1.482337e+00 -6.295792e-01 8.659123e-01
      vertex 1.589447e+00 -5.925880e-01 7.071068e-01
    endloop
  endfacet
  facet normal -4.835623e-01 8.590438e-01 -1.679620e-01
    outer loop
      vertex 1.236783e+00 -8.054572e-01 6.337054e-01
      vertex 1.589447e+00 -5.925880e-01 7.071068e-01
      vertex 1.370156e+00 -7.565225e-01 5.000000e-01
    endloop
  endfacet
  facet normal -6.881015e-01 7.053563e-01 1.702610e-01
    outer loop
      vertex 1.370156e+00 -7.565225e-01 5.000000e-01
      vertex 1.589447e+00 -5.925880e-01 7.071068e-01
      vertex 1.648987e+00 -4.961719e-01 5.483013e-01
    endloop
  endfacet
  facet normal -6.886184e-01 7.129369e-01 1.323846e-01
    outer loop
      vertex 1.370156e+00 -7.565225e-01 5.000000e-01
      vertex 1.648987e+00 -4.961719e-01 5.483013e-01
      vertex 1.459124e+00 -6.457621e-01 3.662946e-01
    endloop
  endfacet
  facet normal -7.773177e-01 4.424875e-01 4.471934e-01
    outer loop
      vertex 1.459124e+00 -6.457621e-01 3.662946e-01
      vertex 1.648987e+00 -4.961719e-01 5.483013e-01
      vertex 1.651891e+00 -3.550093e-01 4.136725e-01
    endloop
  endfacet
  facet normal -7.892537e-01 4.563110e-01 4.109244e-01
    outer loop
      vertex 1.459124e+00 -6.457621e-01 3.662946e-01
      vertex 1.651891e+00 -3.550093e-01 4.136725e-01
      vertex 1.490141e+00 -4.900381e-01 2.529446e-01
    endloop
  endfacet
  facet normal -7.462352e-01 1.130438e-01 6.560138e-01
    outer loop
      vertex 1.490141e+00 -4.900381e-01 2.529446e-01
      vertex 1.651891e+00 -3.550093e-01 4.136725e-01
      vertex 1.597718e+00 -1.905909e-01 3.237164e-01
    endloop
  endfacet
  facet normal -7.705164e-01 1.292930e-01 6.241697e-01
    outer loop
      vertex 1.490141e+00 -4.900381e-01 2.529446e-01
      vertex 1.597718e+00 -1.905909e-01 3.237164e-01
      vertex 1.458485e+00 -3.130581e-01 1.772066e-01
    endloop
  endfacet
  facet normal -6.008775e-01 -2.319756e-01 7.649402e-01
    outer loop
      vertex 1.458485e+00 -3.130581e-01 1.772066e-01
      vertex 1.597718e+00 -1.905909e-01 3.237164e-01
      vertex 1.494715e+00 -2.794798e-02 2.921280e-01
    endloop
  endfacet
  facet normal -6.362086e-01 -2.175211e-01 7.402183e-01
    outer loop
      vertex 1.458485e+00 -3.130581e-01 1.772066e-01
      vertex 1.494715e+00 -2.794798e-02 2.921280e-01
      vertex 1.368977e+00 -1.417657e-01 1.506110e-01
    endloop
  endfacet
  facet normal -3.643329e-01 -5.404668e-01 7.583912e-01
    outer loop
      vertex 1.368977e+00 -1.417657e-01 1.506110e-01
      vertex 1.494715e+00 -2.794798e-02 2.921280e-01
      vertex 1.358563e+00 1.081586e-01 3.237164e-01
    endloop
  endfacet
  facet normal -4.068112e-01 -5.315397e-01 7.429470e-01
    outer loop
      vertex 1.368977e+00 -1.417657e-01 1.506110e-01
      vertex 1.358563e+00 1.081586e-01 3.237164e-01
      vertex 1.235241e+00 -2.238706e-03 1.772066e-01
    endloop
  endfacet
  facet normal -7.199279e-02 -7.665150e-01 6.381785e-01
    outer loop
      vertex 1.235241e+00 -2.238706e-03 1.772066e-01
      vertex 1.358563e+00 1.081586e-01 3.237164e-01
      vertex 1.209990e+00 1.970077e-01 4.136725e-01
    endloop
  endfacet
  facet normal -1.162564e-01 -7.656216e-01 6.326990e-01
    outer loop
      vertex 1.235241e+00 -2.238706e-03 1.772066e-01
      vertex 1.209990e+00 1.970077e-01 4.136725e-01
      vertex 1.077640e+00 8.428127e-02 2.529446e-01
    endloop
  endfacet
  facet normal 2.332122e-01 -8.759402e-01 4.223042e-01
    outer loop
      vertex 1.077640e+00 8.428127e-02 2.529446e-01
      vertex 1.209990e+00 1.970077e-01 4.136725e-01
      vertex 1.071614e+00 2.250731e-01 5.483013e-01
    endloop
  endfacet
  facet normal 1.920253e-01 -8.843611e-01 4.254782e-01
    outer loop
      vertex 1.077640e+00 8.428127e-02 2.529446e-01
      vertex 1.071614e+00 2.250731e-01 5.483013e-01
      vertex 9.201650e-01 1.046223e-01 3.662946e-01
    endloop
  endfacet
  facet normal 5.053975e-01 -8.510138e-01 1.426492e-01
    outer loop
      vertex 9.201650e-01 1.046223e-01 3.662946e-01
      vertex 1.071614e+00 2.250731e-01 5.483013e-01
      vertex 9.645038e-01 1.880819e-01 7.071068e-01
    endloop
  endfacet
  facet normal 4.708283e-01 -8.691059e-01 1.515770e-01
    outer loop
      vertex 9.201650e-01 1.046223e-01 3.662946e-01
      vertex 9.645038e-01 1.880819e-01 7.071068e-01
      vertex 7.867915e-01 5.568768e-02 5.000000e-01
    endloop
  endfacet
  facet normal 7.471360e-01 -6.378208e-01 -1.870093e-01
    outer loop
      vertex 9.645038e-01 1.880819e-01 7.071068e-01
      vertex 1.139439e+00 3.464042e-01 8.660254e-01
      vertex 1.117747e+00 2.688893e-01 1.043736e+00
    endloop
  endfacet
  facet normal 7.055917e-01 -6.914064e-01 -1.552340e-01
    outer loop
      vertex 9.645038e-01 1.880819e-01 7.071068e-01
      vertex 1.117747e+00 2.688893e-01 1.043736e+00
      vertex 9.049641e-01 9.166576e-02 8.659123e-01
    endloop
  endfacet
  facet normal 7.611098e-01 -4.073963e-01 -5.047178e-01
    outer loop
      vertex 9.049641e-01 9.166576e-02 8.659123e-01
      vertex 1.117747e+00 2.688893e-01 1.043736e+00
      vertex 1.154249e+00 1.504384e-01 1.194392e+00
    endloop
  endfacet
  facet normal 7.411459e-01 -4.712581e-01 -4.781407e-01
    outer loop
      vertex 9.049641e-01 9.166576e-02 8.659123e-01
      vertex 1.154249e+00 1.504384e-01 1.194392e+00
      vertex 9.020598e-01 -4.949686e-02 1.000541e+00
    endloop
  endfacet
  facet normal 6.601318e-01 -1.125983e-01 -7.426625e-01
    outer loop
      vertex 9.020598e-01 -4.949686e-02 1.000541e+00
      vertex 1.154249e+00 1.504384e-01 1.194392e+00
      vertex 1.243389e+00 9.084600e-03 1.295057e+00
    endloop
  endfacet
  facet normal 6.601042e-01 -1.813321e-01 -7.289589e-01
    outer loop
      vertex 9.020598e-01 -4.949686e-02 1.000541e+00
      vertex 1.243389e+00 9.084600e-03 1.295057e+00
      vertex 9.562330e-01 -2.139152e-01 1.090497e+00
    endloop
  endfacet
  facet normal 4.608392e-01 1.997818e-01 -8.647049e-01
    outer loop
      vertex 9.562330e-01 -2.139152e-01 1.090497e+00
      vertex 1.243389e+00 9.084600e-03 1.295057e+00
      vertex 1.371595e+00 -1.336522e-01 1.330406e+00
    endloop
  endfacet
  facet normal 4.763443e-01 1.328655e-01 -8.691622e-01
    outer loop
      vertex 9.562330e-01 -2.139152e-01 1.090497e+00
      vertex 1.371595e+00 -1.336522e-01 1.330406e+00
      vertex 1.059236e+00 -3.765581e-01 1.122086e+00
    endloop
  endfacet
  facet normal 1.948837e-01 4.819937e-01 -8.542262e-01
    outer loop
      vertex 1.059236e+00 -3.765581e-01 1.122086e+00
      vertex 1.371595e+00 -1.336522e-01 1.330406e+00
      vertex 1.519350e+00 -2.560417e-01 1.295057e+00
    endloop
  endfacet
  facet normal 2.194724e-01 4.235252e-01 -8.788961e-01
    outer loop
      vertex 1.059236e+00 -3.765581e-01 1.122086e+00
      vertex 1.519350e+00 -2.560417e-01 1.295057e+00
      vertex 1.195389e+00 -5.126647e-01 1.090497e+00
    endloop
  endfacet
  facet normal -9.763721e-02 6.927962e-01 -7.144931e-01
    outer loop
      vertex 1.195389e+00 -5.126647e-01 1.090497e+00
      vertex 1.519350e+00 -2.560417e-01 1.295057e+00
      vertex 1.664159e+00 -3.394511e-01 1.194392e+00
    endloop
  endfacet
  facet normal -7.145316e-02 6.481311e-01 -7.581692e-01
    outer loop
      vertex 1.195389e+00 -5.126647e-01 1.090497e+00
      vertex 1.664159e+00 -3.394511e-01 1.194392e+00
      vertex 1.343962e+00 -6.015139e-01 1.000541e+00
    endloop
  endfacet
  facet normal -3.739172e-01 8.017506e-01 -4.662423e-01
    outer loop
      vertex 1.343962e+00 -6.015139e-01 1.000541e+00
      vertex 1.664159e+00 -3.394511e-01 1.194392e+00
      vertex 1.783976e+00 -3.711822e-01 1.043736e+00
    endloop
  endfacet
  facet normal -3.537127e-01 7.741607e-01 -5.249405e-01
    outer loop
      vertex 1.343962e+00 -6.015139e-01 1.000541e+00
      vertex 1.783976e+00 -3.711822e-01 1.043736e+00
      vertex 1.482337e+00 -6.295792e-01 8.659123e-01
    endloop
  endfacet
  facet normal -5.929611e-01 7.920496e-01 -1.451017e-01
    outer loop
      vertex 1.482337e+00 -6.295792e-01 8.659123e-01
      vertex 1.783976e+00 -3.711822e-01 1.043736e+00
      vertex 1.860561e+00 -3.464042e-01 8.660254e-01
    endloop
  endfacet
  facet normal -5.855701e-01 7.822048e-01 -2.127517e-01
    outer loop
      vertex 1.482337e+00 -6.295792e-01 8.659123e-01
      vertex 1.860561e+00 -3.464042e-01 8.660254e-01
      vertex 1.589447e+00 -5.925880e-01 7.071068e-01
    endloop
  endfacet
  facet normal -7.205591e-01 6.634857e-01 2.014481e-01
    outer loop
      vertex 1.589447e+00 -5.925880e-01 7.071068e-01
      vertex 1.860561e+00 -3.464042e-01 8.660254e-01
      vertex 1.882253e+00 -2.688893e-01 6.883146e-01
    endloop
  endfacet
  facet normal -7.312834e-01 6.691603e-01 1.320953e-01
    outer loop
      vertex 1.589447e+00 -5.925880e-01 7.071068e-01
      vertex 1.882253e+00 -2.688893e-01 6.883146e-01
      vertex 1.648987e+00 -4.961719e-01 5.483013e-01
    endloop
  endfacet
  facet normal -7.354559e-01 4.345652e-01 5.198632e-01
    outer loop
      vertex 1.648987e+00 -4.961719e-01 5.483013e-01
      vertex 1.882253e+00 -2.688893e-01 6.883146e-01
      vertex 1.845751e+00 -1.504384e-01 5.376587e-01
    endloop
  endfacet
  facet normal -7.673465e-01 4.507511e-01 4.560732e-01
    outer loop
      vertex 1.648987e+00 -4.961719e-01 5.483013e-01
      vertex 1.845751e+00 -1.504384e-01 5.376587e-01
      vertex 1.651891e+00 -3.550093e-01 4.136725e-01
    endloop
  endfacet
  facet normal -6.346549e-01 1.408991e-01 7.598425e-01
    outer loop
      vertex 1.651891e+00 -3.550093e-01 4.136725e-01
      vertex 1.845751e+00 -1.504384e-01 5.376587e-01
      vertex 1.756611e+00 -9.084600e-03 4.369937e-01
    endloop
  endfacet
  facet normal -6.879708e-01 1.605505e-01 7.077568e-01
    outer loop
      vertex 1.651891e+00 -3.550093e-01 4.136725e-01
      vertex 1.756611e+00 -9.084600e-03 4.369937e-01
      vertex 1.597718e+00 -1.905909e-01 3.237164e-01
    endloop
  endfacet
  facet normal -4.345808e-01 -1.713739e-01 8.841779e-01
    outer loop
      vertex 1.597718e+00 -1.905909e-01 3.237164e-01
      vertex 1.756611e+00 -9.084600e-03 4.369937e-01
      vertex 1.628405e+00 1.336522e-01 4.016448e-01
    endloop
  endfacet
  facet normal -5.063071e-01 -1.559243e-01 8.481396e-01
    outer loop
      vertex 1.597718e+00 -1.905909e-01 3.237164e-01
      vertex 1.628405e+00 1.336522e-01 4.016448e-01
      vertex 1.494715e+00 -2.794798e-02 2.921280e-01
    endloop
  endfacet
  facet normal -1.672227e-01 -4.545640e-01 8.748761e-01
    outer loop
      vertex 1.494715e+00 -2.794798e-02 2.921280e-01
      vertex 1.628405e+00 1.336522e-01 4.016448e-01
      vertex 1.480650e+00 2.560417e-01 4.369937e-01
    endloop
  endfacet
  facet normal -2.506727e-01 -4.497176e-01 8.572732e-01
    outer loop
      vertex 1.494715e+00 -2.794798e-02 2.921280e-01
      vertex 1.480650e+00 2.560417e-01 4.369937e-01
      vertex 1.358563e+00 1.081586e-01 3.237164e-01
    endloop
  endfacet
  facet normal 1.263919e-01 -6.668709e-01 7.343761e-01
    outer loop
      vertex 1.358563e+00 1.081586e-01 3.237164e-01
      vertex 1.480650e+00 2.560417e-01 4.369937e-01
      vertex 1.335841e+00 3.394511e-01 5.376587e-01
    endloop
  endfacet
  facet normal 4.087480e-02 -6.763019e-01 7.354896e-01
    outer loop
      vertex 1.358563e+00 1.081586e-01 3.237164e-01
      vertex 1.335841e+00 3.394511e-01 5.376587e-01
      vertex 1.209990e+00 1.970077e-01 4.136725e-01
    endloop
  endfacet
  facet normal 4.026811e-01 -7.769742e-01 4.838999e-01
    outer loop
      vertex 1.209990e+00 1.970077e-01 4.136725e-01
      vertex 1.335841e+00 3.394511e-01 5.376587e-01
      vertex 1.216024e+00 3.711822e-01 6.883146e-01
    endloop
  endfacet
  facet normal 3.251596e-01 -8.018174e-01 5.013583e-01
    outer loop
      vertex 1.209990e+00 1.970077e-01 4.136725e-01
      vertex 1.216024e+00 3.711822e-01 6.883146e-01
      vertex 1.071614e+00 2.250731e-01 5.483013e-01
    endloop
  endfacet
  facet normal 6.207732e-01 -7.673798e-01 1.605270e-01
    outer loop
      vertex 1.071614e+00 2.250731e-01 5.483013e-01
      vertex 1.216024e+00 3.711822e-01 6.883146e-01
      vertex 1.139439e+00 3.464042e-01 8.660254e-01
    endloop
  endfacet
  facet normal 5.590009e-01 -8.073452e-01 1.889754e-01
    outer loop
      vertex 1.071614e+00 2.250731e-01 5.483013e-01
      vertex 1.139439e+00 3.464042e-01 8.660254e-01
      vertex 9.645038e-01 1.880819e-01 7.071068e-01
    endloop
  endfacet
  facet normal 8.078608e-01 -5.542725e-01 -2.003568e-01
    outer loop
      vertex 1.139439e+00 3.464042e-01 8.660254e-01
      vertex 1.303769e+00 5.498056e-01 9.659258e-01
      vertex 1.316533e+00 5.003484e-01 1.154211e+00
    endloop
  endfacet
  facet normal 7.857037e-01 -5.964028e-01 -1.642356e-01
    outer loop
      vertex 1.139439e+00 3.464042e-01 8.660254e-01
      vertex 1.316533e+00 5.003484e-01 1.154211e+00
      vertex 1.117747e+00 2.688893e-01 1.043736e+00
    endloop
  endfacet
  facet normal 7.461288e-01 -3.797911e-01 -5.468551e-01
    outer loop
      vertex 1.117747e+00 2.688893e-01 1.043736e+00
      vertex 1.316533e+00 5.003484e-01 1.154211e+00
      vertex 1.390682e+00 4.161852e-01 1.313831e+00
    endloop
  endfacet
  facet normal 7.418397e-01 -4.279866e-01 -5.162377e-01
    outer loop
      vertex 1.117747e+00 2.688893e-01 1.043736e+00
      vertex 1.390682e+00 4.161852e-01 1.313831e+00
      vertex 1.154249e+00 1.504384e-01 1.194392e+00
    endloop
  endfacet
  facet normal 5.706730e-01 -1.443972e-01 -8.083822e-01
    outer loop
      vertex 1.154249e+00 1.504384e-01 1.194392e+00
      vertex 1.390682e+00 4.161852e-01 1.313831e+00
      vertex 1.514928e+00 3.101291e-01 1.420486e+00
    endloop
  endfacet
  facet normal 5.815791e-01 -1.955817e-01 -7.896287e-01
    outer loop
      vertex 1.154249e+00 1.504384e-01 1.194392e+00
      vertex 1.514928e+00 3.101291e-01 1.420486e+00
      vertex 1.243389e+00 9.084600e-03 1.295057e+00
    endloop
  endfacet
  facet normal 3.095519e-01 1.141069e-01 -9.440112e-01
    outer loop
      vertex 1.243389e+00 9.084600e-03 1.295057e+00
      vertex 1.514928e+00 3.101291e-01 1.420486e+00
      vertex 1.670355e+00 1.983262e-01 1.457939e+00
    endloop
  endfacet
  facet normal 3.308217e-01 6.397596e-02 -9.415222e-01
    outer loop
      vertex 1.243389e+00 9.084600e-03 1.295057e+00
      vertex 1.670355e+00 1.983262e-01 1.457939e+00
      vertex 1.371595e+00 -1.336522e-01 1.330406e+00
    endloop
  endfacet
  facet normal 4.304207e-03 3.552274e-01 -9.347700e-01
    outer loop
      vertex 1.371595e+00 -1.336522e-01 1.330406e+00
      vertex 1.670355e+00 1.983262e-01 1.457939e+00
      vertex 1.833302e+00 9.779733e-02 1.420486e+00
    endloop
  endfacet
  facet normal 2.978489e-02 3.103815e-01 -9.501454e-01
    outer loop
      vertex 1.371595e+00 -1.336522e-01 1.330406e+00
      vertex 1.833302e+00 9.779733e-02 1.420486e+00
      vertex 1.519350e+00 -2.560417e-01 1.295057e+00
    endloop
  endfacet
  facet normal -2.987503e-01 5.432143e-01 -7.846441e-01
    outer loop
      vertex 1.519350e+00 -2.560417e-01 1.295057e+00
      vertex 1.833302e+00 9.779733e-02 1.420486e+00
      vertex 1.978960e+00 2.384724e-02 1.313831e+00
    endloop
  endfacet
  facet normal -2.755165e-01 5.072052e-01 -8.165988e-01
    outer loop
      vertex 1.519350e+00 -2.560417e-01 1.295057e+00
      vertex 1.978960e+00 2.384724e-02 1.313831e+00
      vertex 1.664159e+00 -3.394511e-01 1.194392e+00
    endloop
  endfacet
  facet normal -5.555088e-01 6.513005e-01 -5.169310e-01
    outer loop
      vertex 1.664159e+00 -3.394511e-01 1.194392e+00
      vertex 1.978960e+00 2.384724e-02 1.313831e+00
      vertex 2.085155e+00 -1.226588e-02 1.154211e+00
    endloop
  endfacet
  facet normal -5.404340e-01 6.264004e-01 -5.617415e-01
    outer loop
      vertex 1.664159e+00 -3.394511e-01 1.194392e+00
      vertex 2.085155e+00 -1.226588e-02 1.154211e+00
      vertex 1.783976e+00 -3.711822e-01 1.043736e+00
    endloop
  endfacet
  facet normal -7.284413e-01 6.636377e-01 -1.701711e-01
    outer loop
      vertex 1.783976e+00 -3.711822e-01 1.043736e+00
      vertex 2.085155e+00 -1.226588e-02 1.154211e+00
      vertex 2.135719e+00 -5.044143e-03 9.659258e-01
    endloop
  endfacet
  facet normal -7.262701e-01 6.504756e-01 -2.222907e-01
    outer loop
      vertex 1.783976e+00 -3.711822e-01 1.043736e+00
      vertex 2.135719e+00 -5.044143e-03 9.659258e-01
      vertex 1.860561e+00 -3.464042e-01 8.660254e-01
    endloop
  endfacet
  facet normal -7.904646e-01 5.771199e-01 2.051788e-01
    outer loop
      vertex 1.860561e+00 -3.464042e-01 8.660254e-01
      vertex 2.135719e+00 -5.044143e-03 9.659258e-01
      vertex 2.122956e+00 4.441302e-02 7.776407e-01
    endloop
  endfacet
  facet normal -8.042424e-01 5.744317e-01 1.523892e-01
    outer loop
      vertex 1.860561e+00 -3.464042e-01 8.660254e-01
      vertex 2.122956e+00 4.441302e-02 7.776407e-01
      vertex 1.882253e+00 -2.688893e-01 6.883146e-01
    endloop
  endfacet
  facet normal -7.299037e-01 4.034454e-01 5.517902e-01
    outer loop
      vertex 1.882253e+00 -2.688893e-01 6.883146e-01
      vertex 2.122956e+00 4.441302e-02 7.776407e-01
      vertex 2.048806e+00 1.285762e-01 6.180202e-01
    endloop
  endfacet
  facet normal -7.605408e-01 4.080209e-01 5.050710e-01
    outer loop
      vertex 1.882253e+00 -2.688893e-01 6.883146e-01
      vertex 2.048806e+00 1.285762e-01 6.180202e-01
      vertex 1.845751e+00 -1.504384e-01 5.376587e-01
    endloop
  endfacet
  facet normal -5.548386e-01 1.691759e-01 8.145758e-01
    outer loop
      vertex 1.845751e+00 -1.504384e-01 5.376587e-01
      vertex 2.048806e+00 1.285762e-01 6.180202e-01
      vertex 1.924560e+00 2.346323e-01 5.113652e-01
    endloop
  endfacet
  facet normal -6.009578e-01 1.762273e-01 7.796112e-01
    outer loop
      vertex 1.845751e+00 -1.504384e-01 5.376587e-01
      vertex 1.924560e+00 2.346323e-01 5.113652e-01
      vertex 1.756611e+00 -9.084600e-03 4.369937e-01
    endloop
  endfacet
  facet normal -2.930787e-01 -8.853655e-02 9.519801e-01
    outer loop
      vertex 1.756611e+00 -9.084600e-03 4.369937e-01
      vertex 1.924560e+00 2.346323e-01 5.113652e-01
      vertex 1.769133e+00 3.464353e-01 4.739130e-01
    endloop
  endfacet
  facet normal -3.511495e-01 -8.446843e-02 9.325015e-01
    outer loop
      vertex 1.756611e+00 -9.084600e-03 4.369937e-01
      vertex 1.769133e+00 3.464353e-01 4.739130e-01
      vertex 1.628405e+00 1.336522e-01 4.016448e-01
    endloop
  endfacet
  facet normal 1.361644e-02 -3.296239e-01 9.440141e-01
    outer loop
      vertex 1.628405e+00 1.336522e-01 4.016448e-01
      vertex 1.769133e+00 3.464353e-01 4.739130e-01
      vertex 1.606187e+00 4.469641e-01 5.113652e-01
    endloop
  endfacet
  facet normal -5.084693e-02 -3.332971e-01 9.414497e-01
    outer loop
      vertex 1.628405e+00 1.336522e-01 4.016448e-01
      vertex 1.606187e+00 4.469641e-01 5.113652e-01
      vertex 1.480650e+00 2.560417e-01 4.369937e-01
    endloop
  endfacet
  facet normal 3.180764e-01 -5.183620e-01 7.938062e-01
    outer loop
      vertex 1.480650e+00 2.560417e-01 4.369937e-01
      vertex 1.606187e+00 4.469641e-01 5.113652e-01
      vertex 1.460528e+00 5.209142e-01 6.180202e-01
    endloop
  endfacet
  facet normal 2.545358e-01 -5.324161e-01 8.073070e-01
    outer loop
      vertex 1.480650e+00 2.560417e-01 4.369937e-01
      vertex 1.460528e+00 5.209142e-01 6.180202e-01
      vertex 1.335841e+00 3.394511e-01 5.376587e-01
    endloop
  endfacet
  facet normal 5.752027e-01 -6.275867e-01 5.246683e-01
    outer loop
      vertex 1.335841e+00 3.394511e-01 5.376587e-01
      vertex 1.460528e+00 5.209142e-01 6.180202e-01
      vertex 1.354333e+00 5.570273e-01 7.776407e-01
    endloop
  endfacet
  facet normal 5.203667e-01 -6.522096e-01 5.512179e-01
    outer loop
      vertex 1.335841e+00 3.394511e-01 5.376587e-01
      vertex 1.354333e+00 5.570273e-01 7.776407e-01
      vertex 1.216024e+00 3.711822e-01 6.883146e-01
    endloop
  endfacet
  facet normal 7.472617e-01 -6.407713e-01 1.761024e-01
    outer loop
      vertex 1.216024e+00 3.711822e-01 6.883146e-01
      vertex 1.354333e+00 5.570273e-01 7.776407e-01
      vertex 1.303769e+00 5.498056e-01 9.659258e-01
    endloop
  endfacet
  facet normal 7.072326e-01 -6.748579e-01 2.106869e-01
    outer loop
      vertex 1.216024e+00 3.711822e-01 6.883146e-01
      vertex 1.303769e+00 5.498056e-01 9.659258e-01
      vertex 1.139439e+00 3.464042e-01 8.660254e-01
    endloop
  endfacet
  facet normal 8.778554e-01 -4.377068e-01 -1.943776e-01
    outer loop
      vertex 1.303769e+00 5.498056e-01 9.659258e-01
      vertex 1.437683e+00 8.032487e-01 1.000000e+00
      vertex 1.473095e+00 7.892989e-01 1.191342e+00
    endloop
  endfacet
  facet normal 8.746158e-01 -4.510494e-01 -1.777683e-01
    outer loop
      vertex 1.303769e+00 5.498056e-01 9.659258e-01
      vertex 1.473095e+00 7.892989e-01 1.191342e+00
      vertex 1.316533e+00 5.003484e-01 1.154211e+00
    endloop
  endfacet
  facet normal 7.590627e-01 -3.399363e-01 -5.552182e-01
    outer loop
      vertex 1.316533e+00 5.003484e-01 1.154211e+00
      vertex 1.473095e+00 7.892989e-01 1.191342e+00
      vertex 1.573821e+00 7.492756e-01 1.353553e+00
    endloop
  endfacet
  facet normal 7.624466e-01 -3.546685e-01 -5.411889e-01
    outer loop
      vertex 1.316533e+00 5.003484e-01 1.154211e+00
      vertex 1.573821e+00 7.492756e-01 1.353553e+00
      vertex 1.390682e+00 4.161852e-01 1.313831e+00
    endloop
  endfacet
  facet normal 5.228906e-01 -1.883566e-01 -8.313286e-01
    outer loop
      vertex 1.390682e+00 4.161852e-01 1.313831e+00
      vertex 1.573821e+00 7.492756e-01 1.353553e+00
      vertex 1.724527e+00 6.892720e-01 1.461940e+00
    endloop
  endfacet
  facet normal 5.315720e-01 -2.039834e-01 -8.220839e-01
    outer loop
      vertex 1.390682e+00 4.161852e-01 1.313831e+00
      vertex 1.724527e+00 6.892720e-01 1.461940e+00
      vertex 1.514928e+00 3.101291e-01 1.420486e+00
    endloop
  endfacet
  facet normal 2.066160e-01 -7.250250e-03 -9.783952e-01
    outer loop
      vertex 1.514928e+00 3.101291e-01 1.420486e+00
      vertex 1.724527e+00 6.892720e-01 1.461940e+00
      vertex 1.902268e+00 6.184230e-01 1.500000e+00
    endloop
  endfacet
  facet normal 2.185476e-01 -2.297336e-02 -9.755558e-01
    outer loop
      vertex 1.514928e+00 3.101291e-01 1.420486e+00
      vertex 1.902268e+00 6.184230e-01 1.500000e+00
      vertex 1.670355e+00 1.983262e-01 1.457939e+00
    endloop
  endfacet
  facet normal -1.391669e-01 1.744246e-01 -9.747865e-01
    outer loop
      vertex 1.670355e+00 1.983262e-01 1.457939e+00
      vertex 1.902268e+00 6.184230e-01 1.500000e+00
      vertex 2.079986e+00 5.475148e-01 1.461940e+00
    endloop
  endfacet
  facet normal -1.265300e-01 1.596490e-01 -9.790313e-01
    outer loop
      vertex 1.670355e+00 1.983262e-01 1.457939e+00
      vertex 2.079986e+00 5.475148e-01 1.461940e+00
      vertex 1.833302e+00 9.779733e-02 1.420486e+00
    endloop
  endfacet
  facet normal -4.613926e-01 3.290349e-01 -8.239253e-01
    outer loop
      vertex 1.833302e+00 9.779733e-02 1.420486e+00
      vertex 2.079986e+00 5.475148e-01 1.461940e+00
      vertex 2.230625e+00 4.873425e-01 1.353553e+00
    endloop
  endfacet
  facet normal -4.506903e-01 3.162533e-01 -8.347827e-01
    outer loop
      vertex 1.833302e+00 9.779733e-02 1.420486e+00
      vertex 2.230625e+00 4.873425e-01 1.353553e+00
      vertex 1.978960e+00 2.384724e-02 1.313831e+00
    endloop
  endfacet
  facet normal -7.131380e-01 4.343690e-01 -5.502343e-01
    outer loop
      vertex 1.978960e+00 2.384724e-02 1.313831e+00
      vertex 2.230625e+00 4.873425e-01 1.353553e+00
      vertex 2.331250e+00 4.470668e-01 1.191342e+00
    endloop
  endfacet
  facet normal -7.066656e-01 4.243736e-01 -5.661544e-01
    outer loop
      vertex 1.978960e+00 2.384724e-02 1.313831e+00
      vertex 2.331250e+00 4.470668e-01 1.191342e+00
      vertex 2.085155e+00 -1.226588e-02 1.154211e+00
    endloop
  endfacet
  facet normal -8.581648e-01 4.754334e-01 -1.936912e-01
    outer loop
      vertex 2.085155e+00 -1.226588e-02 1.154211e+00
      vertex 2.331250e+00 4.470668e-01 1.191342e+00
      vertex 2.366543e+00 4.328193e-01 1.000000e+00
    endloop
  endfacet
  facet normal -8.575289e-01 4.685771e-01 -2.123196e-01
    outer loop
      vertex 2.085155e+00 -1.226588e-02 1.154211e+00
      vertex 2.366543e+00 4.328193e-01 1.000000e+00
      vertex 2.135719e+00 -5.044143e-03 9.659258e-01
    endloop
  endfacet
  facet normal -8.739194e-01 4.455807e-01 1.942232e-01
    outer loop
      vertex 2.135719e+00 -5.044143e-03 9.659258e-01
      vertex 2.366543e+00 4.328193e-01 1.000000e+00
      vertex 2.331131e+00 4.467691e-01 8.086584e-01
    endloop
  endfacet
  facet normal -8.798149e-01 4.416678e-01 1.756565e-01
    outer loop
      vertex 2.135719e+00 -5.044143e-03 9.659258e-01
      vertex 2.331131e+00 4.467691e-01 8.086584e-01
      vertex 2.122956e+00 4.441302e-02 7.776407e-01
    endloop
  endfacet
  facet normal -7.554984e-01 3.481023e-01 5.550198e-01
    outer loop
      vertex 2.122956e+00 4.441302e-02 7.776407e-01
      vertex 2.331131e+00 4.467691e-01 8.086584e-01
      vertex 2.230405e+00 4.867923e-01 6.464467e-01
    endloop
  endfacet
  facet normal -7.676384e-01 3.463663e-01 5.392232e-01
    outer loop
      vertex 2.122956e+00 4.441302e-02 7.776407e-01
      vertex 2.230405e+00 4.867923e-01 6.464467e-01
      vertex 2.048806e+00 1.285762e-01 6.180202e-01
    endloop
  endfacet
  facet normal -5.193962e-01 1.973301e-01 8.314376e-01
    outer loop
      vertex 2.048806e+00 1.285762e-01 6.180202e-01
      vertex 2.230405e+00 4.867923e-01 6.464467e-01
      vertex 2.079699e+00 5.467960e-01 5.380604e-01
    endloop
  endfacet
  facet normal -5.366547e-01 1.965321e-01 8.205954e-01
    outer loop
      vertex 2.048806e+00 1.285762e-01 6.180202e-01
      vertex 2.079699e+00 5.467960e-01 5.380604e-01
      vertex 1.924560e+00 2.346323e-01 5.113652e-01
    endloop
  endfacet
  facet normal -2.028402e-01 1.708138e-02 9.790628e-01
    outer loop
      vertex 1.924560e+00 2.346323e-01 5.113652e-01
      vertex 2.079699e+00 5.467960e-01 5.380604e-01
      vertex 1.901958e+00 6.176449e-01 5.000002e-01
    endloop
  endfacet
  facet normal -2.235225e-01 1.572761e-02 9.745719e-01
    outer loop
      vertex 1.924560e+00 2.346323e-01 5.113652e-01
      vertex 1.901958e+00 6.176449e-01 5.000002e-01
      vertex 1.769133e+00 3.464353e-01 4.739130e-01
    endloop
  endfacet
  facet normal 1.435100e-01 -1.641579e-01 9.759391e-01
    outer loop
      vertex 1.769133e+00 3.464353e-01 4.739130e-01
      vertex 1.901958e+00 6.176449e-01 5.000002e-01
      vertex 1.724240e+00 6.885531e-01 5.380604e-01
    endloop
  endfacet
  facet normal 1.215340e-01 -1.674943e-01 9.783533e-01
    outer loop
      vertex 1.769133e+00 3.464353e-01 4.739130e-01
      vertex 1.724240e+00 6.885531e-01 5.380604e-01
      vertex 1.606187e+00 4.469641e-01 5.113652e-01
    endloop
  endfacet
  facet normal 4.662592e-01 -3.190140e-01 8.251257e-01
    outer loop
      vertex 1.606187e+00 4.469641e-01 5.113652e-01
      vertex 1.724240e+00 6.885531e-01 5.380604e-01
      vertex 1.573601e+00 7.487254e-01 6.464467e-01
    endloop
  endfacet
  facet normal 4.455971e-01 -3.252452e-01 8.340616e-01
    outer loop
      vertex 1.606187e+00 4.469641e-01 5.113652e-01
      vertex 1.573601e+00 7.487254e-01 6.464467e-01
      vertex 1.460528e+00 5.209142e-01 6.180202e-01
    endloop
  endfacet
  facet normal 7.180694e-01 -4.251659e-01 5.510084e-01
    outer loop
      vertex 1.460528e+00 5.209142e-01 6.180202e-01
      vertex 1.573601e+00 7.487254e-01 6.464467e-01
      vertex 1.472976e+00 7.890011e-01 8.086584e-01
    endloop
  endfacet
  facet normal 7.015247e-01 -4.343393e-01 5.649889e-01
    outer loop
      vertex 1.460528e+00 5.209142e-01 6.180202e-01
      vertex 1.472976e+00 7.890011e-01 8.086584e-01
      vertex 1.354333e+00 5.570273e-01 7.776407e-01
    endloop
  endfacet
  facet normal 8.626628e-01 -4.671345e-01 1.939029e-01
    outer loop
      vertex 1.354333e+00 5.570273e-01 7.776407e-01
      vertex 1.472976e+00 7.890011e-01 8.086584e-01
      vertex 1.437683e+00 8.032487e-01 1.000000e+00
    endloop
  endfacet
  facet normal 8.523700e-01 -4.786810e-01 2.105466e-01
    outer loop
      vertex 1.354333e+00 5.570273e-01 7.776407e-01
      vertex 1.437683e+00 8.032487e-01 1.000000e+00
      vertex 1.303769e+00 5.498056e-01 9.659258e-01
    endloop
  endfacet
  facet normal 9.447547e-01 -2.771078e-01 -1.750708e-01
    outer loop
      vertex 1.437683e+00 8.032487e-01 1.000000e+00
      vertex 1.517997e+00 1.098593e+00 9.659258e-01
      vertex 1.559967e+00 1.122247e+00 1.154974e+00
    endloop
  endfacet
  facet normal 9.438014e-01 -2.674632e-01 -1.941708e-01
    outer loop
      vertex 1.437683e+00 8.032487e-01 1.000000e+00
      vertex 1.559967e+00 1.122247e+00 1.154974e+00
      vertex 1.473095e+00 7.892989e-01 1.191342e+00
    endloop
  endfacet
  facet normal 7.993314e-01 -2.673402e-01 -5.381436e-01
    outer loop
      vertex 1.473095e+00 7.892989e-01 1.191342e+00
      vertex 1.559967e+00 1.122247e+00 1.154974e+00
      vertex 1.670849e+00 1.131168e+00 1.315242e+00
    endloop
  endfacet
  facet normal 7.914039e-01 -2.567286e-01 -5.547704e-01
    outer loop
      vertex 1.473095e+00 7.892989e-01 1.191342e+00
      vertex 1.670849e+00 1.131168e+00 1.315242e+00
      vertex 1.573821e+00 7.492756e-01 1.353553e+00
    endloop
  endfacet
  facet normal 5.295371e-01 -2.168146e-01 -8.201109e-01
    outer loop
      vertex 1.573821e+00 7.492756e-01 1.353553e+00
      vertex 1.670849e+00 1.131168e+00 1.315242e+00
      vertex 1.833764e+00 1.124000e+00 1.422329e+00
    endloop
  endfacet
  facet normal 5.161806e-01 -2.054645e-01 -8.314697e-01
    outer loop
      vertex 1.573821e+00 7.492756e-01 1.353553e+00
      vertex 1.833764e+00 1.124000e+00 1.422329e+00
      vertex 1.724527e+00 6.892720e-01 1.461940e+00
    endloop
  endfacet
  facet normal 1.772865e-01 -1.333931e-01 -9.750773e-01
    outer loop
      vertex 1.724527e+00 6.892720e-01 1.461940e+00
      vertex 1.833764e+00 1.124000e+00 1.422329e+00
      vertex 2.023908e+00 1.101834e+00 1.459933e+00
    endloop
  endfacet
  facet normal 1.611935e-01 -1.217359e-01 -9.793861e-01
    outer loop
      vertex 1.724527e+00 6.892720e-01 1.461940e+00
      vertex 2.023908e+00 1.101834e+00 1.459933e+00
      vertex 1.902268e+00 6.184230e-01 1.500000e+00
    endloop
  endfacet
  facet normal -2.008934e-01 -3.060369e-02 -9.791349e-01
    outer loop
      vertex 1.902268e+00 6.184230e-01 1.500000e+00
      vertex 2.023908e+00 1.101834e+00 1.459933e+00
      vertex 2.212334e+00 1.068043e+00 1.422329e+00
    endloop
  endfacet
  facet normal -2.166853e-01 -1.918092e-02 -9.760531e-01
    outer loop
      vertex 1.902268e+00 6.184230e-01 1.500000e+00
      vertex 2.212334e+00 1.068043e+00 1.422329e+00
      vertex 2.079986e+00 5.475148e-01 1.461940e+00
    endloop
  endfacet
  facet normal -5.461617e-01 7.537909e-02 -8.342814e-01
    outer loop
      vertex 2.079986e+00 5.475148e-01 1.461940e+00
      vertex 2.212334e+00 1.068043e+00 1.422329e+00
      vertex 2.370356e+00 1.027774e+00 1.315242e+00
    endloop
  endfacet
  facet normal -5.589963e-01 8.606847e-02 -8.246911e-01
    outer loop
      vertex 2.079986e+00 5.475148e-01 1.461940e+00
      vertex 2.370356e+00 1.027774e+00 1.315242e+00
      vertex 2.230625e+00 4.873425e-01 1.353553e+00
    endloop
  endfacet
  facet normal -8.077997e-01 1.688244e-01 -5.647637e-01
    outer loop
      vertex 2.230625e+00 4.873425e-01 1.353553e+00
      vertex 2.370356e+00 1.027774e+00 1.315242e+00
      vertex 2.473916e+00 9.871549e-01 1.154974e+00
    endloop
  endfacet
  facet normal -8.156859e-01 1.784112e-01 -5.502962e-01
    outer loop
      vertex 2.230625e+00 4.873425e-01 1.353553e+00
      vertex 2.473916e+00 9.871549e-01 1.154974e+00
      vertex 2.331250e+00 4.470668e-01 1.191342e+00
    endloop
  endfacet
  facet normal -9.485364e-01 2.363689e-01 -2.107330e-01
    outer loop
      vertex 2.331250e+00 4.470668e-01 1.191342e+00
      vertex 2.473916e+00 9.871549e-01 1.154974e+00
      vertex 2.507248e+00 9.523713e-01 9.659258e-01
    endloop
  endfacet
  facet normal -9.501211e-01 2.446235e-01 -1.934663e-01
    outer loop
      vertex 2.331250e+00 4.470668e-01 1.191342e+00
      vertex 2.507248e+00 9.523713e-01 9.659258e-01
      vertex 2.366543e+00 4.328193e-01 1.000000e+00
    endloop
  endfacet
  facet normal -9.470539e-01 2.680705e-01 1.767119e-01
    outer loop
      vertex 2.366543e+00 4.328193e-01 1.000000e+00
      vertex 2.507248e+00 9.523713e-01 9.659258e-01
      vertex 2.465278e+00 9.287182e-01 7.768775e-01
    endloop
  endfacet
  facet normal -9.416303e-01 2.749095e-01 1.943119e-01
    outer loop
      vertex 2.366543e+00 4.328193e-01 1.000000e+00
      vertex 2.465278e+00 9.287182e-01 7.768775e-01
      vertex 2.331131e+00 4.467691e-01 8.086584e-01
    endloop
  endfacet
  facet normal -8.010727e-01 2.585710e-01 5.398365e-01
    outer loop
      vertex 2.331131e+00 4.467691e-01 8.086584e-01
      vertex 2.465278e+00 9.287182e-01 7.768775e-01
      vertex 2.354396e+00 9.197965e-01 6.166100e-01
    endloop
  endfacet
  facet normal -7.888159e-01 2.641193e-01 5.549869e-01
    outer loop
      vertex 2.331131e+00 4.467691e-01 8.086584e-01
      vertex 2.354396e+00 9.197965e-01 6.166100e-01
      vertex 2.230405e+00 4.867923e-01 6.464467e-01
    endloop
  endfacet
  facet normal -5.307746e-01 2.085898e-01 8.214430e-01
    outer loop
      vertex 2.230405e+00 4.867923e-01 6.464467e-01
      vertex 2.354396e+00 9.197965e-01 6.166100e-01
      vertex 2.191481e+00 9.269646e-01 5.095227e-01
    endloop
  endfacet
  facet normal -5.130532e-01 2.132668e-01 8.314407e-01
    outer loop
      vertex 2.230405e+00 4.867923e-01 6.464467e-01
      vertex 2.191481e+00 9.269646e-01 5.095227e-01
      vertex 2.079699e+00 5.467960e-01 5.380604e-01
    endloop
  endfacet
  facet normal -1.783476e-01 1.256972e-01 9.759059e-01
    outer loop
      vertex 2.079699e+00 5.467960e-01 5.380604e-01
      vertex 2.191481e+00 9.269646e-01 5.095227e-01
      vertex 2.001337e+00 9.491311e-01 4.719186e-01
    endloop
  endfacet
  facet normal -1.577064e-01 1.302038e-01 9.788645e-01
    outer loop
      vertex 2.079699e+00 5.467960e-01 5.380604e-01
      vertex 2.001337e+00 9.491311e-01 4.719186e-01
      vertex 1.901958e+00 6.176449e-01 5.000002e-01
    endloop
  endfacet
  facet normal 1.996454e-01 2.313213e-02 9.795951e-01
    outer loop
      vertex 1.901958e+00 6.176449e-01 5.000002e-01
      vertex 2.001337e+00 9.491311e-01 4.719186e-01
      vertex 1.812911e+00 9.829214e-01 5.095227e-01
    endloop
  endfacet
  facet normal 2.200870e-01 2.823330e-02 9.750716e-01
    outer loop
      vertex 1.901958e+00 6.176449e-01 5.000002e-01
      vertex 1.812911e+00 9.829214e-01 5.095227e-01
      vertex 1.724240e+00 6.885531e-01 5.380604e-01
    endloop
  endfacet
  facet normal 5.444566e-01 -8.308675e-02 8.346638e-01
    outer loop
      vertex 1.724240e+00 6.885531e-01 5.380604e-01
      vertex 1.812911e+00 9.829214e-01 5.095227e-01
      vertex 1.654889e+00 1.023191e+00 6.166100e-01
    endloop
  endfacet
  facet normal 5.618993e-01 -7.688081e-02 8.236252e-01
    outer loop
      vertex 1.724240e+00 6.885531e-01 5.380604e-01
      vertex 1.654889e+00 1.023191e+00 6.166100e-01
      vertex 1.573601e+00 7.487254e-01 6.464467e-01
    endloop
  endfacet
  facet normal 8.055627e-01 -1.771149e-01 5.654194e-01
    outer loop
      vertex 1.573601e+00 7.487254e-01 6.464467e-01
      vertex 1.654889e+00 1.023191e+00 6.166100e-01
      vertex 1.551329e+00 1.063810e+00 7.768775e-01
    endloop
  endfacet
  facet normal 8.180284e-01 -1.696773e-01 5.495808e-01
    outer loop
      vertex 1.573601e+00 7.487254e-01 6.464467e-01
      vertex 1.551329e+00 1.063810e+00 7.768775e-01
      vertex 1.472976e+00 7.890011e-01 8.086584e-01
    endloop
  endfacet
  facet normal 9.460220e-01 -2.452204e-01 2.119182e-01
    outer loop
      vertex 1.472976e+00 7.890011e-01 8.086584e-01
      vertex 1.551329e+00 1.063810e+00 7.768775e-01
      vertex 1.517997e+00 1.098593e+00 9.659258e-01
    endloop
  endfacet
  facet normal 9.521857e-01 -2.366347e-01 1.932523e-01
    outer loop
      vertex 1.472976e+00 7.890011e-01 8.086584e-01
      vertex 1.517997e+00 1.098593e+00 9.659258e-01
      vertex 1.437683e+00 8.032487e-01 1.000000e+00
    endloop
  endfacet
  facet normal 9.860198e-01 -7.027527e-02 -1.510841e-01
    outer loop
      vertex 1.517997e+00 1.098593e+00 9.659258e-01
      vertex 1.525350e+00 1.416548e+00 8.660254e-01
      vertex 1.557570e+00 1.473449e+00 1.049831e+00
    endloop
  endfacet
  facet normal 9.761559e-01 -5.611565e-02 -2.096918e-01
    outer loop
      vertex 1.517997e+00 1.098593e+00 9.659258e-01
      vertex 1.557570e+00 1.473449e+00 1.049831e+00
      vertex 1.559967e+00 1.122247e+00 1.154974e+00
    endloop
  endfacet
  facet normal 8.487249e-01 -1.463476e-01 -5.081815e-01
    outer loop
      vertex 1.559967e+00 1.122247e+00 1.154974e+00
      vertex 1.557570e+00 1.473449e+00 1.049831e+00
      vertex 1.660577e+00 1.529744e+00 1.205653e+00
    endloop
  endfacet
  facet normal 8.185424e-01 -1.325834e-01 -5.589365e-01
    outer loop
      vertex 1.559967e+00 1.122247e+00 1.154974e+00
      vertex 1.660577e+00 1.529744e+00 1.205653e+00
      vertex 1.670849e+00 1.131168e+00 1.315242e+00
    endloop
  endfacet
  facet normal 5.799141e-01 -2.020512e-01 -7.892243e-01
    outer loop
      vertex 1.670849e+00 1.131168e+00 1.315242e+00
      vertex 1.660577e+00 1.529744e+00 1.205653e+00
      vertex 1.818690e+00 1.576862e+00 1.309771e+00
    endloop
  endfacet
  facet normal 5.338083e-01 -1.871920e-01 -8.246259e-01
    outer loop
      vertex 1.670849e+00 1.131168e+00 1.315242e+00
      vertex 1.818690e+00 1.576862e+00 1.309771e+00
      vertex 1.833764e+00 1.124000e+00 1.422329e+00
    endloop
  endfacet
  facet normal 2.204442e-01 -2.283596e-01 -9.482912e-01
    outer loop
      vertex 1.833764e+00 1.124000e+00 1.422329e+00
      vertex 1.818690e+00 1.576862e+00 1.309771e+00
      vertex 2.007838e+00 1.607629e+00 1.346332e+00
    endloop
  endfacet
  facet normal 1.658979e-01 -2.110830e-01 -9.632870e-01
    outer loop
      vertex 1.833764e+00 1.124000e+00 1.422329e+00
      vertex 2.007838e+00 1.607629e+00 1.346332e+00
      vertex 2.023908e+00 1.101834e+00 1.459933e+00
    endloop
  endfacet
  facet normal -1.721390e-01 -2.210727e-01 -9.599453e-01
    outer loop
      vertex 2.023908e+00 1.101834e+00 1.459933e+00
      vertex 2.007838e+00 1.607629e+00 1.346332e+00
      vertex 2.199224e+00 1.617361e+00 1.309771e+00
    endloop
  endfacet
  facet normal -2.262175e-01 -2.007099e-01 -9.531743e-01
    outer loop
      vertex 2.023908e+00 1.101834e+00 1.459933e+00
      vertex 2.199224e+00 1.617361e+00 1.309771e+00
      vertex 2.212334e+00 1.068043e+00 1.422329e+00
    endloop
  endfacet
  facet normal -5.359763e-01 -1.817246e-01 -8.244426e-01
    outer loop
      vertex 2.212334e+00 1.068043e+00 1.422329e+00
      vertex 2.199224e+00 1.617361e+00 1.309771e+00
      vertex 2.363713e+00 1.604578e+00 1.205653e+00
    endloop
  endfacet
  facet normal -5.812506e-01 -1.583409e-01 -7.981703e-01
    outer loop
      vertex 2.212334e+00 1.068043e+00 1.422329e+00
      vertex 2.363713e+00 1.604578e+00 1.205653e+00
      vertex 2.370356e+00 1.027774e+00 1.315242e+00
    endloop
  endfacet
  facet normal -8.168056e-01 -1.167488e-01 -5.649763e-01
    outer loop
      vertex 2.370356e+00 1.027774e+00 1.315242e+00
      vertex 2.363713e+00 1.604578e+00 1.205653e+00
      vertex 2.476261e+00 1.571224e+00 1.049831e+00
    endloop
  endfacet
  facet normal -8.467786e-01 -9.095075e-02 -5.241126e-01
    outer loop
      vertex 2.370356e+00 1.027774e+00 1.315242e+00
      vertex 2.476261e+00 1.571224e+00 1.049831e+00
      vertex 2.473916e+00 9.871549e-01 1.154974e+00
    endloop
  endfacet
  facet normal -9.746174e-01 -3.586883e-02 -2.209851e-01
    outer loop
      vertex 2.473916e+00 9.871549e-01 1.154974e+00
      vertex 2.476261e+00 1.571224e+00 1.049831e+00
      vertex 2.519735e+00 1.522378e+00 8.660254e-01
    endloop
  endfacet
  facet normal -9.850421e-01 -8.584832e-03 -1.720997e-01
    outer loop
      vertex 2.473916e+00 9.871549e-01 1.154974e+00
      vertex 2.519735e+00 1.522378e+00 8.660254e-01
      vertex 2.507248e+00 9.523713e-01 9.659258e-01
    endloop
  endfacet
  facet normal -9.862683e-01 4.923308e-02 1.576418e-01
    outer loop
      vertex 2.507248e+00 9.523713e-01 9.659258e-01
      vertex 2.519735e+00 1.522378e+00 8.660254e-01
      vertex 2.487515e+00 1.465477e+00 6.822202e-01
    endloop
  endfacet
  facet normal -9.753336e-01 7.689465e-02 2.069095e-01
    outer loop
      vertex 2.507248e+00 9.523713e-01 9.659258e-01
      vertex 2.487515e+00 1.465477e+00 6.822202e-01
      vertex 2.465278e+00 9.287182e-01 7.768775e-01
    endloop
  endfacet
  facet normal -8.478879e-01 1.259463e-01 5.149987e-01
    outer loop
      vertex 2.465278e+00 9.287182e-01 7.768775e-01
      vertex 2.487515e+00 1.465477e+00 6.822202e-01
      vertex 2.384508e+00 1.409182e+00 5.263976e-01
    endloop
  endfacet
  facet normal -8.166633e-01 1.528360e-01 5.565090e-01
    outer loop
      vertex 2.465278e+00 9.287182e-01 7.768775e-01
      vertex 2.384508e+00 1.409182e+00 5.263976e-01
      vertex 2.354396e+00 9.197965e-01 6.166100e-01
    endloop
  endfacet
  facet normal -5.780594e-01 1.821903e-01 7.953955e-01
    outer loop
      vertex 2.354396e+00 9.197965e-01 6.166100e-01
      vertex 2.384508e+00 1.409182e+00 5.263976e-01
      vertex 2.226395e+00 1.362065e+00 4.222803e-01
    endloop
  endfacet
  facet normal -5.309572e-01 2.073533e-01 8.216380e-01
    outer loop
      vertex 2.354396e+00 9.197965e-01 6.166100e-01
      vertex 2.226395e+00 1.362065e+00 4.222803e-01
      vertex 2.191481e+00 9.269646e-01 5.095227e-01
    endloop
  endfacet
  facet normal -2.182148e-01 2.086639e-01 9.533319e-01
    outer loop
      vertex 2.191481e+00 9.269646e-01 5.095227e-01
      vertex 2.226395e+00 1.362065e+00 4.222803e-01
      vertex 2.037247e+00 1.331298e+00 3.857192e-01
    endloop
  endfacet
  facet normal -1.626777e-01 2.316174e-01 9.591086e-01
    outer loop
      vertex 2.191481e+00 9.269646e-01 5.095227e-01
      vertex 2.037247e+00 1.331298e+00 3.857192e-01
      vertex 2.001337e+00 9.491311e-01 4.719186e-01
    endloop
  endfacet
  facet normal 1.739310e-01 2.010929e-01 9.640071e-01
    outer loop
      vertex 2.001337e+00 9.491311e-01 4.719186e-01
      vertex 2.037247e+00 1.331298e+00 3.857192e-01
      vertex 1.845861e+00 1.321565e+00 4.222803e-01
    endloop
  endfacet
  facet normal 2.289471e-01 2.219011e-01 9.478097e-01
    outer loop
      vertex 2.001337e+00 9.491311e-01 4.719186e-01
      vertex 1.845861e+00 1.321565e+00 4.222803e-01
      vertex 1.812911e+00 9.829214e-01 5.095227e-01
    endloop
  endfacet
  facet normal 5.367584e-01 1.611386e-01 8.282058e-01
    outer loop
      vertex 1.812911e+00 9.829214e-01 5.095227e-01
      vertex 1.845861e+00 1.321565e+00 4.222803e-01
      vertex 1.681372e+00 1.334349e+00 5.263976e-01
    endloop
  endfacet
  facet normal 5.828610e-01 1.801160e-01 7.923581e-01
    outer loop
      vertex 1.812911e+00 9.829214e-01 5.095227e-01
      vertex 1.681372e+00 1.334349e+00 5.263976e-01
      vertex 1.654889e+00 1.023191e+00 6.166100e-01
    endloop
  endfacet
  facet normal 8.165423e-01 9.556280e-02 5.693210e-01
    outer loop
      vertex 1.654889e+00 1.023191e+00 6.166100e-01
      vertex 1.681372e+00 1.334349e+00 5.263976e-01
      vertex 1.568824e+00 1.367702e+00 6.822202e-01
    endloop
  endfacet
  facet normal 8.473386e-01 1.128542e-01 5.189231e-01
    outer loop
      vertex 1.654889e+00 1.023191e+00 6.166100e-01
      vertex 1.568824e+00 1.367702e+00 6.822202e-01
      vertex 1.551329e+00 1.063810e+00 7.768775e-01
    endloop
  endfacet
  facet normal 9.739036e-01 1.448289e-02 2.264996e-01
    outer loop
      vertex 1.551329e+00 1.063810e+00 7.768775e-01
      vertex 1.568824e+00 1.367702e+00 6.822202e-01
      vertex 1.525350e+00 1.416548e+00 8.660254e-01
    endloop
  endfacet
  facet normal 9.852956e-01 3.005765e-02 1.681935e-01
    outer loop
      vertex 1.551329e+00 1.063810e+00 7.768775e-01
      vertex 1.525350e+00 1.416548e+00 8.660254e-01
      vertex 1.517997e+00 1.098593e+00 9.659258e-01
    endloop
  endfacet
  facet normal 9.766919e-01 1.718637e-01 -1.285919e-01
    outer loop
      vertex 1.525350e+00 1.416548e+00 8.660254e-01
      vertex 1.449178e+00 1.730523e+00 7.071068e-01
      vertex 1.458490e+00 1.810548e+00 8.847848e-01
    endloop
  endfacet
  facet normal 9.595343e-01 1.733936e-01 -2.218753e-01
    outer loop
      vertex 1.525350e+00 1.416548e+00 8.660254e-01
      vertex 1.458490e+00 1.810548e+00 8.847848e-01
      vertex 1.557570e+00 1.473449e+00 1.049831e+00
    endloop
  endfacet
  facet normal 8.792798e-01 2.557076e-02 -4.756187e-01
    outer loop
      vertex 1.557570e+00 1.473449e+00 1.049831e+00
      vertex 1.458490e+00 1.810548e+00 8.847848e-01
      vertex 1.537181e+00 1.906356e+00 1.035413e+00
    endloop
  endfacet
  facet normal 8.305911e-01 2.058390e-02 -5.565022e-01
    outer loop
      vertex 1.557570e+00 1.473449e+00 1.049831e+00
      vertex 1.537181e+00 1.906356e+00 1.035413e+00
      vertex 1.660577e+00 1.529744e+00 1.205653e+00
    endloop
  endfacet
  facet normal 6.470107e-01 -1.277987e-01 -7.516945e-01
    outer loop
      vertex 1.660577e+00 1.529744e+00 1.205653e+00
      vertex 1.537181e+00 1.906356e+00 1.035413e+00
      vertex 1.673272e+00 2.003359e+00 1.136059e+00
    endloop
  endfacet
  facet normal 5.725786e-01 -1.341937e-01 -8.087928e-01
    outer loop
      vertex 1.660577e+00 1.529744e+00 1.205653e+00
      vertex 1.673272e+00 2.003359e+00 1.136059e+00
      vertex 1.818690e+00 1.576862e+00 1.309771e+00
    endloop
  endfacet
  facet normal 3.141497e-01 -2.642806e-01 -9.118474e-01
    outer loop
      vertex 1.818690e+00 1.576862e+00 1.309771e+00
      vertex 1.673272e+00 2.003359e+00 1.136059e+00
      vertex 1.846045e+00 2.086792e+00 1.171402e+00
    endloop
  endfacet
  facet normal 2.245161e-01 -2.663928e-01 -9.373513e-01
    outer loop
      vertex 1.818690e+00 1.576862e+00 1.309771e+00
      vertex 1.846045e+00 2.086792e+00 1.171402e+00
      vertex 2.007838e+00 1.607629e+00 1.346332e+00
    endloop
  endfacet
  facet normal -6.648351e-02 -3.619089e-01 -9.298397e-01
    outer loop
      vertex 2.007838e+00 1.607629e+00 1.346332e+00
      vertex 1.846045e+00 2.086792e+00 1.171402e+00
      vertex 2.029195e+00 2.143950e+00 1.136059e+00
    endloop
  endfacet
  facet normal -1.579730e-01 -3.549701e-01 -9.214341e-01
    outer loop
      vertex 2.007838e+00 1.607629e+00 1.346332e+00
      vertex 2.029195e+00 2.143950e+00 1.136059e+00
      vertex 2.199224e+00 1.617361e+00 1.309771e+00
    endloop
  endfacet
  facet normal -4.343621e-01 -4.055625e-01 -8.042690e-01
    outer loop
      vertex 2.199224e+00 1.617361e+00 1.309771e+00
      vertex 2.029195e+00 2.143950e+00 1.136059e+00
      vertex 2.194840e+00 2.166134e+00 1.035413e+00
    endloop
  endfacet
  facet normal -5.144931e-01 -3.867359e-01 -7.653314e-01
    outer loop
      vertex 2.199224e+00 1.617361e+00 1.309771e+00
      vertex 2.194840e+00 2.166134e+00 1.035413e+00
      vertex 2.363713e+00 1.604578e+00 1.205653e+00
    endloop
  endfacet
  facet normal -7.336295e-01 -3.894431e-01 -5.568858e-01
    outer loop
      vertex 2.363713e+00 1.604578e+00 1.205653e+00
      vertex 2.194840e+00 2.166134e+00 1.035413e+00
      vertex 2.317763e+00 2.149965e+00 8.847848e-01
    endloop
  endfacet
  facet normal -7.916208e-01 -3.580051e-01 -4.951453e-01
    outer loop
      vertex 2.363713e+00 1.604578e+00 1.205653e+00
      vertex 2.317763e+00 2.149965e+00 8.847848e-01
      vertex 2.476261e+00 1.571224e+00 1.049831e+00
    endloop
  endfacet
  facet normal -9.212021e-01 -3.167324e-01 -2.259806e-01
    outer loop
      vertex 2.476261e+00 1.571224e+00 1.049831e+00
      vertex 2.317763e+00 2.149965e+00 8.847848e-01
      vertex 2.379249e+00 2.097904e+00 7.071068e-01
    endloop
  endfacet
  facet normal -9.497289e-01 -2.737665e-01 -1.518779e-01
    outer loop
      vertex 2.476261e+00 1.571224e+00 1.049831e+00
      vertex 2.379249e+00 2.097904e+00 7.071068e-01
      vertex 2.519735e+00 1.522378e+00 8.660254e-01
    endloop
  endfacet
  facet normal -9.701158e-01 -1.981264e-01 1.400759e-01
    outer loop
      vertex 2.519735e+00 1.522378e+00 8.660254e-01
      vertex 2.379249e+00 2.097904e+00 7.071068e-01
      vertex 2.369937e+00 2.017879e+00 5.294288e-01
    endloop
  endfacet
  facet normal -9.657094e-01 -1.462090e-01 2.145420e-01
    outer loop
      vertex 2.519735e+00 1.522378e+00 8.660254e-01
      vertex 2.369937e+00 2.017879e+00 5.294288e-01
      vertex 2.487515e+00 1.465477e+00 6.822202e-01
    endloop
  endfacet
  facet normal -8.716117e-01 -5.066181e-02 4.875720e-01
    outer loop
      vertex 2.487515e+00 1.465477e+00 6.822202e-01
      vertex 2.369937e+00 2.017879e+00 5.294288e-01
      vertex 2.291246e+00 1.922071e+00 3.788007e-01
    endloop
  endfacet
  facet normal -8.352425e-01 6.353794e-03 5.498451e-01
    outer loop
      vertex 2.487515e+00 1.465477e+00 6.822202e-01
      vertex 2.291246e+00 1.922071e+00 3.788007e-01
      vertex 2.384508e+00 1.409182e+00 5.263976e-01
    endloop
  endfacet
  facet normal -6.380708e-01 1.035431e-01 7.629840e-01
    outer loop
      vertex 2.384508e+00 1.409182e+00 5.263976e-01
      vertex 2.291246e+00 1.922071e+00 3.788007e-01
      vertex 2.155155e+00 1.825068e+00 2.781542e-01
    endloop
  endfacet
  facet normal -5.758043e-01 1.609279e-01 8.015932e-01
    outer loop
      vertex 2.384508e+00 1.409182e+00 5.263976e-01
      vertex 2.155155e+00 1.825068e+00 2.781542e-01
      vertex 2.226395e+00 1.362065e+00 4.222803e-01
    endloop
  endfacet
  facet normal -3.044916e-01 2.400805e-01 9.217625e-01
    outer loop
      vertex 2.226395e+00 1.362065e+00 4.222803e-01
      vertex 2.155155e+00 1.825068e+00 2.781542e-01
      vertex 1.982383e+00 1.741635e+00 2.428119e-01
    endloop
  endfacet
  facet normal -2.271840e-01 2.930635e-01 9.287094e-01
    outer loop
      vertex 2.226395e+00 1.362065e+00 4.222803e-01
      vertex 1.982383e+00 1.741635e+00 2.428119e-01
      vertex 2.037247e+00 1.331298e+00 3.857192e-01
    endloop
  endfacet
  facet normal 7.592362e-02 3.369814e-01 9.384451e-01
    outer loop
      vertex 2.037247e+00 1.331298e+00 3.857192e-01
      vertex 1.982383e+00 1.741635e+00 2.428119e-01
      vertex 1.799232e+00 1.684477e+00 2.781542e-01
    endloop
  endfacet
  facet normal 1.546617e-01 3.817562e-01 9.112310e-01
    outer loop
      vertex 2.037247e+00 1.331298e+00 3.857192e-01
      vertex 1.799232e+00 1.684477e+00 2.781542e-01
      vertex 1.845861e+00 1.321565e+00 4.222803e-01
    endloop
  endfacet
  facet normal 4.427679e-01 3.795082e-01 8.123608e-01
    outer loop
      vertex 1.845861e+00 1.321565e+00 4.222803e-01
      vertex 1.799232e+00 1.684477e+00 2.781542e-01
      vertex 1.633587e+00 1.662293e+00 3.788007e-01
    endloop
  endfacet
  facet normal 5.096470e-01 4.137720e-01 7.543558e-01
    outer loop
      vertex 1.845861e+00 1.321565e+00 4.222803e-01
      vertex 1.633587e+00 1.662293e+00 3.788007e-01
      vertex 1.681372e+00 1.334349e+00 5.263976e-01
    endloop
  endfacet
  facet normal 7.407496e-01 3.624891e-01 5.655896e-01
    outer loop
      vertex 1.681372e+00 1.334349e+00 5.263976e-01
      vertex 1.633587e+00 1.662293e+00 3.788007e-01
      vertex 1.510664e+00 1.678463e+00 5.294288e-01
    endloop
  endfacet
  facet normal 7.852515e-01 3.852780e-01 4.847071e-01
    outer loop
      vertex 1.681372e+00 1.334349e+00 5.263976e-01
      vertex 1.510664e+00 1.678463e+00 5.294288e-01
      vertex 1.568824e+00 1.367702e+00 6.822202e-01
    endloop
  endfacet
  facet normal 9.275462e-01 2.896780e-01 2.361030e-01
    outer loop
      vertex 1.568824e+00 1.367702e+00 6.822202e-01
      vertex 1.510664e+00 1.678463e+00 5.294288e-01
      vertex 1.449178e+00 1.730523e+00 7.071068e-01
    endloop
  endfacet
  facet normal 9.428128e-01 3.011000e-01 1.429783e-01
    outer loop
      vertex 1.568824e+00 1.367702e+00 6.822202e-01
      vertex 1.449178e+00 1.730523e+00 7.071068e-01
      vertex 1.525350e+00 1.416548e+00 8.660254e-01
    endloop
  endfacet
  facet normal 8.975574e-01 4.267391e-01 -1.108352e-01
    outer loop
      vertex 1.449178e+00 1.730523e+00 7.071068e-01
      vertex 1.289909e+00 2.011721e+00 5.000000e-01
      vertex 1.268787e+00 2.100882e+00 6.722335e-01
    endloop
  endfacet
  facet normal 8.832267e-01 4.085121e-01 -2.302791e-01
    outer loop
      vertex 1.449178e+00 1.730523e+00 7.071068e-01
      vertex 1.268787e+00 2.100882e+00 6.722335e-01
      vertex 1.458490e+00 1.810548e+00 8.847848e-01
    endloop
  endfacet
  facet normal 8.626718e-01 2.362977e-01 -4.471697e-01
    outer loop
      vertex 1.458490e+00 1.810548e+00 8.847848e-01
      vertex 1.268787e+00 2.100882e+00 6.722335e-01
      vertex 1.310969e+00 2.223198e+00 8.182461e-01
    endloop
  endfacet
  facet normal 8.100669e-01 2.007663e-01 -5.508942e-01
    outer loop
      vertex 1.458490e+00 1.810548e+00 8.847848e-01
      vertex 1.310969e+00 2.223198e+00 8.182461e-01
      vertex 1.537181e+00 1.906356e+00 1.035413e+00
    endloop
  endfacet
  facet normal 6.971691e-01 6.394988e-03 -7.168782e-01
    outer loop
      vertex 1.537181e+00 1.906356e+00 1.035413e+00
      vertex 1.310969e+00 2.223198e+00 8.182461e-01
      vertex 1.410034e+00 2.360048e+00 9.158085e-01
    endloop
  endfacet
  facet normal 6.111800e-01 -3.714345e-02 -7.906196e-01
    outer loop
      vertex 1.537181e+00 1.906356e+00 1.035413e+00
      vertex 1.410034e+00 2.360048e+00 9.158085e-01
      vertex 1.673272e+00 2.003359e+00 1.136059e+00
    endloop
  endfacet
  facet normal 4.243695e-01 -2.279363e-01 -8.763307e-01
    outer loop
      vertex 1.673272e+00 2.003359e+00 1.136059e+00
      vertex 1.410034e+00 2.360048e+00 9.158085e-01
      vertex 1.550901e+00 2.490597e+00 9.500679e-01
    endloop
  endfacet
  facet normal 3.156815e-01 -2.681568e-01 -9.101852e-01
    outer loop
      vertex 1.673272e+00 2.003359e+00 1.136059e+00
      vertex 1.550901e+00 2.490597e+00 9.500679e-01
      vertex 1.846045e+00 2.086792e+00 1.171402e+00
    endloop
  endfacet
  facet normal 8.686751e-02 -4.292632e-01 -8.989923e-01
    outer loop
      vertex 1.846045e+00 2.086792e+00 1.171402e+00
      vertex 1.550901e+00 2.490597e+00 9.500679e-01
      vertex 1.712123e+00 2.594971e+00 9.158085e-01
    endloop
  endfacet
  facet normal -2.960146e-02 -4.553447e-01 -8.898230e-01
    outer loop
      vertex 1.846045e+00 2.086792e+00 1.171402e+00
      vertex 1.712123e+00 2.594971e+00 9.158085e-01
      vertex 2.029195e+00 2.143950e+00 1.136059e+00
    endloop
  endfacet
  facet normal -2.614276e-01 -5.657019e-01 -7.820722e-01
    outer loop
      vertex 2.029195e+00 2.143950e+00 1.136059e+00
      vertex 1.712123e+00 2.594971e+00 9.158085e-01
      vertex 1.869156e+00 2.657280e+00 8.182461e-01
    endloop
  endfacet
  facet normal -3.696916e-01 -5.696988e-01 -7.340104e-01
    outer loop
      vertex 2.029195e+00 2.143950e+00 1.136059e+00
      vertex 1.869156e+00 2.657280e+00 8.182461e-01
      vertex 2.194840e+00 2.166134e+00 1.035413e+00
    endloop
  endfacet
  facet normal -5.666891e-01 -6.171482e-01 -5.458861e-01
    outer loop
      vertex 2.194840e+00 2.166134e+00 1.035413e+00
      vertex 1.869156e+00 2.657280e+00 8.182461e-01
      vertex 1.998094e+00 2.668037e+00 6.722335e-01
    endloop
  endfacet
  facet normal -6.527451e-01 -5.951038e-01 -4.688020e-01
    outer loop
      vertex 2.194840e+00 2.166134e+00 1.035413e+00
      vertex 1.998094e+00 2.668037e+00 6.722335e-01
      vertex 2.317763e+00 2.149965e+00 8.847848e-01
    endloop
  endfacet
  facet normal -7.842162e-01 -5.772523e-01 -2.275626e-01
    outer loop
      vertex 2.317763e+00 2.149965e+00 8.847848e-01
      vertex 1.998094e+00 2.668037e+00 6.722335e-01
      vertex 2.079306e+00 2.625605e+00 5.000000e-01
    endloop
  endfacet
  facet normal -8.377618e-01 -5.291157e-01 -1.348770e-01
    outer loop
      vertex 2.317763e+00 2.149965e+00 8.847848e-01
      vertex 2.079306e+00 2.625605e+00 5.000000e-01
      vertex 2.379249e+00 2.097904e+00 7.071068e-01
    endloop
  endfacet
  facet normal -8.828784e-01 -4.524042e-01 1.259216e-01
    outer loop
      vertex 2.379249e+00 2.097904e+00 7.071068e-01
      vertex 2.079306e+00 2.625605e+00 5.000000e-01
      vertex 2.100428e+00 2.536444e+00 3.277665e-01
    endloop
  endfacet
  facet normal -8.980320e-01 -3.815874e-01 2.189282e-01
    outer loop
      vertex 2.379249e+00 2.097904e+00 7.071068e-01
      vertex 2.100428e+00 2.536444e+00 3.277665e-01
      vertex 2.369937e+00 2.017879e+00 5.294288e-01
    endloop
  endfacet
  facet normal -8.473179e-01 -2.603574e-01 4.628892e-01
    outer loop
      vertex 2.369937e+00 2.017879e+00 5.294288e-01
      vertex 2.100428e+00 2.536444e+00 3.277665e-01
      vertex 2.058246e+00 2.414128e+00 1.817539e-01
    endloop
  endfacet
  facet normal -8.233164e-01 -1.734387e-01 5.404342e-01
    outer loop
      vertex 2.369937e+00 2.017879e+00 5.294288e-01
      vertex 2.058246e+00 2.414128e+00 1.817539e-01
      vertex 2.291246e+00 1.922071e+00 3.788007e-01
    endloop
  endfacet
  facet normal -6.806481e-01 -2.915652e-02 7.320301e-01
    outer loop
      vertex 2.291246e+00 1.922071e+00 3.788007e-01
      vertex 2.058246e+00 2.414128e+00 1.817539e-01
      vertex 1.959181e+00 2.277278e+00 8.419146e-02
    endloop
  endfacet
  facet normal -6.227227e-01 6.459218e-02 7.797719e-01
    outer loop
      vertex 2.291246e+00 1.922071e+00 3.788007e-01
      vertex 1.959181e+00 2.277278e+00 8.419146e-02
      vertex 2.155155e+00 1.825068e+00 2.781542e-01
    endloop
  endfacet
  facet normal -4.068732e-01 2.054487e-01 8.900815e-01
    outer loop
      vertex 2.155155e+00 1.825068e+00 2.781542e-01
      vertex 1.959181e+00 2.277278e+00 8.419146e-02
      vertex 1.818314e+00 2.146729e+00 4.993208e-02
    endloop
  endfacet
  facet normal -3.263166e-01 2.953729e-01 8.979267e-01
    outer loop
      vertex 2.155155e+00 1.825068e+00 2.781542e-01
      vertex 1.818314e+00 2.146729e+00 4.993208e-02
      vertex 1.982383e+00 1.741635e+00 2.428119e-01
    endloop
  endfacet
  facet normal -6.912970e-02 4.059034e-01 9.112977e-01
    outer loop
      vertex 1.982383e+00 1.741635e+00 2.428119e-01
      vertex 1.818314e+00 2.146729e+00 4.993208e-02
      vertex 1.657092e+00 2.042355e+00 8.419146e-02
    endloop
  endfacet
  facet normal 1.856705e-02 4.821036e-01 8.759174e-01
    outer loop
      vertex 1.982383e+00 1.741635e+00 2.428119e-01
      vertex 1.657092e+00 2.042355e+00 8.419146e-02
      vertex 1.799232e+00 1.684477e+00 2.781542e-01
    endloop
  endfacet
  facet normal 2.785340e-01 5.407955e-01 7.936996e-01
    outer loop
      vertex 1.799232e+00 1.684477e+00 2.781542e-01
      vertex 1.657092e+00 2.042355e+00 8.419146e-02
      vertex 1.500059e+00 1.980047e+00 1.817539e-01
    endloop
  endfacet
  facet normal 3.571373e-01 5.960444e-01 7.191551e-01
    outer loop
      vertex 1.799232e+00 1.684477e+00 2.781542e-01
      vertex 1.500059e+00 1.980047e+00 1.817539e-01
      vertex 1.633587e+00 1.662293e+00 3.788007e-01
    endloop
  endfacet
  facet normal 5.826312e-01 5.908845e-01 5.580290e-01
    outer loop
      vertex 1.633587e+00 1.662293e+00 3.788007e-01
      vertex 1.500059e+00 1.980047e+00 1.817539e-01
      vertex 1.371121e+00 1.969289e+00 3.277665e-01
    endloop
  endfacet
  facet normal 6.384124e-01 6.213291e-01 4.542904e-01
    outer loop
      vertex 1.633587e+00 1.662293e+00 3.788007e-01
      vertex 1.371121e+00 1.969289e+00 3.277665e-01
      vertex 1.510664e+00 1.678463e+00 5.294288e-01
    endloop
  endfacet
  facet normal 7.991396e-01 5.506558e-01 2.411517e-01
    outer loop
      vertex 1.510664e+00 1.678463e+00 5.294288e-01
      vertex 1.371121e+00 1.969289e+00 3.277665e-01
      vertex 1.289909e+00 2.011721e+00 5.000000e-01
    endloop
  endfacet
  facet normal 8.224855e-01 5.555841e-01 1.218353e-01
    outer loop
      vertex 1.510664e+00 1.678463e+00 5.294288e-01
      vertex 1.289909e+00 2.011721e+00 5.000000e-01
      vertex 1.449178e+00 1.730523e+00 7.071068e-01
    endloop
  endfacet
  facet normal 7.410038e-01 6.641277e-01 -9.923602e-02
    outer loop
      vertex 1.289909e+00 2.011721e+00 5.000000e-01
      vertex 1.058362e+00 2.234033e+00 2.588190e-01
      vertex 1.006280e+00 2.317329e+00 4.273700e-01
    endloop
  endfacet
  facet normal 7.396192e-01 6.304236e-01 -2.356471e-01
    outer loop
      vertex 1.289909e+00 2.011721e+00 5.000000e-01
      vertex 1.006280e+00 2.317329e+00 4.273700e-01
      vertex 1.268787e+00 2.100882e+00 6.722335e-01
    endloop
  endfacet
  facet normal 7.781103e-01 4.608388e-01 -4.268159e-01
    outer loop
      vertex 1.268787e+00 2.100882e+00 6.722335e-01
      vertex 1.006280e+00 2.317329e+00 4.273700e-01
      vertex 1.005994e+00 2.450154e+00 5.702607e-01
    endloop
  endfacet
  facet normal 7.384973e-01 3.964062e-01 -5.454209e-01
    outer loop
      vertex 1.268787e+00 2.100882e+00 6.722335e-01
      vertex 1.005994e+00 2.450154e+00 5.702607e-01
      vertex 1.310969e+00 2.223198e+00 8.182461e-01
    endloop
  endfacet
  facet normal 6.990680e-01 1.845366e-01 -6.908329e-01
    outer loop
      vertex 1.310969e+00 2.223198e+00 8.182461e-01
      vertex 1.005994e+00 2.450154e+00 5.702607e-01
      vertex 1.057547e+00 2.612286e+00 6.657371e-01
    endloop
  endfacet
  facet normal 6.230635e-01 1.018415e-01 -7.755129e-01
    outer loop
      vertex 1.310969e+00 2.223198e+00 8.182461e-01
      vertex 1.057547e+00 2.612286e+00 6.657371e-01
      vertex 1.410034e+00 2.360048e+00 9.158085e-01
    endloop
  endfacet
  facet normal 5.137815e-01 -1.236879e-01 -8.489581e-01
    outer loop
      vertex 1.410034e+00 2.360048e+00 9.158085e-01
      vertex 1.057547e+00 2.612286e+00 6.657371e-01
      vertex 1.153091e+00 2.779042e+00 6.992640e-01
    endloop
  endfacet
  facet normal 4.090881e-01 -2.082780e-01 -8.884071e-01
    outer loop
      vertex 1.410034e+00 2.360048e+00 9.158085e-01
      vertex 1.153091e+00 2.779042e+00 6.992640e-01
      vertex 1.550901e+00 2.490597e+00 9.500679e-01
    endloop
  endfacet
  facet normal 2.503591e-01 -4.151907e-01 -8.746068e-01
    outer loop
      vertex 1.550901e+00 2.490597e+00 9.500679e-01
      vertex 1.153091e+00 2.779042e+00 6.992640e-01
      vertex 1.278080e+00 2.925035e+00 6.657371e-01
    endloop
  endfacet
  facet normal 1.298949e-01 -4.845837e-01 -8.650468e-01
    outer loop
      vertex 1.550901e+00 2.490597e+00 9.500679e-01
      vertex 1.278080e+00 2.925035e+00 6.657371e-01
      vertex 1.712123e+00 2.594971e+00 9.158085e-01
    endloop
  endfacet
  facet normal -4.917533e-02 -6.434428e-01 -7.639131e-01
    outer loop
      vertex 1.712123e+00 2.594971e+00 9.158085e-01
      vertex 1.278080e+00 2.925035e+00 6.657371e-01
      vertex 1.413485e+00 3.028039e+00 5.702607e-01
    endloop
  endfacet
  facet normal -1.698260e-01 -6.835343e-01 -7.098873e-01
    outer loop
      vertex 1.712123e+00 2.594971e+00 9.158085e-01
      vertex 1.413485e+00 3.028039e+00 5.702607e-01
      vertex 1.869156e+00 2.657280e+00 8.182461e-01
    endloop
  endfacet
  facet normal -3.377876e-01 -7.736755e-01 -5.360278e-01
    outer loop
      vertex 1.869156e+00 2.657280e+00 8.182461e-01
      vertex 1.413485e+00 3.028039e+00 5.702607e-01
      vertex 1.538693e+00 3.072372e+00 4.273700e-01
    endloop
  endfacet
  facet normal -4.435494e-01 -7.757662e-01 -4.488326e-01
    outer loop
      vertex 1.869156e+00 2.657280e+00 8.182461e-01
      vertex 1.538693e+00 3.072372e+00 4.273700e-01
      vertex 1.998094e+00 2.668037e+00 6.722335e-01
    endloop
  endfacet
  facet normal -5.723411e-01 -7.879013e-01 -2.272384e-01
    outer loop
      vertex 1.998094e+00 2.668037e+00 6.722335e-01
      vertex 1.538693e+00 3.072372e+00 4.273700e-01
      vertex 1.634642e+00 3.051286e+00 2.588190e-01
    endloop
  endfacet
  facet normal -6.509028e-01 -7.492401e-01 -1.223311e-01
    outer loop
      vertex 1.998094e+00 2.668037e+00 6.722335e-01
      vertex 1.634642e+00 3.051286e+00 2.588190e-01
      vertex 2.079306e+00 2.625605e+00 5.000000e-01
    endloop
  endfacet
  facet normal -7.190399e-01 -6.851495e-01 1.164116e-01
    outer loop
      vertex 2.079306e+00 2.625605e+00 5.000000e-01
      vertex 1.634642e+00 3.051286e+00 2.588190e-01
      vertex 1.686724e+00 2.967989e+00 9.026805e-02
    endloop
  endfacet
  facet normal -7.619703e-01 -6.085288e-01 2.215716e-01
    outer loop
      vertex 2.079306e+00 2.625605e+00 5.000000e-01
      vertex 1.686724e+00 2.967989e+00 9.026805e-02
      vertex 2.100428e+00 2.536444e+00 3.277665e-01
    endloop
  endfacet
  facet normal -7.561147e-01 -4.800884e-01 4.447535e-01
    outer loop
      vertex 2.100428e+00 2.536444e+00 3.277665e-01
      vertex 1.686724e+00 2.967989e+00 9.026805e-02
      vertex 1.687010e+00 2.835165e+00 -5.262259e-02
    endloop
  endfacet
  facet normal -7.596820e-01 -3.734891e-01 5.323431e-01
    outer loop
      vertex 2.100428e+00 2.536444e+00 3.277665e-01
      vertex 1.687010e+00 2.835165e+00 -5.262259e-02
      vertex 2.058246e+00 2.414128e+00 1.817539e-01
    endloop
  endfacet
  facet normal -6.763543e-01 -2.020569e-01 7.083204e-01
    outer loop
      vertex 2.058246e+00 2.414128e+00 1.817539e-01
      vertex 1.687010e+00 2.835165e+00 -5.262259e-02
      vertex 1.635457e+00 2.673033e+00 -1.480991e-01
    endloop
  endfacet
  facet normal -6.425778e-01 -7.823549e-02 7.622159e-01
    outer loop
      vertex 2.058246e+00 2.414128e+00 1.817539e-01
      vertex 1.635457e+00 2.673033e+00 -1.480991e-01
      vertex 1.959181e+00 2.277278e+00 8.419146e-02
    endloop
  endfacet
  facet normal -4.900979e-01 1.068747e-01 8.650906e-01
    outer loop
      vertex 1.959181e+00 2.277278e+00 8.419146e-02
      vertex 1.635457e+00 2.673033e+00 -1.480991e-01
      vertex 1.539914e+00 2.506277e+00 -1.816259e-01
    endloop
  endfacet
  facet normal -4.273854e-01 2.318452e-01 8.738361e-01
    outer loop
      vertex 1.959181e+00 2.277278e+00 8.419146e-02
      vertex 1.539914e+00 2.506277e+00 -1.816259e-01
      vertex 1.818314e+00 2.146729e+00 4.993208e-02
    endloop
  endfacet
  facet normal -2.260034e-01 3.977007e-01 8.892450e-01
    outer loop
      vertex 1.818314e+00 2.146729e+00 4.993208e-02
      vertex 1.539914e+00 2.506277e+00 -1.816259e-01
      vertex 1.414925e+00 2.360284e+00 -1.480991e-01
    endloop
  endfacet
  facet normal -1.481078e-01 5.074102e-01 8.488810e-01
    outer loop
      vertex 1.818314e+00 2.146729e+00 4.993208e-02
      vertex 1.414925e+00 2.360284e+00 -1.480991e-01
      vertex 1.657092e+00 2.042355e+00 8.419146e-02
    endloop
  endfacet
  facet normal 7.352573e-02 6.242585e-01 7.777502e-01
    outer loop
      vertex 1.657092e+00 2.042355e+00 8.419146e-02
      vertex 1.414925e+00 2.360284e+00 -1.480991e-01
      vertex 1.279519e+00 2.257280e+00 -5.262259e-02
    endloop
  endfacet
  facet normal 1.504976e-01 7.053436e-01 6.927055e-01
    outer loop
      vertex 1.657092e+00 2.042355e+00 8.419146e-02
      vertex 1.279519e+00 2.257280e+00 -5.262259e-02
      vertex 1.500059e+00 1.980047e+00 1.817539e-01
    endloop
  endfacet
  facet normal 3.614411e-01 7.527174e-01 5.502517e-01
    outer loop
      vertex 1.500059e+00 1.980047e+00 1.817539e-01
      vertex 1.279519e+00 2.257280e+00 -5.262259e-02
      vertex 1.154311e+00 2.212946e+00 9.026805e-02
    endloop
  endfacet
  facet normal 4.225224e-01 7.968731e-01 4.318196e-01
    outer loop
      vertex 1.500059e+00 1.980047e+00 1.817539e-01
      vertex 1.154311e+00 2.212946e+00 9.026805e-02
      vertex 1.371121e+00 1.969289e+00 3.277665e-01
    endloop
  endfacet
  facet normal 5.949982e-01 7.661579e-01 2.428563e-01
    outer loop
      vertex 1.371121e+00 1.969289e+00 3.277665e-01
      vertex 1.154311e+00 2.212946e+00 9.026805e-02
      vertex 1.058362e+00 2.234033e+00 2.588190e-01
    endloop
  endfacet
  facet normal 6.286079e-01 7.703806e-01 1.066103e-01
    outer loop
      vertex 1.371121e+00 1.969289e+00 3.277665e-01
      vertex 1.058362e+00 2.234033e+00 2.588190e-01
      vertex 1.289909e+00 2.011721e+00 5.000000e-01
    endloop
  endfacet
  facet normal 5.143070e-01 8.524019e-01 -9.433566e-02
    outer loop
      vertex 1.058362e+00 2.234033e+00 2.588190e-01
      vertex 7.732620e-01 2.377408e+00 4.898587e-16
      vertex 6.965494e-01 2.442205e+00 1.672628e-01
    endloop
  endfacet
  facet normal 5.289799e-01 8.142955e-01 -2.389626e-01
    outer loop
      vertex 1.058362e+00 2.234033e+00 2.588190e-01
      vertex 6.965494e-01 2.442205e+00 1.672628e-01
      vertex 1.006280e+00 2.317329e+00 4.273700e-01
    endloop
  endfacet
  facet normal 6.185448e-01 6.661239e-01 -4.167509e-01
    outer loop
      vertex 1.006280e+00 2.317329e+00 4.273700e-01
      vertex 6.965494e-01 2.442205e+00 1.672628e-01
      vertex 6.549287e-01 2.569567e+00 3.090613e-01
    endloop
  endfacet
  facet normal 6.027246e-01 5.850472e-01 -5.426259e-01
    outer loop
      vertex 1.006280e+00 2.317329e+00 4.273700e-01
      vertex 6.549287e-01 2.569567e+00 3.090613e-01
      vertex 1.005994e+00 2.450154e+00 5.702607e-01
    endloop
  endfacet
  facet normal 6.320040e-01 3.769118e-01 -6.771325e-01
    outer loop
      vertex 1.005994e+00 2.450154e+00 5.702607e-01
      vertex 6.549287e-01 2.569567e+00 3.090613e-01
      vertex 6.547361e-01 2.740105e+00 4.038081e-01
    endloop
  endfacet
  facet normal 5.834226e-01 2.663168e-01 -7.672636e-01
    outer loop
      vertex 1.005994e+00 2.450154e+00 5.702607e-01
      vertex 6.547361e-01 2.740105e+00 4.038081e-01
      vertex 1.057547e+00 2.612286e+00 6.657371e-01
    endloop
  endfacet
  facet normal 5.508920e-01 2.673830e-02 -8.341481e-01
    outer loop
      vertex 1.057547e+00 2.612286e+00 6.657371e-01
      vertex 6.547361e-01 2.740105e+00 4.038081e-01
      vertex 6.960009e-01 2.927856e+00 4.370787e-01
    endloop
  endfacet
  facet normal 4.720749e-01 -9.425335e-02 -8.765053e-01
    outer loop
      vertex 1.057547e+00 2.612286e+00 6.657371e-01
      vertex 6.960009e-01 2.927856e+00 4.370787e-01
      vertex 1.153091e+00 2.779042e+00 6.992640e-01
    endloop
  endfacet
  facet normal 3.865587e-01 -3.299774e-01 -8.612127e-01
    outer loop
      vertex 1.153091e+00 2.779042e+00 6.992640e-01
      vertex 6.960009e-01 2.927856e+00 4.370787e-01
      vertex 7.724411e-01 3.104237e+00 4.038081e-01
    endloop
  endfacet
  facet normal 2.852707e-01 -4.397934e-01 -8.515882e-01
    outer loop
      vertex 1.153091e+00 2.779042e+00 6.992640e-01
      vertex 7.724411e-01 3.104237e+00 4.038081e-01
      vertex 1.278080e+00 2.925035e+00 6.657371e-01
    endloop
  endfacet
  facet normal 1.649367e-01 -6.362153e-01 -7.536750e-01
    outer loop
      vertex 1.278080e+00 2.925035e+00 6.657371e-01
      vertex 7.724411e-01 3.104237e+00 4.038081e-01
      vertex 8.724192e-01 3.242395e+00 3.090613e-01
    endloop
  endfacet
  facet normal 5.292674e-02 -7.153840e-01 -6.967241e-01
    outer loop
      vertex 1.278080e+00 2.925035e+00 6.657371e-01
      vertex 8.724192e-01 3.242395e+00 3.090613e-01
      vertex 1.413485e+00 3.028039e+00 5.702607e-01
    endloop
  endfacet
  facet normal -7.869091e-02 -8.443757e-01 -5.299409e-01
    outer loop
      vertex 1.413485e+00 3.028039e+00 5.702607e-01
      vertex 8.724192e-01 3.242395e+00 3.090613e-01
      vertex 9.807145e-01 3.321297e+00 1.672628e-01
    endloop
  endfacet
  facet normal -1.881973e-01 -8.792085e-01 -4.376919e-01
    outer loop
      vertex 1.413485e+00 3.028039e+00 5.702607e-01
      vertex 9.807145e-01 3.321297e+00 1.672628e-01
      vertex 1.538693e+00 3.072372e+00 4.273700e-01
    endloop
  endfacet
  facet normal -3.070658e-01 -9.244631e-01 -2.260059e-01
    outer loop
      vertex 1.538693e+00 3.072372e+00 4.273700e-01
      vertex 9.807145e-01 3.321297e+00 1.672628e-01
      vertex 1.080840e+00 3.328931e+00 5.433854e-16
    endloop
  endfacet
  facet normal -4.017204e-01 -9.085100e-01 -1.150228e-01
    outer loop
      vertex 1.538693e+00 3.072372e+00 4.273700e-01
      vertex 1.080840e+00 3.328931e+00 5.433854e-16
      vertex 1.634642e+00 3.051286e+00 2.588190e-01
    endloop
  endfacet
  facet normal -4.867925e-01 -8.662656e-01 1.123255e-01
    outer loop
      vertex 1.634642e+00 3.051286e+00 2.588190e-01
      vertex 1.080840e+00 3.328931e+00 5.433854e-16
      vertex 1.157553e+00 3.264135e+00 -1.672628e-01
    endloop
  endfacet
  facet normal -5.565679e-01 -8.001848e-01 2.234645e-01
    outer loop
      vertex 1.634642e+00 3.051286e+00 2.588190e-01
      vertex 1.157553e+00 3.264135e+00 -1.672628e-01
      vertex 1.686724e+00 2.967989e+00 9.026805e-02
    endloop
  endfacet
  facet normal -5.916479e-01 -6.783608e-01 4.356368e-01
    outer loop
      vertex 1.686724e+00 2.967989e+00 9.026805e-02
      vertex 1.157553e+00 3.264135e+00 -1.672628e-01
      vertex 1.199173e+00 3.136772e+00 -3.090613e-01
    endloop
  endfacet
  facet normal -6.297809e-01 -5.695638e-01 5.281791e-01
    outer loop
      vertex 1.686724e+00 2.967989e+00 9.026805e-02
      vertex 1.199173e+00 3.136772e+00 -3.090613e-01
      vertex 1.687010e+00 2.835165e+00 -5.262259e-02
    endloop
  endfacet
  facet normal -6.050747e-01 -3.871863e-01 6.956806e-01
    outer loop
      vertex 1.687010e+00 2.835165e+00 -5.262259e-02
      vertex 1.199173e+00 3.136772e+00 -3.090613e-01
      vertex 1.199366e+00 2.966234e+00 -4.038081e-01
    endloop
  endfacet
  facet normal -6.091781e-01 -2.495737e-01 7.527383e-01
    outer loop
      vertex 1.687010e+00 2.835165e+00 -5.262259e-02
      vertex 1.199366e+00 2.966234e+00 -4.038081e-01
      vertex 1.635457e+00 2.673033e+00 -1.480991e-01
    endloop
  endfacet
  facet normal -5.233236e-01 -3.585092e-02 8.513795e-01
    outer loop
      vertex 1.635457e+00 2.673033e+00 -1.480991e-01
      vertex 1.199366e+00 2.966234e+00 -4.038081e-01
      vertex 1.158101e+00 2.778483e+00 -4.370787e-01
    endloop
  endfacet
  facet normal -4.965228e-01 1.114096e-01 8.608443e-01
    outer loop
      vertex 1.635457e+00 2.673033e+00 -1.480991e-01
      vertex 1.158101e+00 2.778483e+00 -4.370787e-01
      vertex 1.539914e+00 2.506277e+00 -1.816259e-01
    endloop
  endfacet
  facet normal -3.581196e-01 3.206121e-01 8.769027e-01
    outer loop
      vertex 1.539914e+00 2.506277e+00 -1.816259e-01
      vertex 1.158101e+00 2.778483e+00 -4.370787e-01
      vertex 1.081661e+00 2.602102e+00 -4.038081e-01
    endloop
  endfacet
  facet normal -3.091441e-01 4.562862e-01 8.344057e-01
    outer loop
      vertex 1.539914e+00 2.506277e+00 -1.816259e-01
      vertex 1.081661e+00 2.602102e+00 -4.038081e-01
      vertex 1.414925e+00 2.360284e+00 -1.480991e-01
    endloop
  endfacet
  facet normal -1.358823e-01 6.253204e-01 7.684467e-01
    outer loop
      vertex 1.414925e+00 2.360284e+00 -1.480991e-01
      vertex 1.081661e+00 2.602102e+00 -4.038081e-01
      vertex 9.816828e-01 2.463944e+00 -3.090613e-01
    endloop
  endfacet
  facet normal -7.729297e-02 7.305228e-01 6.785000e-01
    outer loop
      vertex 1.414925e+00 2.360284e+00 -1.480991e-01
      vertex 9.816828e-01 2.463944e+00 -3.090613e-01
      vertex 1.279519e+00 2.257280e+00 -5.262259e-02
    endloop
  endfacet
  facet normal 1.077470e-01 8.315040e-01 5.449694e-01
    outer loop
      vertex 1.279519e+00 2.257280e+00 -5.262259e-02
      vertex 9.816828e-01 2.463944e+00 -3.090613e-01
      vertex 8.733875e-01 2.385042e+00 -1.672628e-01
    endloop
  endfacet
  facet normal 1.625329e-01 8.930824e-01 4.195080e-01
    outer loop
      vertex 1.279519e+00 2.257280e+00 -5.262259e-02
      vertex 8.733875e-01 2.385042e+00 -1.672628e-01
      vertex 1.154311e+00 2.212946e+00 9.026805e-02
    endloop
  endfacet
  facet normal 3.354851e-01 9.103324e-01 2.423731e-01
    outer loop
      vertex 1.154311e+00 2.212946e+00 9.026805e-02
      vertex 8.733875e-01 2.385042e+00 -1.672628e-01
      vertex 7.732620e-01 2.377408e+00 4.898587e-16
    endloop
  endfacet
  facet normal 3.747095e-01 9.219521e-01 9.796502e-02
    outer loop
      vertex 1.154311e+00 2.212946e+00 9.026805e-02
      vertex 7.732620e-01 2.377408e+00 4.898587e-16
      vertex 1.058362e+00 2.234033e+00 2.588190e-01
    endloop
  endfacet
  facet normal 2.388379e-01 9.662729e-01 -9.629720e-02
    outer loop
      vertex 7.732620e-01 2.377408e+00 4.898587e-16
      vertex 4.583958e-01 2.429441e+00 -2.588190e-01
      vertex 3.683077e-01 2.468509e+00 -9.024238e-02
    endloop
  endfacet
  facet normal 2.637960e-01 9.340254e-01 -2.408491e-01
    outer loop
      vertex 7.732620e-01 2.377408e+00 4.898587e-16
      vertex 3.683077e-01 2.468509e+00 -9.024238e-02
      vertex 6.965494e-01 2.442205e+00 1.672628e-01
    endloop
  endfacet
  facet normal 3.934899e-01 8.188375e-01 -4.179364e-01
    outer loop
      vertex 6.965494e-01 2.442205e+00 1.672628e-01
      vertex 3.683077e-01 2.468509e+00 -9.024238e-02
      vertex 2.927838e-01 2.577745e+00 5.267002e-02
    endloop
  endfacet
  facet normal 4.016872e-01 7.367852e-01 -5.438704e-01
    outer loop
      vertex 6.965494e-01 2.442205e+00 1.672628e-01
      vertex 2.927838e-01 2.577745e+00 5.267002e-02
      vertex 6.549287e-01 2.569567e+00 3.090613e-01
    endloop
  endfacet
  facet normal 4.919476e-01 5.468944e-01 -6.774172e-01
    outer loop
      vertex 6.549287e-01 2.569567e+00 3.090613e-01
      vertex 2.927838e-01 2.577745e+00 5.267002e-02
      vertex 2.433218e-01 2.740518e+00 1.481610e-01
    endloop
  endfacet
  facet normal 4.775354e-01 4.271156e-01 -7.678100e-01
    outer loop
      vertex 6.549287e-01 2.569567e+00 3.090613e-01
      vertex 2.433218e-01 2.740518e+00 1.481610e-01
      vertex 6.547361e-01 2.740105e+00 4.038081e-01
    endloop
  endfacet
  facet normal 5.184180e-01 1.889642e-01 -8.339876e-01
    outer loop
      vertex 6.547361e-01 2.740105e+00 4.038081e-01
      vertex 2.433218e-01 2.740518e+00 1.481610e-01
      vertex 2.274521e-01 2.932049e+00 1.816930e-01
    endloop
  endfacet
  facet normal 4.783251e-01 5.023579e-02 -8.767448e-01
    outer loop
      vertex 6.547361e-01 2.740105e+00 4.038081e-01
      vertex 2.274521e-01 2.932049e+00 1.816930e-01
      vertex 6.960009e-01 2.927856e+00 4.370787e-01
    endloop
  endfacet
  facet normal 4.675004e-01 -2.003134e-01 -8.609982e-01
    outer loop
      vertex 6.960009e-01 2.927856e+00 4.370787e-01
      vertex 2.274521e-01 2.932049e+00 1.816930e-01
      vertex 2.475905e-01 3.123178e+00 1.481610e-01
    endloop
  endfacet
  facet normal 4.027611e-01 -3.352078e-01 -8.517155e-01
    outer loop
      vertex 6.960009e-01 2.927856e+00 4.370787e-01
      vertex 2.475905e-01 3.123178e+00 1.481610e-01
      vertex 7.724411e-01 3.104237e+00 4.038081e-01
    endloop
  endfacet
  facet normal 3.467341e-01 -5.589000e-01 -7.532638e-01
    outer loop
      vertex 7.724411e-01 3.104237e+00 4.038081e-01
      vertex 2.475905e-01 3.123178e+00 1.481610e-01
      vertex 3.006711e-01 3.284807e+00 5.267002e-02
    endloop
  endfacet
  facet normal 2.627744e-01 -6.677681e-01 -6.964448e-01
    outer loop
      vertex 7.724411e-01 3.104237e+00 4.038081e-01
      vertex 3.006711e-01 3.284807e+00 5.267002e-02
      vertex 8.724192e-01 3.242395e+00 3.090613e-01
    endloop
  endfacet
  facet normal 1.755980e-01 -8.303007e-01 -5.289292e-01
    outer loop
      vertex 8.724192e-01 3.242395e+00 3.090613e-01
      vertex 3.006711e-01 3.284807e+00 5.267002e-02
      vertex 3.786131e-01 3.392331e+00 -9.024238e-02
    endloop
  endfacet
  facet normal 8.104427e-02 -8.959705e-01 -4.366562e-01
    outer loop
      vertex 8.724192e-01 3.242395e+00 3.090613e-01
      vertex 3.786131e-01 3.392331e+00 -9.024238e-02
      vertex 9.807145e-01 3.321297e+00 1.672628e-01
    endloop
  endfacet
  facet normal -1.898901e-02 -9.743190e-01 -2.243701e-01
    outer loop
      vertex 9.807145e-01 3.321297e+00 1.672628e-01
      vertex 3.786131e-01 3.392331e+00 -9.024238e-02
      vertex 4.695502e-01 3.429379e+00 -2.588190e-01
    endloop
  endfacet
  facet normal -1.141715e-01 -9.869689e-01 -1.133898e-01
    outer loop
      vertex 9.807145e-01 3.321297e+00 1.672628e-01
      vertex 4.695502e-01 3.429379e+00 -2.588190e-01
      vertex 1.080840e+00 3.328931e+00 5.433854e-16
    endloop
  endfacet
  facet normal -2.079147e-01 -9.714777e-01 1.140289e-01
    outer loop
      vertex 1.080840e+00 3.328931e+00 5.433854e-16
      vertex 4.695502e-01 3.429379e+00 -2.588190e-01
      vertex 5.596383e-01 3.390312e+00 -4.273957e-01
    endloop
  endfacet
  facet normal -2.939484e-01 -9.289485e-01 2.250534e-01
    outer loop
      vertex 1.080840e+00 3.328931e+00 5.433854e-16
      vertex 5.596383e-01 3.390312e+00 -4.273957e-01
      vertex 1.157553e+00 3.264135e+00 -1.672628e-01
    endloop
  endfacet
  facet normal -3.636490e-01 -8.228096e-01 4.367423e-01
    outer loop
      vertex 1.157553e+00 3.264135e+00 -1.672628e-01
      vertex 5.596383e-01 3.390312e+00 -4.273957e-01
      vertex 6.351623e-01 3.281076e+00 -5.703081e-01
    endloop
  endfacet
  facet normal -4.319682e-01 -7.303240e-01 5.291789e-01
    outer loop
      vertex 1.157553e+00 3.264135e+00 -1.672628e-01
      vertex 6.351623e-01 3.281076e+00 -5.703081e-01
      vertex 1.199173e+00 3.136772e+00 -3.090613e-01
    endloop
  endfacet
  facet normal -4.628391e-01 -5.489557e-01 6.960084e-01
    outer loop
      vertex 1.199173e+00 3.136772e+00 -3.090613e-01
      vertex 6.351623e-01 3.281076e+00 -5.703081e-01
      vertex 6.846242e-01 3.118303e+00 -6.657991e-01
    endloop
  endfacet
  facet normal -5.071276e-01 -4.190105e-01 7.531612e-01
    outer loop
      vertex 1.199173e+00 3.136772e+00 -3.090613e-01
      vertex 6.846242e-01 3.118303e+00 -6.657991e-01
      vertex 1.199366e+00 2.966234e+00 -4.038081e-01
    endloop
  endfacet
  facet normal -4.892825e-01 -1.895761e-01 8.512717e-01
    outer loop
      vertex 1.199366e+00 2.966234e+00 -4.038081e-01
      vertex 6.846242e-01 3.118303e+00 -6.657991e-01
      vertex 7.004940e-01 2.926772e+00 -6.993311e-01
    endloop
  endfacet
  facet normal -5.068219e-01 -4.119426e-02 8.610660e-01
    outer loop
      vertex 1.199366e+00 2.966234e+00 -4.038081e-01
      vertex 7.004940e-01 2.926772e+00 -6.993311e-01
      vertex 1.158101e+00 2.778483e+00 -4.370787e-01
    endloop
  endfacet
  facet normal -4.376237e-01 1.999119e-01 8.766532e-01
    outer loop
      vertex 1.158101e+00 2.778483e+00 -4.370787e-01
      vertex 7.004940e-01 2.926772e+00 -6.993311e-01
      vertex 6.803556e-01 2.735643e+00 -6.657991e-01
    endloop
  endfacet
  facet normal -4.303826e-01 3.439407e-01 8.345511e-01
    outer loop
      vertex 1.158101e+00 2.778483e+00 -4.370787e-01
      vertex 6.803556e-01 2.735643e+00 -6.657991e-01
      vertex 1.081661e+00 2.602102e+00 -4.038081e-01
    endloop
  endfacet
  facet normal -3.158187e-01 5.573672e-01 7.678544e-01
    outer loop
      vertex 1.081661e+00 2.602102e+00 -4.038081e-01
      vertex 6.803556e-01 2.735643e+00 -6.657991e-01
      vertex 6.272749e-01 2.574013e+00 -5.703081e-01
    endloop
  endfacet
  facet normal -2.902458e-01 6.751339e-01 6.781973e-01
    outer loop
      vertex 1.081661e+00 2.602102e+00 -4.038081e-01
      vertex 6.272749e-01 2.574013e+00 -5.703081e-01
      vertex 9.816828e-01 2.463944e+00 -3.090613e-01
    endloop
  endfacet
  facet normal -1.439250e-01 8.268890e-01 5.436361e-01
    outer loop
      vertex 9.816828e-01 2.463944e+00 -3.090613e-01
      vertex 6.272749e-01 2.574013e+00 -5.703081e-01
      vertex 5.493330e-01 2.466490e+00 -4.273957e-01
    endloop
  endfacet
  facet normal -1.091927e-01 9.017001e-01 4.183466e-01
    outer loop
      vertex 9.816828e-01 2.463944e+00 -3.090613e-01
      vertex 5.493330e-01 2.466490e+00 -4.273957e-01
      vertex 8.733875e-01 2.385042e+00 -1.672628e-01
    endloop
  endfacet
  facet normal 5.067848e-02 9.693565e-01 2.403741e-01
    outer loop
      vertex 8.733875e-01 2.385042e+00 -1.672628e-01
      vertex 5.493330e-01 2.466490e+00 -4.273957e-01
      vertex 4.583958e-01 2.429441e+00 -2.588190e-01
    endloop
  endfacet
  facet normal 8.490618e-02 9.917448e-01 9.608920e-02
    outer loop
      vertex 8.733875e-01 2.385042e+00 -1.672628e-01
      vertex 4.583958e-01 2.429441e+00 -2.588190e-01
      vertex 7.732620e-01 2.377408e+00 4.898587e-16
    endloop
  endfacet
  facet normal -5.554842e-02 9.929074e-01 -1.051156e-01
    outer loop
      vertex 4.583958e-01 2.429441e+00 -2.588190e-01
      vertex 1.402980e-01 2.386112e+00 -5.000000e-01
      vertex 4.971034e-02 2.399283e+00 -3.277193e-01
    endloop
  endfacet
  facet normal -3.089594e-02 9.699590e-01 -2.412984e-01
    outer loop
      vertex 4.583958e-01 2.429441e+00 -2.588190e-01
      vertex 4.971034e-02 2.399283e+00 -3.277193e-01
      vertex 3.683077e-01 2.468509e+00 -9.024238e-02
    endloop
  endfacet
  facet normal 1.265802e-01 8.937429e-01 -4.303499e-01
    outer loop
      vertex 3.683077e-01 2.468509e+00 -9.024238e-02
      vertex 4.971034e-02 2.399283e+00 -3.277193e-01
      vertex -4.844531e-02 2.483511e+00 -1.816668e-01
    endloop
  endfacet
  facet normal 1.500586e-01 8.221608e-01 -5.491211e-01
    outer loop
      vertex 3.683077e-01 2.468509e+00 -9.024238e-02
      vertex -4.844531e-02 2.483511e+00 -1.816668e-01
      vertex 2.927838e-01 2.577745e+00 5.267002e-02
    endloop
  endfacet
  facet normal 2.926488e-01 6.602789e-01 -6.916563e-01
    outer loop
      vertex 2.927838e-01 2.577745e+00 5.267002e-02
      vertex -4.844531e-02 2.483511e+00 -1.816668e-01
      vertex -1.392256e-01 2.625974e+00 -8.407765e-02
    endloop
  endfacet
  facet normal 3.072999e-01 5.492620e-01 -7.770959e-01
    outer loop
      vertex 2.927838e-01 2.577745e+00 5.267002e-02
      vertex -1.392256e-01 2.625974e+00 -8.407765e-02
      vertex 2.433218e-01 2.740518e+00 1.481610e-01
    endloop
  endfacet
  facet normal 4.178247e-01 3.248459e-01 -8.484678e-01
    outer loop
      vertex 2.433218e-01 2.740518e+00 1.481610e-01
      vertex -1.392256e-01 2.625974e+00 -8.407765e-02
      vertex -2.088101e-01 2.804982e+00 -4.980889e-02
    endloop
  endfacet
  facet normal 4.164004e-01 1.901554e-01 -8.890735e-01
    outer loop
      vertex 2.433218e-01 2.740518e+00 1.481610e-01
      vertex -2.088101e-01 2.804982e+00 -4.980889e-02
      vertex 2.274521e-01 2.932049e+00 1.816930e-01
    endloop
  endfacet
  facet normal 4.819336e-01 -6.232458e-02 -8.739884e-01
    outer loop
      vertex 2.274521e-01 2.932049e+00 1.816930e-01
      vertex -2.088101e-01 2.804982e+00 -4.980889e-02
      vertex -2.466051e-01 2.993283e+00 -8.407765e-02
    endloop
  endfacet
  facet normal 4.593136e-01 -2.002254e-01 -8.654137e-01
    outer loop
      vertex 2.274521e-01 2.932049e+00 1.816930e-01
      vertex -2.466051e-01 2.993283e+00 -8.407765e-02
      vertex 2.475905e-01 3.123178e+00 1.481610e-01
    endloop
  endfacet
  facet normal 4.740558e-01 -4.399168e-01 -7.627216e-01
    outer loop
      vertex 2.475905e-01 3.123178e+00 1.481610e-01
      vertex -2.466051e-01 2.993283e+00 -8.407765e-02
      vertex -2.468567e-01 3.162211e+00 -1.816668e-01
    endloop
  endfacet
  facet normal 4.288139e-01 -5.597525e-01 -7.090809e-01
    outer loop
      vertex 2.475905e-01 3.123178e+00 1.481610e-01
      vertex -2.468567e-01 3.162211e+00 -1.816668e-01
      vertex 3.006711e-01 3.284807e+00 5.267002e-02
    endloop
  endfacet
  facet normal 3.955989e-01 -7.479143e-01 -5.330344e-01
    outer loop
      vertex 3.006711e-01 3.284807e+00 5.267002e-02
      vertex -2.468567e-01 3.162211e+00 -1.816668e-01
      vertex -2.095266e-01 3.286047e+00 -3.277193e-01
    endloop
  endfacet
  facet normal 3.303413e-01 -8.319576e-01 -4.457815e-01
    outer loop
      vertex 3.006711e-01 3.284807e+00 5.267002e-02
      vertex -2.095266e-01 3.286047e+00 -3.277193e-01
      vertex 3.786131e-01 3.392331e+00 -9.024238e-02
    endloop
  endfacet
  facet normal 2.596162e-01 -9.397600e-01 -2.223747e-01
    outer loop
      vertex 3.786131e-01 3.392331e+00 -9.024238e-02
      vertex -2.095266e-01 3.286047e+00 -3.277193e-01
      vertex -1.402980e-01 3.345938e+00 -5.000000e-01
    endloop
  endfacet
  facet normal 1.800847e-01 -9.766098e-01 -1.174850e-01
    outer loop
      vertex 3.786131e-01 3.392331e+00 -9.024238e-02
      vertex -1.402980e-01 3.345938e+00 -5.000000e-01
      vertex 4.695502e-01 3.429379e+00 -2.588190e-01
    endloop
  endfacet
  facet normal 8.724679e-02 -9.887538e-01 1.214656e-01
    outer loop
      vertex 4.695502e-01 3.429379e+00 -2.588190e-01
      vertex -1.402980e-01 3.345938e+00 -5.000000e-01
      vertex -4.971034e-02 3.332768e+00 -6.722807e-01
    endloop
  endfacet
  facet normal 1.042443e-03 -9.740584e-01 2.262946e-01
    outer loop
      vertex 4.695502e-01 3.429379e+00 -2.588190e-01
      vertex -4.971034e-02 3.332768e+00 -6.722807e-01
      vertex 5.596383e-01 3.390312e+00 -4.273957e-01
    endloop
  endfacet
  facet normal -9.610640e-02 -8.888491e-01 4.480077e-01
    outer loop
      vertex 5.596383e-01 3.390312e+00 -4.273957e-01
      vertex -4.971034e-02 3.332768e+00 -6.722807e-01
      vertex 4.844531e-02 3.248540e+00 -8.183332e-01
    endloop
  endfacet
  facet normal -1.805302e-01 -8.251448e-01 5.352988e-01
    outer loop
      vertex 5.596383e-01 3.390312e+00 -4.273957e-01
      vertex 4.844531e-02 3.248540e+00 -8.183332e-01
      vertex 6.351623e-01 3.281076e+00 -5.703081e-01
    endloop
  endfacet
  facet normal -2.635729e-01 -6.538135e-01 7.092652e-01
    outer loop
      vertex 6.351623e-01 3.281076e+00 -5.703081e-01
      vertex 4.844531e-02 3.248540e+00 -8.183332e-01
      vertex 1.392256e-01 3.106077e+00 -9.159223e-01
    endloop
  endfacet
  facet normal -3.377785e-01 -5.505127e-01 7.634405e-01
    outer loop
      vertex 6.351623e-01 3.281076e+00 -5.703081e-01
      vertex 1.392256e-01 3.106077e+00 -9.159223e-01
      vertex 6.846242e-01 3.118303e+00 -6.657991e-01
    endloop
  endfacet
  facet normal -3.894877e-01 -3.169530e-01 8.647775e-01
    outer loop
      vertex 6.846242e-01 3.118303e+00 -6.657991e-01
      vertex 1.392256e-01 3.106077e+00 -9.159223e-01
      vertex 2.088101e-01 2.927069e+00 -9.501911e-01
    endloop
  endfacet
  facet normal -4.462775e-01 -1.900752e-01 8.744757e-01
    outer loop
      vertex 6.846242e-01 3.118303e+00 -6.657991e-01
      vertex 2.088101e-01 2.927069e+00 -9.501911e-01
      vertex 7.004940e-01 2.926772e+00 -6.993311e-01
    endloop
  endfacet
  facet normal -4.532997e-01 7.072156e-02 8.885482e-01
    outer loop
      vertex 7.004940e-01 2.926772e+00 -6.993311e-01
      vertex 2.088101e-01 2.927069e+00 -9.501911e-01
      vertex 2.466051e-01 2.738768e+00 -9.159223e-01
    endloop
  endfacet
  facet normal -4.883225e-01 2.004597e-01 8.493274e-01
    outer loop
      vertex 7.004940e-01 2.926772e+00 -6.993311e-01
      vertex 2.466051e-01 2.738768e+00 -9.159223e-01
      vertex 6.803556e-01 2.735643e+00 -6.657991e-01
    endloop
  endfacet
  facet normal -4.442763e-01 4.476511e-01 7.760329e-01
    outer loop
      vertex 6.803556e-01 2.735643e+00 -6.657991e-01
      vertex 2.466051e-01 2.738768e+00 -9.159223e-01
      vertex 2.468567e-01 2.569840e+00 -8.183332e-01
    endloop
  endfacet
  facet normal -4.571908e-01 5.588802e-01 6.918306e-01
    outer loop
      vertex 6.803556e-01 2.735643e+00 -6.657991e-01
      vertex 2.468567e-01 2.569840e+00 -8.183332e-01
      vertex 6.272749e-01 2.574013e+00 -5.703081e-01
    endloop
  endfacet
  facet normal -3.644428e-01 7.541549e-01 5.462891e-01
    outer loop
      vertex 6.272749e-01 2.574013e+00 -5.703081e-01
      vertex 2.468567e-01 2.569840e+00 -8.183332e-01
      vertex 2.095266e-01 2.446004e+00 -6.722807e-01
    endloop
  endfacet
  facet normal -3.587017e-01 8.293613e-01 4.283608e-01
    outer loop
      vertex 6.272749e-01 2.574013e+00 -5.703081e-01
      vertex 2.095266e-01 2.446004e+00 -6.722807e-01
      vertex 5.493330e-01 2.466490e+00 -4.273957e-01
    endloop
  endfacet
  facet normal -2.276423e-01 9.444956e-01 2.368692e-01
    outer loop
      vertex 5.493330e-01 2.466490e+00 -4.273957e-01
      vertex 2.095266e-01 2.446004e+00 -6.722807e-01
      vertex 1.402980e-01 2.386112e+00 -5.000000e-01
    endloop
  endfacet
  facet normal -2.090606e-01 9.726741e-01 1.009892e-01
    outer loop
      vertex 5.493330e-01 2.466490e+00 -4.273957e-01
      vertex 1.402980e-01 2.386112e+00 -5.000000e-01
      vertex 4.583958e-01 2.429441e+00 -2.588190e-01
    endloop
  endfacet
  facet normal -3.384939e-01 9.332072e-01 -1.206077e-01
    outer loop
      vertex 1.402980e-01 2.386112e+00 -5.000000e-01
      vertex -1.540626e-01 2.252575e+00 -7.071068e-01
      vertex -2.342621e-01 2.246456e+00 -5.293687e-01
    endloop
  endfacet
  facet normal -3.226275e-01 9.156862e-01 -2.396462e-01
    outer loop
      vertex 1.402980e-01 2.386112e+00 -5.000000e-01
      vertex -2.342621e-01 2.246456e+00 -5.293687e-01
      vertex 4.971034e-02 2.399283e+00 -3.277193e-01
    endloop
  endfacet
  facet normal -1.511582e-01 8.785979e-01 -4.530088e-01
    outer loop
      vertex 4.971034e-02 2.399283e+00 -3.277193e-01
      vertex -2.342621e-01 2.246456e+00 -5.293687e-01
      vertex -3.432691e-01 2.305393e+00 -3.786897e-01
    endloop
  endfacet
  facet normal -1.239778e-01 8.212517e-01 -5.569337e-01
    outer loop
      vertex 4.971034e-02 2.399283e+00 -3.277193e-01
      vertex -3.432691e-01 2.305393e+00 -3.786897e-01
      vertex -4.844531e-02 2.483511e+00 -1.816668e-01
    endloop
  endfacet
  facet normal 6.118661e-02 6.931444e-01 -7.181971e-01
    outer loop
      vertex -4.844531e-02 2.483511e+00 -1.816668e-01
      vertex -3.432691e-01 2.305393e+00 -3.786897e-01
      vertex -4.644882e-01 2.420413e+00 -2.780091e-01
    endloop
  endfacet
  facet normal 9.233189e-02 6.020989e-01 -7.930647e-01
    outer loop
      vertex -4.844531e-02 2.483511e+00 -1.816668e-01
      vertex -4.644882e-01 2.420413e+00 -2.780091e-01
      vertex -1.392256e-01 2.625974e+00 -8.407765e-02
    endloop
  endfacet
  facet normal 2.679079e-01 4.020830e-01 -8.755311e-01
    outer loop
      vertex -1.392256e-01 2.625974e+00 -8.407765e-02
      vertex -4.644882e-01 2.420413e+00 -2.780091e-01
      vertex -5.794650e-01 2.574005e+00 -2.426548e-01
    endloop
  endfacet
  facet normal 2.941041e-01 2.887457e-01 -9.111140e-01
    outer loop
      vertex -1.392256e-01 2.625974e+00 -8.407765e-02
      vertex -5.794650e-01 2.574005e+00 -2.426548e-01
      vertex -2.088101e-01 2.804982e+00 -4.980889e-02
    endloop
  endfacet
  facet normal 4.372102e-01 4.820562e-02 -8.980665e-01
    outer loop
      vertex -2.088101e-01 2.804982e+00 -4.980889e-02
      vertex -5.794650e-01 2.574005e+00 -2.426548e-01
      vertex -6.706951e-01 2.742787e+00 -2.780091e-01
    endloop
  endfacet
  facet normal 4.495616e-01 -7.180139e-02 -8.903589e-01
    outer loop
      vertex -2.088101e-01 2.804982e+00 -4.980889e-02
      vertex -6.706951e-01 2.742787e+00 -2.780091e-01
      vertex -2.466051e-01 2.993283e+00 -8.407765e-02
    endloop
  endfacet
  facet normal 5.416108e-01 -3.129076e-01 -7.802221e-01
    outer loop
      vertex -2.466051e-01 2.993283e+00 -8.407765e-02
      vertex -6.706951e-01 2.742787e+00 -2.780091e-01
      vertex -7.242897e-01 2.901063e+00 -3.786897e-01
    endloop
  endfacet
  facet normal 5.334780e-01 -4.225022e-01 -7.327300e-01
    outer loop
      vertex -2.466051e-01 2.993283e+00 -8.407765e-02
      vertex -7.242897e-01 2.901063e+00 -3.786897e-01
      vertex -2.468567e-01 3.162211e+00 -1.816668e-01
    endloop
  endfacet
  facet normal 5.643374e-01 -6.235590e-01 -5.410152e-01
    outer loop
      vertex -2.468567e-01 3.162211e+00 -1.816668e-01
      vertex -7.242897e-01 2.901063e+00 -3.786897e-01
      vertex -7.320895e-01 3.024737e+00 -5.293687e-01
    endloop
  endfacet
  facet normal 5.328924e-01 -7.077152e-01 -4.638588e-01
    outer loop
      vertex -2.468567e-01 3.162211e+00 -1.816668e-01
      vertex -7.320895e-01 3.024737e+00 -5.293687e-01
      vertex -2.095266e-01 3.286047e+00 -3.277193e-01
    endloop
  endfacet
  facet normal 5.028001e-01 -8.360506e-01 -2.195712e-01
    outer loop
      vertex -2.095266e-01 3.286047e+00 -3.277193e-01
      vertex -7.320895e-01 3.024737e+00 -5.293687e-01
      vertex -6.929070e-01 3.094980e+00 -7.071068e-01
    endloop
  endfacet
  facet normal 4.491956e-01 -8.843697e-01 -1.269390e-01
    outer loop
      vertex -2.095266e-01 3.286047e+00 -3.277193e-01
      vertex -6.929070e-01 3.094980e+00 -7.071068e-01
      vertex -1.402980e-01 3.345938e+00 -5.000000e-01
    endloop
  endfacet
  facet normal 3.676189e-01 -9.202434e-01 1.341958e-01
    outer loop
      vertex -1.402980e-01 3.345938e+00 -5.000000e-01
      vertex -6.929070e-01 3.094980e+00 -7.071068e-01
      vertex -6.127075e-01 3.101100e+00 -8.848448e-01
    endloop
  endfacet
  facet normal 2.962085e-01 -9.278336e-01 2.266833e-01
    outer loop
      vertex -1.402980e-01 3.345938e+00 -5.000000e-01
      vertex -6.127075e-01 3.101100e+00 -8.848448e-01
      vertex -4.971034e-02 3.332768e+00 -6.722807e-01
    endloop
  endfacet
  facet normal 1.792954e-01 -8.652678e-01 4.681504e-01
    outer loop
      vertex -4.971034e-02 3.332768e+00 -6.722807e-01
      vertex -6.127075e-01 3.101100e+00 -8.848448e-01
      vertex -5.037005e-01 3.042163e+00 -1.035524e+00
    endloop
  endfacet
  facet normal 9.676089e-02 -8.326810e-01 5.452336e-01
    outer loop
      vertex -4.971034e-02 3.332768e+00 -6.722807e-01
      vertex -5.037005e-01 3.042163e+00 -1.035524e+00
      vertex 4.844531e-02 3.248540e+00 -8.183332e-01
    endloop
  endfacet
  facet normal -3.482769e-02 -6.787763e-01 7.335187e-01
    outer loop
      vertex 4.844531e-02 3.248540e+00 -8.183332e-01
      vertex -5.037005e-01 3.042163e+00 -1.035524e+00
      vertex -3.824814e-01 2.927143e+00 -1.136204e+00
    endloop
  endfacet
  facet normal -1.201398e-01 -6.120127e-01 7.816693e-01
    outer loop
      vertex 4.844531e-02 3.248540e+00 -8.183332e-01
      vertex -3.824814e-01 2.927143e+00 -1.136204e+00
      vertex 1.392256e-01 3.106077e+00 -9.159223e-01
    endloop
  endfacet
  facet normal -2.430036e-01 -3.866834e-01 8.896208e-01
    outer loop
      vertex 1.392256e-01 3.106077e+00 -9.159223e-01
      vertex -3.824814e-01 2.927143e+00 -1.136204e+00
      vertex -2.675047e-01 2.773550e+00 -1.171559e+00
    endloop
  endfacet
  facet normal -3.219584e-01 -2.972324e-01 8.988858e-01
    outer loop
      vertex 1.392256e-01 3.106077e+00 -9.159223e-01
      vertex -2.675047e-01 2.773550e+00 -1.171559e+00
      vertex 2.088101e-01 2.927069e+00 -9.501911e-01
    endloop
  endfacet
  facet normal -4.126416e-01 -3.235938e-02 9.103185e-01
    outer loop
      vertex 2.088101e-01 2.927069e+00 -9.501911e-01
      vertex -2.675047e-01 2.773550e+00 -1.171559e+00
      vertex -1.762745e-01 2.604768e+00 -1.136204e+00
    endloop
  endfacet
  facet normal -4.768788e-01 6.382334e-02 8.766489e-01
    outer loop
      vertex 2.088101e-01 2.927069e+00 -9.501911e-01
      vertex -1.762745e-01 2.604768e+00 -1.136204e+00
      vertex 2.466051e-01 2.738768e+00 -9.159223e-01
    endloop
  endfacet
  facet normal -5.161298e-01 3.284197e-01 7.910440e-01
    outer loop
      vertex 2.466051e-01 2.738768e+00 -9.159223e-01
      vertex -1.762745e-01 2.604768e+00 -1.136204e+00
      vertex -1.226799e-01 2.446493e+00 -1.035524e+00
    endloop
  endfacet
  facet normal -5.599815e-01 4.138142e-01 7.177594e-01
    outer loop
      vertex 2.466051e-01 2.738768e+00 -9.159223e-01
      vertex -1.226799e-01 2.446493e+00 -1.035524e+00
      vertex 2.468567e-01 2.569840e+00 -8.183332e-01
    endloop
  endfacet
  facet normal -5.371794e-01 6.381301e-01 5.515690e-01
    outer loop
      vertex 2.468567e-01 2.569840e+00 -8.183332e-01
      vertex -1.226799e-01 2.446493e+00 -1.035524e+00
      vertex -1.148801e-01 2.322819e+00 -8.848448e-01
    endloop
  endfacet
  facet normal -5.587934e-01 6.975102e-01 4.485860e-01
    outer loop
      vertex 2.468567e-01 2.569840e+00 -8.183332e-01
      vertex -1.148801e-01 2.322819e+00 -8.848448e-01
      vertex 2.095266e-01 2.446004e+00 -6.722807e-01
    endloop
  endfacet
  facet normal -4.741120e-01 8.495580e-01 2.312338e-01
    outer loop
      vertex 2.095266e-01 2.446004e+00 -6.722807e-01
      vertex -1.148801e-01 2.322819e+00 -8.848448e-01
      vertex -1.540626e-01 2.252575e+00 -7.071068e-01
    endloop
  endfacet
  facet normal -4.750661e-01 8.727295e-01 1.124967e-01
    outer loop
      vertex 2.095266e-01 2.446004e+00 -6.722807e-01
      vertex -1.540626e-01 2.252575e+00 -7.071068e-01
      vertex 1.402980e-01 2.386112e+00 -5.000000e-01
    endloop
  endfacet
  facet normal -5.853075e-01 7.982588e-01 -1.421196e-01
    outer loop
      vertex -1.540626e-01 2.252575e+00 -7.071068e-01
      vertex -4.005326e-01 2.043563e+00 -8.660254e-01
      vertex -4.642390e-01 2.029586e+00 -6.821603e-01
    endloop
  endfacet
  facet normal -5.797871e-01 7.802169e-01 -2.347519e-01
    outer loop
      vertex -1.540626e-01 2.252575e+00 -7.071068e-01
      vertex -4.642390e-01 2.029586e+00 -6.821603e-01
      vertex -2.342621e-01 2.246456e+00 -5.293687e-01
    endloop
  endfacet
  facet normal -4.085421e-01 7.740243e-01 -4.837145e-01
    outer loop
      vertex -2.342621e-01 2.246456e+00 -5.293687e-01
      vertex -4.642390e-01 2.029586e+00 -6.821603e-01
      vertex -5.748819e-01 2.068597e+00 -5.262870e-01
    endloop
  endfacet
  facet normal -3.860325e-01 7.295142e-01 -5.646132e-01
    outer loop
      vertex -2.342621e-01 2.246456e+00 -5.293687e-01
      vertex -5.748819e-01 2.068597e+00 -5.262870e-01
      vertex -3.432691e-01 2.305393e+00 -3.786897e-01
    endloop
  endfacet
  facet normal -1.692267e-01 6.352255e-01 -7.535588e-01
    outer loop
      vertex -3.432691e-01 2.305393e+00 -3.786897e-01
      vertex -5.748819e-01 2.068597e+00 -5.262870e-01
      vertex -7.156168e-01 2.154658e+00 -4.221358e-01
    endloop
  endfacet
  facet normal -1.352417e-01 5.680612e-01 -8.117981e-01
    outer loop
      vertex -3.432691e-01 2.305393e+00 -3.786897e-01
      vertex -7.156168e-01 2.154658e+00 -4.221358e-01
      vertex -4.644882e-01 2.420413e+00 -2.780091e-01
    endloop
  endfacet
  facet normal 9.882044e-02 4.006253e-01 -9.108973e-01
    outer loop
      vertex -4.644882e-01 2.420413e+00 -2.780091e-01
      vertex -7.156168e-01 2.154658e+00 -4.221358e-01
      vertex -8.650182e-01 2.274666e+00 -3.855628e-01
    endloop
  endfacet
  facet normal 1.362477e-01 3.179641e-01 -9.382619e-01
    outer loop
      vertex -4.644882e-01 2.420413e+00 -2.780091e-01
      vertex -8.650182e-01 2.274666e+00 -3.855628e-01
      vertex -5.794650e-01 2.574005e+00 -2.426548e-01
    endloop
  endfacet
  facet normal 3.555566e-01 1.042490e-01 -9.288227e-01
    outer loop
      vertex -5.794650e-01 2.574005e+00 -2.426548e-01
      vertex -8.650182e-01 2.274666e+00 -3.855628e-01
      vertex -1.000341e+00 2.410351e+00 -4.221358e-01
    endloop
  endfacet
  facet normal 3.869377e-01 1.602596e-02 -9.219666e-01
    outer loop
      vertex -5.794650e-01 2.574005e+00 -2.426548e-01
      vertex -1.000341e+00 2.410351e+00 -4.221358e-01
      vertex -6.706951e-01 2.742787e+00 -2.780091e-01
    endloop
  endfacet
  facet normal 5.601167e-01 -2.077345e-01 -8.019449e-01
    outer loop
      vertex -6.706951e-01 2.742787e+00 -2.780091e-01
      vertex -1.000341e+00 2.410351e+00 -4.221358e-01
      vertex -1.100983e+00 2.541056e+00 -5.262870e-01
    endloop
  endfacet
  facet normal 5.767362e-01 -2.904183e-01 -7.635657e-01
    outer loop
      vertex -6.706951e-01 2.742787e+00 -2.780091e-01
      vertex -1.100983e+00 2.541056e+00 -5.262870e-01
      vertex -7.242897e-01 2.901063e+00 -3.786897e-01
    endloop
  endfacet
  facet normal 6.794515e-01 -4.853477e-01 -5.502574e-01
    outer loop
      vertex -7.242897e-01 2.901063e+00 -3.786897e-01
      vertex -1.100983e+00 2.541056e+00 -5.262870e-01
      vertex -1.151624e+00 2.646883e+00 -6.821603e-01
    endloop
  endfacet
  facet normal 6.754534e-01 -5.524630e-01 -4.884131e-01
    outer loop
      vertex -7.242897e-01 2.901063e+00 -3.786897e-01
      vertex -1.151624e+00 2.646883e+00 -6.821603e-01
      vertex -7.320895e-01 3.024737e+00 -5.293687e-01
    endloop
  endfacet
  facet normal 6.956515e-01 -6.854630e-01 -2.149636e-01
    outer loop
      vertex -7.320895e-01 3.024737e+00 -5.293687e-01
      vertex -1.151624e+00 2.646883e+00 -6.821603e-01
      vertex -1.144552e+00 2.711720e+00 -8.660254e-01
    endloop
  endfacet
  facet normal 6.689309e-01 -7.298348e-01 -1.409702e-01
    outer loop
      vertex -7.320895e-01 3.024737e+00 -5.293687e-01
      vertex -1.144552e+00 2.711720e+00 -8.660254e-01
      vertex -6.929070e-01 3.094980e+00 -7.071068e-01
    endloop
  endfacet
  facet normal 6.080423e-01 -7.793278e-01 1.514360e-01
    outer loop
      vertex -6.929070e-01 3.094980e+00 -7.071068e-01
      vertex -1.144552e+00 2.711720e+00 -8.660254e-01
      vertex -1.080846e+00 2.725697e+00 -1.049890e+00
    endloop
  endfacet
  facet normal 5.599683e-01 -7.973150e-01 2.252206e-01
    outer loop
      vertex -6.929070e-01 3.094980e+00 -7.071068e-01
      vertex -1.080846e+00 2.725697e+00 -1.049890e+00
      vertex -6.127075e-01 3.101100e+00 -8.848448e-01
    endloop
  endfacet
  facet normal 4.308267e-01 -7.547523e-01 4.947094e-01
    outer loop
      vertex -6.127075e-01 3.101100e+00 -8.848448e-01
      vertex -1.080846e+00 2.725697e+00 -1.049890e+00
      vertex -9.702031e-01 2.686685e+00 -1.205764e+00
    endloop
  endfacet
  facet normal 3.655854e-01 -7.462054e-01 5.563496e-01
    outer loop
      vertex -6.127075e-01 3.101100e+00 -8.848448e-01
      vertex -9.702031e-01 2.686685e+00 -1.205764e+00
      vertex -5.037005e-01 3.042163e+00 -1.035524e+00
    endloop
  endfacet
  facet normal 1.897948e-01 -6.154329e-01 7.649969e-01
    outer loop
      vertex -5.037005e-01 3.042163e+00 -1.035524e+00
      vertex -9.702031e-01 2.686685e+00 -1.205764e+00
      vertex -8.294681e-01 2.600624e+00 -1.309915e+00
    endloop
  endfacet
  facet normal 1.139231e-01 -5.836684e-01 8.039606e-01
    outer loop
      vertex -5.037005e-01 3.042163e+00 -1.035524e+00
      vertex -8.294681e-01 2.600624e+00 -1.309915e+00
      vertex -3.824814e-01 2.927143e+00 -1.136204e+00
    endloop
  endfacet
  facet normal -8.009947e-02 -3.804919e-01 9.213088e-01
    outer loop
      vertex -3.824814e-01 2.927143e+00 -1.136204e+00
      vertex -8.294681e-01 2.600624e+00 -1.309915e+00
      vertex -6.800668e-01 2.480617e+00 -1.346488e+00
    endloop
  endfacet
  facet normal -1.581883e-01 -3.324328e-01 9.297660e-01
    outer loop
      vertex -3.824814e-01 2.927143e+00 -1.136204e+00
      vertex -6.800668e-01 2.480617e+00 -1.346488e+00
      vertex -2.675047e-01 2.773550e+00 -1.171559e+00
    endloop
  endfacet
  facet normal -3.377426e-01 -8.415205e-02 9.374691e-01
    outer loop
      vertex -2.675047e-01 2.773550e+00 -1.171559e+00
      vertex -6.800668e-01 2.480617e+00 -1.346488e+00
      vertex -5.447441e-01 2.344932e+00 -1.309915e+00
    endloop
  endfacet
  facet normal -4.088765e-01 -2.995152e-02 9.120981e-01
    outer loop
      vertex -2.675047e-01 2.773550e+00 -1.171559e+00
      vertex -5.447441e-01 2.344932e+00 -1.309915e+00
      vertex -1.762745e-01 2.604768e+00 -1.136204e+00
    endloop
  endfacet
  facet normal -5.418599e-01 2.274904e-01 8.090958e-01
    outer loop
      vertex -1.762745e-01 2.604768e+00 -1.136204e+00
      vertex -5.447441e-01 2.344932e+00 -1.309915e+00
      vertex -4.441016e-01 2.214226e+00 -1.205764e+00
    endloop
  endfacet
  facet normal -5.980335e-01 2.761098e-01 7.524090e-01
    outer loop
      vertex -1.762745e-01 2.604768e+00 -1.136204e+00
      vertex -4.441016e-01 2.214226e+00 -1.205764e+00
      vertex -1.226799e-01 2.446493e+00 -1.035524e+00
    endloop
  endfacet
  facet normal -6.596546e-01 5.046570e-01 5.569354e-01
    outer loop
      vertex -1.226799e-01 2.446493e+00 -1.035524e+00
      vertex -4.441016e-01 2.214226e+00 -1.205764e+00
      vertex -3.934612e-01 2.108400e+00 -1.049890e+00
    endloop
  endfacet
  facet normal -6.958546e-01 5.370542e-01 4.768219e-01
    outer loop
      vertex -1.226799e-01 2.446493e+00 -1.035524e+00
      vertex -3.934612e-01 2.108400e+00 -1.049890e+00
      vertex -1.148801e-01 2.322819e+00 -8.848448e-01
    endloop
  endfacet
  facet normal -6.740002e-01 7.044317e-01 2.224853e-01
    outer loop
      vertex -1.148801e-01 2.322819e+00 -8.848448e-01
      vertex -3.934612e-01 2.108400e+00 -1.049890e+00
      vertex -4.005326e-01 2.043563e+00 -8.660254e-01
    endloop
  endfacet
  facet normal -6.887236e-01 7.132635e-01 1.300578e-01
    outer loop
      vertex -1.148801e-01 2.322819e+00 -8.848448e-01
      vertex -4.005326e-01 2.043563e+00 -8.660254e-01
      vertex -1.540626e-01 2.252575e+00 -7.071068e-01
    endloop
  endfacet
  facet normal -7.789889e-01 6.041677e-01 -1.678028e-01
    outer loop
      vertex -4.005326e-01 2.043563e+00 -8.660254e-01
      vertex -5.817862e-01 1.782115e+00 -9.659258e-01
      vertex -6.290544e-01 1.773687e+00 -7.768361e-01
    endloop
  endfacet
  facet normal -7.789846e-01 5.851199e-01 -2.254278e-01
    outer loop
      vertex -4.005326e-01 2.043563e+00 -8.660254e-01
      vertex -6.290544e-01 1.773687e+00 -7.768361e-01
      vertex -4.642390e-01 2.029586e+00 -6.821603e-01
    endloop
  endfacet
  facet normal -6.187702e-01 5.902991e-01 -5.183343e-01
    outer loop
      vertex -4.642390e-01 2.029586e+00 -6.821603e-01
      vertex -6.290544e-01 1.773687e+00 -7.768361e-01
      vertex -7.366752e-01 1.801636e+00 -6.165336e-01
    endloop
  endfacet
  facet normal -6.041346e-01 5.583441e-01 -5.685713e-01
    outer loop
      vertex -4.642390e-01 2.029586e+00 -6.821603e-01
      vertex -7.366752e-01 1.801636e+00 -6.165336e-01
      vertex -5.748819e-01 2.068597e+00 -5.262870e-01
    endloop
  endfacet
  facet normal -3.656101e-01 4.892511e-01 -7.918097e-01
    outer loop
      vertex -5.748819e-01 2.068597e+00 -5.262870e-01
      vertex -7.366752e-01 1.801636e+00 -6.165336e-01
      vertex -8.882642e-01 1.861705e+00 -5.094228e-01
    endloop
  endfacet
  facet normal -3.394507e-01 4.466944e-01 -8.277907e-01
    outer loop
      vertex -5.748819e-01 2.068597e+00 -5.262870e-01
      vertex -8.882642e-01 1.861705e+00 -5.094228e-01
      vertex -7.156168e-01 2.154658e+00 -4.221358e-01
    endloop
  endfacet
  facet normal -5.507097e-02 3.147867e-01 -9.475635e-01
    outer loop
      vertex -7.156168e-01 2.154658e+00 -4.221358e-01
      vertex -8.882642e-01 1.861705e+00 -5.094228e-01
      vertex -1.060744e+00 1.944750e+00 -4.718105e-01
    endloop
  endfacet
  facet normal -2.272133e-02 2.654537e-01 -9.638558e-01
    outer loop
      vertex -7.156168e-01 2.154658e+00 -4.221358e-01
      vertex -1.060744e+00 1.944750e+00 -4.718105e-01
      vertex -8.650182e-01 2.274666e+00 -3.855628e-01
    endloop
  endfacet
  facet normal 2.673682e-01 9.213355e-02 -9.591797e-01
    outer loop
      vertex -8.650182e-01 2.274666e+00 -3.855628e-01
      vertex -1.060744e+00 1.944750e+00 -4.718105e-01
      vertex -1.227855e+00 2.038127e+00 -5.094228e-01
    endloop
  endfacet
  facet normal 2.987646e-01 4.097134e-02 -9.534469e-01
    outer loop
      vertex -8.650182e-01 2.274666e+00 -3.855628e-01
      vertex -1.227855e+00 2.038127e+00 -5.094228e-01
      vertex -1.000341e+00 2.410351e+00 -4.221358e-01
    endloop
  endfacet
  facet normal 5.511721e-01 -1.441689e-01 -8.218422e-01
    outer loop
      vertex -1.000341e+00 2.410351e+00 -4.221358e-01
      vertex -1.227855e+00 2.038127e+00 -5.094228e-01
      vertex -1.364156e+00 2.127623e+00 -6.165336e-01
    endloop
  endfacet
  facet normal 5.743440e-01 -1.918882e-01 -7.958064e-01
    outer loop
      vertex -1.000341e+00 2.410351e+00 -4.221358e-01
      vertex -1.364156e+00 2.127623e+00 -6.165336e-01
      vertex -1.100983e+00 2.541056e+00 -5.262870e-01
    endloop
  endfacet
  facet normal 7.504774e-01 -3.562024e-01 -5.566898e-01
    outer loop
      vertex -1.100983e+00 2.541056e+00 -5.262870e-01
      vertex -1.364156e+00 2.127623e+00 -6.165336e-01
      vertex -1.448898e+00 2.199610e+00 -7.768361e-01
    endloop
  endfacet
  facet normal 7.598612e-01 -3.958844e-01 -5.156419e-01
    outer loop
      vertex -1.100983e+00 2.541056e+00 -5.262870e-01
      vertex -1.448898e+00 2.199610e+00 -7.768361e-01
      vertex -1.151624e+00 2.646883e+00 -6.821603e-01
    endloop
  endfacet
  facet normal 8.344193e-01 -5.107594e-01 -2.070488e-01
    outer loop
      vertex -1.151624e+00 2.646883e+00 -6.821603e-01
      vertex -1.448898e+00 2.199610e+00 -7.768361e-01
      vertex -1.469179e+00 2.243130e+00 -9.659258e-01
    endloop
  endfacet
  facet normal 8.271247e-01 -5.392503e-01 -1.583476e-01
    outer loop
      vertex -1.151624e+00 2.646883e+00 -6.821603e-01
      vertex -1.469179e+00 2.243130e+00 -9.659258e-01
      vertex -1.144552e+00 2.711720e+00 -8.660254e-01
    endloop
  endfacet
  facet normal 7.922320e-01 -5.854940e-01 1.719455e-01
    outer loop
      vertex -1.144552e+00 2.711720e+00 -8.660254e-01
      vertex -1.469179e+00 2.243130e+00 -9.659258e-01
      vertex -1.421910e+00 2.251558e+00 -1.155016e+00
    endloop
  endfacet
  facet normal 7.680102e-01 -6.013210e-01 2.203938e-01
    outer loop
      vertex -1.144552e+00 2.711720e+00 -8.660254e-01
      vertex -1.421910e+00 2.251558e+00 -1.155016e+00
      vertex -1.080846e+00 2.725697e+00 -1.049890e+00
    endloop
  endfacet
  facet normal 6.321380e-01 -5.708814e-01 5.239236e-01
    outer loop
      vertex -1.080846e+00 2.725697e+00 -1.049890e+00
      vertex -1.421910e+00 2.251558e+00 -1.155016e+00
      vertex -1.314290e+00 2.223609e+00 -1.315318e+00
    endloop
  endfacet
  facet normal 5.929467e-01 -5.741563e-01 5.645872e-01
    outer loop
      vertex -1.080846e+00 2.725697e+00 -1.049890e+00
      vertex -1.314290e+00 2.223609e+00 -1.315318e+00
      vertex -9.702031e-01 2.686685e+00 -1.205764e+00
    endloop
  endfacet
  facet normal 3.778069e-01 -4.695197e-01 7.980057e-01
    outer loop
      vertex -9.702031e-01 2.686685e+00 -1.205764e+00
      vertex -1.314290e+00 2.223609e+00 -1.315318e+00
      vertex -1.162701e+00 2.163540e+00 -1.422429e+00
    endloop
  endfacet
  facet normal 3.275351e-01 -4.618887e-01 8.242448e-01
    outer loop
      vertex -9.702031e-01 2.686685e+00 -1.205764e+00
      vertex -1.162701e+00 2.163540e+00 -1.422429e+00
      vertex -8.294681e-01 2.600624e+00 -1.309915e+00
    endloop
  endfacet
  facet normal 6.562496e-02 -2.953842e-01 9.531220e-01
    outer loop
      vertex -8.294681e-01 2.600624e+00 -1.309915e+00
      vertex -1.162701e+00 2.163540e+00 -1.422429e+00
      vertex -9.902213e-01 2.080495e+00 -1.460041e+00
    endloop
  endfacet
  facet normal 9.959158e-03 -2.801386e-01 9.599079e-01
    outer loop
      vertex -8.294681e-01 2.600624e+00 -1.309915e+00
      vertex -9.902213e-01 2.080495e+00 -1.460041e+00
      vertex -6.800668e-01 2.480617e+00 -1.346488e+00
    endloop
  endfacet
  facet normal -2.578964e-01 -7.349349e-02 9.633733e-01
    outer loop
      vertex -6.800668e-01 2.480617e+00 -1.346488e+00
      vertex -9.902213e-01 2.080495e+00 -1.460041e+00
      vertex -8.231102e-01 1.987118e+00 -1.422429e+00
    endloop
  endfacet
  facet normal -3.120002e-01 -5.551611e-02 9.484587e-01
    outer loop
      vertex -6.800668e-01 2.480617e+00 -1.346488e+00
      vertex -8.231102e-01 1.987118e+00 -1.422429e+00
      vertex -5.447441e-01 2.344932e+00 -1.309915e+00
    endloop
  endfacet
  facet normal -5.417193e-01 1.620861e-01 8.247838e-01
    outer loop
      vertex -5.447441e-01 2.344932e+00 -1.309915e+00
      vertex -8.231102e-01 1.987118e+00 -1.422429e+00
      vertex -6.868084e-01 1.897622e+00 -1.315318e+00
    endloop
  endfacet
  facet normal -5.873721e-01 1.770089e-01 7.897227e-01
    outer loop
      vertex -5.447441e-01 2.344932e+00 -1.309915e+00
      vertex -6.868084e-01 1.897622e+00 -1.315318e+00
      vertex -4.441016e-01 2.214226e+00 -1.205764e+00
    endloop
  endfacet
  facet normal -7.400367e-01 3.738453e-01 5.590934e-01
    outer loop
      vertex -4.441016e-01 2.214226e+00 -1.205764e+00
      vertex -6.868084e-01 1.897622e+00 -1.315318e+00
      vertex -6.020667e-01 1.825635e+00 -1.155016e+00
    endloop
  endfacet
  facet normal -7.721183e-01 3.803552e-01 5.090808e-01
    outer loop
      vertex -4.441016e-01 2.214226e+00 -1.205764e+00
      vertex -6.020667e-01 1.825635e+00 -1.155016e+00
      vertex -3.934612e-01 2.108400e+00 -1.049890e+00
    endloop
  endfacet
  facet normal -8.224412e-01 5.287101e-01 2.098955e-01
    outer loop
      vertex -3.934612e-01 2.108400e+00 -1.049890e+00
      vertex -6.020667e-01 1.825635e+00 -1.155016e+00
      vertex -5.817862e-01 1.782115e+00 -9.659258e-01
    endloop
  endfacet
  facet normal -8.385291e-01 5.231574e-01 1.522341e-01
    outer loop
      vertex -3.934612e-01 2.108400e+00 -1.049890e+00
      vertex -5.817862e-01 1.782115e+00 -9.659258e-01
      vertex -4.005326e-01 2.043563e+00 -8.660254e-01
    endloop
  endfacet
  facet normal -9.090719e-01 3.690377e-01 -1.933893e-01
    outer loop
      vertex -5.817862e-01 1.782115e+00 -9.659258e-01
      vertex -6.907005e-01 1.495964e+00 -1.000000e+00
      vertex -7.275699e-01 1.505412e+00 -8.086584e-01
    endloop
  endfacet
  facet normal -9.091457e-01 3.589140e-01 -2.112697e-01
    outer loop
      vertex -5.817862e-01 1.782115e+00 -9.659258e-01
      vertex -7.275699e-01 1.505412e+00 -8.086584e-01
      vertex -6.290544e-01 1.773687e+00 -7.768361e-01
    endloop
  endfacet
  facet normal -7.610867e-01 3.446646e-01 -5.495028e-01
    outer loop
      vertex -6.290544e-01 1.773687e+00 -7.768361e-01
      vertex -7.275699e-01 1.505412e+00 -8.086584e-01
      vertex -8.326433e-01 1.532005e+00 -6.464467e-01
    endloop
  endfacet
  facet normal -7.555074e-01 3.315883e-01 -5.650290e-01
    outer loop
      vertex -6.290544e-01 1.773687e+00 -7.768361e-01
      vertex -8.326433e-01 1.532005e+00 -6.464467e-01
      vertex -7.366752e-01 1.801636e+00 -6.165336e-01
    endloop
  endfacet
  facet normal -4.995258e-01 2.691455e-01 -8.234286e-01
    outer loop
      vertex -7.366752e-01 1.801636e+00 -6.165336e-01
      vertex -8.326433e-01 1.532005e+00 -6.464467e-01
      vertex -9.899242e-01 1.571695e+00 -5.380604e-01
    endloop
  endfacet
  facet normal -4.890583e-01 2.538390e-01 -8.344985e-01
    outer loop
      vertex -7.366752e-01 1.801636e+00 -6.165336e-01
      vertex -9.899242e-01 1.571695e+00 -5.380604e-01
      vertex -8.882642e-01 1.861705e+00 -5.094228e-01
    endloop
  endfacet
  facet normal -1.614765e-01 1.528788e-01 -9.749633e-01
    outer loop
      vertex -8.882642e-01 1.861705e+00 -5.094228e-01
      vertex -9.899242e-01 1.571695e+00 -5.380604e-01
      vertex -1.175468e+00 1.618440e+00 -5.000002e-01
    endloop
  endfacet
  facet normal -1.478364e-01 1.365980e-01 -9.795332e-01
    outer loop
      vertex -8.882642e-01 1.861705e+00 -5.094228e-01
      vertex -1.175468e+00 1.618440e+00 -5.000002e-01
      vertex -1.060744e+00 1.944750e+00 -4.718105e-01
    endloop
  endfacet
  facet normal 2.040097e-01 1.283895e-02 -9.788847e-01
    outer loop
      vertex -1.060744e+00 1.944750e+00 -4.718105e-01
      vertex -1.175468e+00 1.618440e+00 -5.000002e-01
      vertex -1.361028e+00 1.665124e+00 -5.380604e-01
    endloop
  endfacet
  facet normal 2.180292e-01 -2.914549e-03 -9.759379e-01
    outer loop
      vertex -1.060744e+00 1.944750e+00 -4.718105e-01
      vertex -1.361028e+00 1.665124e+00 -5.380604e-01
      vertex -1.227855e+00 2.038127e+00 -5.094228e-01
    endloop
  endfacet
  facet normal 5.403888e-01 -1.290991e-01 -8.314526e-01
    outer loop
      vertex -1.227855e+00 2.038127e+00 -5.094228e-01
      vertex -1.361028e+00 1.665124e+00 -5.380604e-01
      vertex -1.518353e+00 1.704638e+00 -6.464467e-01
    endloop
  endfacet
  facet normal 5.517613e-01 -1.430354e-01 -8.216449e-01
    outer loop
      vertex -1.227855e+00 2.038127e+00 -5.094228e-01
      vertex -1.518353e+00 1.704638e+00 -6.464467e-01
      vertex -1.364156e+00 2.127623e+00 -6.165336e-01
    endloop
  endfacet
  facet normal 7.934723e-01 -2.500151e-01 -5.548821e-01
    outer loop
      vertex -1.364156e+00 2.127623e+00 -6.165336e-01
      vertex -1.518353e+00 1.704638e+00 -6.464467e-01
      vertex -1.623493e+00 1.730968e+00 -8.086584e-01
    endloop
  endfacet
  facet normal 7.999173e-01 -2.613301e-01 -5.402211e-01
    outer loop
      vertex -1.364156e+00 2.127623e+00 -6.165336e-01
      vertex -1.623493e+00 1.730968e+00 -8.086584e-01
      vertex -1.448898e+00 2.199610e+00 -7.768361e-01
    endloop
  endfacet
  facet normal 9.234939e-01 -3.308701e-01 -1.941237e-01
    outer loop
      vertex -1.448898e+00 2.199610e+00 -7.768361e-01
      vertex -1.623493e+00 1.730968e+00 -8.086584e-01
      vertex -1.660441e+00 1.740104e+00 -1.000000e+00
    endloop
  endfacet
  facet normal 9.238543e-01 -3.392691e-01 -1.771714e-01
    outer loop
      vertex -1.448898e+00 2.199610e+00 -7.768361e-01
      vertex -1.660441e+00 1.740104e+00 -1.000000e+00
      vertex -1.469179e+00 2.243130e+00 -9.659258e-01
    endloop
  endfacet
  facet normal 9.125964e-01 -3.601059e-01 1.936274e-01
    outer loop
      vertex -1.469179e+00 2.243130e+00 -9.659258e-01
      vertex -1.660441e+00 1.740104e+00 -1.000000e+00
      vertex -1.623571e+00 1.730656e+00 -1.191342e+00
    endloop
  endfacet
  facet normal 9.066626e-01 -3.656729e-01 2.103478e-01
    outer loop
      vertex -1.469179e+00 2.243130e+00 -9.659258e-01
      vertex -1.623571e+00 1.730656e+00 -1.191342e+00
      vertex -1.421910e+00 2.251558e+00 -1.155016e+00
    endloop
  endfacet
  facet normal 7.649771e-01 -3.345325e-01 5.503618e-01
    outer loop
      vertex -1.421910e+00 2.251558e+00 -1.155016e+00
      vertex -1.623571e+00 1.730656e+00 -1.191342e+00
      vertex -1.518498e+00 1.704063e+00 -1.353553e+00
    endloop
  endfacet
  facet normal 7.532119e-01 -3.375967e-01 5.645354e-01
    outer loop
      vertex -1.421910e+00 2.251558e+00 -1.155016e+00
      vertex -1.518498e+00 1.704063e+00 -1.353553e+00
      vertex -1.314290e+00 2.223609e+00 -1.315318e+00
    endloop
  endfacet
  facet normal 5.030955e-01 -2.584336e-01 8.246860e-01
    outer loop
      vertex -1.314290e+00 2.223609e+00 -1.315318e+00
      vertex -1.518498e+00 1.704063e+00 -1.353553e+00
      vertex -1.361217e+00 1.664373e+00 -1.461940e+00
    endloop
  endfacet
  facet normal 4.865826e-01 -2.595402e-01 8.341920e-01
    outer loop
      vertex -1.314290e+00 2.223609e+00 -1.315318e+00
      vertex -1.361217e+00 1.664373e+00 -1.461940e+00
      vertex -1.162701e+00 2.163540e+00 -1.422429e+00
    endloop
  endfacet
  facet normal 1.642904e-01 -1.425950e-01 9.760509e-01
    outer loop
      vertex -1.162701e+00 2.163540e+00 -1.422429e+00
      vertex -1.361217e+00 1.664373e+00 -1.461940e+00
      vertex -1.175673e+00 1.617628e+00 -1.500000e+00
    endloop
  endfacet
  facet normal 1.448718e-01 -1.425704e-01 9.791250e-01
    outer loop
      vertex -1.162701e+00 2.163540e+00 -1.422429e+00
      vertex -1.175673e+00 1.617628e+00 -1.500000e+00
      vertex -9.902213e-01 2.080495e+00 -1.460041e+00
    endloop
  endfacet
  facet normal -2.018174e-01 -3.691866e-03 9.794162e-01
    outer loop
      vertex -9.902213e-01 2.080495e+00 -1.460041e+00
      vertex -1.175673e+00 1.617628e+00 -1.500000e+00
      vertex -9.901133e-01 1.570944e+00 -1.461940e+00
    endloop
  endfacet
  facet normal -2.215358e-01 -3.680130e-03 9.751453e-01
    outer loop
      vertex -9.902213e-01 2.080495e+00 -1.460041e+00
      vertex -9.901133e-01 1.570944e+00 -1.461940e+00
      vertex -8.231102e-01 1.987118e+00 -1.422429e+00
    endloop
  endfacet
  facet normal -5.383882e-01 1.371077e-01 8.314684e-01
    outer loop
      vertex -8.231102e-01 1.987118e+00 -1.422429e+00
      vertex -9.901133e-01 1.570944e+00 -1.461940e+00
      vertex -8.327880e-01 1.531430e+00 -1.353553e+00
    endloop
  endfacet
  facet normal -5.555022e-01 1.357910e-01 8.203524e-01
    outer loop
      vertex -8.231102e-01 1.987118e+00 -1.422429e+00
      vertex -8.327880e-01 1.531430e+00 -1.353553e+00
      vertex -6.868084e-01 1.897622e+00 -1.315318e+00
    endloop
  endfacet
  facet normal -7.912362e-01 2.575073e-01 5.546488e-01
    outer loop
      vertex -6.868084e-01 1.897622e+00 -1.315318e+00
      vertex -8.327880e-01 1.531430e+00 -1.353553e+00
      vertex -7.276482e-01 1.505100e+00 -1.191342e+00
    endloop
  endfacet
  facet normal -8.034156e-01 2.537226e-01 5.386541e-01
    outer loop
      vertex -6.868084e-01 1.897622e+00 -1.315318e+00
      vertex -7.276482e-01 1.505100e+00 -1.191342e+00
      vertex -6.020667e-01 1.825635e+00 -1.155016e+00
    endloop
  endfacet
  facet normal -9.206761e-01 3.387285e-01 1.939549e-01
    outer loop
      vertex -6.020667e-01 1.825635e+00 -1.155016e+00
      vertex -7.276482e-01 1.505100e+00 -1.191342e+00
      vertex -6.907005e-01 1.495964e+00 -1.000000e+00
    endloop
  endfacet
  facet normal -9.268169e-01 3.318322e-01 1.757775e-01
    outer loop
      vertex -6.020667e-01 1.825635e+00 -1.155016e+00
      vertex -6.907005e-01 1.495964e+00 -1.000000e+00
      vertex -5.817862e-01 1.782115e+00 -9.659258e-01
    endloop
  endfacet
  facet normal -9.707327e-01 1.144029e-01 -2.111634e-01
    outer loop
      vertex -6.907005e-01 1.495964e+00 -1.000000e+00
      vertex -7.315655e-01 1.212110e+00 -9.659258e-01
      vertex -7.682835e-01 1.247962e+00 -7.777062e-01
    endloop
  endfacet
  facet normal -9.723274e-01 1.304668e-01 -1.937983e-01
    outer loop
      vertex -6.907005e-01 1.495964e+00 -1.000000e+00
      vertex -7.682835e-01 1.247962e+00 -7.777062e-01
      vertex -7.275699e-01 1.505412e+00 -8.086584e-01
    endloop
  endfacet
  facet normal -8.224384e-01 6.207989e-02 -5.654565e-01
    outer loop
      vertex -7.275699e-01 1.505412e+00 -8.086584e-01
      vertex -7.682835e-01 1.247962e+00 -7.777062e-01
      vertex -8.754766e-01 1.281263e+00 -6.181414e-01
    endloop
  endfacet
  facet normal -8.306237e-01 7.968034e-02 -5.511037e-01
    outer loop
      vertex -7.275699e-01 1.505412e+00 -8.086584e-01
      vertex -8.754766e-01 1.281263e+00 -6.181414e-01
      vertex -8.326433e-01 1.532005e+00 -6.464467e-01
    endloop
  endfacet
  facet normal -5.513022e-01 -4.830217e-06 -8.343056e-01
    outer loop
      vertex -8.326433e-01 1.532005e+00 -6.464467e-01
      vertex -8.754766e-01 1.281263e+00 -6.181414e-01
      vertex -1.036825e+00 1.306942e+00 -5.115235e-01
    endloop
  endfacet
  facet normal -5.643962e-01 1.725901e-02 -8.253236e-01
    outer loop
      vertex -8.326433e-01 1.532005e+00 -6.464467e-01
      vertex -1.036825e+00 1.306942e+00 -5.115235e-01
      vertex -9.899242e-01 1.571695e+00 -5.380604e-01
    endloop
  endfacet
  facet normal -1.965399e-01 -6.325560e-02 -9.784533e-01
    outer loop
      vertex -9.899242e-01 1.571695e+00 -5.380604e-01
      vertex -1.036825e+00 1.306942e+00 -5.115235e-01
      vertex -1.227766e+00 1.321091e+00 -4.740843e-01
    endloop
  endfacet
  facet normal -2.122423e-01 -4.773939e-02 -9.760503e-01
    outer loop
      vertex -9.899242e-01 1.571695e+00 -5.380604e-01
      vertex -1.227766e+00 1.321091e+00 -4.740843e-01
      vertex -1.175468e+00 1.618440e+00 -5.000002e-01
    endloop
  endfacet
  facet normal 1.902816e-01 -1.184058e-01 -9.745630e-01
    outer loop
      vertex -1.175468e+00 1.618440e+00 -5.000002e-01
      vertex -1.227766e+00 1.321091e+00 -4.740843e-01
      vertex -1.419230e+00 1.321554e+00 -5.115235e-01
    endloop
  endfacet
  facet normal 1.743581e-01 -1.051575e-01 -9.790511e-01
    outer loop
      vertex -1.175468e+00 1.618440e+00 -5.000002e-01
      vertex -1.419230e+00 1.321554e+00 -5.115235e-01
      vertex -1.361028e+00 1.665124e+00 -5.380604e-01
    endloop
  endfacet
  facet normal 5.499371e-01 -1.565288e-01 -8.204072e-01
    outer loop
      vertex -1.361028e+00 1.665124e+00 -5.380604e-01
      vertex -1.419230e+00 1.321554e+00 -5.115235e-01
      vertex -1.582068e+00 1.308262e+00 -6.181414e-01
    endloop
  endfacet
  facet normal 5.362323e-01 -1.455679e-01 -8.314234e-01
    outer loop
      vertex -1.361028e+00 1.665124e+00 -5.380604e-01
      vertex -1.582068e+00 1.308262e+00 -6.181414e-01
      vertex -1.518353e+00 1.704638e+00 -6.464467e-01
    endloop
  endfacet
  facet normal 8.248661e-01 -1.710692e-01 -5.388239e-01
    outer loop
      vertex -1.518353e+00 1.704638e+00 -6.464467e-01
      vertex -1.582068e+00 1.308262e+00 -6.181414e-01
      vertex -1.691489e+00 1.283238e+00 -7.777062e-01
    endloop
  endfacet
  facet normal 8.157957e-01 -1.622701e-01 -5.551088e-01
    outer loop
      vertex -1.518353e+00 1.704638e+00 -6.464467e-01
      vertex -1.691489e+00 1.283238e+00 -7.777062e-01
      vertex -1.623493e+00 1.730968e+00 -8.086584e-01
    endloop
  endfacet
  facet normal 9.715117e-01 -1.596514e-01 -1.751468e-01
    outer loop
      vertex -1.623493e+00 1.730968e+00 -8.086584e-01
      vertex -1.691489e+00 1.283238e+00 -7.777062e-01
      vertex -1.730836e+00 1.250292e+00 -9.659258e-01
    endloop
  endfacet
  facet normal 9.689517e-01 -1.527811e-01 -1.943979e-01
    outer loop
      vertex -1.623493e+00 1.730968e+00 -8.086584e-01
      vertex -1.730836e+00 1.250292e+00 -9.659258e-01
      vertex -1.660441e+00 1.740104e+00 -1.000000e+00
    endloop
  endfacet
  facet normal 9.691397e-01 -1.244830e-01 2.127727e-01
    outer loop
      vertex -1.660441e+00 1.740104e+00 -1.000000e+00
      vertex -1.730836e+00 1.250292e+00 -9.659258e-01
      vertex -1.694118e+00 1.214439e+00 -1.154145e+00
    endloop
  endfacet
  facet normal 9.738336e-01 -1.191408e-01 1.935293e-01
    outer loop
      vertex -1.660441e+00 1.740104e+00 -1.000000e+00
      vertex -1.694118e+00 1.214439e+00 -1.154145e+00
      vertex -1.623571e+00 1.730656e+00 -1.191342e+00
    endloop
  endfacet
  facet normal 8.210074e-01 -7.138529e-02 5.664372e-01
    outer loop
      vertex -1.623571e+00 1.730656e+00 -1.191342e+00
      vertex -1.694118e+00 1.214439e+00 -1.154145e+00
      vertex -1.586925e+00 1.181139e+00 -1.313710e+00
    endloop
  endfacet
  facet normal 8.323695e-01 -6.700204e-02 5.501561e-01
    outer loop
      vertex -1.623571e+00 1.730656e+00 -1.191342e+00
      vertex -1.586925e+00 1.181139e+00 -1.313710e+00
      vertex -1.518498e+00 1.704063e+00 -1.353553e+00
    endloop
  endfacet
  facet normal 5.503509e-01 -8.403725e-03 8.348912e-01
    outer loop
      vertex -1.518498e+00 1.704063e+00 -1.353553e+00
      vertex -1.586925e+00 1.181139e+00 -1.313710e+00
      vertex -1.425576e+00 1.155459e+00 -1.420328e+00
    endloop
  endfacet
  facet normal 5.666963e-01 -4.299234e-03 8.239155e-01
    outer loop
      vertex -1.518498e+00 1.704063e+00 -1.353553e+00
      vertex -1.425576e+00 1.155459e+00 -1.420328e+00
      vertex -1.361217e+00 1.664373e+00 -1.461940e+00
    endloop
  endfacet
  facet normal 1.960609e-01 5.525632e-02 9.790336e-01
    outer loop
      vertex -1.361217e+00 1.664373e+00 -1.461940e+00
      vertex -1.425576e+00 1.155459e+00 -1.420328e+00
      vertex -1.234636e+00 1.141311e+00 -1.457767e+00
    endloop
  endfacet
  facet normal 2.150222e-01 5.981099e-02 9.747759e-01
    outer loop
      vertex -1.361217e+00 1.664373e+00 -1.461940e+00
      vertex -1.234636e+00 1.141311e+00 -1.457767e+00
      vertex -1.175673e+00 1.617628e+00 -1.500000e+00
    endloop
  endfacet
  facet normal -1.904849e-01 1.100724e-01 9.754996e-01
    outer loop
      vertex -1.175673e+00 1.617628e+00 -1.500000e+00
      vertex -1.234636e+00 1.141311e+00 -1.457767e+00
      vertex -1.043172e+00 1.140848e+00 -1.420328e+00
    endloop
  endfacet
  facet normal -1.715325e-01 1.158153e-01 9.783473e-01
    outer loop
      vertex -1.175673e+00 1.617628e+00 -1.500000e+00
      vertex -1.043172e+00 1.140848e+00 -1.420328e+00
      vertex -9.901133e-01 1.570944e+00 -1.461940e+00
    endloop
  endfacet
  facet normal -5.501882e-01 1.473946e-01 8.219293e-01
    outer loop
      vertex -9.901133e-01 1.570944e+00 -1.461940e+00
      vertex -1.043172e+00 1.140848e+00 -1.420328e+00
      vertex -8.803340e-01 1.154140e+00 -1.313710e+00
    endloop
  endfacet
  facet normal -5.337634e-01 1.550522e-01 8.312974e-01
    outer loop
      vertex -9.901133e-01 1.570944e+00 -1.461940e+00
      vertex -8.803340e-01 1.154140e+00 -1.313710e+00
      vertex -8.327880e-01 1.531430e+00 -1.353553e+00
    endloop
  endfacet
  facet normal -8.255420e-01 1.611492e-01 5.408432e-01
    outer loop
      vertex -8.327880e-01 1.531430e+00 -1.353553e+00
      vertex -8.803340e-01 1.154140e+00 -1.313710e+00
      vertex -7.709123e-01 1.179164e+00 -1.154145e+00
    endloop
  endfacet
  facet normal -8.138001e-01 1.713931e-01 5.552962e-01
    outer loop
      vertex -8.327880e-01 1.531430e+00 -1.353553e+00
      vertex -7.709123e-01 1.179164e+00 -1.154145e+00
      vertex -7.276482e-01 1.505100e+00 -1.191342e+00
    endloop
  endfacet
  facet normal -9.727745e-01 1.493479e-01 1.772143e-01
    outer loop
      vertex -7.276482e-01 1.505100e+00 -1.191342e+00
      vertex -7.709123e-01 1.179164e+00 -1.154145e+00
      vertex -7.315655e-01 1.212110e+00 -9.659258e-01
    endloop
  endfacet
  facet normal -9.673191e-01 1.626140e-01 1.945521e-01
    outer loop
      vertex -7.276482e-01 1.505100e+00 -1.191342e+00
      vertex -7.315655e-01 1.212110e+00 -9.659258e-01
      vertex -6.907005e-01 1.495964e+00 -1.000000e+00
    endloop
  endfacet
  facet normal -9.686863e-01 -1.299590e-01 -2.115599e-01
    outer loop
      vertex -7.315655e-01 1.212110e+00 -9.659258e-01
      vertex -7.183223e-01 9.507704e-01 -8.660254e-01
      vertex -7.658695e-01 1.016124e+00 -6.884630e-01
    endloop
  endfacet
  facet normal -9.811881e-01 -7.816649e-02 -1.765220e-01
    outer loop
      vertex -7.315655e-01 1.212110e+00 -9.659258e-01
      vertex -7.658695e-01 1.016124e+00 -6.884630e-01
      vertex -7.682835e-01 1.247962e+00 -7.777062e-01
    endloop
  endfacet
  facet normal -8.039923e-01 -2.208915e-01 -5.520899e-01
    outer loop
      vertex -7.682835e-01 1.247962e+00 -7.777062e-01
      vertex -7.658695e-01 1.016124e+00 -6.884630e-01
      vertex -8.815683e-01 1.061009e+00 -5.379328e-01
    endloop
  endfacet
  facet normal -8.341489e-01 -1.682109e-01 -5.252625e-01
    outer loop
      vertex -7.682835e-01 1.247962e+00 -7.777062e-01
      vertex -8.815683e-01 1.061009e+00 -5.379328e-01
      vertex -8.754766e-01 1.281263e+00 -6.181414e-01
    endloop
  endfacet
  facet normal -5.184764e-01 -2.798989e-01 -8.079845e-01
    outer loop
      vertex -8.754766e-01 1.281263e+00 -6.181414e-01
      vertex -8.815683e-01 1.061009e+00 -5.379328e-01
      vertex -1.047805e+00 1.078593e+00 -4.373518e-01
    endloop
  endfacet
  facet normal -5.617141e-01 -2.310331e-01 -7.944186e-01
    outer loop
      vertex -8.754766e-01 1.281263e+00 -6.181414e-01
      vertex -1.047805e+00 1.078593e+00 -4.373518e-01
      vertex -1.036825e+00 1.306942e+00 -5.115235e-01
    endloop
  endfacet
  facet normal -1.544150e-01 -2.984997e-01 -9.418354e-01
    outer loop
      vertex -1.036825e+00 1.306942e+00 -5.115235e-01
      vertex -1.047805e+00 1.078593e+00 -4.373518e-01
      vertex -1.239270e+00 1.066198e+00 -4.020324e-01
    endloop
  endfacet
  facet normal -2.042686e-01 -2.577331e-01 -9.443770e-01
    outer loop
      vertex -1.036825e+00 1.306942e+00 -5.115235e-01
      vertex -1.239270e+00 1.066198e+00 -4.020324e-01
      vertex -1.227766e+00 1.321091e+00 -4.740843e-01
    endloop
  endfacet
  facet normal 2.348178e-01 -2.742104e-01 -9.325606e-01
    outer loop
      vertex -1.227766e+00 1.321091e+00 -4.740843e-01
      vertex -1.239270e+00 1.066198e+00 -4.020324e-01
      vertex -1.426817e+00 1.025712e+00 -4.373518e-01
    endloop
  endfacet
  facet normal 1.855668e-01 -2.434384e-01 -9.519993e-01
    outer loop
      vertex -1.227766e+00 1.321091e+00 -4.740843e-01
      vertex -1.426817e+00 1.025712e+00 -4.373518e-01
      vertex -1.419230e+00 1.321554e+00 -5.115235e-01
    endloop
  endfacet
  facet normal 5.901984e-01 -2.105232e-01 -7.793240e-01
    outer loop
      vertex -1.419230e+00 1.321554e+00 -5.115235e-01
      vertex -1.426817e+00 1.025712e+00 -4.373518e-01
      vertex -1.581891e+00 9.632977e-01 -5.379328e-01
    endloop
  endfacet
  facet normal 5.486536e-01 -1.890754e-01 -8.143892e-01
    outer loop
      vertex -1.419230e+00 1.321554e+00 -5.115235e-01
      vertex -1.581891e+00 9.632977e-01 -5.379328e-01
      vertex -1.582068e+00 1.308262e+00 -6.181414e-01
    endloop
  endfacet
  facet normal 8.554726e-01 -1.168630e-01 -5.044896e-01
    outer loop
      vertex -1.582068e+00 1.308262e+00 -6.181414e-01
      vertex -1.581891e+00 9.632977e-01 -5.379328e-01
      vertex -1.680886e+00 8.884576e-01 -6.884630e-01
    endloop
  endfacet
  facet normal 8.277965e-01 -1.024579e-01 -5.515935e-01
    outer loop
      vertex -1.582068e+00 1.308262e+00 -6.181414e-01
      vertex -1.680886e+00 8.884576e-01 -6.884630e-01
      vertex -1.691489e+00 1.283238e+00 -7.777062e-01
    endloop
  endfacet
  facet normal 9.883993e-01 -7.740487e-03 -1.516800e-01
    outer loop
      vertex -1.691489e+00 1.283238e+00 -7.777062e-01
      vertex -1.680886e+00 8.884576e-01 -6.884630e-01
      vertex -1.708729e+00 8.125854e-01 -8.660254e-01
    endloop
  endfacet
  facet normal 9.787448e-01 2.630955e-03 -2.050649e-01
    outer loop
      vertex -1.691489e+00 1.283238e+00 -7.777062e-01
      vertex -1.708729e+00 8.125854e-01 -8.660254e-01
      vertex -1.730836e+00 1.250292e+00 -9.659258e-01
    endloop
  endfacet
  facet normal 9.697104e-01 9.985495e-02 2.229143e-01
    outer loop
      vertex -1.730836e+00 1.250292e+00 -9.659258e-01
      vertex -1.708729e+00 8.125854e-01 -8.660254e-01
      vertex -1.661181e+00 7.472319e-01 -1.043588e+00
    endloop
  endfacet
  facet normal 9.793227e-01 1.093202e-01 1.702238e-01
    outer loop
      vertex -1.730836e+00 1.250292e+00 -9.659258e-01
      vertex -1.661181e+00 7.472319e-01 -1.043588e+00
      vertex -1.694118e+00 1.214439e+00 -1.154145e+00
    endloop
  endfacet
  facet normal 8.049823e-01 1.897687e-01 5.621311e-01
    outer loop
      vertex -1.694118e+00 1.214439e+00 -1.154145e+00
      vertex -1.661181e+00 7.472319e-01 -1.043588e+00
      vertex -1.545483e+00 7.023466e-01 -1.194118e+00
    endloop
  endfacet
  facet normal 8.320355e-01 2.011461e-01 5.169692e-01
    outer loop
      vertex -1.694118e+00 1.214439e+00 -1.154145e+00
      vertex -1.545483e+00 7.023466e-01 -1.194118e+00
      vertex -1.586925e+00 1.181139e+00 -1.313710e+00
    endloop
  endfacet
  facet normal 5.205048e-01 2.490550e-01 8.167291e-01
    outer loop
      vertex -1.586925e+00 1.181139e+00 -1.313710e+00
      vertex -1.545483e+00 7.023466e-01 -1.194118e+00
      vertex -1.379246e+00 6.847628e-01 -1.294699e+00
    endloop
  endfacet
  facet normal 5.606118e-01 2.646072e-01 7.846639e-01
    outer loop
      vertex -1.586925e+00 1.181139e+00 -1.313710e+00
      vertex -1.379246e+00 6.847628e-01 -1.294699e+00
      vertex -1.425576e+00 1.155459e+00 -1.420328e+00
    endloop
  endfacet
  facet normal 1.578393e-01 2.691143e-01 9.500864e-01
    outer loop
      vertex -1.425576e+00 1.155459e+00 -1.420328e+00
      vertex -1.379246e+00 6.847628e-01 -1.294699e+00
      vertex -1.187781e+00 6.971576e-01 -1.330018e+00
    endloop
  endfacet
  facet normal 2.047987e-01 2.904512e-01 9.347168e-01
    outer loop
      vertex -1.425576e+00 1.155459e+00 -1.420328e+00
      vertex -1.187781e+00 6.971576e-01 -1.330018e+00
      vertex -1.234636e+00 1.141311e+00 -1.457767e+00
    endloop
  endfacet
  facet normal -2.304790e-01 2.464414e-01 9.413533e-01
    outer loop
      vertex -1.234636e+00 1.141311e+00 -1.457767e+00
      vertex -1.187781e+00 6.971576e-01 -1.330018e+00
      vertex -1.000234e+00 7.376439e-01 -1.294699e+00
    endloop
  endfacet
  facet normal -1.838962e-01 2.744957e-01 9.438402e-01
    outer loop
      vertex -1.234636e+00 1.141311e+00 -1.457767e+00
      vertex -1.000234e+00 7.376439e-01 -1.294699e+00
      vertex -1.043172e+00 1.140848e+00 -1.420328e+00
    endloop
  endfacet
  facet normal -5.858524e-01 1.835573e-01 7.893565e-01
    outer loop
      vertex -1.043172e+00 1.140848e+00 -1.420328e+00
      vertex -1.000234e+00 7.376439e-01 -1.294699e+00
      vertex -8.451595e-01 8.000581e-01 -1.194118e+00
    endloop
  endfacet
  facet normal -5.469561e-01 2.186089e-01 8.081146e-01
    outer loop
      vertex -1.043172e+00 1.140848e+00 -1.420328e+00
      vertex -8.451595e-01 8.000581e-01 -1.194118e+00
      vertex -8.803340e-01 1.154140e+00 -1.313710e+00
    endloop
  endfacet
  facet normal -8.520206e-01 8.956985e-02 5.157889e-01
    outer loop
      vertex -8.803340e-01 1.154140e+00 -1.313710e+00
      vertex -8.451595e-01 8.000581e-01 -1.194118e+00
      vertex -7.461652e-01 8.748981e-01 -1.043588e+00
    endloop
  endfacet
  facet normal -8.270583e-01 1.313293e-01 5.465595e-01
    outer loop
      vertex -8.803340e-01 1.154140e+00 -1.313710e+00
      vertex -7.461652e-01 8.748981e-01 -1.043588e+00
      vertex -7.709123e-01 1.179164e+00 -1.154145e+00
    endloop
  endfacet
  facet normal -9.863164e-01 -2.079488e-02 1.635465e-01
    outer loop
      vertex -7.709123e-01 1.179164e+00 -1.154145e+00
      vertex -7.461652e-01 8.748981e-01 -1.043588e+00
      vertex -7.183223e-01 9.507704e-01 -8.660254e-01
    endloop
  endfacet
  facet normal -9.794186e-01 2.683933e-02 2.000472e-01
    outer loop
      vertex -7.709123e-01 1.179164e+00 -1.154145e+00
      vertex -7.183223e-01 9.507704e-01 -8.660254e-01
      vertex -7.315655e-01 1.212110e+00 -9.659258e-01
    endloop
  endfacet
  facet normal -9.266444e-01 -3.245528e-01 -1.897251e-01
    outer loop
      vertex -7.183223e-01 9.507704e-01 -8.660254e-01
      vertex -6.698779e-01 7.195552e-01 -7.071068e-01
      vertex -7.349699e-01 8.127014e-01 -5.485286e-01
    endloop
  endfacet
  facet normal -9.532402e-01 -2.556576e-01 -1.611593e-01
    outer loop
      vertex -7.183223e-01 9.507704e-01 -8.660254e-01
      vertex -7.349699e-01 8.127014e-01 -5.485286e-01
      vertex -7.658695e-01 1.016124e+00 -6.884630e-01
    endloop
  endfacet
  facet normal -7.340760e-01 -4.570140e-01 -5.022656e-01
    outer loop
      vertex -7.658695e-01 1.016124e+00 -6.884630e-01
      vertex -7.349699e-01 8.127014e-01 -5.485286e-01
      vertex -8.635473e-01 8.714807e-01 -4.140925e-01
    endloop
  endfacet
  facet normal -7.823630e-01 -3.911059e-01 -4.847106e-01
    outer loop
      vertex -7.658695e-01 1.016124e+00 -6.884630e-01
      vertex -8.635473e-01 8.714807e-01 -4.140925e-01
      vertex -8.815683e-01 1.061009e+00 -5.379328e-01
    endloop
  endfacet
  facet normal -4.302991e-01 -5.220823e-01 -7.363917e-01
    outer loop
      vertex -8.815683e-01 1.061009e+00 -5.379328e-01
      vertex -8.635473e-01 8.714807e-01 -4.140925e-01
      vertex -1.036035e+00 8.869445e-01 -3.242651e-01
    endloop
  endfacet
  facet normal -4.939469e-01 -4.641723e-01 -7.352282e-01
    outer loop
      vertex -8.815683e-01 1.061009e+00 -5.379328e-01
      vertex -1.036035e+00 8.869445e-01 -3.242651e-01
      vertex -1.047805e+00 1.078593e+00 -4.373518e-01
    endloop
  endfacet
  facet normal -6.130844e-02 -5.100299e-01 -8.579690e-01
    outer loop
      vertex -1.047805e+00 1.078593e+00 -4.373518e-01
      vertex -1.036035e+00 8.869445e-01 -3.242651e-01
      vertex -1.226175e+00 8.567386e-01 -2.927219e-01
    endloop
  endfacet
  facet normal -1.313863e-01 -4.650899e-01 -8.754593e-01
    outer loop
      vertex -1.047805e+00 1.078593e+00 -4.373518e-01
      vertex -1.226175e+00 8.567386e-01 -2.927219e-01
      vertex -1.239270e+00 1.066198e+00 -4.020324e-01
    endloop
  endfacet
  facet normal 3.181929e-01 -4.228989e-01 -8.484750e-01
    outer loop
      vertex -1.239270e+00 1.066198e+00 -4.020324e-01
      vertex -1.226175e+00 8.567386e-01 -2.927219e-01
      vertex -1.405018e+00 7.854615e-01 -3.242651e-01
    endloop
  endfacet
  facet normal 2.514641e-01 -3.934254e-01 -8.842976e-01
    outer loop
      vertex -1.239270e+00 1.066198e+00 -4.020324e-01
      vertex -1.405018e+00 7.854615e-01 -3.242651e-01
      vertex -1.426817e+00 1.025712e+00 -4.373518e-01
    endloop
  endfacet
  facet normal 6.512330e-01 -2.740174e-01 -7.076793e-01
    outer loop
      vertex -1.426817e+00 1.025712e+00 -4.373518e-01
      vertex -1.405018e+00 7.854615e-01 -3.242651e-01
      vertex -1.545337e+00 6.839646e-01 -4.140925e-01
    endloop
  endfacet
  facet normal 5.967675e-01 -2.586608e-01 -7.595809e-01
    outer loop
      vertex -1.426817e+00 1.025712e+00 -4.373518e-01
      vertex -1.545337e+00 6.839646e-01 -4.140925e-01
      vertex -1.581891e+00 9.632977e-01 -5.379328e-01
    endloop
  endfacet
  facet normal 8.859853e-01 -8.607001e-02 -4.556555e-01
    outer loop
      vertex -1.581891e+00 9.632977e-01 -5.379328e-01
      vertex -1.545337e+00 6.839646e-01 -4.140925e-01
      vertex -1.625772e+00 5.676997e-01 -5.485286e-01
    endloop
  endfacet
  facet normal 8.507014e-01 -8.044743e-02 -5.194568e-01
    outer loop
      vertex -1.581891e+00 9.632977e-01 -5.379328e-01
      vertex -1.625772e+00 5.676997e-01 -5.485286e-01
      vertex -1.680886e+00 8.884576e-01 -6.884630e-01
    endloop
  endfacet
  facet normal 9.849812e-01 1.118664e-01 -1.315219e-01
    outer loop
      vertex -1.680886e+00 8.884576e-01 -6.884630e-01
      vertex -1.625772e+00 5.676997e-01 -5.485286e-01
      vertex -1.634075e+00 4.543673e-01 -7.071068e-01
    endloop
  endfacet
  facet normal 9.729680e-01 1.135589e-01 -2.010913e-01
    outer loop
      vertex -1.680886e+00 8.884576e-01 -6.884630e-01
      vertex -1.634075e+00 4.543673e-01 -7.071068e-01
      vertex -1.708729e+00 8.125854e-01 -8.660254e-01
    endloop
  endfacet
  facet normal 9.332428e-01 2.891003e-01 2.132577e-01
    outer loop
      vertex -1.708729e+00 8.125854e-01 -8.660254e-01
      vertex -1.634075e+00 4.543673e-01 -7.071068e-01
      vertex -1.568983e+00 3.612211e-01 -8.656850e-01
    endloop
  endfacet
  facet normal 9.450894e-01 2.927169e-01 1.453367e-01
    outer loop
      vertex -1.708729e+00 8.125854e-01 -8.660254e-01
      vertex -1.568983e+00 3.612211e-01 -8.656850e-01
      vertex -1.661181e+00 7.472319e-01 -1.043588e+00
    endloop
  endfacet
  facet normal 7.406821e-01 4.189716e-01 5.252170e-01
    outer loop
      vertex -1.661181e+00 7.472319e-01 -1.043588e+00
      vertex -1.568983e+00 3.612211e-01 -8.656850e-01
      vertex -1.440405e+00 3.024417e-01 -1.000121e+00
    endloop
  endfacet
  facet normal 7.733614e-01 4.294407e-01 4.663612e-01
    outer loop
      vertex -1.661181e+00 7.472319e-01 -1.043588e+00
      vertex -1.440405e+00 3.024417e-01 -1.000121e+00
      vertex -1.545483e+00 7.023466e-01 -1.194118e+00
    endloop
  endfacet
  facet normal 4.381324e-01 4.829185e-01 7.581753e-01
    outer loop
      vertex -1.545483e+00 7.023466e-01 -1.194118e+00
      vertex -1.440405e+00 3.024417e-01 -1.000121e+00
      vertex -1.267917e+00 2.869779e-01 -1.089948e+00
    endloop
  endfacet
  facet normal 4.855863e-01 5.036768e-01 7.145038e-01
    outer loop
      vertex -1.545483e+00 7.023466e-01 -1.194118e+00
      vertex -1.267917e+00 2.869779e-01 -1.089948e+00
      vertex -1.379246e+00 6.847628e-01 -1.294699e+00
    endloop
  endfacet
  facet normal 7.077359e-02 4.720983e-01 8.787004e-01
    outer loop
      vertex -1.379246e+00 6.847628e-01 -1.294699e+00
      vertex -1.267917e+00 2.869779e-01 -1.089948e+00
      vertex -1.077778e+00 3.171839e-01 -1.121492e+00
    endloop
  endfacet
  facet normal 1.248721e-01 5.048796e-01 8.541098e-01
    outer loop
      vertex -1.379246e+00 6.847628e-01 -1.294699e+00
      vertex -1.077778e+00 3.171839e-01 -1.121492e+00
      vertex -1.187781e+00 6.971576e-01 -1.330018e+00
    endloop
  endfacet
  facet normal -3.077743e-01 3.877302e-01 8.688730e-01
    outer loop
      vertex -1.187781e+00 6.971576e-01 -1.330018e+00
      vertex -1.077778e+00 3.171839e-01 -1.121492e+00
      vertex -8.989350e-01 3.884610e-01 -1.089948e+00
    endloop
  endfacet
  facet normal -2.561744e-01 4.325664e-01 8.644426e-01
    outer loop
      vertex -1.187781e+00 6.971576e-01 -1.330018e+00
      vertex -8.989350e-01 3.884610e-01 -1.089948e+00
      vertex -1.000234e+00 7.376439e-01 -1.294699e+00
    endloop
  endfacet
  facet normal -6.409844e-01 2.412999e-01 7.286380e-01
    outer loop
      vertex -1.000234e+00 7.376439e-01 -1.294699e+00
      vertex -8.989350e-01 3.884610e-01 -1.089948e+00
      vertex -7.586152e-01 4.899579e-01 -1.000121e+00
    endloop
  endfacet
  facet normal -6.008428e-01 2.966762e-01 7.422743e-01
    outer loop
      vertex -1.000234e+00 7.376439e-01 -1.294699e+00
      vertex -7.586152e-01 4.899579e-01 -1.000121e+00
      vertex -8.451595e-01 8.000581e-01 -1.194118e+00
    endloop
  endfacet
  facet normal -8.768203e-01 5.417422e-02 4.777566e-01
    outer loop
      vertex -8.451595e-01 8.000581e-01 -1.194118e+00
      vertex -7.586152e-01 4.899579e-01 -1.000121e+00
      vertex -6.781810e-01 6.062228e-01 -8.656850e-01
    endloop
  endfacet
  facet normal -8.555345e-01 1.174128e-01 5.042569e-01
    outer loop
      vertex -8.451595e-01 8.000581e-01 -1.194118e+00
      vertex -6.781810e-01 6.062228e-01 -8.656850e-01
      vertex -7.461652e-01 8.748981e-01 -1.043588e+00
    endloop
  endfacet
  facet normal -9.772851e-01 -1.448556e-01 1.546956e-01
    outer loop
      vertex -7.461652e-01 8.748981e-01 -1.043588e+00
      vertex -6.781810e-01 6.062228e-01 -8.656850e-01
      vertex -6.698779e-01 7.195552e-01 -7.071068e-01
    endloop
  endfacet
  facet normal -9.794314e-01 -7.702905e-02 1.864957e-01
    outer loop
      vertex -7.461652e-01 8.748981e-01 -1.043588e+00
      vertex -6.698779e-01 7.195552e-01 -7.071068e-01
      vertex -7.183223e-01 9.507704e-01 -8.660254e-01
    endloop
  endfacet
  facet normal -8.918097e-01 -4.261858e-01 -1.517926e-01
    outer loop
      vertex -6.698779e-01 7.195552e-01 -7.071068e-01
      vertex -6.037887e-01 5.074967e-01 -5.000000e-01
      vertex -6.830029e-01 6.257281e-01 -3.665583e-01
    endloop
  endfacet
  facet normal -9.088940e-01 -3.917559e-01 -1.429650e-01
    outer loop
      vertex -6.698779e-01 7.195552e-01 -7.071068e-01
      vertex -6.830029e-01 6.257281e-01 -3.665583e-01
      vertex -7.349699e-01 8.127014e-01 -5.485286e-01
    endloop
  endfacet
  facet normal -6.752349e-01 -6.022011e-01 -4.259245e-01
    outer loop
      vertex -7.349699e-01 8.127014e-01 -5.485286e-01
      vertex -6.830029e-01 6.257281e-01 -3.665583e-01
      vertex -8.224240e-01 7.020459e-01 -2.534319e-01
    endloop
  endfacet
  facet normal -7.032916e-01 -5.715483e-01 -4.227451e-01
    outer loop
      vertex -7.349699e-01 8.127014e-01 -5.485286e-01
      vertex -8.224240e-01 7.020459e-01 -2.534319e-01
      vertex -8.635473e-01 8.714807e-01 -4.140925e-01
    endloop
  endfacet
  facet normal -3.561128e-01 -6.870223e-01 -6.333910e-01
    outer loop
      vertex -8.635473e-01 8.714807e-01 -4.140925e-01
      vertex -8.224240e-01 7.020459e-01 -2.534319e-01
      vertex -1.000826e+00 7.248315e-01 -1.778433e-01
    endloop
  endfacet
  facet normal -3.920010e-01 -6.620650e-01 -6.387528e-01
    outer loop
      vertex -8.635473e-01 8.714807e-01 -4.140925e-01
      vertex -1.000826e+00 7.248315e-01 -1.778433e-01
      vertex -1.036035e+00 8.869445e-01 -3.242651e-01
    endloop
  endfacet
  facet normal 1.640898e-02 -6.682238e-01 -7.437794e-01
    outer loop
      vertex -1.036035e+00 8.869445e-01 -3.242651e-01
      vertex -1.000826e+00 7.248315e-01 -1.778433e-01
      vertex -1.191050e+00 6.906160e-01 -1.513001e-01
    endloop
  endfacet
  facet normal -2.250747e-02 -6.508180e-01 -7.589001e-01
    outer loop
      vertex -1.036035e+00 8.869445e-01 -3.242651e-01
      vertex -1.191050e+00 6.906160e-01 -1.513001e-01
      vertex -1.226175e+00 8.567386e-01 -2.927219e-01
    endloop
  endfacet
  facet normal 3.864958e-01 -5.491106e-01 -7.410118e-01
    outer loop
      vertex -1.226175e+00 8.567386e-01 -2.927219e-01
      vertex -1.191050e+00 6.906160e-01 -1.513001e-01
      vertex -1.364135e+00 6.046082e-01 -1.778433e-01
    endloop
  endfacet
  facet normal 3.502715e-01 -5.402752e-01 -7.651226e-01
    outer loop
      vertex -1.226175e+00 8.567386e-01 -2.927219e-01
      vertex -1.364135e+00 6.046082e-01 -1.778433e-01
      vertex -1.405018e+00 7.854615e-01 -3.242651e-01
    endloop
  endfacet
  facet normal 6.990753e-01 -3.477922e-01 -6.247673e-01
    outer loop
      vertex -1.405018e+00 7.854615e-01 -3.242651e-01
      vertex -1.364135e+00 6.046082e-01 -1.778433e-01
      vertex -1.493730e+00 4.799023e-01 -2.534319e-01
    endloop
  endfacet
  facet normal 6.706080e-01 -3.467205e-01 -6.557971e-01
    outer loop
      vertex -1.405018e+00 7.854615e-01 -3.242651e-01
      vertex -1.493730e+00 4.799023e-01 -2.534319e-01
      vertex -1.545337e+00 6.839646e-01 -4.140925e-01
    endloop
  endfacet
  facet normal 9.065976e-01 -9.452309e-02 -4.112738e-01
    outer loop
      vertex -1.545337e+00 6.839646e-01 -4.140925e-01
      vertex -1.493730e+00 4.799023e-01 -2.534319e-01
      vertex -1.560107e+00 3.354834e-01 -3.665583e-01
    endloop
  endfacet
  facet normal 8.892154e-01 -9.862301e-02 -4.467319e-01
    outer loop
      vertex -1.545337e+00 6.839646e-01 -4.140925e-01
      vertex -1.560107e+00 3.354834e-01 -3.665583e-01
      vertex -1.625772e+00 5.676997e-01 -5.485286e-01
    endloop
  endfacet
  facet normal 9.761122e-01 1.721469e-01 -1.325534e-01
    outer loop
      vertex -1.625772e+00 5.676997e-01 -5.485286e-01
      vertex -1.560107e+00 3.354834e-01 -3.665583e-01
      vertex -1.553159e+00 1.933381e-01 -5.000000e-01
    endloop
  endfacet
  facet normal 9.713333e-01 1.663946e-01 -1.697774e-01
    outer loop
      vertex -1.625772e+00 5.676997e-01 -5.485286e-01
      vertex -1.553159e+00 1.933381e-01 -5.000000e-01
      vertex -1.634075e+00 4.543673e-01 -7.071068e-01
    endloop
  endfacet
  facet normal 8.960804e-01 4.109387e-01 1.678371e-01
    outer loop
      vertex -1.634075e+00 4.543673e-01 -7.071068e-01
      vertex -1.553159e+00 1.933381e-01 -5.000000e-01
      vertex -1.473945e+00 7.510674e-02 -6.334417e-01
    endloop
  endfacet
  facet normal 9.037831e-01 4.071913e-01 1.318006e-01
    outer loop
      vertex -1.634075e+00 4.543673e-01 -7.071068e-01
      vertex -1.473945e+00 7.510674e-02 -6.334417e-01
      vertex -1.568983e+00 3.612211e-01 -8.656850e-01
    endloop
  endfacet
  facet normal 6.794832e-01 5.850649e-01 4.427207e-01
    outer loop
      vertex -1.568983e+00 3.612211e-01 -8.656850e-01
      vertex -1.473945e+00 7.510674e-02 -6.334417e-01
      vertex -1.334524e+00 -1.211096e-03 -7.465681e-01
    endloop
  endfacet
  facet normal 6.978792e-01 5.865440e-01 4.110120e-01
    outer loop
      vertex -1.568983e+00 3.612211e-01 -8.656850e-01
      vertex -1.334524e+00 -1.211096e-03 -7.465681e-01
      vertex -1.440405e+00 3.024417e-01 -1.000121e+00
    endloop
  endfacet
  facet normal 3.608561e-01 6.686801e-01 6.501152e-01
    outer loop
      vertex -1.440405e+00 3.024417e-01 -1.000121e+00
      vertex -1.334524e+00 -1.211096e-03 -7.465681e-01
      vertex -1.156122e+00 -2.399668e-02 -8.221567e-01
    endloop
  endfacet
  facet normal 3.865396e-01 6.776708e-01 6.255793e-01
    outer loop
      vertex -1.440405e+00 3.024417e-01 -1.000121e+00
      vertex -1.156122e+00 -2.399668e-02 -8.221567e-01
      vertex -1.267917e+00 2.869779e-01 -1.089948e+00
    endloop
  endfacet
  facet normal -1.095689e-02 6.502306e-01 7.596579e-01
    outer loop
      vertex -1.267917e+00 2.869779e-01 -1.089948e+00
      vertex -1.156122e+00 -2.399668e-02 -8.221567e-01
      vertex -9.658980e-01 1.021889e-02 -8.486999e-01
    endloop
  endfacet
  facet normal 1.738916e-02 6.677073e-01 7.442208e-01
    outer loop
      vertex -1.267917e+00 2.869779e-01 -1.089948e+00
      vertex -9.658980e-01 1.021889e-02 -8.486999e-01
      vertex -1.077778e+00 3.171839e-01 -1.121492e+00
    endloop
  endfacet
  facet normal -3.806793e-01 5.328598e-01 7.557405e-01
    outer loop
      vertex -1.077778e+00 3.171839e-01 -1.121492e+00
      vertex -9.658980e-01 1.021889e-02 -8.486999e-01
      vertex -7.928131e-01 9.622660e-02 -8.221567e-01
    endloop
  endfacet
  facet normal -3.547923e-01 5.583498e-01 7.499119e-01
    outer loop
      vertex -1.077778e+00 3.171839e-01 -1.121492e+00
      vertex -7.928131e-01 9.622660e-02 -8.221567e-01
      vertex -8.989350e-01 3.884610e-01 -1.089948e+00
    endloop
  endfacet
  facet normal -6.934301e-01 3.334751e-01 6.387089e-01
    outer loop
      vertex -8.989350e-01 3.884610e-01 -1.089948e+00
      vertex -7.928131e-01 9.622660e-02 -8.221567e-01
      vertex -6.632175e-01 2.209326e-01 -7.465681e-01
    endloop
  endfacet
  facet normal -6.747413e-01 3.652098e-01 6.413626e-01
    outer loop
      vertex -8.989350e-01 3.884610e-01 -1.089948e+00
      vertex -6.632175e-01 2.209326e-01 -7.465681e-01
      vertex -7.586152e-01 4.899579e-01 -1.000121e+00
    endloop
  endfacet
  facet normal -9.014158e-01 8.117227e-02 4.252772e-01
    outer loop
      vertex -7.586152e-01 4.899579e-01 -1.000121e+00
      vertex -6.632175e-01 2.209326e-01 -7.465681e-01
      vertex -5.968410e-01 3.653514e-01 -6.334417e-01
    endloop
  endfacet
  facet normal -8.934518e-01 1.165308e-01 4.337793e-01
    outer loop
      vertex -7.586152e-01 4.899579e-01 -1.000121e+00
      vertex -5.968410e-01 3.653514e-01 -6.334417e-01
      vertex -6.781810e-01 6.062228e-01 -8.656850e-01
    endloop
  endfacet
  facet normal -9.714455e-01 -1.858918e-01 1.474378e-01
    outer loop
      vertex -6.781810e-01 6.062228e-01 -8.656850e-01
      vertex -5.968410e-01 3.653514e-01 -6.334417e-01
      vertex -6.037887e-01 5.074967e-01 -5.000000e-01
    endloop
  endfacet
  facet normal -9.759988e-01 -1.497452e-01 1.581227e-01
    outer loop
      vertex -6.781810e-01 6.062228e-01 -8.656850e-01
      vertex -6.037887e-01 5.074967e-01 -5.000000e-01
      vertex -6.698779e-01 7.195552e-01 -7.071068e-01
    endloop
  endfacet
  facet normal -9.150865e-01 -3.885361e-01 -1.079651e-01
    outer loop
      vertex -6.037887e-01 5.074967e-01 -5.000000e-01
      vertex -5.353534e-01 2.792983e-01 -2.588190e-01
      vertex -6.092805e-01 4.230676e-01 -1.496155e-01
    endloop
  endfacet
  facet normal -8.830605e-01 -4.528621e-01 -1.229633e-01
    outer loop
      vertex -6.037887e-01 5.074967e-01 -5.000000e-01
      vertex -6.092805e-01 4.230676e-01 -1.496155e-01
      vertex -6.830029e-01 6.257281e-01 -3.665583e-01
    endloop
  endfacet
  facet normal -7.046402e-01 -6.219518e-01 -3.415525e-01
    outer loop
      vertex -6.830029e-01 6.257281e-01 -3.665583e-01
      vertex -6.092805e-01 4.230676e-01 -1.496155e-01
      vertex -7.459404e-01 5.270558e-01 -5.703719e-02
    endloop
  endfacet
  facet normal -6.512430e-01 -6.746357e-01 -3.474899e-01
    outer loop
      vertex -6.830029e-01 6.257281e-01 -3.665583e-01
      vertex -7.459404e-01 5.270558e-01 -5.703719e-02
      vertex -8.224240e-01 7.020459e-01 -2.534319e-01
    endloop
  endfacet
  facet normal -3.871268e-01 -7.581375e-01 -5.247479e-01
    outer loop
      vertex -8.224240e-01 7.020459e-01 -2.534319e-01
      vertex -7.459404e-01 5.270558e-01 -5.703719e-02
      vertex -9.245279e-01 5.754319e-01 4.821650e-03
    endloop
  endfacet
  facet normal -3.201290e-01 -7.944721e-01 -5.160732e-01
    outer loop
      vertex -8.224240e-01 7.020459e-01 -2.534319e-01
      vertex -9.245279e-01 5.754319e-01 4.821650e-03
      vertex -1.000826e+00 7.248315e-01 -1.778433e-01
    endloop
  endfacet
  facet normal -1.214272e-02 -7.764910e-01 -6.300114e-01
    outer loop
      vertex -1.000826e+00 7.248315e-01 -1.778433e-01
      vertex -9.245279e-01 5.754319e-01 4.821650e-03
      vertex -1.117855e+00 5.608309e-01 2.654359e-02
    endloop
  endfacet
  facet normal 5.865312e-02 -7.947359e-01 -6.041148e-01
    outer loop
      vertex -1.000826e+00 7.248315e-01 -1.778433e-01
      vertex -1.117855e+00 5.608309e-01 2.654359e-02
      vertex -1.191050e+00 6.906160e-01 -1.513001e-01
    endloop
  endfacet
  facet normal 3.629271e-01 -6.752358e-01 -6.421375e-01
    outer loop
      vertex -1.191050e+00 6.906160e-01 -1.513001e-01
      vertex -1.117855e+00 5.608309e-01 2.654359e-02
      vertex -1.296488e+00 4.854757e-01 4.821650e-03
    endloop
  endfacet
  facet normal 4.279934e-01 -6.762756e-01 -5.995606e-01
    outer loop
      vertex -1.191050e+00 6.906160e-01 -1.513001e-01
      vertex -1.296488e+00 4.854757e-01 4.821650e-03
      vertex -1.364135e+00 6.046082e-01 -1.778433e-01
    endloop
  endfacet
  facet normal 6.821427e-01 -4.706789e-01 -5.595915e-01
    outer loop
      vertex -1.364135e+00 6.046082e-01 -1.778433e-01
      vertex -1.296488e+00 4.854757e-01 4.821650e-03
      vertex -1.433234e+00 3.608384e-01 -5.703719e-02
    endloop
  endfacet
  facet normal 7.333910e-01 -4.572056e-01 -5.030912e-01
    outer loop
      vertex -1.364135e+00 6.046082e-01 -1.778433e-01
      vertex -1.433234e+00 3.608384e-01 -5.703719e-02
      vertex -1.493730e+00 4.799023e-01 -2.534319e-01
    endloop
  endfacet
  facet normal 8.983722e-01 -1.937509e-01 -3.941927e-01
    outer loop
      vertex -1.493730e+00 4.799023e-01 -2.534319e-01
      vertex -1.433234e+00 3.608384e-01 -5.703719e-02
      vertex -1.507272e+00 2.058940e-01 -1.496155e-01
    endloop
  endfacet
  facet normal 9.292340e-01 -1.701841e-01 -3.279657e-01
    outer loop
      vertex -1.493730e+00 4.799023e-01 -2.534319e-01
      vertex -1.507272e+00 2.058940e-01 -1.496155e-01
      vertex -1.560107e+00 3.354834e-01 -3.665583e-01
    endloop
  endfacet
  facet normal 9.787740e-01 1.144673e-01 -1.699962e-01
    outer loop
      vertex -1.560107e+00 3.354834e-01 -3.665583e-01
      vertex -1.507272e+00 2.058940e-01 -1.496155e-01
      vertex -1.507333e+00 4.423138e-02 -2.588190e-01
    endloop
  endfacet
  facet normal 9.848989e-01 1.416243e-01 -9.958256e-02
    outer loop
      vertex -1.560107e+00 3.354834e-01 -3.665583e-01
      vertex -1.507333e+00 4.423138e-02 -2.588190e-01
      vertex -1.553159e+00 1.933381e-01 -5.000000e-01
    endloop
  endfacet
  facet normal 9.097034e-01 4.076423e-01 7.916716e-02
    outer loop
      vertex -1.553159e+00 1.933381e-01 -5.000000e-01
      vertex -1.507333e+00 4.423138e-02 -2.588190e-01
      vertex -1.433405e+00 -9.953787e-02 -3.680226e-01
    endloop
  endfacet
  facet normal 8.905168e-01 4.304683e-01 1.472308e-01
    outer loop
      vertex -1.553159e+00 1.933381e-01 -5.000000e-01
      vertex -1.433405e+00 -9.953787e-02 -3.680226e-01
      vertex -1.473945e+00 7.510674e-02 -6.334417e-01
    endloop
  endfacet
  facet normal 7.005114e-01 6.405965e-01 3.145153e-01
    outer loop
      vertex -1.473945e+00 7.510674e-02 -6.334417e-01
      vertex -1.433405e+00 -9.953787e-02 -3.680226e-01
      vertex -1.296746e+00 -2.035262e-01 -4.606009e-01
    endloop
  endfacet
  facet normal 6.600203e-01 6.516358e-01 3.738236e-01
    outer loop
      vertex -1.473945e+00 7.510674e-02 -6.334417e-01
      vertex -1.296746e+00 -2.035262e-01 -4.606009e-01
      vertex -1.334524e+00 -1.211096e-03 -7.465681e-01
    endloop
  endfacet
  facet normal 3.833895e-01 7.770981e-01 4.991302e-01
    outer loop
      vertex -1.334524e+00 -1.211096e-03 -7.465681e-01
      vertex -1.296746e+00 -2.035262e-01 -4.606009e-01
      vertex -1.118158e+00 -2.519022e-01 -5.224597e-01
    endloop
  endfacet
  facet normal 3.293155e-01 7.712225e-01 5.447634e-01
    outer loop
      vertex -1.334524e+00 -1.211096e-03 -7.465681e-01
      vertex -1.118158e+00 -2.519022e-01 -5.224597e-01
      vertex -1.156122e+00 -2.399668e-02 -8.221567e-01
    endloop
  endfacet
  facet normal 7.788590e-03 7.964393e-01 6.046683e-01
    outer loop
      vertex -1.156122e+00 -2.399668e-02 -8.221567e-01
      vertex -1.118158e+00 -2.519022e-01 -5.224597e-01
      vertex -9.248315e-01 -2.373012e-01 -5.441817e-01
    endloop
  endfacet
  facet normal -5.033158e-02 7.716740e-01 6.340236e-01
    outer loop
      vertex -1.156122e+00 -2.399668e-02 -8.221567e-01
      vertex -9.248315e-01 -2.373012e-01 -5.441817e-01
      vertex -9.658980e-01 1.021889e-02 -8.486999e-01
    endloop
  endfacet
  facet normal -3.686404e-01 6.963851e-01 6.157532e-01
    outer loop
      vertex -9.658980e-01 1.021889e-02 -8.486999e-01
      vertex -9.248315e-01 -2.373012e-01 -5.441817e-01
      vertex -7.461978e-01 -1.619460e-01 -5.224597e-01
    endloop
  endfacet
  facet normal -4.212442e-01 6.537131e-01 6.286592e-01
    outer loop
      vertex -9.658980e-01 1.021889e-02 -8.486999e-01
      vertex -7.461978e-01 -1.619460e-01 -5.224597e-01
      vertex -7.928131e-01 9.622660e-02 -8.221567e-01
    endloop
  endfacet
  facet normal -6.892522e-01 4.924555e-01 5.314310e-01
    outer loop
      vertex -7.928131e-01 9.622660e-02 -8.221567e-01
      vertex -7.461978e-01 -1.619460e-01 -5.224597e-01
      vertex -6.094525e-01 -3.730874e-02 -4.606009e-01
    endloop
  endfacet
  facet normal -7.278724e-01 4.352317e-01 5.298822e-01
    outer loop
      vertex -7.928131e-01 9.622660e-02 -8.221567e-01
      vertex -6.094525e-01 -3.730874e-02 -4.606009e-01
      vertex -6.632175e-01 2.209326e-01 -7.465681e-01
    endloop
  endfacet
  facet normal -9.059928e-01 2.150900e-01 3.645729e-01
    outer loop
      vertex -6.632175e-01 2.209326e-01 -7.465681e-01
      vertex -6.094525e-01 -3.730874e-02 -4.606009e-01
      vertex -5.354138e-01 1.176356e-01 -3.680226e-01
    endloop
  endfacet
  facet normal -9.239531e-01 1.485540e-01 3.524804e-01
    outer loop
      vertex -6.632175e-01 2.209326e-01 -7.465681e-01
      vertex -5.354138e-01 1.176356e-01 -3.680226e-01
      vertex -5.968410e-01 3.653514e-01 -6.334417e-01
    endloop
  endfacet
  facet normal -9.856359e-01 -9.428151e-02 1.401174e-01
    outer loop
      vertex -5.968410e-01 3.653514e-01 -6.334417e-01
      vertex -5.354138e-01 1.176356e-01 -3.680226e-01
      vertex -5.353534e-01 2.792983e-01 -2.588190e-01
    endloop
  endfacet
  facet normal -9.788432e-01 -1.634245e-01 1.231199e-01
    outer loop
      vertex -5.968410e-01 3.653514e-01 -6.334417e-01
      vertex -5.353534e-01 2.792983e-01 -2.588190e-01
      vertex -6.037887e-01 5.074967e-01 -5.000000e-01
    endloop
  endfacet
  facet normal -9.803077e-01 -1.857474e-01 -6.704242e-02
    outer loop
      vertex -5.353534e-01 2.792983e-01 -2.588190e-01
      vertex -5.000005e-01 -6.981270e-04 -6.123234e-16
      vertex -5.378316e-01 1.634288e-01 9.844487e-02
    endloop
  endfacet
  facet normal -9.181778e-01 -3.749315e-01 -1.279685e-01
    outer loop
      vertex -5.353534e-01 2.792983e-01 -2.588190e-01
      vertex -5.378316e-01 1.634288e-01 9.844487e-02
      vertex -6.092805e-01 4.230676e-01 -1.496155e-01
    endloop
  endfacet
  facet normal -8.319798e-01 -4.854957e-01 -2.685210e-01
    outer loop
      vertex -6.092805e-01 4.230676e-01 -1.496155e-01
      vertex -5.378316e-01 1.634288e-01 9.844487e-02
      vertex -6.460237e-01 3.026752e-01 1.819024e-01
    endloop
  endfacet
  facet normal -6.999316e-01 -6.429163e-01 -3.110537e-01
    outer loop
      vertex -6.092805e-01 4.230676e-01 -1.496155e-01
      vertex -6.460237e-01 3.026752e-01 1.819024e-01
      vertex -7.459404e-01 5.270558e-01 -5.703719e-02
    endloop
  endfacet
  facet normal -5.565501e-01 -7.090102e-01 -4.330780e-01
    outer loop
      vertex -7.459404e-01 5.270558e-01 -5.703719e-02
      vertex -6.460237e-01 3.026752e-01 1.819024e-01
      vertex -8.081054e-01 3.958420e-01 2.376669e-01
    endloop
  endfacet
  facet normal -3.739482e-01 -8.153924e-01 -4.419254e-01
    outer loop
      vertex -7.459404e-01 5.270558e-01 -5.703719e-02
      vertex -8.081054e-01 3.958420e-01 2.376669e-01
      vertex -9.245279e-01 5.754319e-01 4.821650e-03
    endloop
  endfacet
  facet normal -1.961080e-01 -8.214429e-01 -5.355120e-01
    outer loop
      vertex -9.245279e-01 5.754319e-01 4.821650e-03
      vertex -8.081054e-01 3.958420e-01 2.376669e-01
      vertex -9.994014e-01 4.287455e-01 2.572488e-01
    endloop
  endfacet
  facet normal 9.164762e-03 -8.657589e-01 -5.003774e-01
    outer loop
      vertex -9.245279e-01 5.754319e-01 4.821650e-03
      vertex -9.994014e-01 4.287455e-01 2.572488e-01
      vertex -1.117855e+00 5.608309e-01 2.654359e-02
    endloop
  endfacet
  facet normal 1.935359e-01 -8.052814e-01 -5.604157e-01
    outer loop
      vertex -1.117855e+00 5.608309e-01 2.654359e-02
      vertex -9.994014e-01 4.287455e-01 2.572488e-01
      vertex -1.190788e+00 3.963763e-01 2.376669e-01
    endloop
  endfacet
  facet normal 3.900852e-01 -7.868777e-01 -4.781810e-01
    outer loop
      vertex -1.117855e+00 5.608309e-01 2.654359e-02
      vertex -1.190788e+00 3.963763e-01 2.376669e-01
      vertex -1.296488e+00 4.854757e-01 4.821650e-03
    endloop
  endfacet
  facet normal 5.523027e-01 -6.635583e-01 -5.046306e-01
    outer loop
      vertex -1.296488e+00 4.854757e-01 4.821650e-03
      vertex -1.190788e+00 3.963763e-01 2.376669e-01
      vertex -1.353130e+00 3.036625e-01 1.819024e-01
    endloop
  endfacet
  facet normal 7.110907e-01 -5.915952e-01 -3.799540e-01
    outer loop
      vertex -1.296488e+00 4.854757e-01 4.821650e-03
      vertex -1.353130e+00 3.036625e-01 1.819024e-01
      vertex -1.433234e+00 3.608384e-01 -5.703719e-02
    endloop
  endfacet
  facet normal 8.259806e-01 -4.189388e-01 -3.771555e-01
    outer loop
      vertex -1.433234e+00 3.608384e-01 -5.703719e-02
      vertex -1.353130e+00 3.036625e-01 1.819024e-01
      vertex -1.461710e+00 1.647188e-01 9.844487e-02
    endloop
  endfacet
  facet normal 9.247403e-01 -3.096808e-01 -2.212534e-01
    outer loop
      vertex -1.433234e+00 3.608384e-01 -5.703719e-02
      vertex -1.461710e+00 1.647188e-01 9.844487e-02
      vertex -1.507272e+00 2.058940e-01 -1.496155e-01
    endloop
  endfacet
  facet normal 9.742933e-01 -1.091594e-01 -1.970706e-01
    outer loop
      vertex -1.507272e+00 2.058940e-01 -1.496155e-01
      vertex -1.461710e+00 1.647188e-01 9.844487e-02
      vertex -1.500000e+00 6.981270e-04 -5.808195e-16
    endloop
  endfacet
  facet normal 9.995333e-01 1.684297e-02 -2.548666e-02
    outer loop
      vertex -1.507272e+00 2.058940e-01 -1.496155e-01
      vertex -1.500000e+00 6.981270e-04 -5.808195e-16
      vertex -1.507333e+00 4.423138e-02 -2.588190e-01
    endloop
  endfacet
  facet normal 9.756072e-01 2.193288e-01 9.249256e-03
    outer loop
      vertex -1.507333e+00 4.423138e-02 -2.588190e-01
      vertex -1.500000e+00 6.981270e-04 -5.808195e-16
      vertex -1.462168e+00 -1.634288e-01 -9.844487e-02
    endloop
  endfacet
  facet normal 9.236064e-01 3.390378e-01 1.788986e-01
    outer loop
      vertex -1.507333e+00 4.423138e-02 -2.588190e-01
      vertex -1.462168e+00 -1.634288e-01 -9.844487e-02
      vertex -1.433405e+00 -9.953787e-02 -3.680226e-01
    endloop
  endfacet
  facet normal 8.291221e-01 5.176597e-01 2.111515e-01
    outer loop
      vertex -1.433405e+00 -9.953787e-02 -3.680226e-01
      vertex -1.462168e+00 -1.634288e-01 -9.844487e-02
      vertex -1.353976e+00 -3.026752e-01 -1.819024e-01
    endloop
  endfacet
  facet normal 7.072084e-01 6.076547e-01 3.614029e-01
    outer loop
      vertex -1.433405e+00 -9.953787e-02 -3.680226e-01
      vertex -1.353976e+00 -3.026752e-01 -1.819024e-01
      vertex -1.296746e+00 -2.035262e-01 -4.606009e-01
    endloop
  endfacet
  facet normal 5.556800e-01 7.406929e-01 3.776159e-01
    outer loop
      vertex -1.296746e+00 -2.035262e-01 -4.606009e-01
      vertex -1.353976e+00 -3.026752e-01 -1.819024e-01
      vertex -1.191895e+00 -3.958420e-01 -2.376669e-01
    endloop
  endfacet
  facet normal 3.825644e-01 7.809328e-01 4.937494e-01
    outer loop
      vertex -1.296746e+00 -2.035262e-01 -4.606009e-01
      vertex -1.191895e+00 -3.958420e-01 -2.376669e-01
      vertex -1.118158e+00 -2.519022e-01 -5.224597e-01
    endloop
  endfacet
  facet normal 1.962175e-01 8.537461e-01 4.823031e-01
    outer loop
      vertex -1.118158e+00 -2.519022e-01 -5.224597e-01
      vertex -1.191895e+00 -3.958420e-01 -2.376669e-01
      vertex -1.000599e+00 -4.287455e-01 -2.572488e-01
    endloop
  endfacet
  facet normal -4.786567e-04 8.319001e-01 5.549252e-01
    outer loop
      vertex -1.118158e+00 -2.519022e-01 -5.224597e-01
      vertex -1.000599e+00 -4.287455e-01 -2.572488e-01
      vertex -9.248315e-01 -2.373012e-01 -5.441817e-01
    endloop
  endfacet
  facet normal -1.939171e-01 8.389229e-01 5.085317e-01
    outer loop
      vertex -9.248315e-01 -2.373012e-01 -5.441817e-01
      vertex -1.000599e+00 -4.287455e-01 -2.572488e-01
      vertex -8.092115e-01 -3.963763e-01 -2.376669e-01
    endloop
  endfacet
  facet normal -3.827456e-01 7.530451e-01 5.351905e-01
    outer loop
      vertex -9.248315e-01 -2.373012e-01 -5.441817e-01
      vertex -8.092115e-01 -3.963763e-01 -2.376669e-01
      vertex -7.461978e-01 -1.619460e-01 -5.224597e-01
    endloop
  endfacet
  facet normal -5.543633e-01 6.985873e-01 4.523904e-01
    outer loop
      vertex -7.461978e-01 -1.619460e-01 -5.224597e-01
      vertex -8.092115e-01 -3.963763e-01 -2.376669e-01
      vertex -6.468703e-01 -3.036625e-01 -1.819024e-01
    endloop
  endfacet
  facet normal -7.057549e-01 5.570973e-01 4.376672e-01
    outer loop
      vertex -7.461978e-01 -1.619460e-01 -5.224597e-01
      vertex -6.468703e-01 -3.036625e-01 -1.819024e-01
      vertex -6.094525e-01 -3.730874e-02 -4.606009e-01
    endloop
  endfacet
  facet normal -8.300413e-01 4.546171e-01 3.230397e-01
    outer loop
      vertex -6.094525e-01 -3.730874e-02 -4.606009e-01
      vertex -6.468703e-01 -3.036625e-01 -1.819024e-01
      vertex -5.382898e-01 -1.647188e-01 -9.844487e-02
    endloop
  endfacet
  facet normal -9.207814e-01 2.742359e-01 2.774100e-01
    outer loop
      vertex -6.094525e-01 -3.730874e-02 -4.606009e-01
      vertex -5.382898e-01 -1.647188e-01 -9.844487e-02
      vertex -5.354138e-01 1.176356e-01 -3.680226e-01
    endloop
  endfacet
  facet normal -9.794972e-01 1.442473e-01 1.406342e-01
    outer loop
      vertex -5.354138e-01 1.176356e-01 -3.680226e-01
      vertex -5.382898e-01 -1.647188e-01 -9.844487e-02
      vertex -5.000005e-01 -6.981270e-04 -6.123234e-16
    endloop
  endfacet
  facet normal -9.954885e-01 -5.285552e-02 7.879665e-02
    outer loop
      vertex -5.354138e-01 1.176356e-01 -3.680226e-01
      vertex -5.000005e-01 -6.981270e-04 -6.123234e-16
      vertex -5.353534e-01 2.792983e-01 -2.588190e-01
    endloop
  endfacet
  facet normal -9.954595e-01 5.412150e-02 -7.830224e-02
    outer loop
      vertex -5.000005e-01 -6.981270e-04 -6.123234e-16
      vertex -5.355501e-01 -2.801088e-01 2.588190e-01
      vertex -5.353737e-01 -1.185811e-01 3.682220e-01
    endloop
  endfacet
  facet normal -9.799504e-01 -1.421216e-01 -1.396378e-01
    outer loop
      vertex -5.000005e-01 -6.981270e-04 -6.123234e-16
      vertex -5.353737e-01 -1.185811e-01 3.682220e-01
      vertex -5.378316e-01 1.634288e-01 9.844487e-02
    endloop
  endfacet
  facet normal -9.212648e-01 -2.730189e-01 -2.770052e-01
    outer loop
      vertex -5.378316e-01 1.634288e-01 9.844487e-02
      vertex -5.353737e-01 -1.185811e-01 3.682220e-01
      vertex -6.091817e-01 3.637229e-02 4.609693e-01
    endloop
  endfacet
  facet normal -8.313396e-01 -4.527638e-01 -3.223031e-01
    outer loop
      vertex -5.378316e-01 1.634288e-01 9.844487e-02
      vertex -6.091817e-01 3.637229e-02 4.609693e-01
      vertex -6.460237e-01 3.026752e-01 1.819024e-01
    endloop
  endfacet
  facet normal -7.066964e-01 -5.561216e-01 -4.373887e-01
    outer loop
      vertex -6.460237e-01 3.026752e-01 1.819024e-01
      vertex -6.091817e-01 3.637229e-02 4.609693e-01
      vertex -7.457375e-01 1.611611e-01 5.229411e-01
    endloop
  endfacet
  facet normal -5.563198e-01 -6.972854e-01 -4.519971e-01
    outer loop
      vertex -6.460237e-01 3.026752e-01 1.819024e-01
      vertex -7.457375e-01 1.611611e-01 5.229411e-01
      vertex -8.081054e-01 3.958420e-01 2.376669e-01
    endloop
  endfacet
  facet normal -3.840113e-01 -7.524822e-01 -5.350756e-01
    outer loop
      vertex -8.081054e-01 3.958420e-01 2.376669e-01
      vertex -7.457375e-01 1.611611e-01 5.229411e-01
      vertex -9.242518e-01 2.367873e-01 5.447027e-01
    endloop
  endfacet
  facet normal -1.962590e-01 -8.383701e-01 -5.085449e-01
    outer loop
      vertex -8.081054e-01 3.958420e-01 2.376669e-01
      vertex -9.242518e-01 2.367873e-01 5.447027e-01
      vertex -9.994014e-01 4.287455e-01 2.572488e-01
    endloop
  endfacet
  facet normal -1.854116e-03 -8.318421e-01 -5.550092e-01
    outer loop
      vertex -9.994014e-01 4.287455e-01 2.572488e-01
      vertex -9.242518e-01 2.367873e-01 5.447027e-01
      vertex -1.117547e+00 2.517376e-01 5.229411e-01
    endloop
  endfacet
  facet normal 1.938357e-01 -8.540259e-01 -4.827706e-01
    outer loop
      vertex -9.994014e-01 4.287455e-01 2.572488e-01
      vertex -1.117547e+00 2.517376e-01 5.229411e-01
      vertex -1.190788e+00 3.963763e-01 2.376669e-01
    endloop
  endfacet
  facet normal 3.813249e-01 -7.813450e-01 -4.940560e-01
    outer loop
      vertex -1.190788e+00 3.963763e-01 2.376669e-01
      vertex -1.117547e+00 2.517376e-01 5.229411e-01
      vertex -1.296197e+00 2.037359e-01 4.609693e-01
    endloop
  endfacet
  facet normal 5.536437e-01 -7.417410e-01 -3.785484e-01
    outer loop
      vertex -1.190788e+00 3.963763e-01 2.376669e-01
      vertex -1.296197e+00 2.037359e-01 4.609693e-01
      vertex -1.353130e+00 3.036625e-01 1.819024e-01
    endloop
  endfacet
  facet normal 7.063026e-01 -6.083868e-01 -3.619421e-01
    outer loop
      vertex -1.353130e+00 3.036625e-01 1.819024e-01
      vertex -1.296197e+00 2.037359e-01 4.609693e-01
      vertex -1.433002e+00 1.000900e-01 3.682220e-01
    endloop
  endfacet
  facet normal 8.277816e-01 -5.192575e-01 -2.124836e-01
    outer loop
      vertex -1.353130e+00 3.036625e-01 1.819024e-01
      vertex -1.433002e+00 1.000900e-01 3.682220e-01
      vertex -1.461710e+00 1.647188e-01 9.844487e-02
    endloop
  endfacet
  facet normal 9.231387e-01 -3.399052e-01 -1.796647e-01
    outer loop
      vertex -1.461710e+00 1.647188e-01 9.844487e-02
      vertex -1.433002e+00 1.000900e-01 3.682220e-01
      vertex -1.507136e+00 -4.342090e-02 2.588190e-01
    endloop
  endfacet
  facet normal 9.751779e-01 -2.211586e-01 -1.081096e-02
    outer loop
      vertex -1.461710e+00 1.647188e-01 9.844487e-02
      vertex -1.507136e+00 -4.342090e-02 2.588190e-01
      vertex -1.500000e+00 6.981270e-04 -5.808195e-16
    endloop
  endfacet
  facet normal 9.995419e-01 -1.771321e-02 2.454071e-02
    outer loop
      vertex -1.500000e+00 6.981270e-04 -5.808195e-16
      vertex -1.507136e+00 -4.342090e-02 2.588190e-01
      vertex -1.507312e+00 -2.049486e-01 1.494161e-01
    endloop
  endfacet
  facet normal 9.747973e-01 1.074059e-01 1.955355e-01
    outer loop
      vertex -1.500000e+00 6.981270e-04 -5.808195e-16
      vertex -1.507312e+00 -2.049486e-01 1.494161e-01
      vertex -1.462168e+00 -1.634288e-01 -9.844487e-02
    endloop
  endfacet
  facet normal 9.252453e-01 3.088799e-01 2.202598e-01
    outer loop
      vertex -1.462168e+00 -1.634288e-01 -9.844487e-02
      vertex -1.507312e+00 -2.049486e-01 1.494161e-01
      vertex -1.433504e+00 -3.599020e-01 5.666877e-02
    endloop
  endfacet
  facet normal 8.272834e-01 4.174783e-01 3.759176e-01
    outer loop
      vertex -1.462168e+00 -1.634288e-01 -9.844487e-02
      vertex -1.433504e+00 -3.599020e-01 5.666877e-02
      vertex -1.353976e+00 -3.026752e-01 -1.819024e-01
    endloop
  endfacet
  facet normal 7.120755e-01 5.909437e-01 3.791226e-01
    outer loop
      vertex -1.353976e+00 -3.026752e-01 -1.819024e-01
      vertex -1.433504e+00 -3.599020e-01 5.666877e-02
      vertex -1.296948e+00 -4.846908e-01 -5.303021e-03
    endloop
  endfacet
  facet normal 5.542002e-01 6.625364e-01 5.038925e-01
    outer loop
      vertex -1.353976e+00 -3.026752e-01 -1.819024e-01
      vertex -1.296948e+00 -4.846908e-01 -5.303021e-03
      vertex -1.191895e+00 -3.958420e-01 -2.376669e-01
    endloop
  endfacet
  facet normal 3.914291e-01 7.865009e-01 4.777023e-01
    outer loop
      vertex -1.191895e+00 -3.958420e-01 -2.376669e-01
      vertex -1.296948e+00 -4.846908e-01 -5.303021e-03
      vertex -1.118434e+00 -5.603170e-01 -2.706462e-02
    endloop
  endfacet
  facet normal 1.957864e-01 8.048405e-01 5.602673e-01
    outer loop
      vertex -1.191895e+00 -3.958420e-01 -2.376669e-01
      vertex -1.118434e+00 -5.603170e-01 -2.706462e-02
      vertex -1.000599e+00 -4.287455e-01 -2.572488e-01
    endloop
  endfacet
  facet normal 1.063622e-02 8.657773e-01 5.003165e-01
    outer loop
      vertex -1.000599e+00 -4.287455e-01 -2.572488e-01
      vertex -1.118434e+00 -5.603170e-01 -2.706462e-02
      vertex -9.251387e-01 -5.752673e-01 -5.303021e-03
    endloop
  endfacet
  facet normal -1.938102e-01 8.217178e-01 5.359267e-01
    outer loop
      vertex -1.000599e+00 -4.287455e-01 -2.572488e-01
      vertex -9.251387e-01 -5.752673e-01 -5.303021e-03
      vertex -8.092115e-01 -3.963763e-01 -2.376669e-01
    endloop
  endfacet
  facet normal -3.726107e-01 8.158521e-01 4.422066e-01
    outer loop
      vertex -8.092115e-01 -3.963763e-01 -2.376669e-01
      vertex -9.251387e-01 -5.752673e-01 -5.303021e-03
      vertex -7.464894e-01 -5.272656e-01 5.666877e-02
    endloop
  endfacet
  facet normal -5.545651e-01 7.100447e-01 4.339287e-01
    outer loop
      vertex -8.092115e-01 -3.963763e-01 -2.376669e-01
      vertex -7.464894e-01 -5.272656e-01 5.666877e-02
      vertex -6.468703e-01 -3.036625e-01 -1.819024e-01
    endloop
  endfacet
  facet normal -6.989333e-01 6.437712e-01 3.115299e-01
    outer loop
      vertex -6.468703e-01 -3.036625e-01 -1.819024e-01
      vertex -7.464894e-01 -5.272656e-01 5.666877e-02
      vertex -6.096841e-01 -4.236197e-01 1.494161e-01
    endloop
  endfacet
  facet normal -8.306423e-01 4.871763e-01 2.696157e-01
    outer loop
      vertex -6.468703e-01 -3.036625e-01 -1.819024e-01
      vertex -6.096841e-01 -4.236197e-01 1.494161e-01
      vertex -5.382898e-01 -1.647188e-01 -9.844487e-02
    endloop
  endfacet
  facet normal -9.176385e-01 3.760682e-01 1.285003e-01
    outer loop
      vertex -5.382898e-01 -1.647188e-01 -9.844487e-02
      vertex -6.096841e-01 -4.236197e-01 1.494161e-01
      vertex -5.355501e-01 -2.801088e-01 2.588190e-01
    endloop
  endfacet
  facet normal -9.798353e-01 1.878161e-01 6.817506e-02
    outer loop
      vertex -5.382898e-01 -1.647188e-01 -9.844487e-02
      vertex -5.355501e-01 -2.801088e-01 2.588190e-01
      vertex -5.000005e-01 -6.981270e-04 -6.123234e-16
    endloop
  endfacet
  facet normal -9.788772e-01 1.633094e-01 -1.230021e-01
    outer loop
      vertex -5.355501e-01 -2.801088e-01 2.588190e-01
      vertex -6.037953e-01 -5.075167e-01 5.000000e-01
      vertex -5.969224e-01 -3.656158e-01 6.337054e-01
    endloop
  endfacet
  facet normal -9.855907e-01 9.559171e-02 -1.395467e-01
    outer loop
      vertex -5.355501e-01 -2.801088e-01 2.588190e-01
      vertex -5.969224e-01 -3.656158e-01 6.337054e-01
      vertex -5.353737e-01 -1.185811e-01 3.682220e-01
    endloop
  endfacet
  facet normal -9.239424e-01 -1.486089e-01 -3.524853e-01
    outer loop
      vertex -5.353737e-01 -1.185811e-01 3.682220e-01
      vertex -5.969224e-01 -3.656158e-01 6.337054e-01
      vertex -6.633614e-01 -2.214011e-01 7.470554e-01
    endloop
  endfacet
  facet normal -9.064424e-01 -2.137384e-01 -3.642499e-01
    outer loop
      vertex -5.353737e-01 -1.185811e-01 3.682220e-01
      vertex -6.633614e-01 -2.214011e-01 7.470554e-01
      vertex -6.091817e-01 3.637229e-02 4.609693e-01
    endloop
  endfacet
  facet normal -7.278291e-01 -4.351997e-01 -5.299680e-01
    outer loop
      vertex -6.091817e-01 3.637229e-02 4.609693e-01
      vertex -6.633614e-01 -2.214011e-01 7.470554e-01
      vertex -7.929975e-01 -9.682796e-02 8.227934e-01
    endloop
  endfacet
  facet normal -6.901020e-01 -4.912563e-01 -5.314381e-01
    outer loop
      vertex -6.091817e-01 3.637229e-02 4.609693e-01
      vertex -7.929975e-01 -9.682796e-02 8.227934e-01
      vertex -7.457375e-01 1.611611e-01 5.229411e-01
    endloop
  endfacet
  facet normal -4.212223e-01 -6.536281e-01 -6.287624e-01
    outer loop
      vertex -7.457375e-01 1.611611e-01 5.229411e-01
      vertex -7.929975e-01 -9.682796e-02 8.227934e-01
      vertex -9.660948e-01 -1.086150e-02 8.493890e-01
    endloop
  endfacet
  facet normal -3.697485e-01 -6.955047e-01 -6.160838e-01
    outer loop
      vertex -7.457375e-01 1.611611e-01 5.229411e-01
      vertex -9.660948e-01 -1.086150e-02 8.493890e-01
      vertex -9.242518e-01 2.367873e-01 5.447027e-01
    endloop
  endfacet
  facet normal -5.037177e-02 -7.716182e-01 -6.340883e-01
    outer loop
      vertex -9.242518e-01 2.367873e-01 5.447027e-01
      vertex -9.660948e-01 -1.086150e-02 8.493890e-01
      vertex -1.156301e+00 2.341064e-02 8.227934e-01
    endloop
  endfacet
  facet normal 6.577140e-03 -7.959927e-01 -6.052705e-01
    outer loop
      vertex -9.242518e-01 2.367873e-01 5.447027e-01
      vertex -1.156301e+00 2.341064e-02 8.227934e-01
      vertex -1.117547e+00 2.517376e-01 5.229411e-01
    endloop
  endfacet
  facet normal 3.292238e-01 -7.712728e-01 -5.447476e-01
    outer loop
      vertex -1.117547e+00 2.517376e-01 5.229411e-01
      vertex -1.156301e+00 2.341064e-02 8.227934e-01
      vertex -1.334658e+00 7.708455e-04 7.470554e-01
    endloop
  endfacet
  facet normal 3.822396e-01 -7.771354e-01 -4.999535e-01
    outer loop
      vertex -1.117547e+00 2.517376e-01 5.229411e-01
      vertex -1.334658e+00 7.708455e-04 7.470554e-01
      vertex -1.296197e+00 2.037359e-01 4.609693e-01
    endloop
  endfacet
  facet normal 6.599256e-01 -6.518013e-01 -3.737022e-01
    outer loop
      vertex -1.296197e+00 2.037359e-01 4.609693e-01
      vertex -1.334658e+00 7.708455e-04 7.470554e-01
      vertex -1.474014e+00 -7.533418e-02 6.337054e-01
    endloop
  endfacet
  facet normal 6.996094e-01 -6.410818e-01 -3.155326e-01
    outer loop
      vertex -1.296197e+00 2.037359e-01 4.609693e-01
      vertex -1.474014e+00 -7.533418e-02 6.337054e-01
      vertex -1.433002e+00 1.000900e-01 3.682220e-01
    endloop
  endfacet
  facet normal 8.904543e-01 -4.306706e-01 -1.470167e-01
    outer loop
      vertex -1.433002e+00 1.000900e-01 3.682220e-01
      vertex -1.474014e+00 -7.533418e-02 6.337054e-01
      vertex -1.553153e+00 -1.933181e-01 5.000000e-01
    endloop
  endfacet
  facet normal 9.092454e-01 -4.084294e-01 -8.036273e-02
    outer loop
      vertex -1.433002e+00 1.000900e-01 3.682220e-01
      vertex -1.553153e+00 -1.933181e-01 5.000000e-01
      vertex -1.507136e+00 -4.342090e-02 2.588190e-01
    endloop
  endfacet
  facet normal 9.848582e-01 -1.417471e-01 9.981062e-02
    outer loop
      vertex -1.507136e+00 -4.342090e-02 2.588190e-01
      vertex -1.553153e+00 -1.933181e-01 5.000000e-01
      vertex -1.560025e+00 -3.352190e-01 3.662946e-01
    endloop
  endfacet
  facet normal 9.789055e-01 -1.153071e-01 1.686663e-01
    outer loop
      vertex -1.507136e+00 -4.342090e-02 2.588190e-01
      vertex -1.560025e+00 -3.352190e-01 3.662946e-01
      vertex -1.507312e+00 -2.049486e-01 1.494161e-01
    endloop
  endfacet
  facet normal 9.291892e-01 1.702079e-01 3.280803e-01
    outer loop
      vertex -1.507312e+00 -2.049486e-01 1.494161e-01
      vertex -1.560025e+00 -3.352190e-01 3.662946e-01
      vertex -1.493586e+00 -4.794337e-01 2.529446e-01
    endloop
  endfacet
  facet normal 8.990989e-01 1.931285e-01 3.928390e-01
    outer loop
      vertex -1.507312e+00 -2.049486e-01 1.494161e-01
      vertex -1.493586e+00 -4.794337e-01 2.529446e-01
      vertex -1.433504e+00 -3.599020e-01 5.666877e-02
    endloop
  endfacet
  facet normal 7.333595e-01 4.573440e-01 5.030113e-01
    outer loop
      vertex -1.433504e+00 -3.599020e-01 5.666877e-02
      vertex -1.493586e+00 -4.794337e-01 2.529446e-01
      vertex -1.363950e+00 -6.040069e-01 1.772066e-01
    endloop
  endfacet
  facet normal 6.832992e-01 4.704266e-01 5.583915e-01
    outer loop
      vertex -1.433504e+00 -3.599020e-01 5.666877e-02
      vertex -1.363950e+00 -6.040069e-01 1.772066e-01
      vertex -1.296948e+00 -4.846908e-01 -5.303021e-03
    endloop
  endfacet
  facet normal 4.280302e-01 6.764336e-01 5.993561e-01
    outer loop
      vertex -1.296948e+00 -4.846908e-01 -5.303021e-03
      vertex -1.363950e+00 -6.040069e-01 1.772066e-01
      vertex -1.190853e+00 -6.899733e-01 1.506110e-01
    endloop
  endfacet
  facet normal 3.642712e-01 6.753246e-01 6.412824e-01
    outer loop
      vertex -1.296948e+00 -4.846908e-01 -5.303021e-03
      vertex -1.190853e+00 -6.899733e-01 1.506110e-01
      vertex -1.118434e+00 -5.603170e-01 -2.706462e-02
    endloop
  endfacet
  facet normal 5.876606e-02 7.948354e-01 6.039728e-01
    outer loop
      vertex -1.118434e+00 -5.603170e-01 -2.706462e-02
      vertex -1.190853e+00 -6.899733e-01 1.506110e-01
      vertex -1.000647e+00 -7.242455e-01 1.772066e-01
    endloop
  endfacet
  facet normal -1.080250e-02 7.768200e-01 6.296301e-01
    outer loop
      vertex -1.118434e+00 -5.603170e-01 -2.706462e-02
      vertex -1.000647e+00 -7.242455e-01 1.772066e-01
      vertex -9.251387e-01 -5.752673e-01 -5.303021e-03
    endloop
  endfacet
  facet normal -3.200149e-01 7.944861e-01 5.161223e-01
    outer loop
      vertex -9.251387e-01 -5.752673e-01 -5.303021e-03
      vertex -1.000647e+00 -7.242455e-01 1.772066e-01
      vertex -8.222895e-01 -7.016057e-01 2.529446e-01
    endloop
  endfacet
  facet normal -3.859183e-01 7.586810e-01 5.248525e-01
    outer loop
      vertex -9.251387e-01 -5.752673e-01 -5.303021e-03
      vertex -8.222895e-01 -7.016057e-01 2.529446e-01
      vertex -7.464894e-01 -5.272656e-01 5.666877e-02
    endloop
  endfacet
  facet normal -6.512033e-01 6.745703e-01 3.476912e-01
    outer loop
      vertex -7.464894e-01 -5.272656e-01 5.666877e-02
      vertex -8.222895e-01 -7.016057e-01 2.529446e-01
      vertex -6.829337e-01 -6.255007e-01 3.662946e-01
    endloop
  endfacet
  facet normal -7.036931e-01 6.227621e-01 3.420284e-01
    outer loop
      vertex -7.464894e-01 -5.272656e-01 5.666877e-02
      vertex -6.829337e-01 -6.255007e-01 3.662946e-01
      vertex -6.096841e-01 -4.236197e-01 1.494161e-01
    endloop
  endfacet
  facet normal -8.830902e-01 4.527457e-01 1.231785e-01
    outer loop
      vertex -6.096841e-01 -4.236197e-01 1.494161e-01
      vertex -6.829337e-01 -6.255007e-01 3.662946e-01
      vertex -6.037953e-01 -5.075167e-01 5.000000e-01
    endloop
  endfacet
  facet normal -9.145428e-01 3.896364e-01 1.086043e-01
    outer loop
      vertex -6.096841e-01 -4.236197e-01 1.494161e-01
      vertex -6.037953e-01 -5.075167e-01 5.000000e-01
      vertex -5.355501e-01 -2.801088e-01 2.588190e-01
    endloop
  endfacet
  facet normal -9.760363e-01 1.491876e-01 -1.584178e-01
    outer loop
      vertex -6.037953e-01 -5.075167e-01 5.000000e-01
      vertex -6.697482e-01 -7.190826e-01 7.071068e-01
      vertex -6.782515e-01 -6.060837e-01 8.659123e-01
    endloop
  endfacet
  facet normal -9.713965e-01 1.860672e-01 -1.475393e-01
    outer loop
      vertex -6.037953e-01 -5.075167e-01 5.000000e-01
      vertex -6.782515e-01 -6.060837e-01 8.659123e-01
      vertex -5.969224e-01 -3.656158e-01 6.337054e-01
    endloop
  endfacet
  facet normal -8.932214e-01 -1.170913e-01 -4.341027e-01
    outer loop
      vertex -5.969224e-01 -3.656158e-01 6.337054e-01
      vertex -6.782515e-01 -6.060837e-01 8.659123e-01
      vertex -7.588752e-01 -4.901736e-01 1.000541e+00
    endloop
  endfacet
  facet normal -9.013770e-01 -8.089375e-02 -4.254125e-01
    outer loop
      vertex -5.969224e-01 -3.656158e-01 6.337054e-01
      vertex -7.588752e-01 -4.901736e-01 1.000541e+00
      vertex -6.633614e-01 -2.214011e-01 7.470554e-01
    endloop
  endfacet
  facet normal -6.742403e-01 -3.655781e-01 -6.416796e-01
    outer loop
      vertex -6.633614e-01 -2.214011e-01 7.470554e-01
      vertex -7.588752e-01 -4.901736e-01 1.000541e+00
      vertex -8.993449e-01 -3.889986e-01 1.090497e+00
    endloop
  endfacet
  facet normal -6.933795e-01 -3.330784e-01 -6.389708e-01
    outer loop
      vertex -6.633614e-01 -2.214011e-01 7.470554e-01
      vertex -8.993449e-01 -3.889986e-01 1.090497e+00
      vertex -7.929975e-01 -9.682796e-02 8.227934e-01
    endloop
  endfacet
  facet normal -3.541367e-01 -5.584358e-01 -7.501578e-01
    outer loop
      vertex -7.929975e-01 -9.682796e-02 8.227934e-01
      vertex -8.993449e-01 -3.889986e-01 1.090497e+00
      vertex -1.078276e+00 -3.179616e-01 1.122086e+00
    endloop
  endfacet
  facet normal -3.805799e-01 -5.323919e-01 -7.561202e-01
    outer loop
      vertex -7.929975e-01 -9.682796e-02 8.227934e-01
      vertex -1.078276e+00 -3.179616e-01 1.122086e+00
      vertex -9.660948e-01 -1.086150e-02 8.493890e-01
    endloop
  endfacet
  facet normal 1.803828e-02 -6.675492e-01 -7.443471e-01
    outer loop
      vertex -9.660948e-01 -1.086150e-02 8.493890e-01
      vertex -1.078276e+00 -3.179616e-01 1.122086e+00
      vertex -1.268426e+00 -2.878773e-01 1.090497e+00
    endloop
  endfacet
  facet normal -1.079946e-02 -6.497569e-01 -7.600654e-01
    outer loop
      vertex -9.660948e-01 -1.086150e-02 8.493890e-01
      vertex -1.268426e+00 -2.878773e-01 1.090497e+00
      vertex -1.156301e+00 2.341064e-02 8.227934e-01
    endloop
  endfacet
  facet normal 3.870591e-01 -6.773921e-01 -6.255599e-01
    outer loop
      vertex -1.156301e+00 2.341064e-02 8.227934e-01
      vertex -1.268426e+00 -2.878773e-01 1.090497e+00
      vertex -1.440849e+00 -3.033259e-01 1.000541e+00
    endloop
  endfacet
  facet normal 3.610321e-01 -6.682637e-01 -6.504455e-01
    outer loop
      vertex -1.156301e+00 2.341064e-02 8.227934e-01
      vertex -1.440849e+00 -3.033259e-01 1.000541e+00
      vertex -1.334658e+00 7.708455e-04 7.470554e-01
    endloop
  endfacet
  facet normal 6.982174e-01 -5.862705e-01 -4.108276e-01
    outer loop
      vertex -1.334658e+00 7.708455e-04 7.470554e-01
      vertex -1.440849e+00 -3.033259e-01 1.000541e+00
      vertex -1.569293e+00 -3.619553e-01 8.659123e-01
    endloop
  endfacet
  facet normal 6.796159e-01 -5.847556e-01 -4.429256e-01
    outer loop
      vertex -1.334658e+00 7.708455e-04 7.470554e-01
      vertex -1.569293e+00 -3.619553e-01 8.659123e-01
      vertex -1.474014e+00 -7.533418e-02 6.337054e-01
    endloop
  endfacet
  facet normal 9.039326e-01 -4.069749e-01 -1.314434e-01
    outer loop
      vertex -1.474014e+00 -7.533418e-02 6.337054e-01
      vertex -1.569293e+00 -3.619553e-01 8.659123e-01
      vertex -1.634204e+00 -4.548399e-01 7.071068e-01
    endloop
  endfacet
  facet normal 8.961434e-01 -4.107502e-01 -1.679620e-01
    outer loop
      vertex -1.474014e+00 -7.533418e-02 6.337054e-01
      vertex -1.634204e+00 -4.548399e-01 7.071068e-01
      vertex -1.553153e+00 -1.933181e-01 5.000000e-01
    endloop
  endfacet
  facet normal 9.712838e-01 -1.661893e-01 1.702610e-01
    outer loop
      vertex -1.553153e+00 -1.933181e-01 5.000000e-01
      vertex -1.634204e+00 -4.548399e-01 7.071068e-01
      vertex -1.625701e+00 -5.678388e-01 5.483013e-01
    endloop
  endfacet
  facet normal 9.761578e-01 -1.720183e-01 1.323846e-01
    outer loop
      vertex -1.553153e+00 -1.933181e-01 5.000000e-01
      vertex -1.625701e+00 -5.678388e-01 5.483013e-01
      vertex -1.560025e+00 -3.352190e-01 3.662946e-01
    endloop
  endfacet
  facet normal 8.889509e-01 9.891600e-02 4.471934e-01
    outer loop
      vertex -1.560025e+00 -3.352190e-01 3.662946e-01
      vertex -1.625701e+00 -5.678388e-01 5.483013e-01
      vertex -1.545077e+00 -6.837489e-01 4.136725e-01
    endloop
  endfacet
  facet normal 9.067325e-01 9.474835e-02 4.109244e-01
    outer loop
      vertex -1.560025e+00 -3.352190e-01 3.662946e-01
      vertex -1.545077e+00 -6.837489e-01 4.136725e-01
      vertex -1.493586e+00 -4.794337e-01 2.529446e-01
    endloop
  endfacet
  facet normal 6.701624e-01 3.471717e-01 6.560138e-01
    outer loop
      vertex -1.493586e+00 -4.794337e-01 2.529446e-01
      vertex -1.545077e+00 -6.837489e-01 4.136725e-01
      vertex -1.404608e+00 -7.849239e-01 3.237164e-01
    endloop
  endfacet
  facet normal 6.993573e-01 3.482979e-01 6.241697e-01
    outer loop
      vertex -1.493586e+00 -4.794337e-01 2.529446e-01
      vertex -1.404608e+00 -7.849239e-01 3.237164e-01
      vertex -1.363950e+00 -6.040069e-01 1.772066e-01
    endloop
  endfacet
  facet normal 3.497683e-01 5.408591e-01 7.649402e-01
    outer loop
      vertex -1.363950e+00 -6.040069e-01 1.772066e-01
      vertex -1.404608e+00 -7.849239e-01 3.237164e-01
      vertex -1.225677e+00 -8.559609e-01 2.921280e-01
    endloop
  endfacet
  facet normal 3.868479e-01 5.499323e-01 7.402183e-01
    outer loop
      vertex -1.363950e+00 -6.040069e-01 1.772066e-01
      vertex -1.225677e+00 -8.559609e-01 2.921280e-01
      vertex -1.190853e+00 -6.899733e-01 1.506110e-01
    endloop
  endfacet
  facet normal -2.292691e-02 6.513963e-01 7.583912e-01
    outer loop
      vertex -1.190853e+00 -6.899733e-01 1.506110e-01
      vertex -1.225677e+00 -8.559609e-01 2.921280e-01
      vertex -1.035526e+00 -8.860452e-01 3.237164e-01
    endloop
  endfacet
  facet normal 1.668598e-02 6.691422e-01 7.429470e-01
    outer loop
      vertex -1.190853e+00 -6.899733e-01 1.506110e-01
      vertex -1.035526e+00 -8.860452e-01 3.237164e-01
      vertex -1.000647e+00 -7.242455e-01 1.772066e-01
    endloop
  endfacet
  facet normal -3.923028e-01 6.624399e-01 6.381785e-01
    outer loop
      vertex -1.000647e+00 -7.242455e-01 1.772066e-01
      vertex -1.035526e+00 -8.860452e-01 3.237164e-01
      vertex -8.631039e-01 -8.705966e-01 4.136725e-01
    endloop
  endfacet
  facet normal -3.559677e-01 6.877347e-01 6.326990e-01
    outer loop
      vertex -1.000647e+00 -7.242455e-01 1.772066e-01
      vertex -8.631039e-01 -8.705966e-01 4.136725e-01
      vertex -8.222895e-01 -7.016057e-01 2.529446e-01
    endloop
  endfacet
  facet normal -7.035373e-01 5.715718e-01 4.223042e-01
    outer loop
      vertex -8.222895e-01 -7.016057e-01 2.529446e-01
      vertex -8.631039e-01 -8.705966e-01 4.136725e-01
      vertex -7.346597e-01 -8.119671e-01 5.483013e-01
    endloop
  endfacet
  facet normal -6.751661e-01 6.025936e-01 4.254782e-01
    outer loop
      vertex -8.222895e-01 -7.016057e-01 2.529446e-01
      vertex -7.346597e-01 -8.119671e-01 5.483013e-01
      vertex -6.829337e-01 -6.255007e-01 3.662946e-01
    endloop
  endfacet
  facet normal -9.090886e-01 3.914194e-01 1.426492e-01
    outer loop
      vertex -6.829337e-01 -6.255007e-01 3.662946e-01
      vertex -7.346597e-01 -8.119671e-01 5.483013e-01
      vertex -6.697482e-01 -7.190826e-01 7.071068e-01
    endloop
  endfacet
  facet normal -8.917558e-01 4.263755e-01 1.515770e-01
    outer loop
      vertex -6.829337e-01 -6.255007e-01 3.662946e-01
      vertex -6.697482e-01 -7.190826e-01 7.071068e-01
      vertex -6.037953e-01 -5.075167e-01 5.000000e-01
    endloop
  endfacet
  facet normal -9.793474e-01 7.685234e-02 -1.870093e-01
    outer loop
      vertex -6.697482e-01 -7.190826e-01 7.071068e-01
      vertex -7.182144e-01 -9.499924e-01 8.660254e-01
      vertex -7.462271e-01 -8.745311e-01 1.043736e+00
    endloop
  endfacet
  facet normal -9.772341e-01 1.446231e-01 -1.552340e-01
    outer loop
      vertex -6.697482e-01 -7.190826e-01 7.071068e-01
      vertex -7.462271e-01 -8.745311e-01 1.043736e+00
      vertex -6.782515e-01 -6.060837e-01 8.659123e-01
    endloop
  endfacet
  facet normal -8.552123e-01 -1.177786e-01 -5.047178e-01
    outer loop
      vertex -6.782515e-01 -6.060837e-01 8.659123e-01
      vertex -7.462271e-01 -8.745311e-01 1.043736e+00
      vertex -8.453817e-01 -8.001578e-01 1.194392e+00
    endloop
  endfacet
  facet normal -8.765982e-01 -5.437877e-02 -4.781407e-01
    outer loop
      vertex -6.782515e-01 -6.060837e-01 8.659123e-01
      vertex -8.453817e-01 -8.001578e-01 1.194392e+00
      vertex -7.588752e-01 -4.901736e-01 1.000541e+00
    endloop
  endfacet
  facet normal -6.002415e-01 -2.969217e-01 -7.426625e-01
    outer loop
      vertex -7.588752e-01 -4.901736e-01 1.000541e+00
      vertex -8.453817e-01 -8.001578e-01 1.194392e+00
      vertex -1.000583e+00 -7.381953e-01 1.295057e+00
    endloop
  endfacet
  facet normal -6.406199e-01 -2.412987e-01 -7.289589e-01
    outer loop
      vertex -7.588752e-01 -4.901736e-01 1.000541e+00
      vertex -1.000583e+00 -7.381953e-01 1.295057e+00
      vertex -8.993449e-01 -3.889986e-01 1.090497e+00
    endloop
  endfacet
  facet normal -2.553979e-01 -4.325013e-01 -8.647049e-01
    outer loop
      vertex -8.993449e-01 -3.889986e-01 1.090497e+00
      vertex -1.000583e+00 -7.381953e-01 1.295057e+00
      vertex -1.188203e+00 -6.980766e-01 1.330406e+00
    endloop
  endfacet
  facet normal -3.072742e-01 -3.874786e-01 -8.691622e-01
    outer loop
      vertex -8.993449e-01 -3.889986e-01 1.090497e+00
      vertex -1.188203e+00 -6.980766e-01 1.330406e+00
      vertex -1.078276e+00 -3.179616e-01 1.122086e+00
    endloop
  endfacet
  facet normal 1.256445e-01 -5.044908e-01 -8.542262e-01
    outer loop
      vertex -1.078276e+00 -3.179616e-01 1.122086e+00
      vertex -1.188203e+00 -6.980766e-01 1.330406e+00
      vertex -1.379678e+00 -6.859096e-01 1.295057e+00
    endloop
  endfacet
  facet normal 7.138495e-02 -4.716417e-01 -8.788961e-01
    outer loop
      vertex -1.078276e+00 -3.179616e-01 1.122086e+00
      vertex -1.379678e+00 -6.859096e-01 1.295057e+00
      vertex -1.268426e+00 -2.878773e-01 1.090497e+00
    endloop
  endfacet
  facet normal 4.862055e-01 -5.030942e-01 -7.144931e-01
    outer loop
      vertex -1.268426e+00 -2.878773e-01 1.090497e+00
      vertex -1.379678e+00 -6.859096e-01 1.295057e+00
      vertex -1.545857e+00 -7.035465e-01 1.194392e+00
    endloop
  endfacet
  facet normal 4.387687e-01 -4.823499e-01 -7.581692e-01
    outer loop
      vertex -1.268426e+00 -2.878773e-01 1.090497e+00
      vertex -1.545857e+00 -7.035465e-01 1.194392e+00
      vertex -1.440849e+00 -3.033259e-01 1.000541e+00
    endloop
  endfacet
  facet normal 7.737626e-01 -4.288468e-01 -4.662423e-01
    outer loop
      vertex -1.440849e+00 -3.033259e-01 1.000541e+00
      vertex -1.545857e+00 -7.035465e-01 1.194392e+00
      vertex -1.661443e+00 -7.483023e-01 1.043736e+00
    endloop
  endfacet
  facet normal 7.411998e-01 -4.184021e-01 -5.249405e-01
    outer loop
      vertex -1.440849e+00 -3.033259e-01 1.000541e+00
      vertex -1.661443e+00 -7.483023e-01 1.043736e+00
      vertex -1.569293e+00 -3.619553e-01 8.659123e-01
    endloop
  endfacet
  facet normal 9.452707e-01 -2.922478e-01 -1.451017e-01
    outer loop
      vertex -1.569293e+00 -3.619553e-01 8.659123e-01
      vertex -1.661443e+00 -7.483023e-01 1.043736e+00
      vertex -1.708837e+00 -8.133633e-01 8.660254e-01
    endloop
  endfacet
  facet normal 9.335046e-01 -2.886275e-01 -2.127517e-01
    outer loop
      vertex -1.569293e+00 -3.619553e-01 8.659123e-01
      vertex -1.708837e+00 -8.133633e-01 8.660254e-01
      vertex -1.634204e+00 -4.548399e-01 7.071068e-01
    endloop
  endfacet
  facet normal 9.729317e-01 -1.132372e-01 2.014481e-01
    outer loop
      vertex -1.634204e+00 -4.548399e-01 7.071068e-01
      vertex -1.708837e+00 -8.133633e-01 8.660254e-01
      vertex -1.680824e+00 -8.888246e-01 6.883146e-01
    endloop
  endfacet
  facet normal 9.849432e-01 -1.115245e-01 1.320953e-01
    outer loop
      vertex -1.634204e+00 -4.548399e-01 7.071068e-01
      vertex -1.680824e+00 -8.888246e-01 6.883146e-01
      vertex -1.625701e+00 -5.678388e-01 5.483013e-01
    endloop
  endfacet
  facet normal 8.504273e-01 8.071949e-02 5.198632e-01
    outer loop
      vertex -1.625701e+00 -5.678388e-01 5.483013e-01
      vertex -1.680824e+00 -8.888246e-01 6.883146e-01
      vertex -1.581669e+00 -9.631979e-01 5.376587e-01
    endloop
  endfacet
  facet normal 8.857412e-01 8.636960e-02 4.560732e-01
    outer loop
      vertex -1.625701e+00 -5.678388e-01 5.483013e-01
      vertex -1.581669e+00 -9.631979e-01 5.376587e-01
      vertex -1.545077e+00 -6.837489e-01 4.136725e-01
    endloop
  endfacet
  facet normal 5.962650e-01 2.590511e-01 7.598425e-01
    outer loop
      vertex -1.545077e+00 -6.837489e-01 4.136725e-01
      vertex -1.581669e+00 -9.631979e-01 5.376587e-01
      vertex -1.426468e+00 -1.025160e+00 4.369937e-01
    endloop
  endfacet
  facet normal 6.509493e-01 2.744910e-01 7.077568e-01
    outer loop
      vertex -1.545077e+00 -6.837489e-01 4.136725e-01
      vertex -1.426468e+00 -1.025160e+00 4.369937e-01
      vertex -1.404608e+00 -7.849239e-01 3.237164e-01
    endloop
  endfacet
  facet normal 2.508522e-01 3.940846e-01 8.841779e-01
    outer loop
      vertex -1.404608e+00 -7.849239e-01 3.237164e-01
      vertex -1.426468e+00 -1.025160e+00 4.369937e-01
      vertex -1.238848e+00 -1.065279e+00 4.016448e-01
    endloop
  endfacet
  facet normal 3.179611e-01 4.237453e-01 8.481396e-01
    outer loop
      vertex -1.404608e+00 -7.849239e-01 3.237164e-01
      vertex -1.238848e+00 -1.065279e+00 4.016448e-01
      vertex -1.225677e+00 -8.559609e-01 2.921280e-01
    endloop
  endfacet
  facet normal -1.319000e-01 4.660411e-01 8.748761e-01
    outer loop
      vertex -1.225677e+00 -8.559609e-01 2.921280e-01
      vertex -1.238848e+00 -1.065279e+00 4.016448e-01
      vertex -1.047373e+00 -1.077446e+00 4.369937e-01
    endloop
  endfacet
  facet normal -6.153887e-02 5.111709e-01 8.572732e-01
    outer loop
      vertex -1.225677e+00 -8.559609e-01 2.921280e-01
      vertex -1.047373e+00 -1.077446e+00 4.369937e-01
      vertex -1.035526e+00 -8.860452e-01 3.237164e-01
    endloop
  endfacet
  facet normal -4.942301e-01 4.652186e-01 7.343761e-01
    outer loop
      vertex -1.035526e+00 -8.860452e-01 3.237164e-01
      vertex -1.047373e+00 -1.077446e+00 4.369937e-01
      vertex -8.811935e-01 -1.059809e+00 5.376587e-01
    endloop
  endfacet
  facet normal -4.305887e-01 5.231141e-01 7.354896e-01
    outer loop
      vertex -1.035526e+00 -8.860452e-01 3.237164e-01
      vertex -8.811935e-01 -1.059809e+00 5.376587e-01
      vertex -8.631039e-01 -8.705966e-01 4.136725e-01
    endloop
  endfacet
  facet normal -7.824698e-01 3.918953e-01 4.838999e-01
    outer loop
      vertex -8.631039e-01 -8.705966e-01 4.136725e-01
      vertex -8.811935e-01 -1.059809e+00 5.376587e-01
      vertex -7.656083e-01 -1.015053e+00 6.883146e-01
    endloop
  endfacet
  facet normal -7.343561e-01 4.575599e-01 5.013583e-01
    outer loop
      vertex -8.631039e-01 -8.705966e-01 4.136725e-01
      vertex -7.656083e-01 -1.015053e+00 6.883146e-01
      vertex -7.346597e-01 -8.119671e-01 5.483013e-01
    endloop
  endfacet
  facet normal -9.532706e-01 2.559419e-01 1.605270e-01
    outer loop
      vertex -7.346597e-01 -8.119671e-01 5.483013e-01
      vertex -7.656083e-01 -1.015053e+00 6.883146e-01
      vertex -7.182144e-01 -9.499924e-01 8.660254e-01
    endloop
  endfacet
  facet normal -9.267869e-01 3.245835e-01 1.889754e-01
    outer loop
      vertex -7.346597e-01 -8.119671e-01 5.483013e-01
      vertex -7.182144e-01 -9.499924e-01 8.660254e-01
      vertex -6.697482e-01 -7.190826e-01 7.071068e-01
    endloop
  endfacet
  facet normal -9.793664e-01 -2.643279e-02 -2.003568e-01
    outer loop
      vertex -7.182144e-01 -9.499924e-01 8.660254e-01
      vertex -7.316035e-01 -1.211138e+00 9.659258e-01
      vertex -7.709999e-01 -1.178629e+00 1.154211e+00
    endloop
  endfacet
  facet normal -9.862044e-01 2.067498e-02 -1.642356e-01
    outer loop
      vertex -7.182144e-01 -9.499924e-01 8.660254e-01
      vertex -7.709999e-01 -1.178629e+00 1.154211e+00
      vertex -7.462271e-01 -8.745311e-01 1.043736e+00
    endloop
  endfacet
  facet normal -8.268665e-01 -1.313060e-01 -5.468551e-01
    outer loop
      vertex -7.462271e-01 -8.745311e-01 1.043736e+00
      vertex -7.709999e-01 -1.178629e+00 1.154211e+00
      vertex -8.804578e-01 -1.154123e+00 1.313831e+00
    endloop
  endfacet
  facet normal -8.517251e-01 -8.979402e-02 -5.162377e-01
    outer loop
      vertex -7.462271e-01 -8.745311e-01 1.043736e+00
      vertex -8.804578e-01 -1.154123e+00 1.313831e+00
      vertex -8.453817e-01 -8.001578e-01 1.194392e+00
    endloop
  endfacet
  facet normal -5.465586e-01 -2.186134e-01 -8.083822e-01
    outer loop
      vertex -8.453817e-01 -8.001578e-01 1.194392e+00
      vertex -8.804578e-01 -1.154123e+00 1.313831e+00
      vertex -1.043313e+00 -1.141352e+00 1.420486e+00
    endloop
  endfacet
  facet normal -5.854675e-01 -1.836147e-01 -7.896287e-01
    outer loop
      vertex -8.453817e-01 -8.001578e-01 1.194392e+00
      vertex -1.043313e+00 -1.141352e+00 1.420486e+00
      vertex -1.000583e+00 -7.381953e-01 1.295057e+00
    endloop
  endfacet
  facet normal -1.833624e-01 -2.742645e-01 -9.440112e-01
    outer loop
      vertex -1.000583e+00 -7.381953e-01 1.295057e+00
      vertex -1.043313e+00 -1.141352e+00 1.420486e+00
      vertex -1.234773e+00 -1.142259e+00 1.457939e+00
    endloop
  endfacet
  facet normal -2.300362e-01 -2.462097e-01 -9.415222e-01
    outer loop
      vertex -1.000583e+00 -7.381953e-01 1.295057e+00
      vertex -1.234773e+00 -1.142259e+00 1.457939e+00
      vertex -1.188203e+00 -6.980766e-01 1.330406e+00
    endloop
  endfacet
  facet normal 2.053152e-01 -2.899150e-01 -9.347700e-01
    outer loop
      vertex -1.188203e+00 -6.980766e-01 1.330406e+00
      vertex -1.234773e+00 -1.142259e+00 1.457939e+00
      vertex -1.425688e+00 -1.156707e+00 1.420486e+00
    endloop
  endfacet
  facet normal 1.583412e-01 -2.686110e-01 -9.501454e-01
    outer loop
      vertex -1.188203e+00 -6.980766e-01 1.330406e+00
      vertex -1.425688e+00 -1.156707e+00 1.420486e+00
      vertex -1.379678e+00 -6.859096e-01 1.295057e+00
    endloop
  endfacet
  facet normal 5.609875e-01 -2.638686e-01 -7.846441e-01
    outer loop
      vertex -1.379678e+00 -6.859096e-01 1.295057e+00
      vertex -1.425688e+00 -1.156707e+00 1.420486e+00
      vertex -1.586995e+00 -1.182496e+00 1.313831e+00
    endloop
  endfacet
  facet normal 5.210252e-01 -2.483931e-01 -8.165988e-01
    outer loop
      vertex -1.379678e+00 -6.859096e-01 1.295057e+00
      vertex -1.586995e+00 -1.182496e+00 1.313831e+00
      vertex -1.545857e+00 -7.035465e-01 1.194392e+00
    endloop
  endfacet
  facet normal 8.322409e-01 -2.003933e-01 -5.169310e-01
    outer loop
      vertex -1.545857e+00 -7.035465e-01 1.194392e+00
      vertex -1.586995e+00 -1.182496e+00 1.313831e+00
      vertex -1.694135e+00 -1.215700e+00 1.154211e+00
    endloop
  endfacet
  facet normal 8.054093e-01 -1.891095e-01 -5.617415e-01
    outer loop
      vertex -1.545857e+00 -7.035465e-01 1.194392e+00
      vertex -1.694135e+00 -1.215700e+00 1.154211e+00
      vertex -1.661443e+00 -7.483023e-01 1.043736e+00
    endloop
  endfacet
  facet normal 9.793979e-01 -1.087271e-01 -1.701711e-01
    outer loop
      vertex -1.661443e+00 -7.483023e-01 1.043736e+00
      vertex -1.694135e+00 -1.215700e+00 1.154211e+00
      vertex -1.730798e+00 -1.251264e+00 9.659258e-01
    endloop
  endfacet
  facet normal 9.699049e-01 -9.935494e-02 -2.222907e-01
    outer loop
      vertex -1.661443e+00 -7.483023e-01 1.043736e+00
      vertex -1.730798e+00 -1.251264e+00 9.659258e-01
      vertex -1.708837e+00 -8.133633e-01 8.660254e-01
    endloop
  endfacet
  facet normal 9.787219e-01 -2.276324e-03 2.051788e-01
    outer loop
      vertex -1.708837e+00 -8.133633e-01 8.660254e-01
      vertex -1.730798e+00 -1.251264e+00 9.659258e-01
      vertex -1.691402e+00 -1.283773e+00 7.776407e-01
    endloop
  endfacet
  facet normal 9.882882e-01 7.996830e-03 1.523892e-01
    outer loop
      vertex -1.708837e+00 -8.133633e-01 8.660254e-01
      vertex -1.691402e+00 -1.283773e+00 7.776407e-01
      vertex -1.680824e+00 -8.888246e-01 6.883146e-01
    endloop
  endfacet
  facet normal 8.276437e-01 1.026325e-01 5.517902e-01
    outer loop
      vertex -1.680824e+00 -8.888246e-01 6.883146e-01
      vertex -1.691402e+00 -1.283773e+00 7.776407e-01
      vertex -1.581944e+00 -1.308278e+00 6.180202e-01
    endloop
  endfacet
  facet normal 8.551191e-01 1.169389e-01 5.050710e-01
    outer loop
      vertex -1.680824e+00 -8.888246e-01 6.883146e-01
      vertex -1.581944e+00 -1.308278e+00 6.180202e-01
      vertex -1.581669e+00 -9.631979e-01 5.376587e-01
    endloop
  endfacet
  facet normal 5.483129e-01 1.892598e-01 8.145758e-01
    outer loop
      vertex -1.581669e+00 -9.631979e-01 5.376587e-01
      vertex -1.581944e+00 -1.308278e+00 6.180202e-01
      vertex -1.419089e+00 -1.321050e+00 5.113652e-01
    endloop
  endfacet
  facet normal 5.897689e-01 2.106633e-01 7.796112e-01
    outer loop
      vertex -1.581669e+00 -9.631979e-01 5.376587e-01
      vertex -1.419089e+00 -1.321050e+00 5.113652e-01
      vertex -1.426468e+00 -1.025160e+00 4.369937e-01
    endloop
  endfacet
  facet normal 1.850652e-01 2.438949e-01 9.519801e-01
    outer loop
      vertex -1.426468e+00 -1.025160e+00 4.369937e-01
      vertex -1.419089e+00 -1.321050e+00 5.113652e-01
      vertex -1.227629e+00 -1.320142e+00 4.739130e-01
    endloop
  endfacet
  facet normal 2.344366e-01 2.747369e-01 9.325015e-01
    outer loop
      vertex -1.426468e+00 -1.025160e+00 4.369937e-01
      vertex -1.227629e+00 -1.320142e+00 4.739130e-01
      vertex -1.238848e+00 -1.065279e+00 4.016448e-01
    endloop
  endfacet
  facet normal -2.047640e-01 2.586678e-01 9.440141e-01
    outer loop
      vertex -1.238848e+00 -1.065279e+00 4.016448e-01
      vertex -1.227629e+00 -1.320142e+00 4.739130e-01
      vertex -1.036713e+00 -1.305694e+00 5.113652e-01
    endloop
  endfacet
  facet normal -1.547711e-01 2.995301e-01 9.414497e-01
    outer loop
      vertex -1.238848e+00 -1.065279e+00 4.016448e-01
      vertex -1.036713e+00 -1.305694e+00 5.113652e-01
      vertex -1.047373e+00 -1.077446e+00 4.369937e-01
    endloop
  endfacet
  facet normal -5.620148e-01 2.324030e-01 7.938062e-01
    outer loop
      vertex -1.047373e+00 -1.077446e+00 4.369937e-01
      vertex -1.036713e+00 -1.305694e+00 5.113652e-01
      vertex -8.754066e-01 -1.279905e+00 6.180202e-01
    endloop
  endfacet
  facet normal -5.188701e-01 2.811213e-01 8.073070e-01
    outer loop
      vertex -1.047373e+00 -1.077446e+00 4.369937e-01
      vertex -8.754066e-01 -1.279905e+00 6.180202e-01
      vertex -8.811935e-01 -1.059809e+00 5.376587e-01
    endloop
  endfacet
  facet normal -8.342350e-01 1.696326e-01 5.246683e-01
    outer loop
      vertex -8.811935e-01 -1.059809e+00 5.376587e-01
      vertex -8.754066e-01 -1.279905e+00 6.180202e-01
      vertex -7.682663e-01 -1.246702e+00 7.776407e-01
    endloop
  endfacet
  facet normal -8.043447e-01 2.217848e-01 5.512179e-01
    outer loop
      vertex -8.811935e-01 -1.059809e+00 5.376587e-01
      vertex -7.682663e-01 -1.246702e+00 7.776407e-01
      vertex -7.656083e-01 -1.015053e+00 6.883146e-01
    endloop
  endfacet
  facet normal -9.811834e-01 7.916544e-02 1.761024e-01
    outer loop
      vertex -7.656083e-01 -1.015053e+00 6.883146e-01
      vertex -7.682663e-01 -1.246702e+00 7.776407e-01
      vertex -7.316035e-01 -1.211138e+00 9.659258e-01
    endloop
  endfacet
  facet normal -9.688347e-01 1.302706e-01 2.106869e-01
    outer loop
      vertex -7.656083e-01 -1.015053e+00 6.883146e-01
      vertex -7.316035e-01 -1.211138e+00 9.659258e-01
      vertex -7.182144e-01 -9.499924e-01 8.660254e-01
    endloop
  endfacet
  facet normal -9.674775e-01 -1.618782e-01 -1.943776e-01
    outer loop
      vertex -7.316035e-01 -1.211138e+00 9.659258e-01
      vertex -6.909720e-01 -1.494891e+00 1.000000e+00
      vertex -7.278204e-01 -1.504420e+00 1.191342e+00
    endloop
  endfacet
  facet normal -9.726993e-01 -1.491797e-01 -1.777683e-01
    outer loop
      vertex -7.316035e-01 -1.211138e+00 9.659258e-01
      vertex -7.278204e-01 -1.504420e+00 1.191342e+00
      vertex -7.709999e-01 -1.178629e+00 1.154211e+00
    endloop
  endfacet
  facet normal -8.139041e-01 -1.711516e-01 -5.552182e-01
    outer loop
      vertex -7.709999e-01 -1.178629e+00 1.154211e+00
      vertex -7.278204e-01 -1.504420e+00 1.191342e+00
      vertex -8.328347e-01 -1.531245e+00 1.353553e+00
    endloop
  endfacet
  facet normal -8.253012e-01 -1.612220e-01 -5.411889e-01
    outer loop
      vertex -7.709999e-01 -1.178629e+00 1.154211e+00
      vertex -8.328347e-01 -1.531245e+00 1.353553e+00
      vertex -8.804578e-01 -1.154123e+00 1.313831e+00
    endloop
  endfacet
  facet normal -5.337406e-01 -1.549637e-01 -8.313286e-01
    outer loop
      vertex -8.804578e-01 -1.154123e+00 1.313831e+00
      vertex -8.328347e-01 -1.531245e+00 1.353553e+00
      vertex -9.900274e-01 -1.571284e+00 1.461940e+00
    endloop
  endfacet
  facet normal -5.499492e-01 -1.474242e-01 -8.220839e-01
    outer loop
      vertex -8.804578e-01 -1.154123e+00 1.313831e+00
      vertex -9.900274e-01 -1.571284e+00 1.461940e+00
      vertex -1.043313e+00 -1.141352e+00 1.420486e+00
    endloop
  endfacet
  facet normal -1.714175e-01 -1.155803e-01 -9.783952e-01
    outer loop
      vertex -1.043313e+00 -1.141352e+00 1.420486e+00
      vertex -9.900274e-01 -1.571284e+00 1.461940e+00
      vertex -1.175467e+00 -1.618440e+00 1.500000e+00
    endloop
  endfacet
  facet normal -1.903121e-01 -1.098732e-01 -9.755558e-01
    outer loop
      vertex -1.043313e+00 -1.141352e+00 1.420486e+00
      vertex -1.175467e+00 -1.618440e+00 1.500000e+00
      vertex -1.234773e+00 -1.142259e+00 1.457939e+00
    endloop
  endfacet
  facet normal 2.151126e-01 -5.931223e-02 -9.747865e-01
    outer loop
      vertex -1.234773e+00 -1.142259e+00 1.457939e+00
      vertex -1.175467e+00 -1.618440e+00 1.500000e+00
      vertex -1.360923e+00 -1.665534e+00 1.461940e+00
    endloop
  endfacet
  facet normal 1.962042e-01 -5.478629e-02 -9.790313e-01
    outer loop
      vertex -1.234773e+00 -1.142259e+00 1.457939e+00
      vertex -1.360923e+00 -1.665534e+00 1.461940e+00
      vertex -1.425688e+00 -1.156707e+00 1.420486e+00
    endloop
  endfacet
  facet normal 5.666764e-01 5.004941e-03 -8.239253e-01
    outer loop
      vertex -1.425688e+00 -1.156707e+00 1.420486e+00
      vertex -1.360923e+00 -1.665534e+00 1.461940e+00
      vertex -1.518160e+00 -1.705397e+00 1.353553e+00
    endloop
  endfacet
  facet normal 5.505051e-01 9.054791e-03 -8.347827e-01
    outer loop
      vertex -1.425688e+00 -1.156707e+00 1.420486e+00
      vertex -1.518160e+00 -1.705397e+00 1.353553e+00
      vertex -1.586995e+00 -1.182496e+00 1.313831e+00
    endloop
  endfacet
  facet normal 8.322565e-01 6.776010e-02 -5.502343e-01
    outer loop
      vertex -1.586995e+00 -1.182496e+00 1.313831e+00
      vertex -1.518160e+00 -1.705397e+00 1.353553e+00
      vertex -1.623242e+00 -1.731959e+00 1.191342e+00
    endloop
  endfacet
  facet normal 8.211450e-01 7.204212e-02 -5.661544e-01
    outer loop
      vertex -1.586995e+00 -1.182496e+00 1.313831e+00
      vertex -1.623242e+00 -1.731959e+00 1.191342e+00
      vertex -1.694135e+00 -1.215700e+00 1.154211e+00
    endloop
  endfacet
  facet normal 9.737226e-01 1.197829e-01 -1.936912e-01
    outer loop
      vertex -1.694135e+00 -1.215700e+00 1.154211e+00
      vertex -1.623242e+00 -1.731959e+00 1.191342e+00
      vertex -1.660169e+00 -1.741177e+00 1.000000e+00
    endloop
  endfacet
  facet normal 9.691782e-01 1.249560e-01 -2.123196e-01
    outer loop
      vertex -1.694135e+00 -1.215700e+00 1.154211e+00
      vertex -1.660169e+00 -1.741177e+00 1.000000e+00
      vertex -1.730798e+00 -1.251264e+00 9.659258e-01
    endloop
  endfacet
  facet normal 9.689214e-01 1.531946e-01 1.942232e-01
    outer loop
      vertex -1.730798e+00 -1.251264e+00 9.659258e-01
      vertex -1.660169e+00 -1.741177e+00 1.000000e+00
      vertex -1.623321e+00 -1.731648e+00 8.086584e-01
    endloop
  endfacet
  facet normal 9.713911e-01 1.598255e-01 1.756565e-01
    outer loop
      vertex -1.730798e+00 -1.251264e+00 9.659258e-01
      vertex -1.623321e+00 -1.731648e+00 8.086584e-01
      vertex -1.691402e+00 -1.283773e+00 7.776407e-01
    endloop
  endfacet
  facet normal 8.158204e-01 1.624502e-01 5.550198e-01
    outer loop
      vertex -1.691402e+00 -1.283773e+00 7.776407e-01
      vertex -1.623321e+00 -1.731648e+00 8.086584e-01
      vertex -1.518306e+00 -1.704823e+00 6.464467e-01
    endloop
  endfacet
  facet normal 8.246215e-01 1.709904e-01 5.392232e-01
    outer loop
      vertex -1.691402e+00 -1.283773e+00 7.776407e-01
      vertex -1.518306e+00 -1.704823e+00 6.464467e-01
      vertex -1.581944e+00 -1.308278e+00 6.180202e-01
    endloop
  endfacet
  facet normal 5.361881e-01 1.456500e-01 8.314376e-01
    outer loop
      vertex -1.581944e+00 -1.308278e+00 6.180202e-01
      vertex -1.518306e+00 -1.704823e+00 6.464467e-01
      vertex -1.361114e+00 -1.664784e+00 5.380604e-01
    endloop
  endfacet
  facet normal 5.496814e-01 1.564399e-01 8.205954e-01
    outer loop
      vertex -1.581944e+00 -1.308278e+00 6.180202e-01
      vertex -1.361114e+00 -1.664784e+00 5.380604e-01
      vertex -1.419089e+00 -1.321050e+00 5.113652e-01
    endloop
  endfacet
  facet normal 1.741414e-01 1.054074e-01 9.790628e-01
    outer loop
      vertex -1.419089e+00 -1.321050e+00 5.113652e-01
      vertex -1.361114e+00 -1.664784e+00 5.380604e-01
      vertex -1.175674e+00 -1.617628e+00 5.000002e-01
    endloop
  endfacet
  facet normal 1.900780e-01 1.186593e-01 9.745719e-01
    outer loop
      vertex -1.419089e+00 -1.321050e+00 5.113652e-01
      vertex -1.175674e+00 -1.617628e+00 5.000002e-01
      vertex -1.227629e+00 -1.320142e+00 4.739130e-01
    endloop
  endfacet
  facet normal -2.125917e-01 4.845349e-02 9.759391e-01
    outer loop
      vertex -1.227629e+00 -1.320142e+00 4.739130e-01
      vertex -1.175674e+00 -1.617628e+00 5.000002e-01
      vertex -9.902180e-01 -1.570534e+00 5.380604e-01
    endloop
  endfacet
  facet normal -1.967738e-01 6.406988e-02 9.783533e-01
    outer loop
      vertex -1.227629e+00 -1.320142e+00 4.739130e-01
      vertex -9.902180e-01 -1.570534e+00 5.380604e-01
      vertex -1.036713e+00 -1.305694e+00 5.113652e-01
    endloop
  endfacet
  facet normal -5.647234e-01 -1.597258e-02 8.251257e-01
    outer loop
      vertex -1.036713e+00 -1.305694e+00 5.113652e-01
      vertex -9.902180e-01 -1.570534e+00 5.380604e-01
      vertex -8.329806e-01 -1.530671e+00 6.464467e-01
    endloop
  endfacet
  facet normal -5.516700e-01 1.213487e-03 8.340616e-01
    outer loop
      vertex -1.036713e+00 -1.305694e+00 5.113652e-01
      vertex -8.329806e-01 -1.530671e+00 6.464467e-01
      vertex -8.754066e-01 -1.279905e+00 6.180202e-01
    endloop
  endfacet
  facet normal -8.308366e-01 -7.810418e-02 5.510084e-01
    outer loop
      vertex -8.754066e-01 -1.279905e+00 6.180202e-01
      vertex -8.329806e-01 -1.530671e+00 6.464467e-01
      vertex -7.278994e-01 -1.504109e+00 8.086584e-01
    endloop
  endfacet
  facet normal -8.228437e-01 -6.095795e-02 5.649889e-01
    outer loop
      vertex -8.754066e-01 -1.279905e+00 6.180202e-01
      vertex -7.278994e-01 -1.504109e+00 8.086584e-01
      vertex -7.682663e-01 -1.246702e+00 7.776407e-01
    endloop
  endfacet
  facet normal -9.724836e-01 -1.291407e-01 1.939029e-01
    outer loop
      vertex -7.682663e-01 -1.246702e+00 7.776407e-01
      vertex -7.278994e-01 -1.504109e+00 8.086584e-01
      vertex -6.909720e-01 -1.494891e+00 1.000000e+00
    endloop
  endfacet
  facet normal -9.709434e-01 -1.137495e-01 2.105466e-01
    outer loop
      vertex -7.682663e-01 -1.246702e+00 7.776407e-01
      vertex -6.909720e-01 -1.494891e+00 1.000000e+00
      vertex -7.316035e-01 -1.211138e+00 9.659258e-01
    endloop
  endfacet
  facet normal -9.272025e-01 -3.311280e-01 -1.750708e-01
    outer loop
      vertex -6.909720e-01 -1.494891e+00 1.000000e+00
      vertex -5.823480e-01 -1.781037e+00 9.659258e-01
      vertex -6.023995e-01 -1.824842e+00 1.154974e+00
    endloop
  endfacet
  facet normal -9.207623e-01 -3.383703e-01 -1.941708e-01
    outer loop
      vertex -6.909720e-01 -1.494891e+00 1.000000e+00
      vertex -6.023995e-01 -1.824842e+00 1.154974e+00
      vertex -7.278204e-01 -1.504420e+00 1.191342e+00
    endloop
  endfacet
  facet normal -8.038113e-01 -2.535525e-01 -5.381436e-01
    outer loop
      vertex -7.278204e-01 -1.504420e+00 1.191342e+00
      vertex -6.023995e-01 -1.824842e+00 1.154974e+00
      vertex -6.868614e-01 -1.897235e+00 1.315242e+00
    endloop
  endfacet
  facet normal -7.911605e-01 -2.574777e-01 -5.547704e-01
    outer loop
      vertex -7.278204e-01 -1.504420e+00 1.191342e+00
      vertex -6.868614e-01 -1.897235e+00 1.315242e+00
      vertex -8.328347e-01 -1.531245e+00 1.353553e+00
    endloop
  endfacet
  facet normal -5.558449e-01 -1.358474e-01 -8.201109e-01
    outer loop
      vertex -8.328347e-01 -1.531245e+00 1.353553e+00
      vertex -6.868614e-01 -1.897235e+00 1.315242e+00
      vertex -8.228754e-01 -1.987195e+00 1.422329e+00
    endloop
  endfacet
  facet normal -5.383679e-01 -1.371791e-01 -8.314697e-01
    outer loop
      vertex -8.328347e-01 -1.531245e+00 1.353553e+00
      vertex -8.228754e-01 -1.987195e+00 1.422329e+00
      vertex -9.900274e-01 -1.571284e+00 1.461940e+00
    endloop
  endfacet
  facet normal -2.218343e-01 3.710853e-03 -9.750773e-01
    outer loop
      vertex -9.900274e-01 -1.571284e+00 1.461940e+00
      vertex -8.228754e-01 -1.987195e+00 1.422329e+00
      vertex -9.897344e-01 -2.081025e+00 1.459933e+00
    endloop
  endfacet
  facet normal -2.019628e-01 3.739235e-03 -9.793861e-01
    outer loop
      vertex -9.900274e-01 -1.571284e+00 1.461940e+00
      vertex -9.897344e-01 -2.081025e+00 1.459933e+00
      vertex -1.175467e+00 -1.618440e+00 1.500000e+00
    endloop
  endfacet
  facet normal 1.445378e-01 1.428411e-01 -9.791349e-01
    outer loop
      vertex -1.175467e+00 -1.618440e+00 1.500000e+00
      vertex -9.897344e-01 -2.081025e+00 1.459933e+00
      vertex -1.162036e+00 -2.164443e+00 1.422329e+00
    endloop
  endfacet
  facet normal 1.640278e-01 1.428821e-01 -9.760531e-01
    outer loop
      vertex -1.175467e+00 -1.618440e+00 1.500000e+00
      vertex -1.162036e+00 -2.164443e+00 1.422329e+00
      vertex -1.360923e+00 -1.665534e+00 1.461940e+00
    endloop
  endfacet
  facet normal 4.861608e-01 2.600428e-01 -8.342814e-01
    outer loop
      vertex -1.360923e+00 -1.665534e+00 1.461940e+00
      vertex -1.162036e+00 -2.164443e+00 1.422329e+00
      vertex -1.313548e+00 -2.224747e+00 1.315242e+00
    endloop
  endfacet
  facet normal 5.028273e-01 2.589389e-01 -8.246911e-01
    outer loop
      vertex -1.360923e+00 -1.665534e+00 1.461940e+00
      vertex -1.313548e+00 -2.224747e+00 1.315242e+00
      vertex -1.518160e+00 -1.705397e+00 1.353553e+00
    endloop
  endfacet
  facet normal 7.527562e-01 3.382309e-01 -5.647637e-01
    outer loop
      vertex -1.518160e+00 -1.705397e+00 1.353553e+00
      vertex -1.313548e+00 -2.224747e+00 1.315242e+00
      vertex -1.421205e+00 -2.252756e+00 1.154974e+00
    endloop
  endfacet
  facet normal 7.647712e-01 3.351105e-01 -5.502962e-01
    outer loop
      vertex -1.518160e+00 -1.705397e+00 1.353553e+00
      vertex -1.421205e+00 -2.252756e+00 1.154974e+00
      vertex -1.623242e+00 -1.731959e+00 1.191342e+00
    endloop
  endfacet
  facet normal 9.063163e-01 3.663093e-01 -2.107330e-01
    outer loop
      vertex -1.623242e+00 -1.731959e+00 1.191342e+00
      vertex -1.421205e+00 -2.252756e+00 1.154974e+00
      vertex -1.468617e+00 -2.244208e+00 9.659258e-01
    endloop
  endfacet
  facet normal 9.124502e-01 3.605626e-01 -1.934663e-01
    outer loop
      vertex -1.623242e+00 -1.731959e+00 1.191342e+00
      vertex -1.468617e+00 -2.244208e+00 9.659258e-01
      vertex -1.660169e+00 -1.741177e+00 1.000000e+00
    endloop
  endfacet
  facet normal 9.237506e-01 3.397907e-01 1.767119e-01
    outer loop
      vertex -1.660169e+00 -1.741177e+00 1.000000e+00
      vertex -1.468617e+00 -2.244208e+00 9.659258e-01
      vertex -1.448565e+00 -2.200403e+00 7.768775e-01
    endloop
  endfacet
  facet normal 9.233827e-01 3.310699e-01 1.943119e-01
    outer loop
      vertex -1.660169e+00 -1.741177e+00 1.000000e+00
      vertex -1.448565e+00 -2.200403e+00 7.768775e-01
      vertex -1.623321e+00 -1.731648e+00 8.086584e-01
    endloop
  endfacet
  facet normal 8.000657e-01 2.616704e-01 5.398365e-01
    outer loop
      vertex -1.623321e+00 -1.731648e+00 8.086584e-01
      vertex -1.448565e+00 -2.200403e+00 7.768775e-01
      vertex -1.364103e+00 -2.128010e+00 6.166100e-01
    endloop
  endfacet
  facet normal 7.934109e-01 2.499774e-01 5.549869e-01
    outer loop
      vertex -1.623321e+00 -1.731648e+00 8.086584e-01
      vertex -1.364103e+00 -2.128010e+00 6.166100e-01
      vertex -1.518306e+00 -1.704823e+00 6.464467e-01
    endloop
  endfacet
  facet normal 5.520117e-01 1.432288e-01 8.214430e-01
    outer loop
      vertex -1.518306e+00 -1.704823e+00 6.464467e-01
      vertex -1.364103e+00 -2.128010e+00 6.166100e-01
      vertex -1.228089e+00 -2.038050e+00 5.095227e-01
    endloop
  endfacet
  facet normal 5.404239e-01 1.290286e-01 8.314407e-01
    outer loop
      vertex -1.518306e+00 -1.704823e+00 6.464467e-01
      vertex -1.228089e+00 -2.038050e+00 5.095227e-01
      vertex -1.361114e+00 -1.664784e+00 5.380604e-01
    endloop
  endfacet
  facet normal 2.181692e-01 3.138942e-03 9.759059e-01
    outer loop
      vertex -1.361114e+00 -1.664784e+00 5.380604e-01
      vertex -1.228089e+00 -2.038050e+00 5.095227e-01
      vertex -1.061230e+00 -1.944220e+00 4.719186e-01
    endloop
  endfacet
  facet normal 2.041190e-01 -1.263956e-02 9.788645e-01
    outer loop
      vertex -1.361114e+00 -1.664784e+00 5.380604e-01
      vertex -1.061230e+00 -1.944220e+00 4.719186e-01
      vertex -1.175674e+00 -1.617628e+00 5.000002e-01
    endloop
  endfacet
  facet normal -1.479198e-01 -1.360629e-01 9.795951e-01
    outer loop
      vertex -1.175674e+00 -1.617628e+00 5.000002e-01
      vertex -1.061230e+00 -1.944220e+00 4.719186e-01
      vertex -8.889290e-01 -1.860802e+00 5.095227e-01
    endloop
  endfacet
  facet normal -1.614590e-01 -1.522051e-01 9.750716e-01
    outer loop
      vertex -1.175674e+00 -1.617628e+00 5.000002e-01
      vertex -8.889290e-01 -1.860802e+00 5.095227e-01
      vertex -9.902180e-01 -1.570534e+00 5.380604e-01
    endloop
  endfacet
  facet normal -4.893118e-01 -2.528050e-01 8.346638e-01
    outer loop
      vertex -9.902180e-01 -1.570534e+00 5.380604e-01
      vertex -8.889290e-01 -1.860802e+00 5.095227e-01
      vertex -7.374167e-01 -1.800499e+00 6.166100e-01
    endloop
  endfacet
  facet normal -4.997755e-01 -2.680783e-01 8.236252e-01
    outer loop
      vertex -9.902180e-01 -1.570534e+00 5.380604e-01
      vertex -7.374167e-01 -1.800499e+00 6.166100e-01
      vertex -8.329806e-01 -1.530671e+00 6.464467e-01
    endloop
  endfacet
  facet normal -7.558194e-01 -3.302089e-01 5.654194e-01
    outer loop
      vertex -8.329806e-01 -1.530671e+00 6.464467e-01
      vertex -7.374167e-01 -1.800499e+00 6.166100e-01
      vertex -6.297598e-01 -1.772489e+00 7.768775e-01
    endloop
  endfacet
  facet normal -7.615327e-01 -3.435532e-01 5.495808e-01
    outer loop
      vertex -8.329806e-01 -1.530671e+00 6.464467e-01
      vertex -6.297598e-01 -1.772489e+00 7.768775e-01
      vertex -7.278994e-01 -1.504109e+00 8.086584e-01
    endloop
  endfacet
  facet normal -9.094848e-01 -3.576703e-01 2.119182e-01
    outer loop
      vertex -7.278994e-01 -1.504109e+00 8.086584e-01
      vertex -6.297598e-01 -1.772489e+00 7.768775e-01
      vertex -5.823480e-01 -1.781037e+00 9.659258e-01
    endloop
  endfacet
  facet normal -9.094248e-01 -3.682392e-01 1.932523e-01
    outer loop
      vertex -7.278994e-01 -1.504109e+00 8.086584e-01
      vertex -5.823480e-01 -1.781037e+00 9.659258e-01
      vertex -6.909720e-01 -1.494891e+00 1.000000e+00
    endloop
  endfacet
  facet normal -8.390135e-01 -5.227140e-01 -1.510841e-01
    outer loop
      vertex -5.823480e-01 -1.781037e+00 9.659258e-01
      vertex -4.014085e-01 -2.042590e+00 8.660254e-01
      vertex -3.940285e-01 -2.107562e+00 1.049831e+00
    endloop
  endfacet
  facet normal -8.227107e-01 -5.283715e-01 -2.096918e-01
    outer loop
      vertex -5.823480e-01 -1.781037e+00 9.659258e-01
      vertex -3.940285e-01 -2.107562e+00 1.049831e+00
      vertex -6.023995e-01 -1.824842e+00 1.154974e+00
    endloop
  endfacet
  facet normal -7.726538e-01 -3.804703e-01 -5.081815e-01
    outer loop
      vertex -6.023995e-01 -1.824842e+00 1.154974e+00
      vertex -3.940285e-01 -2.107562e+00 1.049831e+00
      vertex -4.442738e-01 -2.213652e+00 1.205653e+00
    endloop
  endfacet
  facet normal -7.401453e-01 -3.738650e-01 -5.589365e-01
    outer loop
      vertex -6.023995e-01 -1.824842e+00 1.154974e+00
      vertex -4.442738e-01 -2.213652e+00 1.205653e+00
      vertex -6.868614e-01 -1.897235e+00 1.315242e+00
    endloop
  endfacet
  facet normal -5.879231e-01 -1.774021e-01 -7.892243e-01
    outer loop
      vertex -6.868614e-01 -1.897235e+00 1.315242e+00
      vertex -4.442738e-01 -2.213652e+00 1.205653e+00
      vertex -5.444951e-01 -2.344707e+00 1.309771e+00
    endloop
  endfacet
  facet normal -5.418887e-01 -1.623231e-01 -8.246259e-01
    outer loop
      vertex -6.868614e-01 -1.897235e+00 1.315242e+00
      vertex -5.444951e-01 -2.344707e+00 1.309771e+00
      vertex -8.228754e-01 -1.987195e+00 1.422329e+00
    endloop
  endfacet
  facet normal -3.125695e-01 5.517294e-02 -9.482912e-01
    outer loop
      vertex -8.228754e-01 -1.987195e+00 1.422329e+00
      vertex -5.444951e-01 -2.344707e+00 1.309771e+00
      vertex -6.794345e-01 -2.480776e+00 1.346332e+00
    endloop
  endfacet
  facet normal -2.582857e-01 7.325740e-02 -9.632870e-01
    outer loop
      vertex -8.228754e-01 -1.987195e+00 1.422329e+00
      vertex -6.794345e-01 -2.480776e+00 1.346332e+00
      vertex -9.897344e-01 -2.081025e+00 1.459933e+00
    endloop
  endfacet
  facet normal 9.320110e-03 2.800323e-01 -9.599453e-01
    outer loop
      vertex -9.897344e-01 -2.081025e+00 1.459933e+00
      vertex -6.794345e-01 -2.480776e+00 1.346332e+00
      vertex -8.285488e-01 -2.601144e+00 1.309771e+00
    endloop
  endfacet
  facet normal 6.503947e-02 2.953450e-01 -9.531743e-01
    outer loop
      vertex -9.897344e-01 -2.081025e+00 1.459933e+00
      vertex -8.285488e-01 -2.601144e+00 1.309771e+00
      vertex -1.162036e+00 -2.164443e+00 1.422329e+00
    endloop
  endfacet
  facet normal 3.267989e-01 4.620572e-01 -8.244426e-01
    outer loop
      vertex -1.162036e+00 -2.164443e+00 1.422329e+00
      vertex -8.285488e-01 -2.601144e+00 1.309771e+00
      vertex -9.691366e-01 -2.687486e+00 1.205653e+00
    endloop
  endfacet
  facet normal 3.771712e-01 4.697511e-01 -7.981703e-01
    outer loop
      vertex -1.162036e+00 -2.164443e+00 1.422329e+00
      vertex -9.691366e-01 -2.687486e+00 1.205653e+00
      vertex -1.313548e+00 -2.224747e+00 1.315242e+00
    endloop
  endfacet
  facet normal 5.921864e-01 5.745581e-01 -5.649763e-01
    outer loop
      vertex -1.313548e+00 -2.224747e+00 1.315242e+00
      vertex -9.691366e-01 -2.687486e+00 1.205653e+00
      vertex -1.079795e+00 -2.726657e+00 1.049831e+00
    endloop
  endfacet
  facet normal 6.315988e-01 5.713047e-01 -5.241126e-01
    outer loop
      vertex -1.313548e+00 -2.224747e+00 1.315242e+00
      vertex -1.079795e+00 -2.726657e+00 1.049831e+00
      vertex -1.421205e+00 -2.252756e+00 1.154974e+00
    endloop
  endfacet
  facet normal 7.673988e-01 6.018842e-01 -2.209851e-01
    outer loop
      vertex -1.421205e+00 -2.252756e+00 1.154974e+00
      vertex -1.079795e+00 -2.726657e+00 1.049831e+00
      vertex -1.143677e+00 -2.712693e+00 8.660254e-01
    endloop
  endfacet
  facet normal 7.918698e-01 5.859385e-01 -1.720997e-01
    outer loop
      vertex -1.421205e+00 -2.252756e+00 1.154974e+00
      vertex -1.143677e+00 -2.712693e+00 8.660254e-01
      vertex -1.468617e+00 -2.244208e+00 9.659258e-01
    endloop
  endfacet
  facet normal 8.268463e-01 5.398836e-01 1.576418e-01
    outer loop
      vertex -1.468617e+00 -2.244208e+00 9.659258e-01
      vertex -1.143677e+00 -2.712693e+00 8.660254e-01
      vertex -1.151056e+00 -2.647720e+00 6.822202e-01
    endloop
  endfacet
  facet normal 8.342590e-01 5.110776e-01 2.069095e-01
    outer loop
      vertex -1.468617e+00 -2.244208e+00 9.659258e-01
      vertex -1.151056e+00 -2.647720e+00 6.822202e-01
      vertex -1.448565e+00 -2.200403e+00 7.768775e-01
    endloop
  endfacet
  facet normal 7.599851e-01 3.964833e-01 5.149987e-01
    outer loop
      vertex -1.448565e+00 -2.200403e+00 7.768775e-01
      vertex -1.151056e+00 -2.647720e+00 6.822202e-01
      vertex -1.100811e+00 -2.541631e+00 5.263976e-01
    endloop
  endfacet
  facet normal 7.505292e-01 3.563757e-01 5.565090e-01
    outer loop
      vertex -1.448565e+00 -2.200403e+00 7.768775e-01
      vertex -1.100811e+00 -2.541631e+00 5.263976e-01
      vertex -1.364103e+00 -2.128010e+00 6.166100e-01
    endloop
  endfacet
  facet normal 5.747486e-01 1.923797e-01 7.953955e-01
    outer loop
      vertex -1.364103e+00 -2.128010e+00 6.166100e-01
      vertex -1.100811e+00 -2.541631e+00 5.263976e-01
      vertex -1.000590e+00 -2.410576e+00 4.222803e-01
    endloop
  endfacet
  facet normal 5.514326e-01 1.443365e-01 8.216380e-01
    outer loop
      vertex -1.364103e+00 -2.128010e+00 6.166100e-01
      vertex -1.000590e+00 -2.410576e+00 4.222803e-01
      vertex -1.228089e+00 -2.038050e+00 5.095227e-01
    endloop
  endfacet
  facet normal 2.991890e-01 -4.054916e-02 9.533319e-01
    outer loop
      vertex -1.228089e+00 -2.038050e+00 5.095227e-01
      vertex -1.000590e+00 -2.410576e+00 4.222803e-01
      vertex -8.656505e-01 -2.274506e+00 3.857192e-01
    endloop
  endfacet
  facet normal 2.677504e-01 -9.176285e-02 9.591086e-01
    outer loop
      vertex -1.228089e+00 -2.038050e+00 5.095227e-01
      vertex -8.656505e-01 -2.274506e+00 3.857192e-01
      vertex -1.061230e+00 -1.944220e+00 4.719186e-01
    endloop
  endfacet
  facet normal -2.251368e-02 -2.649216e-01 9.640071e-01
    outer loop
      vertex -1.061230e+00 -1.944220e+00 4.719186e-01
      vertex -8.656505e-01 -2.274506e+00 3.857192e-01
      vertex -7.165362e-01 -2.154138e+00 4.222803e-01
    endloop
  endfacet
  facet normal -5.479187e-02 -3.140935e-01 9.478097e-01
    outer loop
      vertex -1.061230e+00 -1.944220e+00 4.719186e-01
      vertex -7.165362e-01 -2.154138e+00 4.222803e-01
      vertex -8.889290e-01 -1.860802e+00 5.095227e-01
    endloop
  endfacet
  facet normal -3.395318e-01 -4.458625e-01 8.282058e-01
    outer loop
      vertex -8.889290e-01 -1.860802e+00 5.095227e-01
      vertex -7.165362e-01 -2.154138e+00 4.222803e-01
      vertex -5.759484e-01 -2.067797e+00 5.263976e-01
    endloop
  endfacet
  facet normal -3.656749e-01 -4.883140e-01 7.923581e-01
    outer loop
      vertex -8.889290e-01 -1.860802e+00 5.095227e-01
      vertex -5.759484e-01 -2.067797e+00 5.263976e-01
      vertex -7.374167e-01 -1.800499e+00 6.166100e-01
    endloop
  endfacet
  facet normal -6.044262e-01 -5.572635e-01 5.693210e-01
    outer loop
      vertex -7.374167e-01 -1.800499e+00 6.166100e-01
      vertex -5.759484e-01 -2.067797e+00 5.263976e-01
      vertex -4.652902e-01 -2.028626e+00 6.822202e-01
    endloop
  endfacet
  facet normal -6.191773e-01 -5.893541e-01 5.189231e-01
    outer loop
      vertex -7.374167e-01 -1.800499e+00 6.166100e-01
      vertex -4.652902e-01 -2.028626e+00 6.822202e-01
      vertex -6.297598e-01 -1.772489e+00 7.768775e-01
    endloop
  endfacet
  facet normal -7.793917e-01 -5.841631e-01 2.264996e-01
    outer loop
      vertex -6.297598e-01 -1.772489e+00 7.768775e-01
      vertex -4.652902e-01 -2.028626e+00 6.822202e-01
      vertex -4.014085e-01 -2.042590e+00 8.660254e-01
    endloop
  endfacet
  facet normal -7.794535e-01 -6.034594e-01 1.681935e-01
    outer loop
      vertex -6.297598e-01 -1.772489e+00 7.768775e-01
      vertex -4.014085e-01 -2.042590e+00 8.660254e-01
      vertex -5.823480e-01 -1.781037e+00 9.659258e-01
    endloop
  endfacet
  facet normal -6.891413e-01 -7.131258e-01 -1.285919e-01
    outer loop
      vertex -4.014085e-01 -2.042590e+00 8.660254e-01
      vertex -1.552342e-01 -2.251828e+00 7.071068e-01
      vertex -1.157296e-01 -2.322043e+00 8.847848e-01
    endloop
  endfacet
  facet normal -6.743613e-01 -7.042785e-01 -2.218753e-01
    outer loop
      vertex -4.014085e-01 -2.042590e+00 8.660254e-01
      vertex -1.157296e-01 -2.322043e+00 8.847848e-01
      vertex -3.940285e-01 -2.107562e+00 1.049831e+00
    endloop
  endfacet
  facet normal -6.963222e-01 -5.375149e-01 -4.756187e-01
    outer loop
      vertex -3.940285e-01 -2.107562e+00 1.049831e+00
      vertex -1.157296e-01 -2.322043e+00 8.847848e-01
      vertex -1.230780e-01 -2.445807e+00 1.035413e+00
    endloop
  endfacet
  facet normal -6.598634e-01 -5.048620e-01 -5.565022e-01
    outer loop
      vertex -3.940285e-01 -2.107562e+00 1.049831e+00
      vertex -1.230780e-01 -2.445807e+00 1.035413e+00
      vertex -4.442738e-01 -2.213652e+00 1.205653e+00
    endloop
  endfacet
  facet normal -5.985609e-01 -2.769120e-01 -7.516945e-01
    outer loop
      vertex -4.442738e-01 -2.213652e+00 1.205653e+00
      vertex -1.230780e-01 -2.445807e+00 1.035413e+00
      vertex -1.761606e-01 -2.604277e+00 1.136059e+00
    endloop
  endfacet
  facet normal -5.421028e-01 -2.279883e-01 -8.087928e-01
    outer loop
      vertex -4.442738e-01 -2.213652e+00 1.205653e+00
      vertex -1.761606e-01 -2.604277e+00 1.136059e+00
      vertex -5.444951e-01 -2.344707e+00 1.309771e+00
    endloop
  endfacet
  facet normal -4.094927e-01 2.915497e-02 -9.118474e-01
    outer loop
      vertex -5.444951e-01 -2.344707e+00 1.309771e+00
      vertex -1.761606e-01 -2.604277e+00 1.136059e+00
      vertex -2.668960e-01 -2.773328e+00 1.171402e+00
    endloop
  endfacet
  facet normal -3.382191e-01 8.354904e-02 -9.373513e-01
    outer loop
      vertex -5.444951e-01 -2.344707e+00 1.309771e+00
      vertex -2.668960e-01 -2.773328e+00 1.171402e+00
      vertex -6.794345e-01 -2.480776e+00 1.346332e+00
    endloop
  endfacet
  facet normal -1.589384e-01 3.318685e-01 -9.298397e-01
    outer loop
      vertex -6.794345e-01 -2.480776e+00 1.346332e+00
      vertex -2.668960e-01 -2.773328e+00 1.171402e+00
      vertex -3.814707e-01 -2.927223e+00 1.136059e+00
    endloop
  endfacet
  facet normal -8.084336e-02 3.800311e-01 -9.214341e-01
    outer loop
      vertex -6.794345e-01 -2.480776e+00 1.346332e+00
      vertex -3.814707e-01 -2.927223e+00 1.136059e+00
      vertex -8.285488e-01 -2.601144e+00 1.309771e+00
    endloop
  endfacet
  facet normal 1.130227e-01 5.834186e-01 -8.042690e-01
    outer loop
      vertex -8.285488e-01 -2.601144e+00 1.309771e+00
      vertex -3.814707e-01 -2.927223e+00 1.136059e+00
      vertex -5.024416e-01 -3.042534e+00 1.035413e+00
    endloop
  endfacet
  facet normal 1.889160e-01 6.152874e-01 -7.653314e-01
    outer loop
      vertex -8.285488e-01 -2.601144e+00 1.309771e+00
      vertex -5.024416e-01 -3.042534e+00 1.035413e+00
      vertex -9.691366e-01 -2.687486e+00 1.205653e+00
    endloop
  endfacet
  facet normal 3.646099e-01 7.462827e-01 -5.568858e-01
    outer loop
      vertex -9.691366e-01 -2.687486e+00 1.205653e+00
      vertex -5.024416e-01 -3.042534e+00 1.035413e+00
      vertex -6.113921e-01 -3.101705e+00 8.847848e-01
    endloop
  endfacet
  facet normal 4.300046e-01 7.549352e-01 -4.951453e-01
    outer loop
      vertex -9.691366e-01 -2.687486e+00 1.205653e+00
      vertex -6.113921e-01 -3.101705e+00 8.847848e-01
      vertex -1.079795e+00 -2.726657e+00 1.049831e+00
    endloop
  endfacet
  facet normal 5.590975e-01 7.977109e-01 -2.259806e-01
    outer loop
      vertex -1.079795e+00 -2.726657e+00 1.049831e+00
      vertex -6.113921e-01 -3.101705e+00 8.847848e-01
      vertex -6.917354e-01 -3.095728e+00 7.071068e-01
    endloop
  endfacet
  facet normal 6.074309e-01 7.797184e-01 -1.518779e-01
    outer loop
      vertex -1.079795e+00 -2.726657e+00 1.049831e+00
      vertex -6.917354e-01 -3.095728e+00 7.071068e-01
      vertex -1.143677e+00 -2.712693e+00 8.660254e-01
    endloop
  endfacet
  facet normal 6.683844e-01 7.305074e-01 1.400759e-01
    outer loop
      vertex -1.143677e+00 -2.712693e+00 8.660254e-01
      vertex -6.917354e-01 -3.095728e+00 7.071068e-01
      vertex -7.312400e-01 -3.025513e+00 5.294288e-01
    endloop
  endfacet
  facet normal 6.953358e-01 6.859153e-01 2.145420e-01
    outer loop
      vertex -1.143677e+00 -2.712693e+00 8.660254e-01
      vertex -7.312400e-01 -3.025513e+00 5.294288e-01
      vertex -1.151056e+00 -2.647720e+00 6.822202e-01
    endloop
  endfacet
  facet normal 6.753704e-01 5.533068e-01 4.875720e-01
    outer loop
      vertex -1.151056e+00 -2.647720e+00 6.822202e-01
      vertex -7.312400e-01 -3.025513e+00 5.294288e-01
      vertex -7.238916e-01 -2.901749e+00 3.788007e-01
    endloop
  endfacet
  facet normal 6.794600e-01 4.858029e-01 5.498451e-01
    outer loop
      vertex -1.151056e+00 -2.647720e+00 6.822202e-01
      vertex -7.238916e-01 -2.901749e+00 3.788007e-01
      vertex -1.100811e+00 -2.541631e+00 5.263976e-01
    endloop
  endfacet
  facet normal 5.770712e-01 2.912805e-01 7.629840e-01
    outer loop
      vertex -1.100811e+00 -2.541631e+00 5.263976e-01
      vertex -7.238916e-01 -2.901749e+00 3.788007e-01
      vertex -6.708090e-01 -2.743279e+00 2.781542e-01
    endloop
  endfacet
  facet normal 5.604265e-01 2.082559e-01 8.015932e-01
    outer loop
      vertex -1.100811e+00 -2.541631e+00 5.263976e-01
      vertex -6.708090e-01 -2.743279e+00 2.781542e-01
      vertex -1.000590e+00 -2.410576e+00 4.222803e-01
    endloop
  endfacet
  facet normal 3.874547e-01 -1.525353e-02 9.217625e-01
    outer loop
      vertex -1.000590e+00 -2.410576e+00 4.222803e-01
      vertex -6.708090e-01 -2.743279e+00 2.781542e-01
      vertex -5.800736e-01 -2.574228e+00 2.428119e-01
    endloop
  endfacet
  facet normal 3.560541e-01 -1.035579e-01 9.287094e-01
    outer loop
      vertex -1.000590e+00 -2.410576e+00 4.222803e-01
      vertex -5.800736e-01 -2.574228e+00 2.428119e-01
      vertex -8.656505e-01 -2.274506e+00 3.857192e-01
    endloop
  endfacet
  facet normal 1.366492e-01 -3.172504e-01 9.384451e-01
    outer loop
      vertex -8.656505e-01 -2.274506e+00 3.857192e-01
      vertex -5.800736e-01 -2.574228e+00 2.428119e-01
      vertex -4.654989e-01 -2.420333e+00 2.781542e-01
    endloop
  endfacet
  facet normal 9.926673e-02 -3.997552e-01 9.112310e-01
    outer loop
      vertex -8.656505e-01 -2.274506e+00 3.857192e-01
      vertex -4.654989e-01 -2.420333e+00 2.781542e-01
      vertex -7.165362e-01 -2.154138e+00 4.222803e-01
    endloop
  endfacet
  facet normal -1.351375e-01 -5.672810e-01 8.123608e-01
    outer loop
      vertex -7.165362e-01 -2.154138e+00 4.222803e-01
      vertex -4.654989e-01 -2.420333e+00 2.781542e-01
      vertex -3.445280e-01 -2.305022e+00 3.788007e-01
    endloop
  endfacet
  facet normal -1.691040e-01 -6.343115e-01 7.543558e-01
    outer loop
      vertex -7.165362e-01 -2.154138e+00 4.222803e-01
      vertex -3.445280e-01 -2.305022e+00 3.788007e-01
      vertex -5.759484e-01 -2.067797e+00 5.263976e-01
    endloop
  endfacet
  facet normal -3.862133e-01 -7.286615e-01 5.655896e-01
    outer loop
      vertex -5.759484e-01 -2.067797e+00 5.263976e-01
      vertex -3.445280e-01 -2.305022e+00 3.788007e-01
      vertex -2.355775e-01 -2.245851e+00 5.294288e-01
    endloop
  endfacet
  facet normal -4.088210e-01 -7.732557e-01 4.847071e-01
    outer loop
      vertex -5.759484e-01 -2.067797e+00 5.263976e-01
      vertex -2.355775e-01 -2.245851e+00 5.294288e-01
      vertex -4.652902e-01 -2.028626e+00 6.822202e-01
    endloop
  endfacet
  facet normal -5.801322e-01 -7.795524e-01 2.361030e-01
    outer loop
      vertex -4.652902e-01 -2.028626e+00 6.822202e-01
      vertex -2.355775e-01 -2.245851e+00 5.294288e-01
      vertex -1.552342e-01 -2.251828e+00 7.071068e-01
    endloop
  endfacet
  facet normal -5.857695e-01 -7.977665e-01 1.429783e-01
    outer loop
      vertex -4.652902e-01 -2.028626e+00 6.822202e-01
      vertex -1.552342e-01 -2.251828e+00 7.071068e-01
      vertex -4.014085e-01 -2.042590e+00 8.660254e-01
    endloop
  endfacet
  facet normal -4.753083e-01 -8.728102e-01 -1.108352e-01
    outer loop
      vertex -1.552342e-01 -2.251828e+00 7.071068e-01
      vertex 1.389014e-01 -2.385706e+00 5.000000e-01
      vertex 2.083976e-01 -2.445423e+00 6.722335e-01
    endloop
  endfacet
  facet normal -4.744280e-01 -8.496408e-01 -2.302791e-01
    outer loop
      vertex -1.552342e-01 -2.251828e+00 7.071068e-01
      vertex 2.083976e-01 -2.445423e+00 6.722335e-01
      vertex -1.157296e-01 -2.322043e+00 8.847848e-01
    endloop
  endfacet
  facet normal -5.590239e-01 -6.982346e-01 -4.471697e-01
    outer loop
      vertex -1.157296e-01 -2.322043e+00 8.847848e-01
      vertex 2.083976e-01 -2.445423e+00 6.722335e-01
      vertex 2.461671e-01 -2.569173e+00 8.182461e-01
    endloop
  endfacet
  facet normal -5.373504e-01 -6.385688e-01 -5.508942e-01
    outer loop
      vertex -1.157296e-01 -2.322043e+00 8.847848e-01
      vertex 2.461671e-01 -2.569173e+00 8.182461e-01
      vertex -1.230780e-01 -2.445807e+00 1.035413e+00
    endloop
  endfacet
  facet normal -5.602628e-01 -4.149594e-01 -7.168782e-01
    outer loop
      vertex -1.230780e-01 -2.445807e+00 1.035413e+00
      vertex 2.461671e-01 -2.569173e+00 8.182461e-01
      vertex 2.464599e-01 -2.738116e+00 9.158085e-01
    endloop
  endfacet
  facet normal -5.162874e-01 -3.291929e-01 -7.906196e-01
    outer loop
      vertex -1.230780e-01 -2.445807e+00 1.035413e+00
      vertex 2.464599e-01 -2.738116e+00 9.158085e-01
      vertex -1.761606e-01 -2.604277e+00 1.136059e+00
    endloop
  endfacet
  facet normal -4.772998e-01 -6.503380e-02 -8.763307e-01
    outer loop
      vertex -1.761606e-01 -2.604277e+00 1.136059e+00
      vertex 2.464599e-01 -2.738116e+00 9.158085e-01
      vertex 2.092314e-01 -2.926532e+00 9.500679e-01
    endloop
  endfacet
  facet normal -4.130103e-01 3.139051e-02 -9.101852e-01
    outer loop
      vertex -1.761606e-01 -2.604277e+00 1.136059e+00
      vertex 2.092314e-01 -2.926532e+00 9.500679e-01
      vertex -2.668960e-01 -2.773328e+00 1.171402e+00
    endloop
  endfacet
  facet normal -3.225919e-01 2.962218e-01 -8.989923e-01
    outer loop
      vertex -2.668960e-01 -2.773328e+00 1.171402e+00
      vertex 2.092314e-01 -2.926532e+00 9.500679e-01
      vertex 1.401494e-01 -3.105736e+00 9.158085e-01
    endloop
  endfacet
  facet normal -2.436968e-01 3.857809e-01 -8.898230e-01
    outer loop
      vertex -2.668960e-01 -2.773328e+00 1.171402e+00
      vertex 1.401494e-01 -3.105736e+00 9.158085e-01
      vertex -3.814707e-01 -2.927223e+00 1.136059e+00
    endloop
  endfacet
  facet normal -1.210118e-01 6.113257e-01 -7.820722e-01
    outer loop
      vertex -3.814707e-01 -2.927223e+00 1.136059e+00
      vertex 1.401494e-01 -3.105736e+00 9.158085e-01
      vertex 4.973084e-02 -3.248447e+00 8.182461e-01
    endloop
  endfacet
  facet normal -3.577374e-02 6.781953e-01 -7.340104e-01
    outer loop
      vertex -3.814707e-01 -2.927223e+00 1.136059e+00
      vertex 4.973084e-02 -3.248447e+00 8.182461e-01
      vertex -5.024416e-01 -3.042534e+00 1.035413e+00
    endloop
  endfacet
  facet normal 9.571049e-02 8.323748e-01 -5.458861e-01
    outer loop
      vertex -5.024416e-01 -3.042534e+00 1.035413e+00
      vertex 4.973084e-02 -3.248447e+00 8.182461e-01
      vertex -4.825877e-02 -3.332937e+00 6.722335e-01
    endloop
  endfacet
  facet normal 1.782886e-01 8.651231e-01 -4.688020e-01
    outer loop
      vertex -5.024416e-01 -3.042534e+00 1.035413e+00
      vertex -4.825877e-02 -3.332937e+00 6.722335e-01
      vertex -6.113921e-01 -3.101705e+00 8.847848e-01
    endloop
  endfacet
  facet normal 2.951439e-01 9.279576e-01 -2.275626e-01
    outer loop
      vertex -6.113921e-01 -3.101705e+00 8.847848e-01
      vertex -4.825877e-02 -3.332937e+00 6.722335e-01
      vertex -1.389014e-01 -3.346344e+00 5.000000e-01
    endloop
  endfacet
  facet normal 3.667571e-01 9.204876e-01 -1.348770e-01
    outer loop
      vertex -6.113921e-01 -3.101705e+00 8.847848e-01
      vertex -1.389014e-01 -3.346344e+00 5.000000e-01
      vertex -6.917354e-01 -3.095728e+00 7.071068e-01
    endloop
  endfacet
  facet normal 4.483471e-01 8.849456e-01 1.259216e-01
    outer loop
      vertex -6.917354e-01 -3.095728e+00 7.071068e-01
      vertex -1.389014e-01 -3.346344e+00 5.000000e-01
      vertex -2.083976e-01 -3.286627e+00 3.277665e-01
    endloop
  endfacet
  facet normal 5.022318e-01 8.365606e-01 2.189282e-01
    outer loop
      vertex -6.917354e-01 -3.095728e+00 7.071068e-01
      vertex -2.083976e-01 -3.286627e+00 3.277665e-01
      vertex -7.312400e-01 -3.025513e+00 5.294288e-01
    endloop
  endfacet
  facet normal 5.324603e-01 7.086746e-01 4.628892e-01
    outer loop
      vertex -7.312400e-01 -3.025513e+00 5.294288e-01
      vertex -2.083976e-01 -3.286627e+00 3.277665e-01
      vertex -2.461671e-01 -3.162878e+00 1.817539e-01
    endloop
  endfacet
  facet normal 5.641323e-01 6.242481e-01 5.404342e-01
    outer loop
      vertex -7.312400e-01 -3.025513e+00 5.294288e-01
      vertex -2.461671e-01 -3.162878e+00 1.817539e-01
      vertex -7.238916e-01 -2.901749e+00 3.788007e-01
    endloop
  endfacet
  facet normal 5.335181e-01 4.236630e-01 7.320301e-01
    outer loop
      vertex -7.238916e-01 -2.901749e+00 3.788007e-01
      vertex -2.461671e-01 -3.162878e+00 1.817539e-01
      vertex -2.464599e-01 -2.993935e+00 8.419146e-02
    endloop
  endfacet
  facet normal 5.417596e-01 3.137711e-01 7.797719e-01
    outer loop
      vertex -7.238916e-01 -2.901749e+00 3.788007e-01
      vertex -2.464599e-01 -2.993935e+00 8.419146e-02
      vertex -6.708090e-01 -2.743279e+00 2.781542e-01
    endloop
  endfacet
  facet normal 4.499270e-01 7.294258e-02 8.900815e-01
    outer loop
      vertex -6.708090e-01 -2.743279e+00 2.781542e-01
      vertex -2.464599e-01 -2.993935e+00 8.419146e-02
      vertex -2.092314e-01 -2.805519e+00 4.993208e-02
    endloop
  endfacet
  facet normal 4.376115e-01 -4.715759e-02 8.979267e-01
    outer loop
      vertex -6.708090e-01 -2.743279e+00 2.781542e-01
      vertex -2.092314e-01 -2.805519e+00 4.993208e-02
      vertex -5.800736e-01 -2.574228e+00 2.428119e-01
    endloop
  endfacet
  facet normal 2.945112e-01 -2.877494e-01 9.112977e-01
    outer loop
      vertex -5.800736e-01 -2.574228e+00 2.428119e-01
      vertex -2.092314e-01 -2.805519e+00 4.993208e-02
      vertex -1.401494e-01 -2.626314e+00 8.419146e-02
    endloop
  endfacet
  facet normal 2.683523e-01 -4.009435e-01 8.759174e-01
    outer loop
      vertex -5.800736e-01 -2.574228e+00 2.428119e-01
      vertex -1.401494e-01 -2.626314e+00 8.419146e-02
      vertex -4.654989e-01 -2.420333e+00 2.781542e-01
    endloop
  endfacet
  facet normal 9.253289e-02 -6.012310e-01 7.936996e-01
    outer loop
      vertex -4.654989e-01 -2.420333e+00 2.781542e-01
      vertex -1.401494e-01 -2.626314e+00 8.419146e-02
      vertex -4.973084e-02 -2.483604e+00 1.817539e-01
    endloop
  endfacet
  facet normal 6.141599e-02 -6.921301e-01 7.191551e-01
    outer loop
      vertex -4.654989e-01 -2.420333e+00 2.781542e-01
      vertex -4.973084e-02 -2.483604e+00 1.817539e-01
      vertex -3.445280e-01 -2.305022e+00 3.788007e-01
    endloop
  endfacet
  facet normal -1.240454e-01 -8.204976e-01 5.580290e-01
    outer loop
      vertex -3.445280e-01 -2.305022e+00 3.788007e-01
      vertex -4.973084e-02 -2.483604e+00 1.817539e-01
      vertex 4.825877e-02 -2.399114e+00 3.277665e-01
    endloop
  endfacet
  facet normal -1.512783e-01 -8.779152e-01 4.542904e-01
    outer loop
      vertex -3.445280e-01 -2.305022e+00 3.788007e-01
      vertex 4.825877e-02 -2.399114e+00 3.277665e-01
      vertex -2.355775e-01 -2.245851e+00 5.294288e-01
    endloop
  endfacet
  facet normal -3.228501e-01 -9.152124e-01 2.411517e-01
    outer loop
      vertex -2.355775e-01 -2.245851e+00 5.294288e-01
      vertex 4.825877e-02 -2.399114e+00 3.277665e-01
      vertex 1.389014e-01 -2.385706e+00 5.000000e-01
    endloop
  endfacet
  facet normal -3.388406e-01 -9.329219e-01 1.218353e-01
    outer loop
      vertex -2.355775e-01 -2.245851e+00 5.294288e-01
      vertex 1.389014e-01 -2.385706e+00 5.000000e-01
      vertex -1.552342e-01 -2.251828e+00 7.071068e-01
    endloop
  endfacet
  facet normal -2.091202e-01 -9.728417e-01 -9.923602e-02
    outer loop
      vertex 1.389014e-01 -2.385706e+00 5.000000e-01
      vertex 4.568985e-01 -2.429460e+00 2.588190e-01
      vertex 5.479940e-01 -2.466235e+00 4.273700e-01
    endloop
  endfacet
  facet normal -2.278108e-01 -9.447606e-01 -2.356471e-01
    outer loop
      vertex 1.389014e-01 -2.385706e+00 5.000000e-01
      vertex 5.479940e-01 -2.466235e+00 4.273700e-01
      vertex 2.083976e-01 -2.445423e+00 6.722335e-01
    endloop
  endfacet
  facet normal -3.586302e-01 -8.301882e-01 -4.268159e-01
    outer loop
      vertex 2.083976e-01 -2.445423e+00 6.722335e-01
      vertex 5.479940e-01 -2.466235e+00 4.273700e-01
      vertex 6.262981e-01 -2.573525e+00 5.702607e-01
    endloop
  endfacet
  facet normal -3.644551e-01 -7.547771e-01 -5.454209e-01
    outer loop
      vertex 2.083976e-01 -2.445423e+00 6.722335e-01
      vertex 6.262981e-01 -2.573525e+00 5.702607e-01
      vertex 2.461671e-01 -2.569173e+00 8.182461e-01
    endloop
  endfacet
  facet normal -4.570900e-01 -5.601951e-01 -6.908329e-01
    outer loop
      vertex 2.461671e-01 -2.569173e+00 8.182461e-01
      vertex 6.262981e-01 -2.573525e+00 5.702607e-01
      vertex 6.798897e-01 -2.734994e+00 6.657371e-01
    endloop
  endfacet
  facet normal -4.442080e-01 -4.486190e-01 -7.755129e-01
    outer loop
      vertex 2.461671e-01 -2.569173e+00 8.182461e-01
      vertex 6.798897e-01 -2.734994e+00 6.657371e-01
      vertex 2.464599e-01 -2.738116e+00 9.158085e-01
    endloop
  endfacet
  facet normal -4.883599e-01 -2.019276e-01 -8.489581e-01
    outer loop
      vertex 2.464599e-01 -2.738116e+00 9.158085e-01
      vertex 6.798897e-01 -2.734994e+00 6.657371e-01
      vertex 7.006099e-01 -2.926062e+00 6.992640e-01
    endloop
  endfacet
  facet normal -4.533820e-01 -7.195547e-02 -8.884071e-01
    outer loop
      vertex 2.464599e-01 -2.738116e+00 9.158085e-01
      vertex 7.006099e-01 -2.926062e+00 6.992640e-01
      vertex 2.092314e-01 -2.926532e+00 9.500679e-01
    endloop
  endfacet
  facet normal -4.465877e-01 1.887389e-01 -8.746068e-01
    outer loop
      vertex 2.092314e-01 -2.926532e+00 9.500679e-01
      vertex 7.006099e-01 -2.926062e+00 6.992640e-01
      vertex 6.853043e-01 -3.117639e+00 6.657371e-01
    endloop
  endfacet
  facet normal -3.899184e-01 3.156862e-01 -8.650468e-01
    outer loop
      vertex 2.092314e-01 -2.926532e+00 9.500679e-01
      vertex 6.853043e-01 -3.117639e+00 6.657371e-01
      vertex 1.401494e-01 -3.105736e+00 9.158085e-01
    endloop
  endfacet
  facet normal -3.384225e-01 5.494607e-01 -7.639131e-01
    outer loop
      vertex 1.401494e-01 -3.105736e+00 9.158085e-01
      vertex 6.853043e-01 -3.117639e+00 6.657371e-01
      vertex 6.363030e-01 -3.280561e+00 5.702607e-01
    endloop
  endfacet
  facet normal -2.643793e-01 6.528121e-01 -7.098873e-01
    outer loop
      vertex 1.401494e-01 -3.105736e+00 9.158085e-01
      vertex 6.363030e-01 -3.280561e+00 5.702607e-01
      vertex 4.973084e-02 -3.248447e+00 8.182461e-01
    endloop
  endfacet
  facet normal -1.814791e-01 8.244632e-01 -5.360278e-01
    outer loop
      vertex 4.973084e-02 -3.248447e+00 8.182461e-01
      vertex 6.363030e-01 -3.280561e+00 5.702607e-01
      vertex 5.610661e-01 -3.390022e+00 4.273700e-01
    endloop
  endfacet
  facet normal -9.714496e-02 8.883198e-01 -4.488326e-01
    outer loop
      vertex 4.973084e-02 -3.248447e+00 8.182461e-01
      vertex 5.610661e-01 -3.390022e+00 4.273700e-01
      vertex -4.825877e-02 -3.332937e+00 6.722335e-01
    endloop
  endfacet
  facet normal -8.307595e-05 9.738391e-01 -2.272384e-01
    outer loop
      vertex -4.825877e-02 -3.332937e+00 6.722335e-01
      vertex 5.610661e-01 -3.390022e+00 4.273700e-01
      vertex 4.710476e-01 -3.429360e+00 2.588190e-01
    endloop
  endfacet
  facet normal 8.619913e-02 9.887390e-01 -1.223311e-01
    outer loop
      vertex -4.825877e-02 -3.332937e+00 6.722335e-01
      vertex 4.710476e-01 -3.429360e+00 2.588190e-01
      vertex -1.389014e-01 -3.346344e+00 5.000000e-01
    endloop
  endfacet
  facet normal 1.789947e-01 9.769387e-01 1.164116e-01
    outer loop
      vertex -1.389014e-01 -3.346344e+00 5.000000e-01
      vertex 4.710476e-01 -3.429360e+00 2.588190e-01
      vertex 3.799521e-01 -3.392585e+00 9.026805e-02
    endloop
  endfacet
  facet normal 2.587627e-01 9.401850e-01 2.215716e-01
    outer loop
      vertex -1.389014e-01 -3.346344e+00 5.000000e-01
      vertex 3.799521e-01 -3.392585e+00 9.026805e-02
      vertex -2.083976e-01 -3.286627e+00 3.277665e-01
    endloop
  endfacet
  facet normal 3.295208e-01 8.328327e-01 4.447535e-01
    outer loop
      vertex -2.083976e-01 -3.286627e+00 3.277665e-01
      vertex 3.799521e-01 -3.392585e+00 9.026805e-02
      vertex 3.016480e-01 -3.285296e+00 -5.262259e-02
    endloop
  endfacet
  facet normal 3.950643e-01 7.486889e-01 5.323431e-01
    outer loop
      vertex -2.083976e-01 -3.286627e+00 3.277665e-01
      vertex 3.016480e-01 -3.285296e+00 -5.262259e-02
      vertex -2.461671e-01 -3.162878e+00 1.817539e-01
    endloop
  endfacet
  facet normal 4.284161e-01 5.610186e-01 7.083204e-01
    outer loop
      vertex -2.461671e-01 -3.162878e+00 1.817539e-01
      vertex 3.016480e-01 -3.285296e+00 -5.262259e-02
      vertex 2.480564e-01 -3.123827e+00 -1.480991e-01
    endloop
  endfacet
  facet normal 4.738707e-01 4.409916e-01 7.622159e-01
    outer loop
      vertex -2.461671e-01 -3.162878e+00 1.817539e-01
      vertex 2.480564e-01 -3.123827e+00 -1.480991e-01
      vertex -2.464599e-01 -2.993935e+00 8.419146e-02
    endloop
  endfacet
  facet normal 4.593170e-01 2.016089e-01 8.650906e-01
    outer loop
      vertex -2.464599e-01 -2.993935e+00 8.419146e-02
      vertex 2.480564e-01 -3.123827e+00 -1.480991e-01
      vertex 2.273362e-01 -2.932759e+00 -1.816259e-01
    endloop
  endfacet
  facet normal 4.820372e-01 6.364414e-02 8.738361e-01
    outer loop
      vertex -2.464599e-01 -2.993935e+00 8.419146e-02
      vertex 2.273362e-01 -2.932759e+00 -1.816259e-01
      vertex -2.092314e-01 -2.805519e+00 4.993208e-02
    endloop
  endfacet
  facet normal 4.166032e-01 -1.889051e-01 8.892450e-01
    outer loop
      vertex -2.092314e-01 -2.805519e+00 4.993208e-02
      vertex 2.273362e-01 -2.932759e+00 -1.816259e-01
      vertex 2.426417e-01 -2.741181e+00 -1.480991e-01
    endloop
  endfacet
  facet normal 4.180700e-01 -3.234479e-01 8.488810e-01
    outer loop
      vertex -2.092314e-01 -2.805519e+00 4.993208e-02
      vertex 2.426417e-01 -2.741181e+00 -1.480991e-01
      vertex -1.401494e-01 -2.626314e+00 8.419146e-02
    endloop
  endfacet
  facet normal 3.074464e-01 -5.482530e-01 7.777502e-01
    outer loop
      vertex -1.401494e-01 -2.626314e+00 8.419146e-02
      vertex 2.426417e-01 -2.741181e+00 -1.480991e-01
      vertex 2.916430e-01 -2.578260e+00 -5.262259e-02
    endloop
  endfacet
  facet normal 2.928354e-01 -6.590952e-01 6.927055e-01
    outer loop
      vertex -1.401494e-01 -2.626314e+00 8.419146e-02
      vertex 2.916430e-01 -2.578260e+00 -5.262259e-02
      vertex -4.973084e-02 -2.483604e+00 1.817539e-01
    endloop
  endfacet
  facet normal 1.500242e-01 -8.214109e-01 5.502517e-01
    outer loop
      vertex -4.973084e-02 -2.483604e+00 1.817539e-01
      vertex 2.916430e-01 -2.578260e+00 -5.262259e-02
      vertex 3.668800e-01 -2.468798e+00 9.026805e-02
    endloop
  endfacet
  facet normal 1.265624e-01 -8.930363e-01 4.318196e-01
    outer loop
      vertex -4.973084e-02 -2.483604e+00 1.817539e-01
      vertex 3.668800e-01 -2.468798e+00 9.026805e-02
      vertex 4.825877e-02 -2.399114e+00 3.277665e-01
    endloop
  endfacet
  facet normal -3.102730e-02 -9.695659e-01 2.428563e-01
    outer loop
      vertex 4.825877e-02 -2.399114e+00 3.277665e-01
      vertex 3.668800e-01 -2.468798e+00 9.026805e-02
      vertex 4.568985e-01 -2.429460e+00 2.588190e-01
    endloop
  endfacet
  facet normal -5.573609e-02 -9.927375e-01 1.066103e-01
    outer loop
      vertex 4.825877e-02 -2.399114e+00 3.277665e-01
      vertex 4.568985e-01 -2.429460e+00 2.588190e-01
      vertex 1.389014e-01 -2.385706e+00 5.000000e-01
    endloop
  endfacet
  facet normal 8.494616e-02 -9.919097e-01 -9.433566e-02
    outer loop
      vertex 4.568985e-01 -2.429460e+00 2.588190e-01
      vertex 7.718234e-01 -2.377876e+00 7.347881e-16
      vertex 8.719715e-01 -2.385207e+00 1.672628e-01
    endloop
  endfacet
  facet normal 5.067720e-02 -9.697055e-01 -2.389626e-01
    outer loop
      vertex 4.568985e-01 -2.429460e+00 2.588190e-01
      vertex 8.719715e-01 -2.385207e+00 1.672628e-01
      vertex 5.479940e-01 -2.466235e+00 4.273700e-01
    endloop
  endfacet
  facet normal -1.088755e-01 -9.024770e-01 -4.167509e-01
    outer loop
      vertex 5.479940e-01 -2.466235e+00 4.273700e-01
      vertex 8.719715e-01 -2.385207e+00 1.672628e-01
      vertex 9.805050e-01 -2.463781e+00 3.090613e-01
    endloop
  endfacet
  facet normal -1.437323e-01 -8.275857e-01 -5.426259e-01
    outer loop
      vertex 5.479940e-01 -2.466235e+00 4.273700e-01
      vertex 9.805050e-01 -2.463781e+00 3.090613e-01
      vertex 6.262981e-01 -2.573525e+00 5.702607e-01
    endloop
  endfacet
  facet normal -2.897587e-01 -6.764107e-01 -6.771325e-01
    outer loop
      vertex 6.262981e-01 -2.573525e+00 5.702607e-01
      vertex 9.805050e-01 -2.463781e+00 3.090613e-01
      vertex 1.080901e+00 -2.601636e+00 4.038081e-01
    endloop
  endfacet
  facet normal -3.154617e-01 -5.583821e-01 -7.672636e-01
    outer loop
      vertex 6.262981e-01 -2.573525e+00 5.702607e-01
      vertex 1.080901e+00 -2.601636e+00 4.038081e-01
      vertex 6.798897e-01 -2.734994e+00 6.657371e-01
    endloop
  endfacet
  facet normal -4.299646e-01 -3.454379e-01 -8.341481e-01
    outer loop
      vertex 6.798897e-01 -2.734994e+00 6.657371e-01
      vertex 1.080901e+00 -2.601636e+00 4.038081e-01
      vertex 1.157874e+00 -2.777784e+00 4.370787e-01
    endloop
  endfacet
  facet normal -4.373173e-01 -2.012261e-01 -8.765053e-01
    outer loop
      vertex 6.798897e-01 -2.734994e+00 6.657371e-01
      vertex 1.157874e+00 -2.777784e+00 4.370787e-01
      vertex 7.006099e-01 -2.926062e+00 6.992640e-01
    endloop
  endfacet
  facet normal -5.066884e-01 3.974386e-02 -8.612127e-01
    outer loop
      vertex 7.006099e-01 -2.926062e+00 6.992640e-01
      vertex 1.157874e+00 -2.777784e+00 4.370787e-01
      vertex 1.199707e+00 -2.965410e+00 4.038081e-01
    endloop
  endfacet
  facet normal -4.892929e-01 1.881224e-01 -8.515882e-01
    outer loop
      vertex 7.006099e-01 -2.926062e+00 6.992640e-01
      vertex 1.199707e+00 -2.965410e+00 4.038081e-01
      vertex 6.853043e-01 -3.117639e+00 6.657371e-01
    endloop
  endfacet
  facet normal -5.073946e-01 4.177617e-01 -7.536750e-01
    outer loop
      vertex 6.853043e-01 -3.117639e+00 6.657371e-01
      vertex 1.199707e+00 -2.965410e+00 4.038081e-01
      vertex 1.200030e+00 -3.135948e+00 3.090613e-01
    endloop
  endfacet
  facet normal -4.633108e-01 5.476483e-01 -6.967241e-01
    outer loop
      vertex 6.853043e-01 -3.117639e+00 6.657371e-01
      vertex 1.200030e+00 -3.135948e+00 3.090613e-01
      vertex 6.363030e-01 -3.280561e+00 5.702607e-01
    endloop
  endfacet
  facet normal -4.326493e-01 7.293677e-01 -5.299409e-01
    outer loop
      vertex 6.363030e-01 -3.280561e+00 5.702607e-01
      vertex 1.200030e+00 -3.135948e+00 3.090613e-01
      vertex 1.158795e+00 -3.263435e+00 1.672628e-01
    endloop
  endfacet
  facet normal -3.645310e-01 8.219142e-01 -4.376919e-01
    outer loop
      vertex 6.363030e-01 -3.280561e+00 5.702607e-01
      vertex 1.158795e+00 -3.263435e+00 1.672628e-01
      vertex 5.610661e-01 -3.390022e+00 4.273700e-01
    endloop
  endfacet
  facet normal -2.949643e-01 9.283951e-01 -2.260059e-01
    outer loop
      vertex 5.610661e-01 -3.390022e+00 4.273700e-01
      vertex 1.158795e+00 -3.263435e+00 1.672628e-01
      vertex 1.082279e+00 -3.328464e+00 7.883148e-16
    endloop
  endfacet
  facet normal -2.090102e-01 9.711254e-01 -1.150228e-01
    outer loop
      vertex 5.610661e-01 -3.390022e+00 4.273700e-01
      vertex 1.082279e+00 -3.328464e+00 7.883148e-16
      vertex 4.710476e-01 -3.429360e+00 2.588190e-01
    endloop
  endfacet
  facet normal -1.153547e-01 9.869530e-01 1.123255e-01
    outer loop
      vertex 4.710476e-01 -3.429360e+00 2.588190e-01
      vertex 1.082279e+00 -3.328464e+00 7.883148e-16
      vertex 9.821304e-01 -3.321133e+00 -1.672628e-01
    endloop
  endfacet
  facet normal -2.006392e-02 9.745055e-01 2.234645e-01
    outer loop
      vertex 4.710476e-01 -3.429360e+00 2.588190e-01
      vertex 9.821304e-01 -3.321133e+00 -1.672628e-01
      vertex 3.799521e-01 -3.392585e+00 9.026805e-02
    endloop
  endfacet
  facet normal 7.992273e-02 8.965673e-01 4.356368e-01
    outer loop
      vertex 3.799521e-01 -3.392585e+00 9.026805e-02
      vertex 9.821304e-01 -3.321133e+00 -1.672628e-01
      vertex 8.735969e-01 -3.242559e+00 -3.090613e-01
    endloop
  endfacet
  facet normal 1.747222e-01 8.309627e-01 5.281791e-01
    outer loop
      vertex 3.799521e-01 -3.392585e+00 9.026805e-02
      vertex 8.735969e-01 -3.242559e+00 -3.090613e-01
      vertex 3.016480e-01 -3.285296e+00 -5.262259e-02
    endloop
  endfacet
  facet normal 2.619333e-01 6.688942e-01 6.956806e-01
    outer loop
      vertex 3.016480e-01 -3.285296e+00 -5.262259e-02
      vertex 8.735969e-01 -3.242559e+00 -3.090613e-01
      vertex 7.732013e-01 -3.104703e+00 -4.038081e-01
    endloop
  endfacet
  facet normal 3.461397e-01 5.599753e-01 7.527383e-01
    outer loop
      vertex 3.016480e-01 -3.285296e+00 -5.262259e-02
      vertex 7.732013e-01 -3.104703e+00 -4.038081e-01
      vertex 2.480564e-01 -3.123827e+00 -1.480991e-01
    endloop
  endfacet
  facet normal 4.023051e-01 3.366059e-01 8.513795e-01
    outer loop
      vertex 2.480564e-01 -3.123827e+00 -1.480991e-01
      vertex 7.732013e-01 -3.104703e+00 -4.038081e-01
      vertex 6.962279e-01 -2.928555e+00 -4.370787e-01
    endloop
  endfacet
  facet normal 4.671803e-01 2.017165e-01 8.608443e-01
    outer loop
      vertex 2.480564e-01 -3.123827e+00 -1.480991e-01
      vertex 6.962279e-01 -2.928555e+00 -4.370787e-01
      vertex 2.273362e-01 -2.932759e+00 -1.816259e-01
    endloop
  endfacet
  facet normal 4.781759e-01 -4.888319e-02 8.769027e-01
    outer loop
      vertex 2.273362e-01 -2.932759e+00 -1.816259e-01
      vertex 6.962279e-01 -2.928555e+00 -4.370787e-01
      vertex 6.543953e-01 -2.740929e+00 -4.038081e-01
    endloop
  endfacet
  facet normal 5.183012e-01 -1.874329e-01 8.344057e-01
    outer loop
      vertex 2.273362e-01 -2.932759e+00 -1.816259e-01
      vertex 6.543953e-01 -2.740929e+00 -4.038081e-01
      vertex 2.426417e-01 -2.741181e+00 -1.480991e-01
    endloop
  endfacet
  facet normal 4.774852e-01 -4.260252e-01 7.684467e-01
    outer loop
      vertex 2.426417e-01 -2.741181e+00 -1.480991e-01
      vertex 6.543953e-01 -2.740929e+00 -4.038081e-01
      vertex 6.540719e-01 -2.570391e+00 -3.090613e-01
    endloop
  endfacet
  facet normal 4.919219e-01 -5.455737e-01 6.785000e-01
    outer loop
      vertex 2.426417e-01 -2.741181e+00 -1.480991e-01
      vertex 6.540719e-01 -2.570391e+00 -3.090613e-01
      vertex 2.916430e-01 -2.578260e+00 -5.262259e-02
    endloop
  endfacet
  facet normal 4.015767e-01 -7.360329e-01 5.449694e-01
    outer loop
      vertex 2.916430e-01 -2.578260e+00 -5.262259e-02
      vertex 6.540719e-01 -2.570391e+00 -3.090613e-01
      vertex 6.953072e-01 -2.442904e+00 -1.672628e-01
    endloop
  endfacet
  facet normal 3.934487e-01 -8.180533e-01 4.195080e-01
    outer loop
      vertex 2.916430e-01 -2.578260e+00 -5.262259e-02
      vertex 6.953072e-01 -2.442904e+00 -1.672628e-01
      vertex 3.668800e-01 -2.468798e+00 9.026805e-02
    endloop
  endfacet
  facet normal 2.636668e-01 -9.336676e-01 2.423731e-01
    outer loop
      vertex 3.668800e-01 -2.468798e+00 9.026805e-02
      vertex 6.953072e-01 -2.442904e+00 -1.672628e-01
      vertex 7.718234e-01 -2.377876e+00 7.347881e-16
    endloop
  endfacet
  facet normal 2.387635e-01 -9.661236e-01 9.796502e-02
    outer loop
      vertex 3.668800e-01 -2.468798e+00 9.026805e-02
      vertex 7.718234e-01 -2.377876e+00 7.347881e-16
      vertex 4.568985e-01 -2.429460e+00 2.588190e-01
    endloop
  endfacet
  facet normal 3.747371e-01 -9.221166e-01 -9.629720e-02
    outer loop
      vertex 7.718234e-01 -2.377876e+00 7.347881e-16
      vertex 1.057140e+00 -2.234898e+00 -2.588190e-01
      vertex 1.152986e+00 -2.213552e+00 -9.024238e-02
    endloop
  endfacet
  facet normal 3.355908e-01 -9.106978e-01 -2.408491e-01
    outer loop
      vertex 7.718234e-01 -2.377876e+00 7.347881e-16
      vertex 1.152986e+00 -2.213552e+00 -9.024238e-02
      vertex 8.719715e-01 -2.385207e+00 1.672628e-01
    endloop
  endfacet
  facet normal 1.629605e-01 -8.937410e-01 -4.179364e-01
    outer loop
      vertex 8.719715e-01 -2.385207e+00 1.672628e-01
      vertex 1.152986e+00 -2.213552e+00 -9.024238e-02
      vertex 1.278293e+00 -2.257533e+00 5.267002e-02
    endloop
  endfacet
  facet normal 1.080997e-01 -8.321775e-01 -5.438704e-01
    outer loop
      vertex 8.719715e-01 -2.385207e+00 1.672628e-01
      vertex 1.278293e+00 -2.257533e+00 5.267002e-02
      vertex 9.805050e-01 -2.463781e+00 3.090613e-01
    endloop
  endfacet
  facet normal -7.653748e-02 -7.316064e-01 -6.774172e-01
    outer loop
      vertex 9.805050e-01 -2.463781e+00 3.090613e-01
      vertex 1.278293e+00 -2.257533e+00 5.267002e-02
      vertex 1.413985e+00 -2.360147e+00 1.481610e-01
    endloop
  endfacet
  facet normal -1.352821e-01 -6.262320e-01 -7.678100e-01
    outer loop
      vertex 9.805050e-01 -2.463781e+00 3.090613e-01
      vertex 1.413985e+00 -2.360147e+00 1.481610e-01
      vertex 1.080901e+00 -2.601636e+00 4.038081e-01
    endloop
  endfacet
  facet normal -3.083386e-01 -4.575937e-01 -8.339876e-01
    outer loop
      vertex 1.080901e+00 -2.601636e+00 4.038081e-01
      vertex 1.413985e+00 -2.360147e+00 1.481610e-01
      vertex 1.539402e+00 -2.505770e+00 1.816930e-01
    endloop
  endfacet
  facet normal -3.574453e-01 -3.217941e-01 -8.767448e-01
    outer loop
      vertex 1.080901e+00 -2.601636e+00 4.038081e-01
      vertex 1.539402e+00 -2.505770e+00 1.816930e-01
      vertex 1.157874e+00 -2.777784e+00 4.370787e-01
    endloop
  endfacet
  facet normal -4.959570e-01 -1.127329e-01 -8.609982e-01
    outer loop
      vertex 1.157874e+00 -2.777784e+00 4.370787e-01
      vertex 1.539402e+00 -2.505770e+00 1.816930e-01
      vertex 1.635453e+00 -2.672234e+00 1.481610e-01
    endloop
  endfacet
  facet normal -5.228708e-01 3.445177e-02 -8.517155e-01
    outer loop
      vertex 1.157874e+00 -2.777784e+00 4.370787e-01
      vertex 1.635453e+00 -2.672234e+00 1.481610e-01
      vertex 1.199707e+00 -2.965410e+00 4.038081e-01
    endloop
  endfacet
  facet normal -6.090269e-01 2.483544e-01 -7.532638e-01
    outer loop
      vertex 1.199707e+00 -2.965410e+00 4.038081e-01
      vertex 1.635453e+00 -2.672234e+00 1.481610e-01
      vertex 1.687513e+00 -2.834195e+00 5.267002e-02
    endloop
  endfacet
  facet normal -6.050932e-01 3.857808e-01 -6.964448e-01
    outer loop
      vertex 1.199707e+00 -2.965410e+00 4.038081e-01
      vertex 1.687513e+00 -2.834195e+00 5.267002e-02
      vertex 1.200030e+00 -3.135948e+00 3.090613e-01
    endloop
  endfacet
  facet normal -6.301003e-01 5.685135e-01 -5.289292e-01
    outer loop
      vertex 1.200030e+00 -3.135948e+00 3.090613e-01
      vertex 1.687513e+00 -2.834195e+00 5.267002e-02
      vertex 1.687658e+00 -2.966997e+00 -9.024238e-02
    endloop
  endfacet
  facet normal -5.922045e-01 6.772188e-01 -4.366562e-01
    outer loop
      vertex 1.200030e+00 -3.135948e+00 3.090613e-01
      vertex 1.687658e+00 -2.966997e+00 -9.024238e-02
      vertex 1.158795e+00 -3.263435e+00 1.672628e-01
    endloop
  endfacet
  facet normal -5.573279e-01 7.994021e-01 -2.243701e-01
    outer loop
      vertex 1.158795e+00 -3.263435e+00 1.672628e-01
      vertex 1.687658e+00 -2.966997e+00 -9.024238e-02
      vertex 1.635864e+00 -3.050421e+00 -2.588190e-01
    endloop
  endfacet
  facet normal -4.877591e-01 8.655830e-01 -1.133898e-01
    outer loop
      vertex 1.158795e+00 -3.263435e+00 1.672628e-01
      vertex 1.635864e+00 -3.050421e+00 -2.588190e-01
      vertex 1.082279e+00 -3.328464e+00 7.883148e-16
    endloop
  endfacet
  facet normal -4.028138e-01 9.081511e-01 1.140289e-01
    outer loop
      vertex 1.082279e+00 -3.328464e+00 7.883148e-16
      vertex 1.635864e+00 -3.050421e+00 -2.588190e-01
      vertex 1.540018e+00 -3.071767e+00 -4.273957e-01
    endloop
  endfacet
  facet normal -3.082130e-01 9.243137e-01 2.250534e-01
    outer loop
      vertex 1.082279e+00 -3.328464e+00 7.883148e-16
      vertex 1.540018e+00 -3.071767e+00 -4.273957e-01
      vertex 9.821304e-01 -3.321133e+00 -1.672628e-01
    endloop
  endfacet
  facet normal -1.894371e-01 8.794144e-01 4.367423e-01
    outer loop
      vertex 9.821304e-01 -3.321133e+00 -1.672628e-01
      vertex 1.540018e+00 -3.071767e+00 -4.273957e-01
      vertex 1.414711e+00 -3.027785e+00 -5.703081e-01
    endloop
  endfacet
  facet normal -7.980410e-02 8.447490e-01 5.291789e-01
    outer loop
      vertex 9.821304e-01 -3.321133e+00 -1.672628e-01
      vertex 1.414711e+00 -3.027785e+00 -5.703081e-01
      vertex 8.735969e-01 -3.242559e+00 -3.090613e-01
    endloop
  endfacet
  facet normal 5.177660e-02 7.161645e-01 6.960084e-01
    outer loop
      vertex 8.735969e-01 -3.242559e+00 -3.090613e-01
      vertex 1.414711e+00 -3.027785e+00 -5.703081e-01
      vertex 1.279020e+00 -2.925172e+00 -6.657991e-01
    endloop
  endfacet
  facet normal 1.639867e-01 6.370687e-01 7.531612e-01
    outer loop
      vertex 8.735969e-01 -3.242559e+00 -3.090613e-01
      vertex 1.279020e+00 -2.925172e+00 -6.657991e-01
      vertex 7.732013e-01 -3.104703e+00 -4.038081e-01
    endloop
  endfacet
  facet normal 2.844078e-01 4.409633e-01 8.512717e-01
    outer loop
      vertex 7.732013e-01 -3.104703e+00 -4.038081e-01
      vertex 1.279020e+00 -2.925172e+00 -6.657991e-01
      vertex 1.153602e+00 -2.779548e+00 -6.993311e-01
    endloop
  endfacet
  facet normal 3.858141e-01 3.312293e-01 8.610660e-01
    outer loop
      vertex 7.732013e-01 -3.104703e+00 -4.038081e-01
      vertex 1.153602e+00 -2.779548e+00 -6.993311e-01
      vertex 6.962279e-01 -2.928555e+00 -4.370787e-01
    endloop
  endfacet
  facet normal 4.715502e-01 9.549660e-02 8.766532e-01
    outer loop
      vertex 6.962279e-01 -2.928555e+00 -4.370787e-01
      vertex 1.153602e+00 -2.779548e+00 -6.993311e-01
      vertex 1.057551e+00 -2.613085e+00 -6.657991e-01
    endloop
  endfacet
  facet normal 5.503501e-01 -2.528136e-02 8.345511e-01
    outer loop
      vertex 6.962279e-01 -2.928555e+00 -4.370787e-01
      vertex 1.057551e+00 -2.613085e+00 -6.657991e-01
      vertex 6.543953e-01 -2.740929e+00 -4.038081e-01
    endloop
  endfacet
  facet normal 5.831149e-01 -2.652860e-01 7.678544e-01
    outer loop
      vertex 6.543953e-01 -2.740929e+00 -4.038081e-01
      vertex 1.057551e+00 -2.613085e+00 -6.657991e-01
      vertex 1.005491e+00 -2.451123e+00 -5.703081e-01
    endloop
  endfacet
  facet normal 6.316475e-01 -3.755926e-01 6.781973e-01
    outer loop
      vertex 6.543953e-01 -2.740929e+00 -4.038081e-01
      vertex 1.005491e+00 -2.451123e+00 -5.703081e-01
      vertex 6.540719e-01 -2.570391e+00 -3.090613e-01
    endloop
  endfacet
  facet normal 6.024709e-01 -5.843702e-01 5.436361e-01
    outer loop
      vertex 6.540719e-01 -2.570391e+00 -3.090613e-01
      vertex 1.005491e+00 -2.451123e+00 -5.703081e-01
      vertex 1.005347e+00 -2.318322e+00 -4.273957e-01
    endloop
  endfacet
  facet normal 6.183448e-01 -6.653088e-01 4.183466e-01
    outer loop
      vertex 6.540719e-01 -2.570391e+00 -3.090613e-01
      vertex 1.005347e+00 -2.318322e+00 -4.273957e-01
      vertex 6.953072e-01 -2.442904e+00 -1.672628e-01
    endloop
  endfacet
  facet normal 5.287737e-01 -8.140139e-01 2.403741e-01
    outer loop
      vertex 6.953072e-01 -2.442904e+00 -1.672628e-01
      vertex 1.005347e+00 -2.318322e+00 -4.273957e-01
      vertex 1.057140e+00 -2.234898e+00 -2.588190e-01
    endloop
  endfacet
  facet normal 5.142424e-01 -8.522450e-01 9.608920e-02
    outer loop
      vertex 6.953072e-01 -2.442904e+00 -1.672628e-01
      vertex 1.057140e+00 -2.234898e+00 -2.588190e-01
      vertex 7.718234e-01 -2.377876e+00 7.347881e-16
    endloop
  endfacet
  facet normal 6.285559e-01 -7.706284e-01 -1.051156e-01
    outer loop
      vertex 1.057140e+00 -2.234898e+00 -2.588190e-01
      vertex 1.289018e+00 -2.012871e+00 -5.000000e-01
      vertex 1.370047e+00 -1.970280e+00 -3.277193e-01
    endloop
  endfacet
  facet normal 5.951230e-01 -7.665532e-01 -2.412984e-01
    outer loop
      vertex 1.057140e+00 -2.234898e+00 -2.588190e-01
      vertex 1.370047e+00 -1.970280e+00 -3.277193e-01
      vertex 1.152986e+00 -2.213552e+00 -9.024238e-02
    endloop
  endfacet
  facet normal 4.229234e-01 -7.974552e-01 -4.303499e-01
    outer loop
      vertex 1.152986e+00 -2.213552e+00 -9.024238e-02
      vertex 1.370047e+00 -1.970280e+00 -3.277193e-01
      vertex 1.498964e+00 -1.980727e+00 -1.816668e-01
    endloop
  endfacet
  facet normal 3.618540e-01 -7.533443e-01 -5.491211e-01
    outer loop
      vertex 1.152986e+00 -2.213552e+00 -9.024238e-02
      vertex 1.498964e+00 -1.980727e+00 -1.816668e-01
      vertex 1.278293e+00 -2.257533e+00 5.267002e-02
    endloop
  endfacet
  facet normal 1.513444e-01 -7.061915e-01 -6.916563e-01
    outer loop
      vertex 1.278293e+00 -2.257533e+00 5.267002e-02
      vertex 1.498964e+00 -1.980727e+00 -1.816668e-01
      vertex 1.656144e+00 -2.042623e+00 -8.407765e-02
    endloop
  endfacet
  facet normal 7.423725e-02 -6.249887e-01 -7.770959e-01
    outer loop
      vertex 1.278293e+00 -2.257533e+00 5.267002e-02
      vertex 1.656144e+00 -2.042623e+00 -8.407765e-02
      vertex 1.413985e+00 -2.360147e+00 1.481610e-01
    endloop
  endfacet
  facet normal -1.470876e-01 -5.083970e-01 -8.484678e-01
    outer loop
      vertex 1.413985e+00 -2.360147e+00 1.481610e-01
      vertex 1.656144e+00 -2.042623e+00 -8.407765e-02
      vertex 1.817658e+00 -2.146542e+00 -4.980889e-02
    endloop
  endfacet
  facet normal -2.251045e-01 -3.985929e-01 -8.890735e-01
    outer loop
      vertex 1.413985e+00 -2.360147e+00 1.481610e-01
      vertex 1.817658e+00 -2.146542e+00 -4.980889e-02
      vertex 1.539402e+00 -2.505770e+00 1.816930e-01
    endloop
  endfacet
  facet normal -4.265259e-01 -2.328518e-01 -8.739884e-01
    outer loop
      vertex 1.539402e+00 -2.505770e+00 1.816930e-01
      vertex 1.817658e+00 -2.146542e+00 -4.980889e-02
      vertex 1.958915e+00 -2.276666e+00 -8.407765e-02
    endloop
  endfacet
  facet normal -4.892820e-01 -1.079920e-01 -8.654137e-01
    outer loop
      vertex 1.539402e+00 -2.505770e+00 1.816930e-01
      vertex 1.958915e+00 -2.276666e+00 -8.407765e-02
      vertex 1.635453e+00 -2.672234e+00 1.481610e-01
    endloop
  endfacet
  facet normal -6.420958e-01 7.725714e-02 -7.627216e-01
    outer loop
      vertex 1.635453e+00 -2.672234e+00 1.481610e-01
      vertex 1.958915e+00 -2.276666e+00 -8.407765e-02
      vertex 2.058412e+00 -2.413183e+00 -1.816668e-01
    endloop
  endfacet
  facet normal -6.759320e-01 2.007987e-01 -7.090809e-01
    outer loop
      vertex 1.635453e+00 -2.672234e+00 1.481610e-01
      vertex 2.058412e+00 -2.413183e+00 -1.816668e-01
      vertex 1.687513e+00 -2.834195e+00 5.267002e-02
    endloop
  endfacet
  facet normal -7.596592e-01 3.725482e-01 -5.330344e-01
    outer loop
      vertex 1.687513e+00 -2.834195e+00 5.267002e-02
      vertex 2.058412e+00 -2.413183e+00 -1.816668e-01
      vertex 2.101000e+00 -2.535311e+00 -3.277193e-01
    endloop
  endfacet
  facet normal -7.562642e-01 4.788981e-01 -4.457815e-01
    outer loop
      vertex 1.687513e+00 -2.834195e+00 5.267002e-02
      vertex 2.101000e+00 -2.535311e+00 -3.277193e-01
      vertex 1.687658e+00 -2.966997e+00 -9.024238e-02
    endloop
  endfacet
  facet normal -7.624110e-01 6.076833e-01 -2.223747e-01
    outer loop
      vertex 1.687658e+00 -2.966997e+00 -9.024238e-02
      vertex 2.101000e+00 -2.535311e+00 -3.277193e-01
      vertex 2.080197e+00 -2.624456e+00 -5.000000e-01
    endloop
  endfacet
  facet normal -7.197284e-01 6.842428e-01 -1.174850e-01
    outer loop
      vertex 1.687658e+00 -2.966997e+00 -9.024238e-02
      vertex 2.080197e+00 -2.624456e+00 -5.000000e-01
      vertex 1.635864e+00 -3.050421e+00 -2.588190e-01
    endloop
  endfacet
  facet normal -6.517591e-01 7.486363e-01 1.214656e-01
    outer loop
      vertex 1.635864e+00 -3.050421e+00 -2.588190e-01
      vertex 2.080197e+00 -2.624456e+00 -5.000000e-01
      vertex 1.999168e+00 -2.667047e+00 -6.722807e-01
    endloop
  endfacet
  facet normal -5.733805e-01 7.874170e-01 2.262946e-01
    outer loop
      vertex 1.635864e+00 -3.050421e+00 -2.588190e-01
      vertex 1.999168e+00 -2.667047e+00 -6.722807e-01
      vertex 1.540018e+00 -3.071767e+00 -4.273957e-01
    endloop
  endfacet
  facet normal -4.447007e-01 7.755839e-01 4.480077e-01
    outer loop
      vertex 1.540018e+00 -3.071767e+00 -4.273957e-01
      vertex 1.999168e+00 -2.667047e+00 -6.722807e-01
      vertex 1.870251e+00 -2.656599e+00 -8.183332e-01
    endloop
  endfacet
  facet normal -3.389560e-01 7.736692e-01 5.352988e-01
    outer loop
      vertex 1.540018e+00 -3.071767e+00 -4.273957e-01
      vertex 1.870251e+00 -2.656599e+00 -8.183332e-01
      vertex 1.414711e+00 -3.027785e+00 -5.703081e-01
    endloop
  endfacet
  facet normal -1.710670e-01 6.838705e-01 7.092652e-01
    outer loop
      vertex 1.414711e+00 -3.027785e+00 -5.703081e-01
      vertex 1.870251e+00 -2.656599e+00 -8.183332e-01
      vertex 1.713070e+00 -2.594704e+00 -9.159223e-01
    endloop
  endfacet
  facet normal -5.031464e-02 6.439153e-01 7.634405e-01
    outer loop
      vertex 1.414711e+00 -3.027785e+00 -5.703081e-01
      vertex 1.713070e+00 -2.594704e+00 -9.159223e-01
      vertex 1.279020e+00 -2.925172e+00 -6.657991e-01
    endloop
  endfacet
  facet normal 1.288019e-01 4.853555e-01 8.647775e-01
    outer loop
      vertex 1.279020e+00 -2.925172e+00 -6.657991e-01
      vertex 1.713070e+00 -2.594704e+00 -9.159223e-01
      vertex 1.551557e+00 -2.490784e+00 -9.501911e-01
    endloop
  endfacet
  facet normal 2.493227e-01 4.160894e-01 8.744757e-01
    outer loop
      vertex 1.279020e+00 -2.925172e+00 -6.657991e-01
      vertex 1.551557e+00 -2.490784e+00 -9.501911e-01
      vertex 1.153602e+00 -2.779548e+00 -6.993311e-01
    endloop
  endfacet
  facet normal 4.082963e-01 2.092279e-01 8.885482e-01
    outer loop
      vertex 1.153602e+00 -2.779548e+00 -6.993311e-01
      vertex 1.551557e+00 -2.490784e+00 -9.501911e-01
      vertex 1.410300e+00 -2.360660e+00 -9.159223e-01
    endloop
  endfacet
  facet normal 5.128885e-01 1.248534e-01 8.493274e-01
    outer loop
      vertex 1.153602e+00 -2.779548e+00 -6.993311e-01
      vertex 1.410300e+00 -2.360660e+00 -9.159223e-01
      vertex 1.057551e+00 -2.613085e+00 -6.657991e-01
    endloop
  endfacet
  facet normal 6.225498e-01 -1.010182e-01 7.760329e-01
    outer loop
      vertex 1.057551e+00 -2.613085e+00 -6.657991e-01
      vertex 1.410300e+00 -2.360660e+00 -9.159223e-01
      vertex 1.310803e+00 -2.224143e+00 -8.183332e-01
    endloop
  endfacet
  facet normal 6.983766e-01 -1.834136e-01 6.918306e-01
    outer loop
      vertex 1.057551e+00 -2.613085e+00 -6.657991e-01
      vertex 1.310803e+00 -2.224143e+00 -8.183332e-01
      vertex 1.005491e+00 -2.451123e+00 -5.703081e-01
    endloop
  endfacet
  facet normal 7.381216e-01 -3.959101e-01 5.462891e-01
    outer loop
      vertex 1.005491e+00 -2.451123e+00 -5.703081e-01
      vertex 1.310803e+00 -2.224143e+00 -8.183332e-01
      vertex 1.268214e+00 -2.102015e+00 -6.722807e-01
    endloop
  endfacet
  facet normal 7.776821e-01 -4.601278e-01 4.283608e-01
    outer loop
      vertex 1.005491e+00 -2.451123e+00 -5.703081e-01
      vertex 1.268214e+00 -2.102015e+00 -6.722807e-01
      vertex 1.005347e+00 -2.318322e+00 -4.273957e-01
    endloop
  endfacet
  facet normal 7.393271e-01 -6.303082e-01 2.368692e-01
    outer loop
      vertex 1.005347e+00 -2.318322e+00 -4.273957e-01
      vertex 1.268214e+00 -2.102015e+00 -6.722807e-01
      vertex 1.289018e+00 -2.012871e+00 -5.000000e-01
    endloop
  endfacet
  facet normal 7.408570e-01 -6.640271e-01 1.009892e-01
    outer loop
      vertex 1.005347e+00 -2.318322e+00 -4.273957e-01
      vertex 1.289018e+00 -2.012871e+00 -5.000000e-01
      vertex 1.057140e+00 -2.234898e+00 -2.588190e-01
    endloop
  endfacet
  facet normal 8.223728e-01 -5.560188e-01 -1.206077e-01
    outer loop
      vertex 1.289018e+00 -2.012871e+00 -5.000000e-01
      vertex 1.448670e+00 -1.731816e+00 -7.071068e-01
      vertex 1.509956e+00 -1.679725e+00 -5.293687e-01
    endloop
  endfacet
  facet normal 7.992380e-01 -5.511700e-01 -2.396462e-01
    outer loop
      vertex 1.289018e+00 -2.012871e+00 -5.000000e-01
      vertex 1.509956e+00 -1.679725e+00 -5.293687e-01
      vertex 1.370047e+00 -1.970280e+00 -3.277193e-01
    endloop
  endfacet
  facet normal 6.387165e-01 -6.219520e-01 -4.530088e-01
    outer loop
      vertex 1.370047e+00 -1.970280e+00 -3.277193e-01
      vertex 1.509956e+00 -1.679725e+00 -5.293687e-01
      vertex 1.632786e+00 -1.663333e+00 -3.786897e-01
    endloop
  endfacet
  facet normal 5.830198e-01 -5.915343e-01 -5.569337e-01
    outer loop
      vertex 1.370047e+00 -1.970280e+00 -3.277193e-01
      vertex 1.632786e+00 -1.663333e+00 -3.786897e-01
      vertex 1.498964e+00 -1.980727e+00 -1.816668e-01
    endloop
  endfacet
  facet normal 3.579190e-01 -5.967302e-01 -7.181971e-01
    outer loop
      vertex 1.498964e+00 -1.980727e+00 -1.816668e-01
      vertex 1.632786e+00 -1.663333e+00 -3.786897e-01
      vertex 1.798462e+00 -1.685136e+00 -2.780091e-01
    endloop
  endfacet
  facet normal 2.792068e-01 -5.413796e-01 -7.930647e-01
    outer loop
      vertex 1.498964e+00 -1.980727e+00 -1.816668e-01
      vertex 1.798462e+00 -1.685136e+00 -2.780091e-01
      vertex 1.656144e+00 -2.042623e+00 -8.407765e-02
    endloop
  endfacet
  facet normal 1.959647e-02 -4.827643e-01 -8.755311e-01
    outer loop
      vertex 1.656144e+00 -2.042623e+00 -8.407765e-02
      vertex 1.798462e+00 -1.685136e+00 -2.780091e-01
      vertex 1.981759e+00 -1.741813e+00 -2.426548e-01
    endloop
  endfacet
  facet normal -6.821472e-02 -4.064703e-01 -9.111140e-01
    outer loop
      vertex 1.656144e+00 -2.042623e+00 -8.407765e-02
      vertex 1.981759e+00 -1.741813e+00 -2.426548e-01
      vertex 1.817658e+00 -2.146542e+00 -4.980889e-02
    endloop
  endfacet
  facet normal -3.253760e-01 -2.959849e-01 -8.980665e-01
    outer loop
      vertex 1.817658e+00 -2.146542e+00 -4.980889e-02
      vertex 1.981759e+00 -1.741813e+00 -2.426548e-01
      vertex 2.154774e+00 -1.824737e+00 -2.780091e-01
    endloop
  endfacet
  facet normal -4.059068e-01 -2.061571e-01 -8.903589e-01
    outer loop
      vertex 1.817658e+00 -2.146542e+00 -4.980889e-02
      vertex 2.154774e+00 -1.824737e+00 -2.780091e-01
      vertex 1.958915e+00 -2.276666e+00 -8.407765e-02
    endloop
  endfacet
  facet normal -6.220948e-01 -6.520331e-02 -7.802221e-01
    outer loop
      vertex 1.958915e+00 -2.276666e+00 -8.407765e-02
      vertex 2.154774e+00 -1.824737e+00 -2.780091e-01
      vertex 2.291165e+00 -1.921283e+00 -3.786897e-01
    endloop
  endfacet
  facet normal -6.799333e-01 2.824095e-02 -7.327300e-01
    outer loop
      vertex 1.958915e+00 -2.276666e+00 -8.407765e-02
      vertex 2.291165e+00 -1.921283e+00 -3.786897e-01
      vertex 2.058412e+00 -2.413183e+00 -1.816668e-01
    endloop
  endfacet
  facet normal -8.230774e-01 1.727606e-01 -5.410152e-01
    outer loop
      vertex 2.058412e+00 -2.413183e+00 -1.816668e-01
      vertex 2.291165e+00 -1.921283e+00 -3.786897e-01
      vertex 2.370169e+00 -2.016752e+00 -5.293687e-01
    endloop
  endfacet
  facet normal -8.471035e-01 2.593273e-01 -4.638588e-01
    outer loop
      vertex 2.058412e+00 -2.413183e+00 -1.816668e-01
      vertex 2.370169e+00 -2.016752e+00 -5.293687e-01
      vertex 2.101000e+00 -2.535311e+00 -3.277193e-01
    endloop
  endfacet
  facet normal -8.981920e-01 3.808407e-01 -2.195712e-01
    outer loop
      vertex 2.101000e+00 -2.535311e+00 -3.277193e-01
      vertex 2.370169e+00 -2.016752e+00 -5.293687e-01
      vertex 2.379757e+00 -2.096611e+00 -7.071068e-01
    endloop
  endfacet
  facet normal -8.832264e-01 4.514396e-01 -1.269390e-01
    outer loop
      vertex 2.101000e+00 -2.535311e+00 -3.277193e-01
      vertex 2.379757e+00 -2.096611e+00 -7.071068e-01
      vertex 2.080197e+00 -2.624456e+00 -5.000000e-01
    endloop
  endfacet
  facet normal -8.383154e-01 5.284116e-01 1.341958e-01
    outer loop
      vertex 2.080197e+00 -2.624456e+00 -5.000000e-01
      vertex 2.379757e+00 -2.096611e+00 -7.071068e-01
      vertex 2.318471e+00 -2.148702e+00 -8.848448e-01
    endloop
  endfacet
  facet normal -7.850046e-01 5.765262e-01 2.266833e-01
    outer loop
      vertex 2.080197e+00 -2.624456e+00 -5.000000e-01
      vertex 2.318471e+00 -2.148702e+00 -8.848448e-01
      vertex 1.999168e+00 -2.667047e+00 -6.722807e-01
    endloop
  endfacet
  facet normal -6.536447e-01 5.946292e-01 4.681504e-01
    outer loop
      vertex 1.999168e+00 -2.667047e+00 -6.722807e-01
      vertex 2.318471e+00 -2.148702e+00 -8.848448e-01
      vertex 2.195641e+00 -2.165094e+00 -1.035524e+00
    endloop
  endfacet
  facet normal -5.677188e-01 6.167784e-01 5.452336e-01
    outer loop
      vertex 1.999168e+00 -2.667047e+00 -6.722807e-01
      vertex 2.195641e+00 -2.165094e+00 -1.035524e+00
      vertex 1.870251e+00 -2.656599e+00 -8.183332e-01
    endloop
  endfacet
  facet normal -3.707985e-01 5.696128e-01 7.335187e-01
    outer loop
      vertex 1.870251e+00 -2.656599e+00 -8.183332e-01
      vertex 2.195641e+00 -2.165094e+00 -1.035524e+00
      vertex 2.029965e+00 -2.143292e+00 -1.136204e+00
    endloop
  endfacet
  facet normal -2.625369e-01 5.657451e-01 7.816693e-01
    outer loop
      vertex 1.870251e+00 -2.656599e+00 -8.183332e-01
      vertex 2.029965e+00 -2.143292e+00 -1.136204e+00
      vertex 1.713070e+00 -2.594704e+00 -9.159223e-01
    endloop
  endfacet
  facet normal -3.069273e-02 4.556674e-01 8.896208e-01
    outer loop
      vertex 1.713070e+00 -2.594704e+00 -9.159223e-01
      vertex 2.029965e+00 -2.143292e+00 -1.136204e+00
      vertex 1.846668e+00 -2.086614e+00 -1.171559e+00
    endloop
  endfacet
  facet normal 8.576098e-02 4.297085e-01 8.988858e-01
    outer loop
      vertex 1.713070e+00 -2.594704e+00 -9.159223e-01
      vertex 1.846668e+00 -2.086614e+00 -1.171559e+00
      vertex 1.551557e+00 -2.490784e+00 -9.501911e-01
    endloop
  endfacet
  facet normal 3.148137e-01 2.687239e-01 9.103185e-01
    outer loop
      vertex 1.551557e+00 -2.490784e+00 -9.501911e-01
      vertex 1.846668e+00 -2.086614e+00 -1.171559e+00
      vertex 1.673654e+00 -2.003690e+00 -1.136204e+00
    endloop
  endfacet
  facet normal 4.233175e-01 2.286681e-01 8.766489e-01
    outer loop
      vertex 1.551557e+00 -2.490784e+00 -9.501911e-01
      vertex 1.673654e+00 -2.003690e+00 -1.136204e+00
      vertex 1.410300e+00 -2.360660e+00 -9.159223e-01
    endloop
  endfacet
  facet normal 6.105980e-01 3.767641e-02 7.910440e-01
    outer loop
      vertex 1.410300e+00 -2.360660e+00 -9.159223e-01
      vertex 1.673654e+00 -2.003690e+00 -1.136204e+00
      vertex 1.537262e+00 -1.907145e+00 -1.035524e+00
    endloop
  endfacet
  facet normal 6.962684e-01 -5.633879e-03 7.177594e-01
    outer loop
      vertex 1.410300e+00 -2.360660e+00 -9.159223e-01
      vertex 1.537262e+00 -1.907145e+00 -1.035524e+00
      vertex 1.310803e+00 -2.224143e+00 -8.183332e-01
    endloop
  endfacet
  facet normal 8.096707e-01 -2.005119e-01 5.515690e-01
    outer loop
      vertex 1.310803e+00 -2.224143e+00 -8.183332e-01
      vertex 1.537262e+00 -1.907145e+00 -1.035524e+00
      vertex 1.458259e+00 -1.811675e+00 -8.848448e-01
    endloop
  endfacet
  facet normal 8.620596e-01 -2.358471e-01 4.485860e-01
    outer loop
      vertex 1.310803e+00 -2.224143e+00 -8.183332e-01
      vertex 1.458259e+00 -1.811675e+00 -8.848448e-01
      vertex 1.268214e+00 -2.102015e+00 -6.722807e-01
    endloop
  endfacet
  facet normal 8.829223e-01 -4.086308e-01 2.312338e-01
    outer loop
      vertex 1.268214e+00 -2.102015e+00 -6.722807e-01
      vertex 1.458259e+00 -1.811675e+00 -8.848448e-01
      vertex 1.448670e+00 -1.731816e+00 -7.071068e-01
    endloop
  endfacet
  facet normal 8.973140e-01 -4.268162e-01 1.124967e-01
    outer loop
      vertex 1.268214e+00 -2.102015e+00 -6.722807e-01
      vertex 1.448670e+00 -1.731816e+00 -7.071068e-01
      vertex 1.289018e+00 -2.012871e+00 -5.000000e-01
    endloop
  endfacet
  facet normal 9.427285e-01 -3.017699e-01 -1.421196e-01
    outer loop
      vertex 1.448670e+00 -1.731816e+00 -7.071068e-01
      vertex 1.525214e+00 -1.417850e+00 -8.660254e-01
      vertex 1.568538e+00 -1.369097e+00 -6.821603e-01
    endloop
  endfacet
  facet normal 9.276576e-01 -2.904185e-01 -2.347519e-01
    outer loop
      vertex 1.448670e+00 -1.731816e+00 -7.071068e-01
      vertex 1.568538e+00 -1.369097e+00 -6.821603e-01
      vertex 1.509956e+00 -1.679725e+00 -5.293687e-01
    endloop
  endfacet
  facet normal 7.854775e-01 -3.860638e-01 -4.837145e-01
    outer loop
      vertex 1.509956e+00 -1.679725e+00 -5.293687e-01
      vertex 1.568538e+00 -1.369097e+00 -6.821603e-01
      vertex 1.680980e+00 -1.335623e+00 -5.262870e-01
    endloop
  endfacet
  facet normal 7.411045e-01 -3.632851e-01 -5.646132e-01
    outer loop
      vertex 1.509956e+00 -1.679725e+00 -5.293687e-01
      vertex 1.680980e+00 -1.335623e+00 -5.262870e-01
      vertex 1.632786e+00 -1.663333e+00 -3.786897e-01
    endloop
  endfacet
  facet normal 5.102835e-01 -4.144392e-01 -7.535588e-01
    outer loop
      vertex 1.632786e+00 -1.663333e+00 -3.786897e-01
      vertex 1.680980e+00 -1.335623e+00 -5.262870e-01
      vertex 1.845422e+00 -1.322526e+00 -4.221358e-01
    endloop
  endfacet
  facet normal 4.433108e-01 -3.800781e-01 -8.117981e-01
    outer loop
      vertex 1.632786e+00 -1.663333e+00 -3.786897e-01
      vertex 1.845422e+00 -1.322526e+00 -4.221358e-01
      vertex 1.798462e+00 -1.685136e+00 -2.780091e-01
    endloop
  endfacet
  facet normal 1.555342e-01 -3.821978e-01 -9.108973e-01
    outer loop
      vertex 1.798462e+00 -1.685136e+00 -2.780091e-01
      vertex 1.845422e+00 -1.322526e+00 -4.221358e-01
      vertex 2.036830e+00 -1.331799e+00 -3.855628e-01
    endloop
  endfacet
  facet normal 7.666787e-02 -3.373228e-01 -9.382619e-01
    outer loop
      vertex 1.798462e+00 -1.685136e+00 -2.780091e-01
      vertex 2.036830e+00 -1.331799e+00 -3.855628e-01
      vertex 1.981759e+00 -1.741813e+00 -2.426548e-01
    endloop
  endfacet
  facet normal -2.263753e-01 -2.933302e-01 -9.288227e-01
    outer loop
      vertex 1.981759e+00 -1.741813e+00 -2.426548e-01
      vertex 2.036830e+00 -1.331799e+00 -3.855628e-01
      vertex 2.226062e+00 -1.362029e+00 -4.221358e-01
    endloop
  endfacet
  facet normal -3.036193e-01 -2.404015e-01 -9.219666e-01
    outer loop
      vertex 1.981759e+00 -1.741813e+00 -2.426548e-01
      vertex 2.226062e+00 -1.362029e+00 -4.221358e-01
      vertex 2.154774e+00 -1.824737e+00 -2.780091e-01
    endloop
  endfacet
  facet normal -5.752472e-01 -1.611676e-01 -8.019449e-01
    outer loop
      vertex 2.154774e+00 -1.824737e+00 -2.780091e-01
      vertex 2.226062e+00 -1.362029e+00 -4.221358e-01
      vertex 2.384310e+00 -1.408616e+00 -5.262870e-01
    endloop
  endfacet
  facet normal -6.372930e-01 -1.040437e-01 -7.635657e-01
    outer loop
      vertex 2.154774e+00 -1.824737e+00 -2.780091e-01
      vertex 2.384310e+00 -1.408616e+00 -5.262870e-01
      vertex 2.291165e+00 -1.921283e+00 -3.786897e-01
    endloop
  endfacet
  facet normal -8.349680e-01 -6.717070e-03 -5.502574e-01
    outer loop
      vertex 2.291165e+00 -1.921283e+00 -3.786897e-01
      vertex 2.384310e+00 -1.408616e+00 -5.262870e-01
      vertex 2.487482e+00 -1.464466e+00 -6.821603e-01
    endloop
  endfacet
  facet normal -8.711829e-01 4.993044e-02 -4.884131e-01
    outer loop
      vertex 2.291165e+00 -1.921283e+00 -3.786897e-01
      vertex 2.487482e+00 -1.464466e+00 -6.821603e-01
      vertex 2.370169e+00 -2.016752e+00 -5.293687e-01
    endloop
  endfacet
  facet normal -9.656990e-01 1.456575e-01 -2.149636e-01
    outer loop
      vertex 2.370169e+00 -2.016752e+00 -5.293687e-01
      vertex 2.487482e+00 -1.464466e+00 -6.821603e-01
      vertex 2.519871e+00 -1.521077e+00 -8.660254e-01
    endloop
  endfacet
  facet normal -9.701626e-01 1.972610e-01 -1.409702e-01
    outer loop
      vertex 2.370169e+00 -2.016752e+00 -5.293687e-01
      vertex 2.519871e+00 -1.521077e+00 -8.660254e-01
      vertex 2.379757e+00 -2.096611e+00 -7.071068e-01
    endloop
  endfacet
  facet normal -9.499939e-01 2.730911e-01 1.514360e-01
    outer loop
      vertex 2.379757e+00 -2.096611e+00 -7.071068e-01
      vertex 2.519871e+00 -1.521077e+00 -8.660254e-01
      vertex 2.476547e+00 -1.569830e+00 -1.049890e+00
    endloop
  endfacet
  facet normal -9.216738e-01 3.159003e-01 2.252206e-01
    outer loop
      vertex 2.379757e+00 -2.096611e+00 -7.071068e-01
      vertex 2.476547e+00 -1.569830e+00 -1.049890e+00
      vertex 2.318471e+00 -2.148702e+00 -8.848448e-01
    endloop
  endfacet
  facet normal -7.921784e-01 3.573738e-01 4.947094e-01
    outer loop
      vertex 2.318471e+00 -2.148702e+00 -8.848448e-01
      vertex 2.476547e+00 -1.569830e+00 -1.049890e+00
      vertex 2.364105e+00 -1.603303e+00 -1.205764e+00
    endloop
  endfacet
  facet normal -7.343733e-01 3.888071e-01 5.563496e-01
    outer loop
      vertex 2.318471e+00 -2.148702e+00 -8.848448e-01
      vertex 2.364105e+00 -1.603303e+00 -1.205764e+00
      vertex 2.195641e+00 -2.165094e+00 -1.035524e+00
    endloop
  endfacet
  facet normal -5.152896e-01 3.863371e-01 7.649969e-01
    outer loop
      vertex 2.195641e+00 -2.165094e+00 -1.035524e+00
      vertex 2.364105e+00 -1.603303e+00 -1.205764e+00
      vertex 2.199663e+00 -1.616400e+00 -1.309915e+00
    endloop
  endfacet
  facet normal -4.352374e-01 4.052354e-01 8.039606e-01
    outer loop
      vertex 2.195641e+00 -2.165094e+00 -1.035524e+00
      vertex 2.199663e+00 -1.616400e+00 -1.309915e+00
      vertex 2.029965e+00 -2.143292e+00 -1.136204e+00
    endloop
  endfacet
  facet normal -1.588457e-01 3.549057e-01 9.213088e-01
    outer loop
      vertex 2.029965e+00 -2.143292e+00 -1.136204e+00
      vertex 2.199663e+00 -1.616400e+00 -1.309915e+00
      vertex 2.008255e+00 -1.607128e+00 -1.346488e+00
    endloop
  endfacet
  facet normal -6.742209e-02 3.619245e-01 9.297660e-01
    outer loop
      vertex 2.029965e+00 -2.143292e+00 -1.136204e+00
      vertex 2.008255e+00 -1.607128e+00 -1.346488e+00
      vertex 1.846668e+00 -2.086614e+00 -1.171559e+00
    endloop
  endfacet
  facet normal 2.237762e-01 2.666006e-01 9.374691e-01
    outer loop
      vertex 1.846668e+00 -2.086614e+00 -1.171559e+00
      vertex 2.008255e+00 -1.607128e+00 -1.346488e+00
      vertex 1.819023e+00 -1.576897e+00 -1.309915e+00
    endloop
  endfacet
  facet normal 3.131830e-01 2.645629e-01 9.120981e-01
    outer loop
      vertex 1.846668e+00 -2.086614e+00 -1.171559e+00
      vertex 1.819023e+00 -1.576897e+00 -1.309915e+00
      vertex 1.673654e+00 -2.003690e+00 -1.136204e+00
    endloop
  endfacet
  facet normal 5.720893e-01 1.344537e-01 8.090958e-01
    outer loop
      vertex 1.673654e+00 -2.003690e+00 -1.136204e+00
      vertex 1.819023e+00 -1.576897e+00 -1.309915e+00
      vertex 1.660775e+00 -1.530310e+00 -1.205764e+00
    endloop
  endfacet
  facet normal 6.461126e-01 1.281378e-01 7.524090e-01
    outer loop
      vertex 1.673654e+00 -2.003690e+00 -1.136204e+00
      vertex 1.660775e+00 -1.530310e+00 -1.205764e+00
      vertex 1.537262e+00 -1.907145e+00 -1.035524e+00
    endloop
  endfacet
  facet normal 8.303018e-01 -2.054082e-02 5.569354e-01
    outer loop
      vertex 1.537262e+00 -1.907145e+00 -1.035524e+00
      vertex 1.660775e+00 -1.530310e+00 -1.205764e+00
      vertex 1.557603e+00 -1.474460e+00 -1.049890e+00
    endloop
  endfacet
  facet normal 8.786307e-01 -2.547284e-02 4.768219e-01
    outer loop
      vertex 1.537262e+00 -1.907145e+00 -1.035524e+00
      vertex 1.557603e+00 -1.474460e+00 -1.049890e+00
      vertex 1.458259e+00 -1.811675e+00 -8.848448e-01
    endloop
  endfacet
  facet normal 9.593322e-01 -1.737298e-01 2.224853e-01
    outer loop
      vertex 1.458259e+00 -1.811675e+00 -8.848448e-01
      vertex 1.557603e+00 -1.474460e+00 -1.049890e+00
      vertex 1.525214e+00 -1.417850e+00 -8.660254e-01
    endloop
  endfacet
  facet normal 9.764348e-01 -1.722207e-01 1.300578e-01
    outer loop
      vertex 1.458259e+00 -1.811675e+00 -8.848448e-01
      vertex 1.525214e+00 -1.417850e+00 -8.660254e-01
      vertex 1.448670e+00 -1.731816e+00 -7.071068e-01
    endloop
  endfacet
  facet normal 9.853361e-01 -3.090373e-02 -1.678028e-01
    outer loop
      vertex 1.525214e+00 -1.417850e+00 -8.660254e-01
      vertex 1.518176e+00 -1.099796e+00 -9.659258e-01
      vertex 1.551463e+00 -1.065194e+00 -7.768361e-01
    endloop
  endfacet
  facet normal 9.741366e-01 -1.549627e-02 -2.254278e-01
    outer loop
      vertex 1.525214e+00 -1.417850e+00 -8.660254e-01
      vertex 1.551463e+00 -1.065194e+00 -7.768361e-01
      vertex 1.568538e+00 -1.369097e+00 -6.821603e-01
    endloop
  endfacet
  facet normal 8.475647e-01 -1.138580e-01 -5.183343e-01
    outer loop
      vertex 1.568538e+00 -1.369097e+00 -6.821603e-01
      vertex 1.551463e+00 -1.065194e+00 -7.768361e-01
      vertex 1.654958e+00 -1.024547e+00 -6.165336e-01
    endloop
  endfacet
  facet normal 8.169416e-01 -9.660844e-02 -5.685713e-01
    outer loop
      vertex 1.568538e+00 -1.369097e+00 -6.821603e-01
      vertex 1.654958e+00 -1.024547e+00 -6.165336e-01
      vertex 1.680980e+00 -1.335623e+00 -5.262870e-01
    endloop
  endfacet
  facet normal 5.833594e-01 -1.809123e-01 -7.918097e-01
    outer loop
      vertex 1.680980e+00 -1.335623e+00 -5.262870e-01
      vertex 1.654958e+00 -1.024547e+00 -6.165336e-01
      vertex 1.812903e+00 -9.840421e-01 -5.094228e-01
    endloop
  endfacet
  facet normal 5.371817e-01 -1.618593e-01 -8.277907e-01
    outer loop
      vertex 1.680980e+00 -1.335623e+00 -5.262870e-01
      vertex 1.812903e+00 -9.840421e-01 -5.094228e-01
      vertex 1.845422e+00 -1.322526e+00 -4.221358e-01
    endloop
  endfacet
  facet normal 2.295803e-01 -2.222979e-01 -9.475635e-01
    outer loop
      vertex 1.845422e+00 -1.322526e+00 -4.221358e-01
      vertex 1.812903e+00 -9.840421e-01 -5.094228e-01
      vertex 2.001255e+00 -9.498461e-01 -4.718105e-01
    endloop
  endfacet
  facet normal 1.744117e-01 -2.014013e-01 -9.638558e-01
    outer loop
      vertex 1.845422e+00 -1.322526e+00 -4.221358e-01
      vertex 2.001255e+00 -9.498461e-01 -4.718105e-01
      vertex 2.036830e+00 -1.331799e+00 -3.855628e-01
    endloop
  endfacet
  facet normal -1.621506e-01 -2.316927e-01 -9.591797e-01
    outer loop
      vertex 2.036830e+00 -1.331799e+00 -3.855628e-01
      vertex 2.001255e+00 -9.498461e-01 -4.718105e-01
      vertex 2.191337e+00 -9.271650e-01 -5.094228e-01
    endloop
  endfacet
  facet normal -2.176233e-01 -2.087559e-01 -9.534469e-01
    outer loop
      vertex 2.036830e+00 -1.331799e+00 -3.855628e-01
      vertex 2.191337e+00 -9.271650e-01 -5.094228e-01
      vertex 2.226062e+00 -1.362029e+00 -4.221358e-01
    endloop
  endfacet
  facet normal -5.306480e-01 -2.073357e-01 -8.218422e-01
    outer loop
      vertex 2.226062e+00 -1.362029e+00 -4.221358e-01
      vertex 2.191337e+00 -9.271650e-01 -5.094228e-01
      vertex 2.354211e+00 -9.194518e-01 -6.165336e-01
    endloop
  endfacet
  facet normal -5.774431e-01 -1.823501e-01 -7.958064e-01
    outer loop
      vertex 2.226062e+00 -1.362029e+00 -4.221358e-01
      vertex 2.354211e+00 -9.194518e-01 -6.165336e-01
      vertex 2.384310e+00 -1.408616e+00 -5.262870e-01
    endloop
  endfacet
  facet normal -8.165195e-01 -1.529458e-01 -5.566898e-01
    outer loop
      vertex 2.384310e+00 -1.408616e+00 -5.262870e-01
      vertex 2.354211e+00 -9.194518e-01 -6.165336e-01
      vertex 2.465081e+00 -9.278809e-01 -7.768361e-01
    endloop
  endfacet
  facet normal -8.474356e-01 -1.263580e-01 -5.156419e-01
    outer loop
      vertex 2.384310e+00 -1.408616e+00 -5.262870e-01
      vertex 2.465081e+00 -9.278809e-01 -7.768361e-01
      vertex 2.487482e+00 -1.464466e+00 -6.821603e-01
    endloop
  endfacet
  facet normal -9.752763e-01 -7.724633e-02 -2.070488e-01
    outer loop
      vertex 2.487482e+00 -1.464466e+00 -6.821603e-01
      vertex 2.465081e+00 -9.278809e-01 -7.768361e-01
      vertex 2.507069e+00 -9.511688e-01 -9.659258e-01
    endloop
  endfacet
  facet normal -9.861213e-01 -4.990904e-02 -1.583476e-01
    outer loop
      vertex 2.487482e+00 -1.464466e+00 -6.821603e-01
      vertex 2.507069e+00 -9.511688e-01 -9.659258e-01
      vertex 2.519871e+00 -1.521077e+00 -8.660254e-01
    endloop
  endfacet
  facet normal -9.850739e-01 8.012307e-03 1.719455e-01
    outer loop
      vertex 2.519871e+00 -1.521077e+00 -8.660254e-01
      vertex 2.507069e+00 -9.511688e-01 -9.659258e-01
      vertex 2.473782e+00 -9.857704e-01 -1.155016e+00
    endloop
  endfacet
  facet normal -9.747809e-01 3.505382e-02 2.203938e-01
    outer loop
      vertex 2.519871e+00 -1.521077e+00 -8.660254e-01
      vertex 2.473782e+00 -9.857704e-01 -1.155016e+00
      vertex 2.476547e+00 -1.569830e+00 -1.049890e+00
    endloop
  endfacet
  facet normal -8.469661e-01 9.029138e-02 5.239236e-01
    outer loop
      vertex 2.476547e+00 -1.569830e+00 -1.049890e+00
      vertex 2.473782e+00 -9.857704e-01 -1.155016e+00
      vertex 2.370287e+00 -1.026418e+00 -1.315318e+00
    endloop
  endfacet
  facet normal -8.171846e-01 1.159769e-01 5.645872e-01
    outer loop
      vertex 2.476547e+00 -1.569830e+00 -1.049890e+00
      vertex 2.370287e+00 -1.026418e+00 -1.315318e+00
      vertex 2.364105e+00 -1.603303e+00 -1.205764e+00
    endloop
  endfacet
  facet normal -5.816290e-01 1.577801e-01 7.980057e-01
    outer loop
      vertex 2.364105e+00 -1.603303e+00 -1.205764e+00
      vertex 2.370287e+00 -1.026418e+00 -1.315318e+00
      vertex 2.212342e+00 -1.066923e+00 -1.422429e+00
    endloop
  endfacet
  facet normal -5.364728e-01 1.811556e-01 8.242448e-01
    outer loop
      vertex 2.364105e+00 -1.603303e+00 -1.205764e+00
      vertex 2.212342e+00 -1.066923e+00 -1.422429e+00
      vertex 2.199663e+00 -1.616400e+00 -1.309915e+00
    endloop
  endfacet
  facet normal -2.267142e-01 2.003975e-01 9.531220e-01
    outer loop
      vertex 2.199663e+00 -1.616400e+00 -1.309915e+00
      vertex 2.212342e+00 -1.066923e+00 -1.422429e+00
      vertex 2.023990e+00 -1.101119e+00 -1.460041e+00
    endloop
  endfacet
  facet normal -1.727185e-01 2.207830e-01 9.599079e-01
    outer loop
      vertex 2.199663e+00 -1.616400e+00 -1.309915e+00
      vertex 2.023990e+00 -1.101119e+00 -1.460041e+00
      vertex 2.008255e+00 -1.607128e+00 -1.346488e+00
    endloop
  endfacet
  facet normal 1.654442e-01 2.110452e-01 9.633733e-01
    outer loop
      vertex 2.008255e+00 -1.607128e+00 -1.346488e+00
      vertex 2.023990e+00 -1.101119e+00 -1.460041e+00
      vertex 1.833909e+00 -1.123800e+00 -1.422429e+00
    endloop
  endfacet
  facet normal 2.197819e-01 2.283026e-01 9.484587e-01
    outer loop
      vertex 2.008255e+00 -1.607128e+00 -1.346488e+00
      vertex 1.833909e+00 -1.123800e+00 -1.422429e+00
      vertex 1.819023e+00 -1.576897e+00 -1.309915e+00
    endloop
  endfacet
  facet normal 5.335320e-01 1.872842e-01 8.247838e-01
    outer loop
      vertex 1.819023e+00 -1.576897e+00 -1.309915e+00
      vertex 1.833909e+00 -1.123800e+00 -1.422429e+00
      vertex 1.671034e+00 -1.131513e+00 -1.315318e+00
    endloop
  endfacet
  facet normal 5.792372e-01 2.020455e-01 7.897227e-01
    outer loop
      vertex 1.819023e+00 -1.576897e+00 -1.309915e+00
      vertex 1.671034e+00 -1.131513e+00 -1.315318e+00
      vertex 1.660775e+00 -1.530310e+00 -1.205764e+00
    endloop
  endfacet
  facet normal 8.184430e-01 1.325355e-01 5.590934e-01
    outer loop
      vertex 1.660775e+00 -1.530310e+00 -1.205764e+00
      vertex 1.671034e+00 -1.131513e+00 -1.315318e+00
      vertex 1.560164e+00 -1.123084e+00 -1.155016e+00
    endloop
  endfacet
  facet normal 8.482240e-01 1.461259e-01 5.090808e-01
    outer loop
      vertex 1.660775e+00 -1.530310e+00 -1.205764e+00
      vertex 1.560164e+00 -1.123084e+00 -1.155016e+00
      vertex 1.557603e+00 -1.474460e+00 -1.049890e+00
    endloop
  endfacet
  facet normal 9.761369e-01 5.568330e-02 2.098955e-01
    outer loop
      vertex 1.557603e+00 -1.474460e+00 -1.049890e+00
      vertex 1.560164e+00 -1.123084e+00 -1.155016e+00
      vertex 1.518176e+00 -1.099796e+00 -9.659258e-01
    endloop
  endfacet
  facet normal 9.858885e-01 6.963180e-02 1.522341e-01
    outer loop
      vertex 1.557603e+00 -1.474460e+00 -1.049890e+00
      vertex 1.518176e+00 -1.099796e+00 -9.659258e-01
      vertex 1.525214e+00 -1.417850e+00 -8.660254e-01
    endloop
  endfacet
  facet normal 9.523695e-01 2.357813e-01 -1.933893e-01
    outer loop
      vertex 1.518176e+00 -1.099796e+00 -9.659258e-01
      vertex 1.438094e+00 -8.042767e-01 -1.000000e+00
      vertex 1.473475e+00 -7.902487e-01 -8.086584e-01
    endloop
  endfacet
  facet normal 9.464786e-01 2.440149e-01 -2.112697e-01
    outer loop
      vertex 1.518176e+00 -1.099796e+00 -9.659258e-01
      vertex 1.473475e+00 -7.902487e-01 -8.086584e-01
      vertex 1.551463e+00 -1.065194e+00 -7.768361e-01
    endloop
  endfacet
  facet normal 8.183208e-01 1.685160e-01 -5.495028e-01
    outer loop
      vertex 1.551463e+00 -1.065194e+00 -7.768361e-01
      vertex 1.473475e+00 -7.902487e-01 -8.086584e-01
      vertex 1.574112e+00 -7.500025e-01 -6.464467e-01
    endloop
  endfacet
  facet normal 8.061210e-01 1.758156e-01 -5.650290e-01
    outer loop
      vertex 1.551463e+00 -1.065194e+00 -7.768361e-01
      vertex 1.574112e+00 -7.500025e-01 -6.464467e-01
      vertex 1.654958e+00 -1.024547e+00 -6.165336e-01
    endloop
  endfacet
  facet normal 5.623246e-01 7.587065e-02 -8.234286e-01
    outer loop
      vertex 1.654958e+00 -1.024547e+00 -6.165336e-01
      vertex 1.574112e+00 -7.500025e-01 -6.464467e-01
      vertex 1.724685e+00 -6.896654e-01 -5.380604e-01
    endloop
  endfacet
  facet normal 5.448593e-01 8.210119e-02 -8.344985e-01
    outer loop
      vertex 1.654958e+00 -1.024547e+00 -6.165336e-01
      vertex 1.724685e+00 -6.896654e-01 -5.380604e-01
      vertex 1.812903e+00 -9.840421e-01 -5.094228e-01
    endloop
  endfacet
  facet normal 2.204971e-01 -2.876806e-02 -9.749633e-01
    outer loop
      vertex 1.812903e+00 -9.840421e-01 -5.094228e-01
      vertex 1.724685e+00 -6.896654e-01 -5.380604e-01
      vertex 1.902269e+00 -6.184230e-01 -5.000002e-01
    endloop
  endfacet
  facet normal 1.998925e-01 -2.361403e-02 -9.795332e-01
    outer loop
      vertex 1.812903e+00 -9.840421e-01 -5.094228e-01
      vertex 1.902269e+00 -6.184230e-01 -5.000002e-01
      vertex 2.001255e+00 -9.498461e-01 -4.718105e-01
    endloop
  endfacet
  facet normal -1.575007e-01 -1.303008e-01 -9.788847e-01
    outer loop
      vertex 2.001255e+00 -9.498461e-01 -4.718105e-01
      vertex 1.902269e+00 -6.184230e-01 -5.000002e-01
      vertex 2.079830e+00 -5.471214e-01 -5.380604e-01
    endloop
  endfacet
  facet normal -1.781025e-01 -1.257965e-01 -9.759379e-01
    outer loop
      vertex 2.001255e+00 -9.498461e-01 -4.718105e-01
      vertex 2.079830e+00 -5.471214e-01 -5.380604e-01
      vertex 2.191337e+00 -9.271650e-01 -5.094228e-01
    endloop
  endfacet
  facet normal -5.130663e-01 -2.131892e-01 -8.314526e-01
    outer loop
      vertex 2.191337e+00 -9.271650e-01 -5.094228e-01
      vertex 2.079830e+00 -5.471214e-01 -5.380604e-01
      vertex 2.230334e+00 -4.866156e-01 -6.464467e-01
    endloop
  endfacet
  facet normal -5.304584e-01 -2.085991e-01 -8.216449e-01
    outer loop
      vertex 2.191337e+00 -9.271650e-01 -5.094228e-01
      vertex 2.230334e+00 -4.866156e-01 -6.464467e-01
      vertex 2.354211e+00 -9.194518e-01 -6.165336e-01
    endloop
  endfacet
  facet normal -7.888878e-01 -2.641249e-01 -5.548821e-01
    outer loop
      vertex 2.354211e+00 -9.194518e-01 -6.165336e-01
      vertex 2.230334e+00 -4.866156e-01 -6.464467e-01
      vertex 2.330870e+00 -4.461170e-01 -8.086584e-01
    endloop
  endfacet
  facet normal -8.007527e-01 -2.587591e-01 -5.402211e-01
    outer loop
      vertex 2.354211e+00 -9.194518e-01 -6.165336e-01
      vertex 2.330870e+00 -4.461170e-01 -8.086584e-01
      vertex 2.465081e+00 -9.278809e-01 -7.768361e-01
    endloop
  endfacet
  facet normal -9.416028e-01 -2.751365e-01 -1.941237e-01
    outer loop
      vertex 2.465081e+00 -9.278809e-01 -7.768361e-01
      vertex 2.330870e+00 -4.461170e-01 -8.086584e-01
      vertex 2.366132e+00 -4.317913e-01 -1.000000e+00
    endloop
  endfacet
  facet normal -9.468312e-01 -2.685534e-01 -1.771714e-01
    outer loop
      vertex 2.465081e+00 -9.278809e-01 -7.768361e-01
      vertex 2.366132e+00 -4.317913e-01 -1.000000e+00
      vertex 2.507069e+00 -9.511688e-01 -9.659258e-01
    endloop
  endfacet
  facet normal -9.499709e-01 -2.450789e-01 1.936274e-01
    outer loop
      vertex 2.507069e+00 -9.511688e-01 -9.659258e-01
      vertex 2.366132e+00 -4.317913e-01 -1.000000e+00
      vertex 2.330751e+00 -4.458193e-01 -1.191342e+00
    endloop
  endfacet
  facet normal -9.484426e-01 -2.370873e-01 2.103478e-01
    outer loop
      vertex 2.507069e+00 -9.511688e-01 -9.659258e-01
      vertex 2.330751e+00 -4.458193e-01 -1.191342e+00
      vertex 2.473782e+00 -9.857704e-01 -1.155016e+00
    endloop
  endfacet
  facet normal -8.155127e-01 -1.789997e-01 5.503618e-01
    outer loop
      vertex 2.473782e+00 -9.857704e-01 -1.155016e+00
      vertex 2.330751e+00 -4.458193e-01 -1.191342e+00
      vertex 2.230114e+00 -4.860654e-01 -1.353553e+00
    endloop
  endfacet
  facet normal -8.077956e-01 -1.696054e-01 5.645354e-01
    outer loop
      vertex 2.473782e+00 -9.857704e-01 -1.155016e+00
      vertex 2.230114e+00 -4.860654e-01 -1.353553e+00
      vertex 2.370287e+00 -1.026418e+00 -1.315318e+00
    endloop
  endfacet
  facet normal -5.589163e-01 -8.663493e-02 8.246860e-01
    outer loop
      vertex 2.370287e+00 -1.026418e+00 -1.315318e+00
      vertex 2.230114e+00 -4.860654e-01 -1.353553e+00
      vertex 2.079541e+00 -5.464026e-01 -1.461940e+00
    endloop
  endfacet
  facet normal -5.462075e-01 -7.603358e-02 8.341920e-01
    outer loop
      vertex 2.370287e+00 -1.026418e+00 -1.315318e+00
      vertex 2.079541e+00 -5.464026e-01 -1.461940e+00
      vertex 2.212342e+00 -1.066923e+00 -1.422429e+00
    endloop
  endfacet
  facet normal -2.167290e-01 1.879433e-02 9.760509e-01
    outer loop
      vertex 2.212342e+00 -1.066923e+00 -1.422429e+00
      vertex 2.079541e+00 -5.464026e-01 -1.461940e+00
      vertex 1.901957e+00 -6.176450e-01 -1.500000e+00
    endloop
  endfacet
  facet normal -2.010046e-01 3.018838e-02 9.791250e-01
    outer loop
      vertex 2.212342e+00 -1.066923e+00 -1.422429e+00
      vertex 1.901957e+00 -6.176450e-01 -1.500000e+00
      vertex 2.023990e+00 -1.101119e+00 -1.460041e+00
    endloop
  endfacet
  facet normal 1.611037e-01 1.216121e-01 9.794162e-01
    outer loop
      vertex 2.023990e+00 -1.101119e+00 -1.460041e+00
      vertex 1.901957e+00 -6.176450e-01 -1.500000e+00
      vertex 1.724396e+00 -6.889466e-01 -1.461940e+00
    endloop
  endfacet
  facet normal 1.770631e-01 1.331928e-01 9.751453e-01
    outer loop
      vertex 2.023990e+00 -1.101119e+00 -1.460041e+00
      vertex 1.724396e+00 -6.889466e-01 -1.461940e+00
      vertex 1.833909e+00 -1.123800e+00 -1.422429e+00
    endloop
  endfacet
  facet normal 5.161551e-01 2.055342e-01 8.314684e-01
    outer loop
      vertex 1.833909e+00 -1.123800e+00 -1.422429e+00
      vertex 1.724396e+00 -6.889466e-01 -1.461940e+00
      vertex 1.573892e+00 -7.494524e-01 -1.353553e+00
    endloop
  endfacet
  facet normal 5.292267e-01 2.166588e-01 8.203524e-01
    outer loop
      vertex 1.833909e+00 -1.123800e+00 -1.422429e+00
      vertex 1.573892e+00 -7.494524e-01 -1.353553e+00
      vertex 1.671034e+00 -1.131513e+00 -1.315318e+00
    endloop
  endfacet
  facet normal 7.914825e-01 2.567492e-01 5.546488e-01
    outer loop
      vertex 1.671034e+00 -1.131513e+00 -1.315318e+00
      vertex 1.573892e+00 -7.494524e-01 -1.353553e+00
      vertex 1.473356e+00 -7.899510e-01 -1.191342e+00
    endloop
  endfacet
  facet normal 7.991113e-01 2.669699e-01 5.386541e-01
    outer loop
      vertex 1.671034e+00 -1.131513e+00 -1.315318e+00
      vertex 1.473356e+00 -7.899510e-01 -1.191342e+00
      vertex 1.560164e+00 -1.123084e+00 -1.155016e+00
    endloop
  endfacet
  facet normal 9.439422e-01 2.671228e-01 1.939549e-01
    outer loop
      vertex 1.560164e+00 -1.123084e+00 -1.155016e+00
      vertex 1.473356e+00 -7.899510e-01 -1.191342e+00
      vertex 1.438094e+00 -8.042767e-01 -1.000000e+00
    endloop
  endfacet
  facet normal 9.448567e-01 2.763114e-01 1.757775e-01
    outer loop
      vertex 1.560164e+00 -1.123084e+00 -1.155016e+00
      vertex 1.438094e+00 -8.042767e-01 -1.000000e+00
      vertex 1.518176e+00 -1.099796e+00 -9.659258e-01
    endloop
  endfacet
  facet normal 8.525836e-01 4.780285e-01 -2.111634e-01
    outer loop
      vertex 1.438094e+00 -8.042767e-01 -1.000000e+00
      vertex 1.304309e+00 -5.506141e-01 -9.659258e-01
      vertex 1.355088e+00 -5.580371e-01 -7.777062e-01
    endloop
  endfacet
  facet normal 8.633158e-01 4.659699e-01 -1.937983e-01
    outer loop
      vertex 1.438094e+00 -8.042767e-01 -1.000000e+00
      vertex 1.355088e+00 -5.580371e-01 -7.777062e-01
      vertex 1.473475e+00 -7.902487e-01 -8.086584e-01
    endloop
  endfacet
  facet normal 7.018563e-01 4.331935e-01 -5.654565e-01
    outer loop
      vertex 1.473475e+00 -7.902487e-01 -8.086584e-01
      vertex 1.355088e+00 -5.580371e-01 -7.777062e-01
      vertex 1.461383e+00 -5.219714e-01 -6.181414e-01
    endloop
  endfacet
  facet normal 7.188236e-01 4.237656e-01 -5.511037e-01
    outer loop
      vertex 1.473475e+00 -7.902487e-01 -8.086584e-01
      vertex 1.461383e+00 -5.219714e-01 -6.181414e-01
      vertex 1.574112e+00 -7.500025e-01 -6.464467e-01
    endloop
  endfacet
  facet normal 4.460100e-01 3.240512e-01 -8.343056e-01
    outer loop
      vertex 1.574112e+00 -7.500025e-01 -6.464467e-01
      vertex 1.461383e+00 -5.219714e-01 -6.181414e-01
      vertex 1.607011e+00 -4.479078e-01 -5.115235e-01
    endloop
  endfacet
  facet normal 4.667507e-01 3.177809e-01 -8.253236e-01
    outer loop
      vertex 1.574112e+00 -7.500025e-01 -6.464467e-01
      vertex 1.607011e+00 -4.479078e-01 -5.115235e-01
      vertex 1.724685e+00 -6.896654e-01 -5.380604e-01
    endloop
  endfacet
  facet normal 1.218234e-01 1.666981e-01 -9.784533e-01
    outer loop
      vertex 1.724685e+00 -6.896654e-01 -5.380604e-01
      vertex 1.607011e+00 -4.479078e-01 -5.115235e-01
      vertex 1.769801e+00 -3.471218e-01 -4.740843e-01
    endloop
  endfacet
  facet normal 1.436471e-01 1.633749e-01 -9.760503e-01
    outer loop
      vertex 1.724685e+00 -6.896654e-01 -5.380604e-01
      vertex 1.769801e+00 -3.471218e-01 -4.740843e-01
      vertex 1.902269e+00 -6.184230e-01 -5.000002e-01
    endloop
  endfacet
  facet normal -2.235382e-01 -1.605236e-02 -9.745630e-01
    outer loop
      vertex 1.902269e+00 -6.184230e-01 -5.000002e-01
      vertex 1.769801e+00 -3.471218e-01 -4.740843e-01
      vertex 1.924971e+00 -2.349572e-01 -5.115235e-01
    endloop
  endfacet
  facet normal -2.028687e-01 -1.741090e-02 -9.790511e-01
    outer loop
      vertex 1.902269e+00 -6.184230e-01 -5.000002e-01
      vertex 1.924971e+00 -2.349572e-01 -5.115235e-01
      vertex 2.079830e+00 -5.471214e-01 -5.380604e-01
    endloop
  endfacet
  facet normal -5.369138e-01 -1.966105e-01 -8.204072e-01
    outer loop
      vertex 2.079830e+00 -5.471214e-01 -5.380604e-01
      vertex 1.924971e+00 -2.349572e-01 -5.115235e-01
      vertex 2.048897e+00 -1.284899e-01 -6.181414e-01
    endloop
  endfacet
  facet normal -5.193838e-01 -1.974225e-01 -8.314234e-01
    outer loop
      vertex 2.079830e+00 -5.471214e-01 -5.380604e-01
      vertex 2.048897e+00 -1.284899e-01 -6.181414e-01
      vertex 2.230334e+00 -4.866156e-01 -6.464467e-01
    endloop
  endfacet
  facet normal -7.678827e-01 -3.464462e-01 -5.388239e-01
    outer loop
      vertex 2.230334e+00 -4.866156e-01 -6.464467e-01
      vertex 2.048897e+00 -1.284899e-01 -6.181414e-01
      vertex 2.122712e+00 -4.392873e-02 -7.777062e-01
    endloop
  endfacet
  facet normal -7.553725e-01 -3.482334e-01 -5.551088e-01
    outer loop
      vertex 2.230334e+00 -4.866156e-01 -6.464467e-01
      vertex 2.122712e+00 -4.392873e-02 -7.777062e-01
      vertex 2.330870e+00 -4.461170e-01 -8.086584e-01
    endloop
  endfacet
  facet normal -8.798102e-01 -4.418796e-01 -1.751468e-01
    outer loop
      vertex 2.330870e+00 -4.461170e-01 -8.086584e-01
      vertex 2.122712e+00 -4.392873e-02 -7.777062e-01
      vertex 2.135179e+00 5.852719e-03 -9.659258e-01
    endloop
  endfacet
  facet normal -8.737009e-01 -4.459330e-01 -1.943979e-01
    outer loop
      vertex 2.330870e+00 -4.461170e-01 -8.086584e-01
      vertex 2.135179e+00 5.852719e-03 -9.659258e-01
      vertex 2.366132e+00 -4.317913e-01 -1.000000e+00
    endloop
  endfacet
  facet normal -8.572197e-01 -4.689372e-01 2.127727e-01
    outer loop
      vertex 2.366132e+00 -4.317913e-01 -1.000000e+00
      vertex 2.135179e+00 5.852719e-03 -9.659258e-01
      vertex 2.084400e+00 1.327565e-02 -1.154145e+00
    endloop
  endfacet
  facet normal -8.578771e-01 -4.760181e-01 1.935293e-01
    outer loop
      vertex 2.366132e+00 -4.317913e-01 -1.000000e+00
      vertex 2.084400e+00 1.327565e-02 -1.154145e+00
      vertex 2.330751e+00 -4.458193e-01 -1.191342e+00
    endloop
  endfacet
  facet normal -7.061681e-01 -4.248241e-01 5.664372e-01
    outer loop
      vertex 2.330751e+00 -4.458193e-01 -1.191342e+00
      vertex 2.084400e+00 1.327565e-02 -1.154145e+00
      vertex 1.978105e+00 -2.279001e-02 -1.313710e+00
    endloop
  endfacet
  facet normal -7.127839e-01 -4.350487e-01 5.501561e-01
    outer loop
      vertex 2.330751e+00 -4.458193e-01 -1.191342e+00
      vertex 1.978105e+00 -2.279001e-02 -1.313710e+00
      vertex 2.230114e+00 -4.860654e-01 -1.353553e+00
    endloop
  endfacet
  facet normal -4.501828e-01 -3.166894e-01 8.348912e-01
    outer loop
      vertex 2.230114e+00 -4.860654e-01 -1.353553e+00
      vertex 1.978105e+00 -2.279001e-02 -1.313710e+00
      vertex 1.832477e+00 -9.685359e-02 -1.420328e+00
    endloop
  endfacet
  facet normal -4.609940e-01 -3.296176e-01 8.239155e-01
    outer loop
      vertex 2.230114e+00 -4.860654e-01 -1.353553e+00
      vertex 1.832477e+00 -9.685359e-02 -1.420328e+00
      vertex 2.079541e+00 -5.464026e-01 -1.461940e+00
    endloop
  endfacet
  facet normal -1.261378e-01 -1.599450e-01 9.790336e-01
    outer loop
      vertex 2.079541e+00 -5.464026e-01 -1.461940e+00
      vertex 1.832477e+00 -9.685359e-02 -1.420328e+00
      vertex 1.669687e+00 -1.976396e-01 -1.457767e+00
    endloop
  endfacet
  facet normal -1.388006e-01 -1.747750e-01 9.747759e-01
    outer loop
      vertex 2.079541e+00 -5.464026e-01 -1.461940e+00
      vertex 1.669687e+00 -1.976396e-01 -1.457767e+00
      vertex 1.901957e+00 -6.176450e-01 -1.500000e+00
    endloop
  endfacet
  facet normal 2.188045e-01 2.291373e-02 9.754996e-01
    outer loop
      vertex 1.901957e+00 -6.176450e-01 -1.500000e+00
      vertex 1.669687e+00 -1.976396e-01 -1.457767e+00
      vertex 1.514517e+00 -3.098042e-01 -1.420328e+00
    endloop
  endfacet
  facet normal 2.068472e-01 7.127696e-03 9.783473e-01
    outer loop
      vertex 1.901957e+00 -6.176450e-01 -1.500000e+00
      vertex 1.514517e+00 -3.098042e-01 -1.420328e+00
      vertex 1.724396e+00 -6.889466e-01 -1.461940e+00
    endloop
  endfacet
  facet normal 5.317480e-01 2.041478e-01 8.219293e-01
    outer loop
      vertex 1.724396e+00 -6.889466e-01 -1.461940e+00
      vertex 1.514517e+00 -3.098042e-01 -1.420328e+00
      vertex 1.390592e+00 -4.162715e-01 -1.313710e+00
    endloop
  endfacet
  facet normal 5.229611e-01 1.882984e-01 8.312974e-01
    outer loop
      vertex 1.724396e+00 -6.889466e-01 -1.461940e+00
      vertex 1.390592e+00 -4.162715e-01 -1.313710e+00
      vertex 1.573892e+00 -7.494524e-01 -1.353553e+00
    endloop
  endfacet
  facet normal 7.625986e-01 3.548690e-01 5.408432e-01
    outer loop
      vertex 1.573892e+00 -7.494524e-01 -1.353553e+00
      vertex 1.390592e+00 -4.162715e-01 -1.313710e+00
      vertex 1.316776e+00 -5.008327e-01 -1.154145e+00
    endloop
  endfacet
  facet normal 7.591204e-01 3.396798e-01 5.552962e-01
    outer loop
      vertex 1.573892e+00 -7.494524e-01 -1.353553e+00
      vertex 1.316776e+00 -5.008327e-01 -1.154145e+00
      vertex 1.473356e+00 -7.899510e-01 -1.191342e+00
    endloop
  endfacet
  facet normal 8.747756e-01 4.509575e-01 1.772143e-01
    outer loop
      vertex 1.473356e+00 -7.899510e-01 -1.191342e+00
      vertex 1.316776e+00 -5.008327e-01 -1.154145e+00
      vertex 1.304309e+00 -5.506141e-01 -9.659258e-01
    endloop
  endfacet
  facet normal 8.781597e-01 4.370184e-01 1.945521e-01
    outer loop
      vertex 1.473356e+00 -7.899510e-01 -1.191342e+00
      vertex 1.304309e+00 -5.506141e-01 -9.659258e-01
      vertex 1.438094e+00 -8.042767e-01 -1.000000e+00
    endloop
  endfacet
  facet normal 7.072957e-01 6.745185e-01 -2.115599e-01
    outer loop
      vertex 1.304309e+00 -5.506141e-01 -9.659258e-01
      vertex 1.139984e+00 -3.469701e-01 -8.660254e-01
      vertex 1.216864e+00 -3.718947e-01 -6.884630e-01
    endloop
  endfacet
  facet normal 7.478527e-01 6.399659e-01 -1.765220e-01
    outer loop
      vertex 1.304309e+00 -5.506141e-01 -9.659258e-01
      vertex 1.216864e+00 -3.718947e-01 -6.884630e-01
      vertex 1.355088e+00 -5.580371e-01 -7.777062e-01
    endloop
  endfacet
  facet normal 5.206067e-01 6.512798e-01 -5.520899e-01
    outer loop
      vertex 1.355088e+00 -5.580371e-01 -7.777062e-01
      vertex 1.216864e+00 -3.718947e-01 -6.884630e-01
      vertex 1.336849e+00 -3.402016e-01 -5.379328e-01
    endloop
  endfacet
  facet normal 5.759688e-01 6.263859e-01 -5.252625e-01
    outer loop
      vertex 1.355088e+00 -5.580371e-01 -7.777062e-01
      vertex 1.336849e+00 -3.402016e-01 -5.379328e-01
      vertex 1.461383e+00 -5.219714e-01 -6.181414e-01
    endloop
  endfacet
  facet normal 2.549358e-01 5.311957e-01 -8.079845e-01
    outer loop
      vertex 1.461383e+00 -5.219714e-01 -6.181414e-01
      vertex 1.336849e+00 -3.402016e-01 -5.379328e-01
      vertex 1.481673e+00 -2.567159e-01 -4.373518e-01
    endloop
  endfacet
  facet normal 3.186385e-01 5.170770e-01 -7.944186e-01
    outer loop
      vertex 1.461383e+00 -5.219714e-01 -6.181414e-01
      vertex 1.481673e+00 -2.567159e-01 -4.373518e-01
      vertex 1.607011e+00 -4.479078e-01 -5.115235e-01
    endloop
  endfacet
  facet normal -5.052937e-02 3.322542e-01 -9.418354e-01
    outer loop
      vertex 1.607011e+00 -4.479078e-01 -5.115235e-01
      vertex 1.481673e+00 -2.567159e-01 -4.373518e-01
      vertex 1.629286e+00 -1.341476e-01 -4.020324e-01
    endloop
  endfacet
  facet normal 1.376502e-02 3.285765e-01 -9.443770e-01
    outer loop
      vertex 1.607011e+00 -4.479078e-01 -5.115235e-01
      vertex 1.629286e+00 -1.341476e-01 -4.020324e-01
      vertex 1.769801e+00 -3.471218e-01 -4.740843e-01
    endloop
  endfacet
  facet normal -3.511484e-01 8.381848e-02 -9.325606e-01
    outer loop
      vertex 1.769801e+00 -3.471218e-01 -4.740843e-01
      vertex 1.629286e+00 -1.341476e-01 -4.020324e-01
      vertex 1.757217e+00 8.843530e-03 -4.373518e-01
    endloop
  endfacet
  facet normal -2.932162e-01 8.787238e-02 -9.519993e-01
    outer loop
      vertex 1.769801e+00 -3.471218e-01 -4.740843e-01
      vertex 1.757217e+00 8.843530e-03 -4.373518e-01
      vertex 1.924971e+00 -2.349572e-01 -5.115235e-01
    endloop
  endfacet
  facet normal -6.012230e-01 -1.765931e-01 -7.793240e-01
    outer loop
      vertex 1.924971e+00 -2.349572e-01 -5.115235e-01
      vertex 1.757217e+00 8.843530e-03 -4.373518e-01
      vertex 1.845989e+00 1.504883e-01 -5.379328e-01
    endloop
  endfacet
  facet normal -5.550058e-01 -1.695253e-01 -8.143892e-01
    outer loop
      vertex 1.924971e+00 -2.349572e-01 -5.115235e-01
      vertex 1.845989e+00 1.504883e-01 -5.379328e-01
      vertex 2.048897e+00 -1.284899e-01 -6.181414e-01
    endloop
  endfacet
  facet normal -7.607822e-01 -4.082900e-01 -5.044896e-01
    outer loop
      vertex 2.048897e+00 -1.284899e-01 -6.181414e-01
      vertex 1.845989e+00 1.504883e-01 -5.379328e-01
      vertex 1.882087e+00 2.692226e-01 -6.884630e-01
    endloop
  endfacet
  facet normal -7.299246e-01 -4.036764e-01 -5.515935e-01
    outer loop
      vertex 2.048897e+00 -1.284899e-01 -6.181414e-01
      vertex 1.882087e+00 2.692226e-01 -6.884630e-01
      vertex 2.122712e+00 -4.392873e-02 -7.777062e-01
    endloop
  endfacet
  facet normal -8.041816e-01 -5.747044e-01 -1.516800e-01
    outer loop
      vertex 2.122712e+00 -4.392873e-02 -7.777062e-01
      vertex 1.882087e+00 2.692226e-01 -6.884630e-01
      vertex 1.860016e+00 3.469701e-01 -8.660254e-01
    endloop
  endfacet
  facet normal -7.902748e-01 -5.774203e-01 -2.050649e-01
    outer loop
      vertex 2.122712e+00 -4.392873e-02 -7.777062e-01
      vertex 1.860016e+00 3.469701e-01 -8.660254e-01
      vertex 2.135179e+00 5.852719e-03 -9.659258e-01
    endloop
  endfacet
  facet normal -7.258189e-01 -6.507658e-01 2.229143e-01
    outer loop
      vertex 2.135179e+00 5.852719e-03 -9.659258e-01
      vertex 1.860016e+00 3.469701e-01 -8.660254e-01
      vertex 1.783136e+00 3.718947e-01 -1.043588e+00
    endloop
  endfacet
  facet normal -7.280319e-01 -6.640733e-01 1.702238e-01
    outer loop
      vertex 2.135179e+00 5.852719e-03 -9.659258e-01
      vertex 1.783136e+00 3.718947e-01 -1.043588e+00
      vertex 2.084400e+00 1.327565e-02 -1.154145e+00
    endloop
  endfacet
  facet normal -5.397011e-01 -6.266828e-01 5.621311e-01
    outer loop
      vertex 2.084400e+00 1.327565e-02 -1.154145e+00
      vertex 1.783136e+00 3.718947e-01 -1.043588e+00
      vertex 1.663151e+00 3.402016e-01 -1.194118e+00
    endloop
  endfacet
  facet normal -5.549001e-01 -6.517888e-01 5.169692e-01
    outer loop
      vertex 2.084400e+00 1.327565e-02 -1.154145e+00
      vertex 1.663151e+00 3.402016e-01 -1.194118e+00
      vertex 1.978105e+00 -2.279001e-02 -1.313710e+00
    endloop
  endfacet
  facet normal -2.747064e-01 -5.074347e-01 8.167291e-01
    outer loop
      vertex 1.978105e+00 -2.279001e-02 -1.313710e+00
      vertex 1.663151e+00 3.402016e-01 -1.194118e+00
      vertex 1.518327e+00 2.567159e-01 -1.294699e+00
    endloop
  endfacet
  facet normal -2.980122e-01 -5.435911e-01 7.846639e-01
    outer loop
      vertex 1.978105e+00 -2.279001e-02 -1.313710e+00
      vertex 1.518327e+00 2.567159e-01 -1.294699e+00
      vertex 1.832477e+00 -9.685359e-02 -1.420328e+00
    endloop
  endfacet
  facet normal 3.048672e-02 -3.104937e-01 9.500864e-01
    outer loop
      vertex 1.832477e+00 -9.685359e-02 -1.420328e+00
      vertex 1.518327e+00 2.567159e-01 -1.294699e+00
      vertex 1.370714e+00 1.341476e-01 -1.330018e+00
    endloop
  endfacet
  facet normal 5.037255e-03 -3.553576e-01 9.347168e-01
    outer loop
      vertex 1.832477e+00 -9.685359e-02 -1.420328e+00
      vertex 1.370714e+00 1.341476e-01 -1.330018e+00
      vertex 1.669687e+00 -1.976396e-01 -1.457767e+00
    endloop
  endfacet
  facet normal 3.313161e-01 -6.390309e-02 9.413533e-01
    outer loop
      vertex 1.669687e+00 -1.976396e-01 -1.457767e+00
      vertex 1.370714e+00 1.341476e-01 -1.330018e+00
      vertex 1.242783e+00 -8.843530e-03 -1.294699e+00
    endloop
  endfacet
  facet normal 3.101197e-01 -1.139802e-01 9.438402e-01
    outer loop
      vertex 1.669687e+00 -1.976396e-01 -1.457767e+00
      vertex 1.242783e+00 -8.843530e-03 -1.294699e+00
      vertex 1.514517e+00 -3.098042e-01 -1.420328e+00
    endloop
  endfacet
  facet normal 5.818568e-01 1.958544e-01 7.893565e-01
    outer loop
      vertex 1.514517e+00 -3.098042e-01 -1.420328e+00
      vertex 1.242783e+00 -8.843530e-03 -1.294699e+00
      vertex 1.154011e+00 -1.504883e-01 -1.194118e+00
    endloop
  endfacet
  facet normal 5.709918e-01 1.446344e-01 8.081146e-01
    outer loop
      vertex 1.514517e+00 -3.098042e-01 -1.420328e+00
      vertex 1.154011e+00 -1.504883e-01 -1.194118e+00
      vertex 1.390592e+00 -4.162715e-01 -1.313710e+00
    endloop
  endfacet
  facet normal 7.419470e-01 4.283416e-01 5.157889e-01
    outer loop
      vertex 1.390592e+00 -4.162715e-01 -1.313710e+00
      vertex 1.154011e+00 -1.504883e-01 -1.194118e+00
      vertex 1.117913e+00 -2.692226e-01 -1.043588e+00
    endloop
  endfacet
  facet normal 7.462976e-01 3.798850e-01 5.465595e-01
    outer loop
      vertex 1.390592e+00 -4.162715e-01 -1.313710e+00
      vertex 1.117913e+00 -2.692226e-01 -1.043588e+00
      vertex 1.316776e+00 -5.008327e-01 -1.154145e+00
    endloop
  endfacet
  facet normal 7.857238e-01 5.965657e-01 1.635465e-01
    outer loop
      vertex 1.316776e+00 -5.008327e-01 -1.154145e+00
      vertex 1.117913e+00 -2.692226e-01 -1.043588e+00
      vertex 1.139984e+00 -3.469701e-01 -8.660254e-01
    endloop
  endfacet
  facet normal 8.081420e-01 5.539743e-01 2.000472e-01
    outer loop
      vertex 1.316776e+00 -5.008327e-01 -1.154145e+00
      vertex 1.139984e+00 -3.469701e-01 -8.660254e-01
      vertex 1.304309e+00 -5.506141e-01 -9.659258e-01
    endloop
  endfacet
  facet normal 5.589037e-01 8.072367e-01 -1.897251e-01
    outer loop
      vertex 1.139984e+00 -3.469701e-01 -8.660254e-01
      vertex 9.648866e-01 -1.883880e-01 -7.071068e-01
      vertex 1.072297e+00 -2.254848e-01 -5.485286e-01
    endloop
  endfacet
  facet normal 6.209158e-01 7.671319e-01 -1.611593e-01
    outer loop
      vertex 1.139984e+00 -3.469701e-01 -8.660254e-01
      vertex 1.072297e+00 -2.254848e-01 -5.485286e-01
      vertex 1.216864e+00 -3.718947e-01 -6.884630e-01
    endloop
  endfacet
  facet normal 3.252539e-01 8.012111e-01 -5.022656e-01
    outer loop
      vertex 1.216864e+00 -3.718947e-01 -6.884630e-01
      vertex 1.072297e+00 -2.254848e-01 -5.485286e-01
      vertex 1.210868e+00 -1.974623e-01 -4.140925e-01
    endloop
  endfacet
  facet normal 4.030586e-01 7.762728e-01 -4.847106e-01
    outer loop
      vertex 1.216864e+00 -3.718947e-01 -6.884630e-01
      vertex 1.210868e+00 -1.974623e-01 -4.140925e-01
      vertex 1.336849e+00 -3.402016e-01 -5.379328e-01
    endloop
  endfacet
  facet normal 4.124702e-02 6.752969e-01 -7.363917e-01
    outer loop
      vertex 1.336849e+00 -3.402016e-01 -5.379328e-01
      vertex 1.210868e+00 -1.974623e-01 -4.140925e-01
      vertex 1.359503e+00 -1.085868e-01 -3.242651e-01
    endloop
  endfacet
  facet normal 1.267779e-01 6.658580e-01 -7.352282e-01
    outer loop
      vertex 1.336849e+00 -3.402016e-01 -5.379328e-01
      vertex 1.359503e+00 -1.085868e-01 -3.242651e-01
      vertex 1.481673e+00 -2.567159e-01 -4.373518e-01
    endloop
  endfacet
  facet normal -2.501885e-01 4.486591e-01 -8.579690e-01
    outer loop
      vertex 1.481673e+00 -2.567159e-01 -4.373518e-01
      vertex 1.359503e+00 -1.085868e-01 -3.242651e-01
      vertex 1.495574e+00 2.761122e-02 -2.927219e-01
    endloop
  endfacet
  facet normal -1.670792e-01 4.534925e-01 -8.754593e-01
    outer loop
      vertex 1.481673e+00 -2.567159e-01 -4.373518e-01
      vertex 1.495574e+00 2.761122e-02 -2.927219e-01
      vertex 1.629286e+00 -1.341476e-01 -4.020324e-01
    endloop
  endfacet
  facet normal -5.059972e-01 1.551033e-01 -8.484750e-01
    outer loop
      vertex 1.629286e+00 -1.341476e-01 -4.020324e-01
      vertex 1.495574e+00 2.761122e-02 -2.927219e-01
      vertex 1.598366e+00 1.903969e-01 -3.242651e-01
    endloop
  endfacet
  facet normal -4.346884e-01 1.704810e-01 -8.842976e-01
    outer loop
      vertex 1.629286e+00 -1.341476e-01 -4.020324e-01
      vertex 1.598366e+00 1.903969e-01 -3.242651e-01
      vertex 1.757217e+00 8.843530e-03 -4.373518e-01
    endloop
  endfacet
  facet normal -6.879220e-01 -1.611004e-01 -7.076793e-01
    outer loop
      vertex 1.757217e+00 8.843530e-03 -4.373518e-01
      vertex 1.598366e+00 1.903969e-01 -3.242651e-01
      vertex 1.652228e+00 3.549876e-01 -4.140925e-01
    endloop
  endfacet
  facet normal -6.348320e-01 -1.415101e-01 -7.595809e-01
    outer loop
      vertex 1.757217e+00 8.843530e-03 -4.373518e-01
      vertex 1.652228e+00 3.549876e-01 -4.140925e-01
      vertex 1.845989e+00 1.504883e-01 -5.379328e-01
    endloop
  endfacet
  facet normal -7.673679e-01 -4.511370e-01 -4.556555e-01
    outer loop
      vertex 1.845989e+00 1.504883e-01 -5.379328e-01
      vertex 1.652228e+00 3.549876e-01 -4.140925e-01
      vertex 1.648962e+00 4.963258e-01 -5.485286e-01
    endloop
  endfacet
  facet normal -7.355177e-01 -4.349464e-01 -5.194568e-01
    outer loop
      vertex 1.845989e+00 1.504883e-01 -5.379328e-01
      vertex 1.648962e+00 4.963258e-01 -5.485286e-01
      vertex 1.882087e+00 2.692226e-01 -6.884630e-01
    endloop
  endfacet
  facet normal -7.311131e-01 -6.694592e-01 -1.315219e-01
    outer loop
      vertex 1.882087e+00 2.692226e-01 -6.884630e-01
      vertex 1.648962e+00 4.963258e-01 -5.485286e-01
      vertex 1.589065e+00 5.928941e-01 -7.071068e-01
    endloop
  endfacet
  facet normal -7.203994e-01 -6.637673e-01 -2.010913e-01
    outer loop
      vertex 1.882087e+00 2.692226e-01 -6.884630e-01
      vertex 1.589065e+00 5.928941e-01 -7.071068e-01
      vertex 1.860016e+00 3.469701e-01 -8.660254e-01
    endloop
  endfacet
  facet normal -5.850804e-01 -7.824334e-01 2.132577e-01
    outer loop
      vertex 1.860016e+00 3.469701e-01 -8.660254e-01
      vertex 1.589065e+00 5.928941e-01 -7.071068e-01
      vertex 1.481654e+00 6.299909e-01 -8.656850e-01
    endloop
  endfacet
  facet normal -5.925387e-01 -7.923226e-01 1.453367e-01
    outer loop
      vertex 1.860016e+00 3.469701e-01 -8.660254e-01
      vertex 1.481654e+00 6.299909e-01 -8.656850e-01
      vertex 1.783136e+00 3.718947e-01 -1.043588e+00
    endloop
  endfacet
  facet normal -3.529591e-01 -7.743171e-01 5.252170e-01
    outer loop
      vertex 1.783136e+00 3.718947e-01 -1.043588e+00
      vertex 1.481654e+00 6.299909e-01 -8.656850e-01
      vertex 1.343083e+00 6.019684e-01 -1.000121e+00
    endloop
  endfacet
  facet normal -3.732436e-01 -8.019953e-01 4.663612e-01
    outer loop
      vertex 1.783136e+00 3.718947e-01 -1.043588e+00
      vertex 1.343083e+00 6.019684e-01 -1.000121e+00
      vertex 1.663151e+00 3.402016e-01 -1.194118e+00
    endloop
  endfacet
  facet normal -7.060416e-02 -6.482170e-01 7.581753e-01
    outer loop
      vertex 1.663151e+00 3.402016e-01 -1.194118e+00
      vertex 1.343083e+00 6.019684e-01 -1.000121e+00
      vertex 1.194448e+00 5.130930e-01 -1.089948e+00
    endloop
  endfacet
  facet normal -9.679378e-02 -6.929035e-01 7.145038e-01
    outer loop
      vertex 1.663151e+00 3.402016e-01 -1.194118e+00
      vertex 1.194448e+00 5.130930e-01 -1.089948e+00
      vertex 1.518327e+00 2.567159e-01 -1.294699e+00
    endloop
  endfacet
  facet normal 2.202354e-01 -4.235352e-01 8.787004e-01
    outer loop
      vertex 1.518327e+00 2.567159e-01 -1.294699e+00
      vertex 1.194448e+00 5.130930e-01 -1.089948e+00
      vertex 1.058377e+00 3.768949e-01 -1.121492e+00
    endloop
  endfacet
  facet normal 1.957371e-01 -4.818542e-01 8.541098e-01
    outer loop
      vertex 1.518327e+00 2.567159e-01 -1.294699e+00
      vertex 1.058377e+00 3.768949e-01 -1.121492e+00
      vertex 1.370714e+00 1.341476e-01 -1.330018e+00
    endloop
  endfacet
  facet normal 4.768967e-01 -1.327752e-01 8.688730e-01
    outer loop
      vertex 1.370714e+00 1.341476e-01 -1.330018e+00
      vertex 1.058377e+00 3.768949e-01 -1.121492e+00
      vertex 9.555853e-01 2.141092e-01 -1.089948e+00
    endloop
  endfacet
  facet normal 4.615056e-01 -1.993780e-01 8.644426e-01
    outer loop
      vertex 1.370714e+00 1.341476e-01 -1.330018e+00
      vertex 9.555853e-01 2.141092e-01 -1.089948e+00
      vertex 1.242783e+00 -8.843530e-03 -1.294699e+00
    endloop
  endfacet
  facet normal 6.603998e-01 1.815455e-01 7.286380e-01
    outer loop
      vertex 1.242783e+00 -8.843530e-03 -1.294699e+00
      vertex 9.555853e-01 2.141092e-01 -1.089948e+00
      vertex 9.017226e-01 4.951853e-02 -1.000121e+00
    endloop
  endfacet
  facet normal 6.604739e-01 1.131505e-01 7.422743e-01
    outer loop
      vertex 1.242783e+00 -8.843530e-03 -1.294699e+00
      vertex 9.017226e-01 4.951853e-02 -1.000121e+00
      vertex 1.154011e+00 -1.504883e-01 -1.194118e+00
    endloop
  endfacet
  facet normal 7.412053e-01 4.715542e-01 4.777566e-01
    outer loop
      vertex 1.154011e+00 -1.504883e-01 -1.194118e+00
      vertex 9.017226e-01 4.951853e-02 -1.000121e+00
      vertex 9.049888e-01 -9.181970e-02 -8.656850e-01
    endloop
  endfacet
  facet normal 7.611554e-01 4.078816e-01 5.042569e-01
    outer loop
      vertex 1.154011e+00 -1.504883e-01 -1.194118e+00
      vertex 9.049888e-01 -9.181970e-02 -8.656850e-01
      vertex 1.117913e+00 -2.692226e-01 -1.043588e+00
    endloop
  endfacet
  facet normal 7.054962e-01 6.916244e-01 1.546956e-01
    outer loop
      vertex 1.117913e+00 -2.692226e-01 -1.043588e+00
      vertex 9.049888e-01 -9.181970e-02 -8.656850e-01
      vertex 9.648866e-01 -1.883880e-01 -7.071068e-01
    endloop
  endfacet
  facet normal 7.471001e-01 6.380132e-01 1.864957e-01
    outer loop
      vertex 1.117913e+00 -2.692226e-01 -1.043588e+00
      vertex 9.648866e-01 -1.883880e-01 -7.071068e-01
      vertex 1.139984e+00 -3.469701e-01 -8.660254e-01
    endloop
  endfacet
  facet normal 4.709835e-01 8.689842e-01 -1.517926e-01
    outer loop
      vertex 9.648866e-01 -1.883880e-01 -7.071068e-01
      vertex 7.867744e-01 -5.567539e-02 -5.000000e-01
      vertex 9.203547e-01 -1.047656e-01 -3.665583e-01
    endloop
  endfacet
  facet normal 5.050423e-01 8.511717e-01 -1.429650e-01
    outer loop
      vertex 9.648866e-01 -1.883880e-01 -7.071068e-01
      vertex 9.203547e-01 -1.047656e-01 -3.665583e-01
      vertex 1.072297e+00 -2.254848e-01 -5.485286e-01
    endloop
  endfacet
  facet normal 1.923116e-01 8.840840e-01 -4.259245e-01
    outer loop
      vertex 1.072297e+00 -2.254848e-01 -5.485286e-01
      vertex 9.203547e-01 -1.047656e-01 -3.665583e-01
      vertex 1.078007e+00 -8.455841e-02 -2.534319e-01
    endloop
  endfacet
  facet normal 2.330272e-01 8.757767e-01 -4.227451e-01
    outer loop
      vertex 1.072297e+00 -2.254848e-01 -5.485286e-01
      vertex 1.078007e+00 -8.455841e-02 -2.534319e-01
      vertex 1.210868e+00 -1.974623e-01 -4.140925e-01
    endloop
  endfacet
  facet normal -1.157203e-01 7.651305e-01 -6.333910e-01
    outer loop
      vertex 1.210868e+00 -1.974623e-01 -4.140925e-01
      vertex 1.078007e+00 -8.455841e-02 -2.534319e-01
      vertex 1.235731e+00 1.869954e-03 -1.778433e-01
    endloop
  endfacet
  facet normal -7.201657e-02 7.660342e-01 -6.387528e-01
    outer loop
      vertex 1.210868e+00 -1.974623e-01 -4.140925e-01
      vertex 1.235731e+00 1.869954e-03 -1.778433e-01
      vertex 1.359503e+00 -1.085868e-01 -3.242651e-01
    endloop
  endfacet
  facet normal -4.060472e-01 5.309594e-01 -7.437794e-01
    outer loop
      vertex 1.359503e+00 -1.085868e-01 -3.242651e-01
      vertex 1.235731e+00 1.869954e-03 -1.778433e-01
      vertex 1.369513e+00 1.413615e-01 -1.513001e-01
    endloop
  endfacet
  facet normal -3.643323e-01 5.397524e-01 -7.589001e-01
    outer loop
      vertex 1.359503e+00 -1.085868e-01 -3.242651e-01
      vertex 1.369513e+00 1.413615e-01 -1.513001e-01
      vertex 1.495574e+00 2.761122e-02 -2.927219e-01
    endloop
  endfacet
  facet normal -6.354408e-01 2.170633e-01 -7.410118e-01
    outer loop
      vertex 1.495574e+00 2.761122e-02 -2.927219e-01
      vertex 1.369513e+00 1.413615e-01 -1.513001e-01
      vertex 1.458988e+00 3.126799e-01 -1.778433e-01
    endloop
  endfacet
  facet normal -6.009414e-01 2.312073e-01 -7.651226e-01
    outer loop
      vertex 1.495574e+00 2.761122e-02 -2.927219e-01
      vertex 1.458988e+00 3.126799e-01 -1.778433e-01
      vertex 1.598366e+00 1.903969e-01 -3.242651e-01
    endloop
  endfacet
  facet normal -7.699910e-01 -1.295363e-01 -6.247673e-01
    outer loop
      vertex 1.598366e+00 1.903969e-01 -3.242651e-01
      vertex 1.458988e+00 3.126799e-01 -1.778433e-01
      vertex 1.490533e+00 4.897435e-01 -2.534319e-01
    endloop
  endfacet
  facet normal -7.463304e-01 -1.136707e-01 -6.557971e-01
    outer loop
      vertex 1.598366e+00 1.903969e-01 -3.242651e-01
      vertex 1.490533e+00 4.897435e-01 -2.534319e-01
      vertex 1.652228e+00 3.549876e-01 -4.140925e-01
    endloop
  endfacet
  facet normal -7.890122e-01 -4.564139e-01 -4.112738e-01
    outer loop
      vertex 1.652228e+00 3.549876e-01 -4.140925e-01
      vertex 1.490533e+00 4.897435e-01 -2.534319e-01
      vertex 1.459345e+00 6.455960e-01 -3.665583e-01
    endloop
  endfacet
  facet normal -7.773596e-01 -4.428800e-01 -4.467319e-01
    outer loop
      vertex 1.652228e+00 3.549876e-01 -4.140925e-01
      vertex 1.459345e+00 6.455960e-01 -3.665583e-01
      vertex 1.648962e+00 4.963258e-01 -5.485286e-01
    endloop
  endfacet
  facet normal -6.885060e-01 -7.130141e-01 -1.325534e-01
    outer loop
      vertex 1.648962e+00 4.963258e-01 -5.485286e-01
      vertex 1.459345e+00 6.455960e-01 -3.665583e-01
      vertex 1.370173e+00 7.565102e-01 -5.000000e-01
    endloop
  endfacet
  facet normal -6.880209e-01 -7.055515e-01 -1.697774e-01
    outer loop
      vertex 1.648962e+00 4.963258e-01 -5.485286e-01
      vertex 1.370173e+00 7.565102e-01 -5.000000e-01
      vertex 1.589065e+00 5.928941e-01 -7.071068e-01
    endloop
  endfacet
  facet normal -4.834006e-01 -8.591592e-01 1.678371e-01
    outer loop
      vertex 1.589065e+00 5.928941e-01 -7.071068e-01
      vertex 1.370173e+00 7.565102e-01 -5.000000e-01
      vertex 1.236593e+00 8.056005e-01 -6.334417e-01
    endloop
  endfacet
  facet normal -4.918348e-01 -8.606551e-01 1.318006e-01
    outer loop
      vertex 1.589065e+00 5.928941e-01 -7.071068e-01
      vertex 1.236593e+00 8.056005e-01 -6.334417e-01
      vertex 1.481654e+00 6.299909e-01 -8.656850e-01
    endloop
  endfacet
  facet normal -2.058209e-01 -8.727177e-01 4.427207e-01
    outer loop
      vertex 1.481654e+00 6.299909e-01 -8.656850e-01
      vertex 1.236593e+00 8.056005e-01 -6.334417e-01
      vertex 1.078941e+00 7.853933e-01 -7.465681e-01
    endloop
  endfacet
  facet normal -2.198342e-01 -8.847271e-01 4.110120e-01
    outer loop
      vertex 1.481654e+00 6.299909e-01 -8.656850e-01
      vertex 1.078941e+00 7.853933e-01 -7.465681e-01
      vertex 1.343083e+00 6.019684e-01 -1.000121e+00
    endloop
  endfacet
  facet normal 1.011016e-01 -7.530795e-01 6.501152e-01
    outer loop
      vertex 1.343083e+00 6.019684e-01 -1.000121e+00
      vertex 1.078941e+00 7.853933e-01 -7.465681e-01
      vertex 9.212170e-01 6.989649e-01 -8.221567e-01
    endloop
  endfacet
  facet normal 8.560777e-02 -7.754495e-01 6.255793e-01
    outer loop
      vertex 1.343083e+00 6.019684e-01 -1.000121e+00
      vertex 9.212170e-01 6.989649e-01 -8.221567e-01
      vertex 1.194448e+00 5.130930e-01 -1.089948e+00
    endloop
  endfacet
  facet normal 3.910602e-01 -5.196073e-01 7.596579e-01
    outer loop
      vertex 1.194448e+00 5.130930e-01 -1.089948e+00
      vertex 9.212170e-01 6.989649e-01 -8.221567e-01
      vertex 7.874344e-01 5.594733e-01 -8.486999e-01
    endloop
  endfacet
  facet normal 3.784004e-01 -5.504077e-01 7.442208e-01
    outer loop
      vertex 1.194448e+00 5.130930e-01 -1.089948e+00
      vertex 7.874344e-01 5.594733e-01 -8.486999e-01
      vertex 1.058377e+00 3.768949e-01 -1.121492e+00
    endloop
  endfacet
  facet normal 6.211832e-01 -2.073350e-01 7.557405e-01
    outer loop
      vertex 1.058377e+00 3.768949e-01 -1.121492e+00
      vertex 7.874344e-01 5.594733e-01 -8.486999e-01
      vertex 6.979599e-01 3.881549e-01 -8.221567e-01
    endloop
  endfacet
  facet normal 6.152228e-01 -2.431728e-01 7.499119e-01
    outer loop
      vertex 1.058377e+00 3.768949e-01 -1.121492e+00
      vertex 6.979599e-01 3.881549e-01 -8.221567e-01
      vertex 9.555853e-01 2.141092e-01 -1.089948e+00
    endloop
  endfacet
  facet normal 7.570085e-01 1.378009e-01 6.387089e-01
    outer loop
      vertex 9.555853e-01 2.141092e-01 -1.089948e+00
      vertex 6.979599e-01 3.881549e-01 -8.221567e-01
      vertex 6.664152e-01 2.110913e-01 -7.465681e-01
    endloop
  endfacet
  facet normal 7.605421e-01 1.011421e-01 6.413626e-01
    outer loop
      vertex 9.555853e-01 2.141092e-01 -1.089948e+00
      vertex 6.664152e-01 2.110913e-01 -7.465681e-01
      vertex 9.017226e-01 4.951853e-02 -1.000121e+00
    endloop
  endfacet
  facet normal 7.769725e-01 4.641691e-01 4.252772e-01
    outer loop
      vertex 9.017226e-01 4.951853e-02 -1.000121e+00
      vertex 6.664152e-01 2.110913e-01 -7.465681e-01
      vertex 6.976027e-01 5.523882e-02 -6.334417e-01
    endloop
  endfacet
  facet normal 7.913128e-01 4.308824e-01 4.337793e-01
    outer loop
      vertex 9.017226e-01 4.951853e-02 -1.000121e+00
      vertex 6.976027e-01 5.523882e-02 -6.334417e-01
      vertex 9.049888e-01 -9.181970e-02 -8.656850e-01
    endloop
  endfacet
  facet normal 6.766515e-01 7.213909e-01 1.474378e-01
    outer loop
      vertex 9.049888e-01 -9.181970e-02 -8.656850e-01
      vertex 6.976027e-01 5.523882e-02 -6.334417e-01
      vertex 7.867744e-01 -5.567539e-02 -5.000000e-01
    endloop
  endfacet
  facet normal 7.015816e-01 6.948241e-01 1.581227e-01
    outer loop
      vertex 9.049888e-01 -9.181970e-02 -8.656850e-01
      vertex 7.867744e-01 -5.567539e-02 -5.000000e-01
      vertex 9.648866e-01 -1.883880e-01 -7.071068e-01
    endloop
  endfacet
  facet normal 5.119447e-01 8.522066e-01 -1.079651e-01
    outer loop
      vertex 7.867744e-01 -5.567539e-02 -5.000000e-01
      vertex 5.972774e-01 8.871577e-02 -2.588190e-01
      vertex 7.415912e-01 1.585727e-02 -1.496155e-01
    endloop
  endfacet
  facet normal 4.482253e-01 8.854231e-01 -1.229633e-01
    outer loop
      vertex 7.867744e-01 -5.567539e-02 -5.000000e-01
      vertex 7.415912e-01 1.585727e-02 -1.496155e-01
      vertex 9.203547e-01 -1.047656e-01 -3.665583e-01
    endloop
  endfacet
  facet normal 2.044918e-01 9.173467e-01 -3.415525e-01
    outer loop
      vertex 9.203547e-01 -1.047656e-01 -3.665583e-01
      vertex 7.415912e-01 1.585727e-02 -1.496155e-01
      vertex 9.132741e-01 1.205566e-02 -5.703719e-02
    endloop
  endfacet
  facet normal 1.303258e-01 9.285828e-01 -3.474899e-01
    outer loop
      vertex 9.203547e-01 -1.047656e-01 -3.665583e-01
      vertex 9.132741e-01 1.205566e-02 -5.703719e-02
      vertex 1.078007e+00 -8.455841e-02 -2.534319e-01
    endloop
  endfacet
  facet normal -1.324299e-01 8.408936e-01 -5.247479e-01
    outer loop
      vertex 1.078007e+00 -8.455841e-02 -2.534319e-01
      vertex 9.132741e-01 1.205566e-02 -5.703719e-02
      vertex 1.086189e+00 7.788969e-02 4.821650e-03
    endloop
  endfacet
  facet normal -2.079891e-01 8.309085e-01 -5.160732e-01
    outer loop
      vertex 1.078007e+00 -8.455841e-02 -2.534319e-01
      vertex 1.086189e+00 7.788969e-02 4.821650e-03
      vertex 1.235731e+00 1.869954e-03 -1.778433e-01
    endloop
  endfacet
  facet normal -4.465863e-01 6.353317e-01 -6.300114e-01
    outer loop
      vertex 1.235731e+00 1.869954e-03 -1.778433e-01
      vertex 1.086189e+00 7.788969e-02 4.821650e-03
      vertex 1.234011e+00 2.033367e-01 2.654359e-02
    endloop
  endfacet
  facet normal -5.145854e-01 6.084794e-01 -6.041148e-01
    outer loop
      vertex 1.235731e+00 1.869954e-03 -1.778433e-01
      vertex 1.234011e+00 2.033367e-01 2.654359e-02
      vertex 1.369513e+00 1.413615e-01 -1.513001e-01
    endloop
  endfacet
  facet normal -6.905078e-01 3.329540e-01 -6.421375e-01
    outer loop
      vertex 1.369513e+00 1.413615e-01 -1.513001e-01
      vertex 1.234011e+00 2.033367e-01 2.654359e-02
      vertex 1.334236e+00 3.692986e-01 4.821650e-03
    endloop
  endfacet
  facet normal -7.437588e-01 2.955502e-01 -5.995606e-01
    outer loop
      vertex 1.369513e+00 1.413615e-01 -1.513001e-01
      vertex 1.334236e+00 3.692986e-01 4.821650e-03
      vertex 1.458988e+00 3.126799e-01 -1.778433e-01
    endloop
  endfacet
  facet normal -8.285232e-01 -2.016618e-02 -5.595915e-01
    outer loop
      vertex 1.458988e+00 3.126799e-01 -1.778433e-01
      vertex 1.334236e+00 3.692986e-01 4.821650e-03
      vertex 1.371606e+00 5.505091e-01 -5.703719e-02
    endloop
  endfacet
  facet normal -8.620645e-01 -6.118934e-02 -5.030912e-01
    outer loop
      vertex 1.458988e+00 3.126799e-01 -1.778433e-01
      vertex 1.371606e+00 5.505091e-01 -5.703719e-02
      vertex 1.490533e+00 4.897435e-01 -2.534319e-01
    endloop
  endfacet
  facet normal -8.406824e-01 -3.713021e-01 -3.941927e-01
    outer loop
      vertex 1.490533e+00 4.897435e-01 -2.534319e-01
      vertex 1.371606e+00 5.505091e-01 -5.703719e-02
      vertex 1.340430e+00 7.193806e-01 -1.496155e-01
    endloop
  endfacet
  facet normal -8.517978e-01 -4.085083e-01 -3.279657e-01
    outer loop
      vertex 1.490533e+00 4.897435e-01 -2.534319e-01
      vertex 1.340430e+00 7.193806e-01 -1.496155e-01
      vertex 1.459345e+00 6.455960e-01 -3.665583e-01
    endloop
  endfacet
  facet normal -7.245626e-01 -6.679149e-01 -1.699962e-01
    outer loop
      vertex 1.459345e+00 6.455960e-01 -3.665583e-01
      vertex 1.340430e+00 7.193806e-01 -1.496155e-01
      vertex 1.245456e+00 8.502039e-01 -2.588190e-01
    endloop
  endfacet
  facet normal -7.135553e-01 -6.934855e-01 -9.958256e-02
    outer loop
      vertex 1.459345e+00 6.455960e-01 -3.665583e-01
      vertex 1.245456e+00 8.502039e-01 -2.588190e-01
      vertex 1.370173e+00 7.565102e-01 -5.000000e-01
    endloop
  endfacet
  facet normal -4.963594e-01 -8.644998e-01 7.916716e-02
    outer loop
      vertex 1.370173e+00 7.565102e-01 -5.000000e-01
      vertex 1.245456e+00 8.502039e-01 -2.588190e-01
      vertex 1.101142e+00 9.230624e-01 -3.680226e-01
    endloop
  endfacet
  facet normal -4.674203e-01 -8.716888e-01 1.472308e-01
    outer loop
      vertex 1.370173e+00 7.565102e-01 -5.000000e-01
      vertex 1.101142e+00 9.230624e-01 -3.680226e-01
      vertex 1.236593e+00 8.056005e-01 -6.334417e-01
    endloop
  endfacet
  facet normal -1.901924e-01 -9.300038e-01 3.145153e-01
    outer loop
      vertex 1.236593e+00 8.056005e-01 -6.334417e-01
      vertex 1.101142e+00 9.230624e-01 -3.680226e-01
      vertex 9.294595e-01 9.268640e-01 -4.606009e-01
    endloop
  endfacet
  facet normal -1.509457e-01 -9.151346e-01 3.738236e-01
    outer loop
      vertex 1.236593e+00 8.056005e-01 -6.334417e-01
      vertex 9.294595e-01 9.268640e-01 -4.606009e-01
      vertex 1.078941e+00 7.853933e-01 -7.465681e-01
    endloop
  endfacet
  facet normal 1.465982e-01 -8.540363e-01 4.991302e-01
    outer loop
      vertex 1.078941e+00 7.853933e-01 -7.465681e-01
      vertex 9.294595e-01 9.268640e-01 -4.606009e-01
      vertex 7.565445e-01 8.610300e-01 -5.224597e-01
    endloop
  endfacet
  facet normal 1.868913e-01 -8.174989e-01 5.447634e-01
    outer loop
      vertex 1.078941e+00 7.853933e-01 -7.465681e-01
      vertex 7.565445e-01 8.610300e-01 -5.224597e-01
      vertex 9.212170e-01 6.989649e-01 -8.221567e-01
    endloop
  endfacet
  facet normal 4.618342e-01 -6.489110e-01 6.046683e-01
    outer loop
      vertex 9.212170e-01 6.989649e-01 -8.221567e-01
      vertex 7.565445e-01 8.610300e-01 -5.224597e-01
      vertex 6.087222e-01 7.355830e-01 -5.441817e-01
    endloop
  endfacet
  facet normal 4.942977e-01 -5.947132e-01 6.340236e-01
    outer loop
      vertex 9.212170e-01 6.989649e-01 -8.221567e-01
      vertex 6.087222e-01 7.355830e-01 -5.441817e-01
      vertex 7.874344e-01 5.594733e-01 -8.486999e-01
    endloop
  endfacet
  facet normal 7.075613e-01 -3.467060e-01 6.157532e-01
    outer loop
      vertex 7.874344e-01 5.594733e-01 -8.486999e-01
      vertex 6.087222e-01 7.355830e-01 -5.441817e-01
      vertex 5.084972e-01 5.696211e-01 -5.224597e-01
    endloop
  endfacet
  facet normal 7.250367e-01 -2.812639e-01 6.286592e-01
    outer loop
      vertex 7.874344e-01 5.594733e-01 -8.486999e-01
      vertex 5.084972e-01 5.696211e-01 -5.224597e-01
      vertex 6.979599e-01 3.881549e-01 -8.221567e-01
    endloop
  endfacet
  facet normal 8.470749e-01 6.727409e-03 5.314310e-01
    outer loop
      vertex 6.979599e-01 3.881549e-01 -8.221567e-01
      vertex 5.084972e-01 5.696211e-01 -5.224597e-01
      vertex 4.711279e-01 3.884106e-01 -4.606009e-01
    endloop
  endfacet
  facet normal 8.446839e-01 7.572286e-02 5.298822e-01
    outer loop
      vertex 6.979599e-01 3.881549e-01 -8.221567e-01
      vertex 4.711279e-01 3.884106e-01 -4.606009e-01
      vertex 6.664152e-01 2.110913e-01 -7.465681e-01
    endloop
  endfacet
  facet normal 8.593903e-01 3.585177e-01 3.645729e-01
    outer loop
      vertex 6.664152e-01 2.110913e-01 -7.465681e-01
      vertex 4.711279e-01 3.884106e-01 -4.606009e-01
      vertex 5.023034e-01 2.195391e-01 -3.680226e-01
    endloop
  endfacet
  facet normal 8.348116e-01 4.229033e-01 3.524804e-01
    outer loop
      vertex 6.664152e-01 2.110913e-01 -7.465681e-01
      vertex 5.023034e-01 2.195391e-01 -3.680226e-01
      vertex 6.976027e-01 5.523882e-02 -6.334417e-01
    endloop
  endfacet
  facet normal 7.419789e-01 6.556176e-01 1.401174e-01
    outer loop
      vertex 6.976027e-01 5.523882e-02 -6.334417e-01
      vertex 5.023034e-01 2.195391e-01 -3.680226e-01
      vertex 5.972774e-01 8.871577e-02 -2.588190e-01
    endloop
  endfacet
  facet normal 6.958422e-01 7.075628e-01 1.231199e-01
    outer loop
      vertex 6.976027e-01 5.523882e-02 -6.334417e-01
      vertex 5.972774e-01 8.871577e-02 -2.588190e-01
      vertex 7.867744e-01 -5.567539e-02 -5.000000e-01
    endloop
  endfacet
  facet normal 6.839060e-01 7.264832e-01 -6.704242e-02
    outer loop
      vertex 5.972774e-01 8.871577e-02 -2.588190e-01
      vertex 4.040985e-01 2.944577e-01 -8.572528e-16
      vertex 5.311759e-01 1.839128e-01 9.844487e-02
    endloop
  endfacet
  facet normal 5.224422e-01 8.430173e-01 -1.279685e-01
    outer loop
      vertex 5.972774e-01 8.871577e-02 -2.588190e-01
      vertex 5.311759e-01 1.839128e-01 9.844487e-02
      vertex 7.415912e-01 1.585727e-02 -1.496155e-01
    endloop
  endfacet
  facet normal 3.877186e-01 8.817997e-01 -2.685210e-01
    outer loop
      vertex 7.415912e-01 1.585727e-02 -1.496155e-01
      vertex 5.311759e-01 1.839128e-01 9.844487e-02
      vertex 7.005521e-01 1.348538e-01 1.819024e-01
    endloop
  endfacet
  facet normal 1.883599e-01 9.315397e-01 -3.110537e-01
    outer loop
      vertex 7.415912e-01 1.585727e-02 -1.496155e-01
      vertex 7.005521e-01 1.348538e-01 1.819024e-01
      vertex 9.132741e-01 1.205566e-02 -5.703719e-02
    endloop
  endfacet
  facet normal 3.351279e-02 9.007332e-01 -4.330780e-01
    outer loop
      vertex 9.132741e-01 1.205566e-02 -5.703719e-02
      vertex 7.005521e-01 1.348538e-01 1.819024e-01
      vertex 8.864411e-01 1.547495e-01 2.376669e-01
    endloop
  endfacet
  facet normal -1.767452e-01 8.794675e-01 -4.419254e-01
    outer loop
      vertex 9.132741e-01 1.205566e-02 -5.703719e-02
      vertex 8.864411e-01 1.547495e-01 2.376669e-01
      vertex 1.086189e+00 7.788969e-02 4.821650e-03
    endloop
  endfacet
  facet normal -3.241774e-01 7.798307e-01 -5.355120e-01
    outer loop
      vertex 1.086189e+00 7.788969e-02 4.821650e-03
      vertex 8.864411e-01 1.547495e-01 2.376669e-01
      vertex 1.060543e+00 2.405710e-01 2.572488e-01
    endloop
  endfacet
  facet normal -5.162948e-01 6.950267e-01 -5.003774e-01
    outer loop
      vertex 1.086189e+00 7.788969e-02 4.821650e-03
      vertex 1.060543e+00 2.405710e-01 2.572488e-01
      vertex 1.234011e+00 2.033367e-01 2.654359e-02
    endloop
  endfacet
  facet normal -6.299063e-01 5.377288e-01 -5.604157e-01
    outer loop
      vertex 1.234011e+00 2.033367e-01 2.654359e-02
      vertex 1.060543e+00 2.405710e-01 2.572488e-01
      vertex 1.196352e+00 3.792527e-01 2.376669e-01
    endloop
  endfacet
  facet normal -7.781006e-01 4.073111e-01 -4.781810e-01
    outer loop
      vertex 1.234011e+00 2.033367e-01 2.654359e-02
      vertex 1.196352e+00 3.792527e-01 2.376669e-01
      vertex 1.334236e+00 3.692986e-01 4.821650e-03
    endloop
  endfacet
  facet normal -8.368521e-01 2.121945e-01 -5.046306e-01
    outer loop
      vertex 1.334236e+00 3.692986e-01 4.821650e-03
      vertex 1.196352e+00 3.792527e-01 2.376669e-01
      vertex 1.273193e+00 5.496816e-01 1.819024e-01
    endloop
  endfacet
  facet normal -9.230154e-01 6.064195e-02 -3.799540e-01
    outer loop
      vertex 1.334236e+00 3.692986e-01 4.821650e-03
      vertex 1.273193e+00 5.496816e-01 1.819024e-01
      vertex 1.371606e+00 5.505091e-01 -5.703719e-02
    endloop
  endfacet
  facet normal -9.144784e-01 -1.465706e-01 -3.771555e-01
    outer loop
      vertex 1.371606e+00 5.505091e-01 -5.703719e-02
      vertex 1.273193e+00 5.496816e-01 1.819024e-01
      vertex 1.279368e+00 7.259114e-01 9.844487e-02
    endloop
  endfacet
  facet normal -9.301565e-01 -2.930117e-01 -2.212534e-01
    outer loop
      vertex 1.371606e+00 5.505091e-01 -5.703719e-02
      vertex 1.279368e+00 7.259114e-01 9.844487e-02
      vertex 1.340430e+00 7.193806e-01 -1.496155e-01
    endloop
  endfacet
  facet normal -8.523821e-01 -4.843634e-01 -1.970706e-01
    outer loop
      vertex 1.340430e+00 7.193806e-01 -1.496155e-01
      vertex 1.279368e+00 7.259114e-01 9.844487e-02
      vertex 1.213935e+00 8.811128e-01 -8.257489e-16
    endloop
  endfacet
  facet normal -7.987393e-01 -6.011372e-01 -2.548666e-02
    outer loop
      vertex 1.340430e+00 7.193806e-01 -1.496155e-01
      vertex 1.213935e+00 8.811128e-01 -8.257489e-16
      vertex 1.245456e+00 8.502039e-01 -2.588190e-01
    endloop
  endfacet
  facet normal -6.603646e-01 -7.508882e-01 9.249256e-03
    outer loop
      vertex 1.245456e+00 8.502039e-01 -2.588190e-01
      vertex 1.213935e+00 8.811128e-01 -8.257489e-16
      vertex 1.086858e+00 9.916577e-01 -9.844487e-02
    endloop
  endfacet
  facet normal -5.479318e-01 -8.171695e-01 1.788986e-01
    outer loop
      vertex 1.245456e+00 8.502039e-01 -2.588190e-01
      vertex 1.086858e+00 9.916577e-01 -9.844487e-02
      vertex 1.101142e+00 9.230624e-01 -3.680226e-01
    endloop
  endfacet
  facet normal -3.665011e-01 -9.061413e-01 2.111515e-01
    outer loop
      vertex 1.101142e+00 9.230624e-01 -3.680226e-01
      vertex 1.086858e+00 9.916577e-01 -9.844487e-02
      vertex 9.174819e-01 1.040717e+00 -1.819024e-01
    endloop
  endfacet
  facet normal -2.149732e-01 -9.072896e-01 3.614029e-01
    outer loop
      vertex 1.101142e+00 9.230624e-01 -3.680226e-01
      vertex 9.174819e-01 1.040717e+00 -1.819024e-01
      vertex 9.294595e-01 9.268640e-01 -4.606009e-01
    endloop
  endfacet
  facet normal -1.418617e-02 -9.258537e-01 3.776159e-01
    outer loop
      vertex 9.294595e-01 9.268640e-01 -4.606009e-01
      vertex 9.174819e-01 1.040717e+00 -1.819024e-01
      vertex 7.315929e-01 1.020821e+00 -2.376669e-01
    endloop
  endfacet
  facet normal 1.495197e-01 -8.566536e-01 4.937494e-01
    outer loop
      vertex 9.294595e-01 9.268640e-01 -4.606009e-01
      vertex 7.315929e-01 1.020821e+00 -2.376669e-01
      vertex 7.565445e-01 8.610300e-01 -5.224597e-01
    endloop
  endfacet
  facet normal 3.430761e-01 -8.060289e-01 4.823031e-01
    outer loop
      vertex 7.565445e-01 8.610300e-01 -5.224597e-01
      vertex 7.315929e-01 1.020821e+00 -2.376669e-01
      vertex 5.574910e-01 9.349995e-01 -2.572488e-01
    endloop
  endfacet
  facet normal 4.893659e-01 -6.727400e-01 5.549252e-01
    outer loop
      vertex 7.565445e-01 8.610300e-01 -5.224597e-01
      vertex 5.574910e-01 9.349995e-01 -2.572488e-01
      vertex 6.087222e-01 7.355830e-01 -5.441817e-01
    endloop
  endfacet
  facet normal 6.499888e-01 -5.647213e-01 5.085317e-01
    outer loop
      vertex 6.087222e-01 7.355830e-01 -5.441817e-01
      vertex 5.574910e-01 9.349995e-01 -2.572488e-01
      vertex 4.216817e-01 7.963178e-01 -2.376669e-01
    endloop
  endfacet
  facet normal 7.522765e-01 -3.842541e-01 5.351905e-01
    outer loop
      vertex 6.087222e-01 7.355830e-01 -5.441817e-01
      vertex 4.216817e-01 7.963178e-01 -2.376669e-01
      vertex 5.084972e-01 5.696211e-01 -5.224597e-01
    endloop
  endfacet
  facet normal 8.591087e-01 -2.393224e-01 4.523904e-01
    outer loop
      vertex 5.084972e-01 5.696211e-01 -5.224597e-01
      vertex 4.216817e-01 7.963178e-01 -2.376669e-01
      vertex 3.448407e-01 6.258889e-01 -1.819024e-01
    endloop
  endfacet
  facet normal 8.984213e-01 -3.586891e-02 4.376672e-01
    outer loop
      vertex 5.084972e-01 5.696211e-01 -5.224597e-01
      vertex 3.448407e-01 6.258889e-01 -1.819024e-01
      vertex 4.711279e-01 3.884106e-01 -4.606009e-01
    endloop
  endfacet
  facet normal 9.387348e-01 1.200931e-01 3.230397e-01
    outer loop
      vertex 4.711279e-01 3.884106e-01 -4.606009e-01
      vertex 3.448407e-01 6.258889e-01 -1.819024e-01
      vertex 3.386663e-01 4.496591e-01 -9.844487e-02
    endloop
  endfacet
  facet normal 9.061196e-01 3.193602e-01 2.774100e-01
    outer loop
      vertex 4.711279e-01 3.884106e-01 -4.606009e-01
      vertex 3.386663e-01 4.496591e-01 -9.844487e-02
      vertex 5.023034e-01 2.195391e-01 -3.680226e-01
    endloop
  endfacet
  facet normal 8.772163e-01 4.590355e-01 1.406342e-01
    outer loop
      vertex 5.023034e-01 2.195391e-01 -3.680226e-01
      vertex 3.386663e-01 4.496591e-01 -9.844487e-02
      vertex 4.040985e-01 2.944577e-01 -8.572528e-16
    endloop
  endfacet
  facet normal 7.742994e-01 6.278945e-01 7.879665e-02
    outer loop
      vertex 5.023034e-01 2.195391e-01 -3.680226e-01
      vertex 4.040985e-01 2.944577e-01 -8.572528e-16
      vertex 5.972774e-01 8.871577e-02 -2.588190e-01
    endloop
  endfacet
  facet normal 8.371555e-01 5.413312e-01 -7.830224e-02
    outer loop
      vertex 4.040985e-01 2.944577e-01 -8.572528e-16
      vertex 2.686254e-01 5.414012e-01 2.588190e-01
      vertex 3.634262e-01 4.106189e-01 3.682220e-01
    endloop
  endfacet
  facet normal 7.092595e-01 6.909792e-01 -1.396378e-01
    outer loop
      vertex 4.040985e-01 2.944577e-01 -8.572528e-16
      vertex 3.634262e-01 4.106189e-01 3.682220e-01
      vertex 5.311759e-01 1.839128e-01 9.844487e-02
    endloop
  endfacet
  facet normal 5.848423e-01 7.623828e-01 -2.770052e-01
    outer loop
      vertex 5.311759e-01 1.839128e-01 9.844487e-02
      vertex 3.634262e-01 4.106189e-01 3.682220e-01
      vertex 5.142174e-01 3.286422e-01 4.609693e-01
    endloop
  endfacet
  facet normal 4.064400e-01 8.549428e-01 -3.223031e-01
    outer loop
      vertex 5.311759e-01 1.839128e-01 9.844487e-02
      vertex 5.142174e-01 3.286422e-01 4.609693e-01
      vertex 7.005521e-01 1.348538e-01 1.819024e-01
    endloop
  endfacet
  facet normal 2.448493e-01 8.652976e-01 -4.373887e-01
    outer loop
      vertex 7.005521e-01 1.348538e-01 1.819024e-01
      vertex 5.142174e-01 3.286422e-01 4.609693e-01
      vertex 6.980424e-01 3.079515e-01 5.229411e-01
    endloop
  endfacet
  facet normal 4.021805e-02 8.911123e-01 -4.519971e-01
    outer loop
      vertex 7.005521e-01 1.348538e-01 1.819024e-01
      vertex 6.980424e-01 3.079515e-01 5.229411e-01
      vertex 8.864411e-01 1.547495e-01 2.376669e-01
    endloop
  endfacet
  facet normal -1.316262e-01 8.344871e-01 -5.350756e-01
    outer loop
      vertex 8.864411e-01 1.547495e-01 2.376669e-01
      vertex 6.980424e-01 3.079515e-01 5.229411e-01
      vertex 8.869155e-01 3.516966e-01 5.447027e-01
    endloop
  endfacet
  facet normal -3.340047e-01 7.936139e-01 -5.085449e-01
    outer loop
      vertex 8.864411e-01 1.547495e-01 2.376669e-01
      vertex 8.869155e-01 3.516966e-01 5.447027e-01
      vertex 1.060543e+00 2.405710e-01 2.572488e-01
    endloop
  endfacet
  facet normal -4.874445e-01 6.740642e-01 -5.550092e-01
    outer loop
      vertex 1.060543e+00 2.405710e-01 2.572488e-01
      vertex 8.869155e-01 3.516966e-01 5.447027e-01
      vertex 1.052082e+00 4.532178e-01 5.229411e-01
    endloop
  endfacet
  facet normal -6.588002e-01 5.769877e-01 -4.827706e-01
    outer loop
      vertex 1.060543e+00 2.405710e-01 2.572488e-01
      vertex 1.052082e+00 4.532178e-01 5.229411e-01
      vertex 1.196352e+00 3.792527e-01 2.376669e-01
    endloop
  endfacet
  facet normal -7.677614e-01 4.079842e-01 -4.940560e-01
    outer loop
      vertex 1.196352e+00 3.792527e-01 2.376669e-01
      vertex 1.052082e+00 4.532178e-01 5.229411e-01
      vertex 1.168398e+00 5.970594e-01 4.609693e-01
    endloop
  endfacet
  facet normal -8.838916e-01 2.746574e-01 -3.785484e-01
    outer loop
      vertex 1.196352e+00 3.792527e-01 2.376669e-01
      vertex 1.168398e+00 5.970594e-01 4.609693e-01
      vertex 1.273193e+00 5.496816e-01 1.819024e-01
    endloop
  endfacet
  facet normal -9.290116e-01 7.704102e-02 -3.619421e-01
    outer loop
      vertex 1.273193e+00 5.496816e-01 1.819024e-01
      vertex 1.168398e+00 5.970594e-01 4.609693e-01
      vertex 1.218154e+00 7.613229e-01 3.682220e-01
    endloop
  endfacet
  facet normal -9.749013e-01 -6.646962e-02 -2.124836e-01
    outer loop
      vertex 1.273193e+00 5.496816e-01 1.819024e-01
      vertex 1.218154e+00 7.613229e-01 3.682220e-01
      vertex 1.279368e+00 7.259114e-01 9.844487e-02
    endloop
  endfacet
  facet normal -9.466261e-01 -2.676182e-01 -1.796647e-01
    outer loop
      vertex 1.279368e+00 7.259114e-01 9.844487e-02
      vertex 1.218154e+00 7.613229e-01 3.682220e-01
      vertex 1.193776e+00 9.210005e-01 2.588190e-01
    endloop
  endfacet
  facet normal -9.189293e-01 -3.942741e-01 -1.081096e-02
    outer loop
      vertex 1.279368e+00 7.259114e-01 9.844487e-02
      vertex 1.193776e+00 9.210005e-01 2.588190e-01
      vertex 1.213935e+00 8.811128e-01 -8.257489e-16
    endloop
  endfacet
  facet normal -8.190579e-01 -5.731857e-01 2.454071e-02
    outer loop
      vertex 1.213935e+00 8.811128e-01 -8.257489e-16
      vertex 1.193776e+00 9.210005e-01 2.588190e-01
      vertex 1.098976e+00 1.051783e+00 1.494161e-01
    endloop
  endfacet
  facet normal -7.254960e-01 -6.598647e-01 1.955355e-01
    outer loop
      vertex 1.213935e+00 8.811128e-01 -8.257489e-16
      vertex 1.098976e+00 1.051783e+00 1.494161e-01
      vertex 1.086858e+00 9.916577e-01 -9.844487e-02
    endloop
  endfacet
  facet normal -5.669841e-01 -7.937346e-01 2.202598e-01
    outer loop
      vertex 1.086858e+00 9.916577e-01 -9.844487e-02
      vertex 1.098976e+00 1.051783e+00 1.494161e-01
      vertex 9.481843e-01 1.133760e+00 5.666877e-02
    endloop
  endfacet
  facet normal -4.238988e-01 -8.240120e-01 3.759176e-01
    outer loop
      vertex 1.086858e+00 9.916577e-01 -9.844487e-02
      vertex 9.481843e-01 1.133760e+00 5.666877e-02
      vertex 9.174819e-01 1.040717e+00 -1.819024e-01
    endloop
  endfacet
  facet normal -2.287332e-01 -8.966310e-01 3.791226e-01
    outer loop
      vertex 9.174819e-01 1.040717e+00 -1.819024e-01
      vertex 9.481843e-01 1.133760e+00 5.666877e-02
      vertex 7.643593e-01 1.154450e+00 -5.303021e-03
    endloop
  endfacet
  facet normal -5.892829e-02 -8.617539e-01 5.038925e-01
    outer loop
      vertex 9.174819e-01 1.040717e+00 -1.819024e-01
      vertex 7.643593e-01 1.154450e+00 -5.303021e-03
      vertex 7.315929e-01 1.020821e+00 -2.376669e-01
    endloop
  endfacet
  facet normal 1.456208e-01 -8.663689e-01 4.777023e-01
    outer loop
      vertex 7.315929e-01 1.020821e+00 -2.376669e-01
      vertex 7.643593e-01 1.154450e+00 -5.303021e-03
      vertex 5.754862e-01 1.110705e+00 -2.706462e-02
    endloop
  endfacet
  facet normal 3.146789e-01 -7.662100e-01 5.602673e-01
    outer loop
      vertex 7.315929e-01 1.020821e+00 -2.376669e-01
      vertex 5.754862e-01 1.110705e+00 -2.706462e-02
      vertex 5.574910e-01 9.349995e-01 -2.572488e-01
    endloop
  endfacet
  facet normal 5.002862e-01 -7.066803e-01 5.003165e-01
    outer loop
      vertex 5.574910e-01 9.349995e-01 -2.572488e-01
      vertex 5.754862e-01 1.110705e+00 -2.706462e-02
      vertex 4.103193e-01 1.009184e+00 -5.303021e-03
    endloop
  endfacet
  facet normal 6.397893e-01 -5.508649e-01 5.359267e-01
    outer loop
      vertex 5.574910e-01 9.349995e-01 -2.572488e-01
      vertex 4.103193e-01 1.009184e+00 -5.303021e-03
      vertex 4.216817e-01 7.963178e-01 -2.376669e-01
    endloop
  endfacet
  facet normal 7.809942e-01 -4.410231e-01 4.422066e-01
    outer loop
      vertex 4.216817e-01 7.963178e-01 -2.376669e-01
      vertex 4.103193e-01 1.009184e+00 -5.303021e-03
      vertex 2.940037e-01 8.653423e-01 5.666877e-02
    endloop
  endfacet
  facet normal 8.660064e-01 -2.484731e-01 4.339287e-01
    outer loop
      vertex 4.216817e-01 7.963178e-01 -2.376669e-01
      vertex 2.940037e-01 8.653423e-01 5.666877e-02
      vertex 3.448407e-01 6.258889e-01 -1.819024e-01
    endloop
  endfacet
  facet normal 9.438481e-01 -1.099991e-01 3.115299e-01
    outer loop
      vertex 3.448407e-01 6.258889e-01 -1.819024e-01
      vertex 2.940037e-01 8.653423e-01 5.666877e-02
      vertex 2.442474e-01 7.010789e-01 1.494161e-01
    endloop
  endfacet
  facet normal 9.583588e-01 9.410540e-02 2.696157e-01
    outer loop
      vertex 3.448407e-01 6.258889e-01 -1.819024e-01
      vertex 2.442474e-01 7.010789e-01 1.494161e-01
      vertex 3.386663e-01 4.496591e-01 -9.844487e-02
    endloop
  endfacet
  facet normal 9.634325e-01 2.351288e-01 1.285003e-01
    outer loop
      vertex 3.386663e-01 4.496591e-01 -9.844487e-02
      vertex 2.442474e-01 7.010789e-01 1.494161e-01
      vertex 2.686254e-01 5.414012e-01 2.588190e-01
    endloop
  endfacet
  facet normal 9.030989e-01 4.239864e-01 6.817506e-02
    outer loop
      vertex 3.386663e-01 4.496591e-01 -9.844487e-02
      vertex 2.686254e-01 5.414012e-01 2.588190e-01
      vertex 4.040985e-01 2.944577e-01 -8.572528e-16
    endloop
  endfacet
  facet normal 8.879191e-01 4.432495e-01 -1.230021e-01
    outer loop
      vertex 2.686254e-01 5.414012e-01 2.588190e-01
      vertex 1.901698e-01 7.654916e-01 5.000000e-01
      vertex 2.680168e-01 6.466516e-01 6.337054e-01
    endloop
  endfacet
  facet normal 8.535470e-01 5.019803e-01 -1.395467e-01
    outer loop
      vertex 2.686254e-01 5.414012e-01 2.588190e-01
      vertex 2.680168e-01 6.466516e-01 6.337054e-01
      vertex 3.634262e-01 4.106189e-01 3.682220e-01
    endloop
  endfacet
  facet normal 6.601350e-01 6.633068e-01 -3.524853e-01
    outer loop
      vertex 3.634262e-01 4.106189e-01 3.682220e-01
      vertex 2.680168e-01 6.466516e-01 6.337054e-01
      vertex 4.065343e-01 5.690313e-01 7.470554e-01
    endloop
  endfacet
  facet normal 6.076951e-01 7.057115e-01 -3.642499e-01
    outer loop
      vertex 3.634262e-01 4.106189e-01 3.682220e-01
      vertex 4.065343e-01 5.690313e-01 7.470554e-01
      vertex 5.142174e-01 3.286422e-01 4.609693e-01
    endloop
  endfacet
  facet normal 3.330222e-01 7.798911e-01 -5.299680e-01
    outer loop
      vertex 5.142174e-01 3.286422e-01 4.609693e-01
      vertex 4.065343e-01 5.690313e-01 7.470554e-01
      vertex 5.846344e-01 5.444477e-01 8.227934e-01
    endloop
  endfacet
  facet normal 2.695511e-01 8.030665e-01 -5.314381e-01
    outer loop
      vertex 5.142174e-01 3.286422e-01 4.609693e-01
      vertex 5.846344e-01 5.444477e-01 8.227934e-01
      vertex 6.980424e-01 3.079515e-01 5.229411e-01
    endloop
  endfacet
  facet normal -4.341698e-02 7.763845e-01 -6.287624e-01
    outer loop
      vertex 6.980424e-01 3.079515e-01 5.229411e-01
      vertex 5.846344e-01 5.444477e-01 8.227934e-01
      vertex 7.752028e-01 5.766434e-01 8.493890e-01
    endloop
  endfacet
  facet normal -1.096746e-01 7.800079e-01 -6.160838e-01
    outer loop
      vertex 6.980424e-01 3.079515e-01 5.229411e-01
      vertex 7.752028e-01 5.766434e-01 8.493890e-01
      vertex 8.869155e-01 3.516966e-01 5.447027e-01
    endloop
  endfacet
  facet normal -4.127942e-01 6.538600e-01 -6.340883e-01
    outer loop
      vertex 8.869155e-01 3.516966e-01 5.447027e-01
      vertex 7.752028e-01 5.766434e-01 8.493890e-01
      vertex 9.492274e-01 6.607169e-01 8.227934e-01
    endloop
  endfacet
  facet normal -4.731938e-01 6.401057e-01 -6.052705e-01
    outer loop
      vertex 8.869155e-01 3.516966e-01 5.447027e-01
      vertex 9.492274e-01 6.607169e-01 8.227934e-01
      vertex 1.052082e+00 4.532178e-01 5.229411e-01
    endloop
  endfacet
  facet normal -7.196904e-01 4.304599e-01 -5.447476e-01
    outer loop
      vertex 1.052082e+00 4.532178e-01 5.229411e-01
      vertex 9.492274e-01 6.607169e-01 8.227934e-01
      vertex 1.080214e+00 7.838689e-01 7.470554e-01
    endloop
  endfacet
  facet normal -7.660271e-01 4.040409e-01 -4.999535e-01
    outer loop
      vertex 1.052082e+00 4.532178e-01 5.229411e-01
      vertex 1.080214e+00 7.838689e-01 7.470554e-01
      vertex 1.168398e+00 5.970594e-01 4.609693e-01
    endloop
  endfacet
  facet normal -9.170102e-01 1.394238e-01 -3.737022e-01
    outer loop
      vertex 1.168398e+00 5.970594e-01 4.609693e-01
      vertex 1.080214e+00 7.838689e-01 7.470554e-01
      vertex 1.148222e+00 9.273504e-01 6.337054e-01
    endloop
  endfacet
  facet normal -9.428143e-01 1.074259e-01 -3.155326e-01
    outer loop
      vertex 1.168398e+00 5.970594e-01 4.609693e-01
      vertex 1.148222e+00 9.273504e-01 6.337054e-01
      vertex 1.218154e+00 7.613229e-01 3.682220e-01
    endloop
  endfacet
  facet normal -9.735345e-01 -1.749761e-01 -1.470167e-01
    outer loop
      vertex 1.218154e+00 7.613229e-01 3.682220e-01
      vertex 1.148222e+00 9.273504e-01 6.337054e-01
      vertex 1.142897e+00 1.069318e+00 5.000000e-01
    endloop
  endfacet
  facet normal -9.756638e-01 -2.040148e-01 -8.036273e-02
    outer loop
      vertex 1.218154e+00 7.613229e-01 3.682220e-01
      vertex 1.142897e+00 1.069318e+00 5.000000e-01
      vertex 1.193776e+00 9.210005e-01 2.588190e-01
    endloop
  endfacet
  facet normal -8.800838e-01 -4.642093e-01 9.981062e-02
    outer loop
      vertex 1.193776e+00 9.210005e-01 2.588190e-01
      vertex 1.142897e+00 1.069318e+00 5.000000e-01
      vertex 1.065050e+00 1.188158e+00 3.662946e-01
    endloop
  endfacet
  facet normal -8.597270e-01 -4.821008e-01 1.686663e-01
    outer loop
      vertex 1.193776e+00 9.210005e-01 2.588190e-01
      vertex 1.065050e+00 1.188158e+00 3.662946e-01
      vertex 1.098976e+00 1.051783e+00 1.494161e-01
    endloop
  endfacet
  facet normal -6.516842e-01 -6.838648e-01 3.280803e-01
    outer loop
      vertex 1.098976e+00 1.051783e+00 1.494161e-01
      vertex 1.065050e+00 1.188158e+00 3.662946e-01
      vertex 9.265328e-01 1.265778e+00 2.529446e-01
    endloop
  endfacet
  facet normal -6.138682e-01 -6.847214e-01 3.928390e-01
    outer loop
      vertex 1.098976e+00 1.051783e+00 1.494161e-01
      vertex 9.265328e-01 1.265778e+00 2.529446e-01
      vertex 9.481843e-01 1.133760e+00 5.666877e-02
    endloop
  endfacet
  facet normal -3.244802e-01 -8.010570e-01 5.030113e-01
    outer loop
      vertex 9.481843e-01 1.133760e+00 5.666877e-02
      vertex 9.265328e-01 1.265778e+00 2.529446e-01
      vertex 7.484327e-01 1.290362e+00 1.772066e-01
    endloop
  endfacet
  facet normal -2.762909e-01 -7.822163e-01 5.583915e-01
    outer loop
      vertex 9.481843e-01 1.133760e+00 5.666877e-02
      vertex 7.484327e-01 1.290362e+00 1.772066e-01
      vertex 7.643593e-01 1.154450e+00 -5.303021e-03
    endloop
  endfacet
  facet normal 5.131400e-02 -7.988361e-01 5.993561e-01
    outer loop
      vertex 7.643593e-01 1.154450e+00 -5.303021e-03
      vertex 7.484327e-01 1.290362e+00 1.772066e-01
      vertex 5.578642e-01 1.258166e+00 1.506110e-01
    endloop
  endfacet
  facet normal 1.022443e-01 -7.604623e-01 6.412824e-01
    outer loop
      vertex 7.643593e-01 1.154450e+00 -5.303021e-03
      vertex 5.578642e-01 1.258166e+00 1.506110e-01
      vertex 5.754862e-01 1.110705e+00 -2.706462e-02
    endloop
  endfacet
  facet normal 4.196498e-01 -6.775772e-01 6.039728e-01
    outer loop
      vertex 5.754862e-01 1.110705e+00 -2.706462e-02
      vertex 5.578642e-01 1.258166e+00 1.506110e-01
      vertex 3.838397e-01 1.174093e+00 1.772066e-01
    endloop
  endfacet
  facet normal 4.653427e-01 -6.221110e-01 6.296301e-01
    outer loop
      vertex 5.754862e-01 1.110705e+00 -2.706462e-02
      vertex 3.838397e-01 1.174093e+00 1.772066e-01
      vertex 4.103193e-01 1.009184e+00 -5.303021e-03
    endloop
  endfacet
  facet normal 7.258847e-01 -4.546527e-01 5.161223e-01
    outer loop
      vertex 4.103193e-01 1.009184e+00 -5.303021e-03
      vertex 3.838397e-01 1.174093e+00 1.772066e-01
      vertex 2.528527e-01 1.050941e+00 2.529446e-01
    endloop
  endfacet
  facet normal 7.581560e-01 -3.869487e-01 5.248525e-01
    outer loop
      vertex 4.103193e-01 1.009184e+00 -5.303021e-03
      vertex 2.528527e-01 1.050941e+00 2.529446e-01
      vertex 2.940037e-01 8.653423e-01 5.666877e-02
    endloop
  endfacet
  facet normal 9.233370e-01 -1.629711e-01 3.476912e-01
    outer loop
      vertex 2.940037e-01 8.653423e-01 5.666877e-02
      vertex 2.528527e-01 1.050941e+00 2.529446e-01
      vertex 1.848449e-01 9.074590e-01 3.662946e-01
    endloop
  endfacet
  facet normal 9.353500e-01 -9.020474e-02 3.420284e-01
    outer loop
      vertex 2.940037e-01 8.653423e-01 5.666877e-02
      vertex 1.848449e-01 9.074590e-01 3.662946e-01
      vertex 2.442474e-01 7.010789e-01 1.494161e-01
    endloop
  endfacet
  facet normal 9.805523e-01 1.527884e-01 1.231785e-01
    outer loop
      vertex 2.442474e-01 7.010789e-01 1.494161e-01
      vertex 1.848449e-01 9.074590e-01 3.662946e-01
      vertex 1.901698e-01 7.654916e-01 5.000000e-01
    endloop
  endfacet
  facet normal 9.689032e-01 2.223323e-01 1.086043e-01
    outer loop
      vertex 2.442474e-01 7.010789e-01 1.494161e-01
      vertex 1.901698e-01 7.654916e-01 5.000000e-01
      vertex 2.686254e-01 5.414012e-01 2.588190e-01
    endloop
  endfacet
  facet normal 8.773202e-01 4.530044e-01 -1.584178e-01
    outer loop
      vertex 1.901698e-01 7.654916e-01 5.000000e-01
      vertex 1.191715e-01 9.754181e-01 7.071068e-01
      vertex 1.924700e-01 8.889983e-01 8.659123e-01
    endloop
  endfacet
  facet normal 8.952438e-01 4.204410e-01 -1.475393e-01
    outer loop
      vertex 1.901698e-01 7.654916e-01 5.000000e-01
      vertex 1.924700e-01 8.889983e-01 8.659123e-01
      vertex 2.680168e-01 6.466516e-01 6.337054e-01
    endloop
  endfacet
  facet normal 6.538068e-01 6.197512e-01 -4.341027e-01
    outer loop
      vertex 2.680168e-01 6.466516e-01 6.337054e-01
      vertex 1.924700e-01 8.889983e-01 8.659123e-01
      vertex 3.258261e-01 8.426144e-01 1.000541e+00
    endloop
  endfacet
  facet normal 6.816811e-01 5.952605e-01 -4.254125e-01
    outer loop
      vertex 2.680168e-01 6.466516e-01 6.337054e-01
      vertex 3.258261e-01 8.426144e-01 1.000541e+00
      vertex 4.065343e-01 5.690313e-01 7.470554e-01
    endloop
  endfacet
  facet normal 3.305905e-01 6.920674e-01 -6.416796e-01
    outer loop
      vertex 4.065343e-01 5.690313e-01 7.470554e-01
      vertex 3.258261e-01 8.426144e-01 1.000541e+00
      vertex 4.989377e-01 8.433281e-01 1.090497e+00
    endloop
  endfacet
  facet normal 3.651772e-01 6.770243e-01 -6.389708e-01
    outer loop
      vertex 4.065343e-01 5.690313e-01 7.470554e-01
      vertex 4.989377e-01 8.433281e-01 1.090497e+00
      vertex 5.846344e-01 5.444477e-01 8.227934e-01
    endloop
  endfacet
  facet normal -4.173771e-02 6.599404e-01 -7.501578e-01
    outer loop
      vertex 5.846344e-01 5.444477e-01 8.227934e-01
      vertex 4.989377e-01 8.433281e-01 1.090497e+00
      vertex 6.854501e-01 8.910307e-01 1.122086e+00
    endloop
  endfacet
  facet normal -5.036483e-03 6.544134e-01 -7.561202e-01
    outer loop
      vertex 5.846344e-01 5.444477e-01 8.227934e-01
      vertex 6.854501e-01 8.910307e-01 1.122086e+00
      vertex 7.752028e-01 5.766434e-01 8.493890e-01
    endloop
  endfacet
  facet normal -4.069689e-01 5.294560e-01 -7.443471e-01
    outer loop
      vertex 7.752028e-01 5.766434e-01 8.493890e-01
      vertex 6.854501e-01 8.910307e-01 1.122086e+00
      vertex 8.569684e-01 9.784599e-01 1.090497e+00
    endloop
  endfacet
  facet normal -3.731806e-01 5.320121e-01 -7.600654e-01
    outer loop
      vertex 7.752028e-01 5.766434e-01 8.493890e-01
      vertex 8.569684e-01 9.784599e-01 1.090497e+00
      vertex 9.492274e-01 6.607169e-01 8.227934e-01
    endloop
  endfacet
  facet normal -7.112985e-01 3.205141e-01 -6.255599e-01
    outer loop
      vertex 9.492274e-01 6.607169e-01 8.227934e-01
      vertex 8.569684e-01 9.784599e-01 1.090497e+00
      vertex 9.873806e-01 1.092305e+00 1.000541e+00
    endloop
  endfacet
  facet normal -6.848767e-01 3.284274e-01 -6.504455e-01
    outer loop
      vertex 9.492274e-01 6.607169e-01 8.227934e-01
      vertex 9.873806e-01 1.092305e+00 1.000541e+00
      vertex 1.080214e+00 7.838689e-01 7.470554e-01
    endloop
  endfacet
  facet normal -9.094709e-01 6.390088e-02 -4.108276e-01
    outer loop
      vertex 1.080214e+00 7.838689e-01 7.470554e-01
      vertex 9.873806e-01 1.092305e+00 1.000541e+00
      vertex 1.056833e+00 1.215235e+00 8.659123e-01
    endloop
  endfacet
  facet normal -8.935315e-01 7.360900e-02 -4.429256e-01
    outer loop
      vertex 1.080214e+00 7.838689e-01 7.470554e-01
      vertex 1.056833e+00 1.215235e+00 8.659123e-01
      vertex 1.148222e+00 9.273504e-01 6.337054e-01
    endloop
  endfacet
  facet normal -9.705106e-01 -2.020686e-01 -1.314434e-01
    outer loop
      vertex 1.148222e+00 9.273504e-01 6.337054e-01
      vertex 1.056833e+00 1.215235e+00 8.659123e-01
      vertex 1.054751e+00 1.328534e+00 7.071068e-01
    endloop
  endfacet
  facet normal -9.664282e-01 -1.944359e-01 -1.679620e-01
    outer loop
      vertex 1.148222e+00 9.273504e-01 6.337054e-01
      vertex 1.054751e+00 1.328534e+00 7.071068e-01
      vertex 1.142897e+00 1.069318e+00 5.000000e-01
    endloop
  endfacet
  facet normal -8.834688e-01 -4.364563e-01 1.702610e-01
    outer loop
      vertex 1.142897e+00 1.069318e+00 5.000000e-01
      vertex 1.054751e+00 1.328534e+00 7.071068e-01
      vertex 9.814525e-01 1.414954e+00 5.483013e-01
    endloop
  endfacet
  facet normal -8.908381e-01 -4.346054e-01 1.323846e-01
    outer loop
      vertex 1.142897e+00 1.069318e+00 5.000000e-01
      vertex 9.814525e-01 1.414954e+00 5.483013e-01
      vertex 1.065050e+00 1.188158e+00 3.662946e-01
    endloop
  endfacet
  facet normal -6.610350e-01 -6.025369e-01 4.471934e-01
    outer loop
      vertex 1.065050e+00 1.188158e+00 3.662946e-01
      vertex 9.814525e-01 1.414954e+00 5.483013e-01
      vertex 8.480964e-01 1.461338e+00 4.136725e-01
    endloop
  endfacet
  facet normal -6.778703e-01 -6.096170e-01 4.109244e-01
    outer loop
      vertex 1.065050e+00 1.188158e+00 3.662946e-01
      vertex 8.480964e-01 1.461338e+00 4.136725e-01
      vertex 9.265328e-01 1.265778e+00 2.529446e-01
    endloop
  endfacet
  facet normal -3.381104e-01 -6.747794e-01 6.560138e-01
    outer loop
      vertex 9.265328e-01 1.265778e+00 2.529446e-01
      vertex 8.480964e-01 1.461338e+00 4.136725e-01
      vertex 6.749848e-01 1.460624e+00 3.237164e-01
    endloop
  endfacet
  facet normal -3.610676e-01 -6.928509e-01 6.241697e-01
    outer loop
      vertex 9.265328e-01 1.265778e+00 2.529446e-01
      vertex 6.749848e-01 1.460624e+00 3.237164e-01
      vertex 7.484327e-01 1.290362e+00 1.772066e-01
    endloop
  endfacet
  facet normal 3.494051e-02 -6.431529e-01 7.649402e-01
    outer loop
      vertex 7.484327e-01 1.290362e+00 1.772066e-01
      vertex 6.749848e-01 1.460624e+00 3.237164e-01
      vertex 4.884724e-01 1.412922e+00 2.921280e-01
    endloop
  endfacet
  facet normal 1.027560e-02 -6.722881e-01 7.402183e-01
    outer loop
      vertex 7.484327e-01 1.290362e+00 1.772066e-01
      vertex 4.884724e-01 1.412922e+00 2.921280e-01
      vertex 5.578642e-01 1.258166e+00 1.506110e-01
    endloop
  endfacet
  facet normal 4.014294e-01 -5.135146e-01 7.583912e-01
    outer loop
      vertex 5.578642e-01 1.258166e+00 1.506110e-01
      vertex 4.884724e-01 1.412922e+00 2.921280e-01
      vertex 3.169540e-01 1.325493e+00 3.237164e-01
    endloop
  endfacet
  facet normal 3.798127e-01 -5.511552e-01 7.429470e-01
    outer loop
      vertex 5.578642e-01 1.258166e+00 1.506110e-01
      vertex 3.169540e-01 1.325493e+00 3.237164e-01
      vertex 3.838397e-01 1.174093e+00 1.772066e-01
    endloop
  endfacet
  facet normal 7.067521e-01 -3.053354e-01 6.381785e-01
    outer loop
      vertex 3.838397e-01 1.174093e+00 1.772066e-01
      vertex 3.169540e-01 1.325493e+00 3.237164e-01
      vertex 1.865418e-01 1.211647e+00 4.136725e-01
    endloop
  endfacet
  facet normal 6.922242e-01 -3.471565e-01 6.326990e-01
    outer loop
      vertex 3.838397e-01 1.174093e+00 1.772066e-01
      vertex 1.865418e-01 1.211647e+00 4.136725e-01
      vertex 2.528527e-01 1.050941e+00 2.529446e-01
    endloop
  endfacet
  facet normal 9.051351e-01 -4.888247e-02 4.223042e-01
    outer loop
      vertex 2.528527e-01 1.050941e+00 2.529446e-01
      vertex 1.865418e-01 1.211647e+00 4.136725e-01
      vertex 1.170899e-01 1.088717e+00 5.483013e-01
    endloop
  endfacet
  facet normal 9.004165e-01 -9.065575e-02 4.254782e-01
    outer loop
      vertex 2.528527e-01 1.050941e+00 2.529446e-01
      vertex 1.170899e-01 1.088717e+00 5.483013e-01
      vertex 1.848449e-01 9.074590e-01 3.662946e-01
    endloop
  endfacet
  facet normal 9.655387e-01 2.176839e-01 1.426492e-01
    outer loop
      vertex 1.848449e-01 9.074590e-01 3.662946e-01
      vertex 1.170899e-01 1.088717e+00 5.483013e-01
      vertex 1.191715e-01 9.754181e-01 7.071068e-01
    endloop
  endfacet
  facet normal 9.720628e-01 1.792159e-01 1.515770e-01
    outer loop
      vertex 1.848449e-01 9.074590e-01 3.662946e-01
      vertex 1.191715e-01 9.754181e-01 7.071068e-01
      vertex 1.901698e-01 7.654916e-01 5.000000e-01
    endloop
  endfacet
  facet normal 8.374813e-01 5.134711e-01 -1.870093e-01
    outer loop
      vertex 1.191715e-01 9.754181e-01 7.071068e-01
      vertex 2.265609e-02 1.190716e+00 8.660254e-01
      vertex 8.967390e-02 1.146132e+00 1.043736e+00
    endloop
  endfacet
  facet normal 8.756063e-01 4.574013e-01 -1.552340e-01
    outer loop
      vertex 1.191715e-01 9.754181e-01 7.071068e-01
      vertex 8.967390e-02 1.146132e+00 1.043736e+00
      vertex 1.924700e-01 8.889983e-01 8.659123e-01
    endloop
  endfacet
  facet normal 6.226528e-01 5.979661e-01 -5.047178e-01
    outer loop
      vertex 1.924700e-01 8.889983e-01 8.659123e-01
      vertex 8.967390e-02 1.146132e+00 1.043736e+00
      vertex 2.136072e-01 1.144244e+00 1.194392e+00
    endloop
  endfacet
  facet normal 6.772198e-01 5.592449e-01 -4.781407e-01
    outer loop
      vertex 1.924700e-01 8.889983e-01 8.659123e-01
      vertex 2.136072e-01 1.144244e+00 1.194392e+00
      vertex 3.258261e-01 8.426144e-01 1.000541e+00
    endloop
  endfacet
  facet normal 3.110793e-01 5.930278e-01 -7.426625e-01
    outer loop
      vertex 3.258261e-01 8.426144e-01 1.000541e+00
      vertex 2.136072e-01 1.144244e+00 1.194392e+00
      vertex 3.755883e-01 1.185340e+00 1.295057e+00
    endloop
  endfacet
  facet normal 3.764405e-01 5.717617e-01 -7.289589e-01
    outer loop
      vertex 3.258261e-01 8.426144e-01 1.000541e+00
      vertex 3.755883e-01 1.185340e+00 1.295057e+00
      vertex 4.989377e-01 8.433281e-01 1.090497e+00
    endloop
  endfacet
  facet normal -4.759661e-02 5.000200e-01 -8.647049e-01
    outer loop
      vertex 4.989377e-01 8.433281e-01 1.090497e+00
      vertex 3.755883e-01 1.185340e+00 1.295057e+00
      vertex 5.509571e-01 1.263164e+00 1.330406e+00
    endloop
  endfacet
  facet normal 2.083583e-02 4.940880e-01 -8.691622e-01
    outer loop
      vertex 4.989377e-01 8.433281e-01 1.090497e+00
      vertex 5.509571e-01 1.263164e+00 1.330406e+00
      vertex 6.854501e-01 8.910307e-01 1.122086e+00
    endloop
  endfacet
  facet normal -3.981808e-01 3.342897e-01 -8.542262e-01
    outer loop
      vertex 6.854501e-01 8.910307e-01 1.122086e+00
      vertex 5.509571e-01 1.263164e+00 1.330406e+00
      vertex 7.130152e-01 1.365867e+00 1.295057e+00
    endloop
  endfacet
  facet normal -3.349757e-01 3.396071e-01 -8.788961e-01
    outer loop
      vertex 6.854501e-01 8.910307e-01 1.122086e+00
      vertex 7.130152e-01 1.365867e+00 1.295057e+00
      vertex 8.569684e-01 9.784599e-01 1.090497e+00
    endloop
  endfacet
  facet normal -6.890599e-01 1.212273e-01 -7.144931e-01
    outer loop
      vertex 8.569684e-01 9.784599e-01 1.090497e+00
      vertex 7.130152e-01 1.365867e+00 1.295057e+00
      vertex 8.370907e-01 1.477813e+00 1.194392e+00
    endloop
  endfacet
  facet normal -6.384895e-01 1.323275e-01 -7.581692e-01
    outer loop
      vertex 8.569684e-01 9.784599e-01 1.090497e+00
      vertex 8.370907e-01 1.477813e+00 1.194392e+00
      vertex 9.873806e-01 1.092305e+00 1.000541e+00
    endloop
  endfacet
  facet normal -8.780569e-01 -1.078618e-01 -4.662423e-01
    outer loop
      vertex 9.873806e-01 1.092305e+00 1.000541e+00
      vertex 8.370907e-01 1.477813e+00 1.194392e+00
      vertex 9.042943e-01 1.581961e+00 1.043736e+00
    endloop
  endfacet
  facet normal -8.455738e-01 -9.717193e-02 -5.249405e-01
    outer loop
      vertex 9.873806e-01 1.092305e+00 1.000541e+00
      vertex 9.042943e-01 1.581961e+00 1.043736e+00
      vertex 1.056833e+00 1.215235e+00 8.659123e-01
    endloop
  endfacet
  facet normal -9.365190e-01 -3.191827e-01 -1.451017e-01
    outer loop
      vertex 1.056833e+00 1.215235e+00 8.659123e-01
      vertex 9.042943e-01 1.581961e+00 1.043736e+00
      vertex 9.043949e-01 1.662454e+00 8.660254e-01
    endloop
  endfacet
  facet normal -9.248721e-01 -3.151957e-01 -2.127517e-01
    outer loop
      vertex 1.056833e+00 1.215235e+00 8.659123e-01
      vertex 9.043949e-01 1.662454e+00 8.660254e-01
      vertex 1.054751e+00 1.328534e+00 7.071068e-01
    endloop
  endfacet
  facet normal -8.536774e-01 -4.802640e-01 2.014481e-01
    outer loop
      vertex 1.054751e+00 1.328534e+00 7.071068e-01
      vertex 9.043949e-01 1.662454e+00 8.660254e-01
      vertex 8.373771e-01 1.707038e+00 6.883146e-01
    endloop
  endfacet
  facet normal -8.623882e-01 -4.887099e-01 1.320953e-01
    outer loop
      vertex 1.054751e+00 1.328534e+00 7.071068e-01
      vertex 8.373771e-01 1.707038e+00 6.883146e-01
      vertex 9.814525e-01 1.414954e+00 5.483013e-01
    endloop
  endfacet
  facet normal -6.405644e-01 -5.651721e-01 5.198632e-01
    outer loop
      vertex 9.814525e-01 1.414954e+00 5.483013e-01
      vertex 8.373771e-01 1.707038e+00 6.883146e-01
      vertex 7.134438e-01 1.708925e+00 5.376587e-01
    endloop
  endfacet
  facet normal -6.658129e-01 -5.905001e-01 4.560732e-01
    outer loop
      vertex 9.814525e-01 1.414954e+00 5.483013e-01
      vertex 7.134438e-01 1.708925e+00 5.376587e-01
      vertex 8.480964e-01 1.461338e+00 4.136725e-01
    endloop
  endfacet
  facet normal -3.301221e-01 -5.600525e-01 7.598425e-01
    outer loop
      vertex 8.480964e-01 1.461338e+00 4.136725e-01
      vertex 7.134438e-01 1.708925e+00 5.376587e-01
      vertex 5.514626e-01 1.667829e+00 4.369937e-01
    endloop
  endfacet
  facet normal -3.652873e-01 -6.046862e-01 7.077568e-01
    outer loop
      vertex 8.480964e-01 1.461338e+00 4.136725e-01
      vertex 5.514626e-01 1.667829e+00 4.369937e-01
      vertex 6.749848e-01 1.460624e+00 3.237164e-01
    endloop
  endfacet
  facet normal 2.869345e-02 -4.662683e-01 8.841779e-01
    outer loop
      vertex 6.749848e-01 1.460624e+00 3.237164e-01
      vertex 5.514626e-01 1.667829e+00 4.369937e-01
      vertex 3.760939e-01 1.590006e+00 4.016448e-01
    endloop
  endfacet
  facet normal -8.164683e-03 -5.297099e-01 8.481396e-01
    outer loop
      vertex 6.749848e-01 1.460624e+00 3.237164e-01
      vertex 3.760939e-01 1.590006e+00 4.016448e-01
      vertex 4.884724e-01 1.412922e+00 2.921280e-01
    endloop
  endfacet
  facet normal 3.806414e-01 -2.995063e-01 8.748761e-01
    outer loop
      vertex 4.884724e-01 1.412922e+00 2.921280e-01
      vertex 3.760939e-01 1.590006e+00 4.016448e-01
      vertex 2.140358e-01 1.487303e+00 4.369937e-01
    endloop
  endfacet
  facet normal 3.502447e-01 -3.773743e-01 8.572732e-01
    outer loop
      vertex 4.884724e-01 1.412922e+00 2.921280e-01
      vertex 2.140358e-01 1.487303e+00 4.369937e-01
      vertex 3.169540e-01 1.325493e+00 3.237164e-01
    endloop
  endfacet
  facet normal 6.732891e-01 -8.586859e-02 7.343761e-01
    outer loop
      vertex 3.169540e-01 1.325493e+00 3.237164e-01
      vertex 2.140358e-01 1.487303e+00 4.369937e-01
      vertex 8.996027e-02 1.375356e+00 5.376587e-01
    endloop
  endfacet
  facet normal 6.558323e-01 -1.701145e-01 7.354896e-01
    outer loop
      vertex 3.169540e-01 1.325493e+00 3.237164e-01
      vertex 8.996027e-02 1.375356e+00 5.376587e-01
      vertex 1.865418e-01 1.211647e+00 4.136725e-01
    endloop
  endfacet
  facet normal 8.633816e-01 1.428743e-01 4.838999e-01
    outer loop
      vertex 1.865418e-01 1.211647e+00 4.136725e-01
      vertex 8.996027e-02 1.375356e+00 5.376587e-01
      vertex 2.275665e-02 1.271209e+00 6.883146e-01
    endloop
  endfacet
  facet normal 8.630535e-01 6.146997e-02 5.013583e-01
    outer loop
      vertex 1.865418e-01 1.211647e+00 4.136725e-01
      vertex 2.275665e-02 1.271209e+00 6.883146e-01
      vertex 1.170899e-01 1.088717e+00 5.483013e-01
    endloop
  endfacet
  facet normal 9.216510e-01 3.532570e-01 1.605270e-01
    outer loop
      vertex 1.170899e-01 1.088717e+00 5.483013e-01
      vertex 2.275665e-02 1.271209e+00 6.883146e-01
      vertex 2.265609e-02 1.190716e+00 8.660254e-01
    endloop
  endfacet
  facet normal 9.405717e-01 2.821581e-01 1.889754e-01
    outer loop
      vertex 1.170899e-01 1.088717e+00 5.483013e-01
      vertex 2.265609e-02 1.190716e+00 8.660254e-01
      vertex 1.191715e-01 9.754181e-01 7.071068e-01
    endloop
  endfacet
  facet normal 7.767872e-01 5.970417e-01 -2.003568e-01
    outer loop
      vertex 2.265609e-02 1.190716e+00 8.660254e-01
      vertex -1.200094e-01 1.409857e+00 9.659258e-01
      vertex -6.902862e-02 1.406713e+00 1.154211e+00
    endloop
  endfacet
  facet normal 8.100086e-01 5.629500e-01 -1.642356e-01
    outer loop
      vertex 2.265609e-02 1.190716e+00 8.660254e-01
      vertex -6.902862e-02 1.406713e+00 1.154211e+00
      vertex 8.967390e-02 1.146132e+00 1.043736e+00
    endloop
  endfacet
  facet normal 5.917693e-01 5.922487e-01 -5.468551e-01
    outer loop
      vertex 8.967390e-02 1.146132e+00 1.043736e+00
      vertex -6.902862e-02 1.406713e+00 1.154211e+00
      vertex 3.392867e-02 1.451225e+00 1.313831e+00
    endloop
  endfacet
  facet normal 6.362805e-01 5.732764e-01 -5.162377e-01
    outer loop
      vertex 8.967390e-02 1.146132e+00 1.043736e+00
      vertex 3.392867e-02 1.451225e+00 1.313831e+00
      vertex 2.136072e-01 1.144244e+00 1.194392e+00
    endloop
  endfacet
  facet normal 3.136775e-01 4.981211e-01 -8.083822e-01
    outer loop
      vertex 2.136072e-01 1.144244e+00 1.194392e+00
      vertex 3.392867e-02 1.451225e+00 1.313831e+00
      vertex 1.731881e-01 1.536617e+00 1.420486e+00
    endloop
  endfacet
  facet normal 3.657271e-01 4.926766e-01 -7.896287e-01
    outer loop
      vertex 2.136072e-01 1.144244e+00 1.194392e+00
      vertex 1.731881e-01 1.536617e+00 1.420486e+00
      vertex 3.755883e-01 1.185340e+00 1.295057e+00
    endloop
  endfacet
  facet normal -1.286534e-02 3.296624e-01 -9.440112e-01
    outer loop
      vertex 3.755883e-01 1.185340e+00 1.295057e+00
      vertex 1.731881e-01 1.536617e+00 1.420486e+00
      vertex 3.275488e-01 1.649888e+00 1.457939e+00
    endloop
  endfacet
  facet normal 4.138476e-02 3.343998e-01 -9.415222e-01
    outer loop
      vertex 3.755883e-01 1.185340e+00 1.295057e+00
      vertex 3.275488e-01 1.649888e+00 1.457939e+00
      vertex 5.509571e-01 1.263164e+00 1.330406e+00
    endloop
  endfacet
  facet normal -3.365113e-01 1.138648e-01 -9.347700e-01
    outer loop
      vertex 5.509571e-01 1.263164e+00 1.330406e+00
      vertex 3.275488e-01 1.649888e+00 1.457939e+00
      vertex 4.735105e-01 1.773794e+00 1.420486e+00
    endloop
  endfacet
  facet normal -2.859863e-01 1.242403e-01 -9.501454e-01
    outer loop
      vertex 5.509571e-01 1.263164e+00 1.330406e+00
      vertex 4.735105e-01 1.773794e+00 1.420486e+00
      vertex 7.130152e-01 1.365867e+00 1.295057e+00
    endloop
  endfacet
  facet normal -6.089465e-01 -1.162660e-01 -7.846441e-01
    outer loop
      vertex 7.130152e-01 1.365867e+00 1.295057e+00
      vertex 4.735105e-01 1.773794e+00 1.420486e+00
      vertex 5.888521e-01 1.889472e+00 1.313831e+00
    endloop
  endfacet
  facet normal -5.675200e-01 -1.052967e-01 -8.165988e-01
    outer loop
      vertex 7.130152e-01 1.365867e+00 1.295057e+00
      vertex 5.888521e-01 1.889472e+00 1.313831e+00
      vertex 8.370907e-01 1.477813e+00 1.194392e+00
    endloop
  endfacet
  facet normal -7.910852e-01 -3.270573e-01 -5.169310e-01
    outer loop
      vertex 8.370907e-01 1.477813e+00 1.194392e+00
      vertex 5.888521e-01 1.889472e+00 1.313831e+00
      vertex 6.560138e-01 1.979310e+00 1.154211e+00
    endloop
  endfacet
  facet normal -7.627455e-01 -3.204149e-01 -5.617415e-01
    outer loop
      vertex 8.370907e-01 1.477813e+00 1.194392e+00
      vertex 6.560138e-01 1.979310e+00 1.154211e+00
      vertex 9.042943e-01 1.581961e+00 1.043736e+00
    endloop
  endfacet
  facet normal -8.562577e-01 -4.877136e-01 -1.701711e-01
    outer loop
      vertex 9.042943e-01 1.581961e+00 1.043736e+00
      vertex 6.560138e-01 1.979310e+00 1.154211e+00
      vertex 6.647709e-01 2.029631e+00 9.659258e-01
    endloop
  endfacet
  facet normal -8.430689e-01 -4.897159e-01 -2.222907e-01
    outer loop
      vertex 9.042943e-01 1.581961e+00 1.043736e+00
      vertex 6.647709e-01 2.029631e+00 9.659258e-01
      vertex 9.043949e-01 1.662454e+00 8.660254e-01
    endloop
  endfacet
  facet normal -7.931406e-01 -5.734367e-01 2.051788e-01
    outer loop
      vertex 9.043949e-01 1.662454e+00 8.660254e-01
      vertex 6.647709e-01 2.029631e+00 9.659258e-01
      vertex 6.137900e-01 2.032775e+00 7.776407e-01
    endloop
  endfacet
  facet normal -7.948415e-01 -5.873708e-01 1.523892e-01
    outer loop
      vertex 9.043949e-01 1.662454e+00 8.660254e-01
      vertex 6.137900e-01 2.032775e+00 7.776407e-01
      vertex 8.373771e-01 1.707038e+00 6.883146e-01
    endloop
  endfacet
  facet normal -6.092520e-01 -5.695082e-01 5.517902e-01
    outer loop
      vertex 8.373771e-01 1.707038e+00 6.883146e-01
      vertex 6.137900e-01 2.032775e+00 7.776407e-01
      vertex 5.108328e-01 1.988263e+00 6.180202e-01
    endloop
  endfacet
  facet normal -6.230709e-01 -5.972319e-01 5.050710e-01
    outer loop
      vertex 8.373771e-01 1.707038e+00 6.883146e-01
      vertex 5.108328e-01 1.988263e+00 6.180202e-01
      vertex 7.134438e-01 1.708925e+00 5.376587e-01
    endloop
  endfacet
  facet normal -3.323504e-01 -4.754046e-01 8.145758e-01
    outer loop
      vertex 7.134438e-01 1.708925e+00 5.376587e-01
      vertex 5.108328e-01 1.988263e+00 6.180202e-01
      vertex 3.715733e-01 1.902871e+00 5.113652e-01
    endloop
  endfacet
  facet normal -3.533083e-01 -5.170876e-01 7.796112e-01
    outer loop
      vertex 7.134438e-01 1.708925e+00 5.376587e-01
      vertex 3.715733e-01 1.902871e+00 5.113652e-01
      vertex 5.514626e-01 1.667829e+00 4.369937e-01
    endloop
  endfacet
  facet normal -6.363039e-03 -3.060937e-01 9.519801e-01
    outer loop
      vertex 5.514626e-01 1.667829e+00 4.369937e-01
      vertex 3.715733e-01 1.902871e+00 5.113652e-01
      vertex 2.172127e-01 1.789600e+00 4.739130e-01
    endloop
  endfacet
  facet normal -2.817691e-02 -3.600652e-01 9.325015e-01
    outer loop
      vertex 5.514626e-01 1.667829e+00 4.369937e-01
      vertex 2.172127e-01 1.789600e+00 4.739130e-01
      vertex 3.760939e-01 1.590006e+00 4.016448e-01
    endloop
  endfacet
  facet normal 3.176987e-01 -8.890938e-02 9.440141e-01
    outer loop
      vertex 3.760939e-01 1.590006e+00 4.016448e-01
      vertex 2.172127e-01 1.789600e+00 4.739130e-01
      vertex 7.125087e-02 1.665694e+00 5.113652e-01
    endloop
  endfacet
  facet normal 3.012719e-01 -1.513528e-01 9.414497e-01
    outer loop
      vertex 3.760939e-01 1.590006e+00 4.016448e-01
      vertex 7.125087e-02 1.665694e+00 5.113652e-01
      vertex 2.140358e-01 1.487303e+00 4.369937e-01
    endloop
  endfacet
  facet normal 5.912826e-01 1.423260e-01 7.938062e-01
    outer loop
      vertex 2.140358e-01 1.487303e+00 4.369937e-01
      vertex 7.125087e-02 1.665694e+00 5.113652e-01
      vertex -4.409072e-02 1.550016e+00 6.180202e-01
    endloop
  endfacet
  facet normal 5.850137e-01 7.755233e-02 8.073070e-01
    outer loop
      vertex 2.140358e-01 1.487303e+00 4.369937e-01
      vertex -4.409072e-02 1.550016e+00 6.180202e-01
      vertex 8.996027e-02 1.375356e+00 5.376587e-01
    endloop
  endfacet
  facet normal 7.746178e-01 3.531154e-01 5.246683e-01
    outer loop
      vertex 8.996027e-02 1.375356e+00 5.376587e-01
      vertex -4.409072e-02 1.550016e+00 6.180202e-01
      vertex -1.112524e-01 1.460178e+00 7.776407e-01
    endloop
  endfacet
  facet normal 7.810903e-01 2.933543e-01 5.512179e-01
    outer loop
      vertex 8.996027e-02 1.375356e+00 5.376587e-01
      vertex -1.112524e-01 1.460178e+00 7.776407e-01
      vertex 2.275665e-02 1.271209e+00 6.883146e-01
    endloop
  endfacet
  facet normal 8.403263e-01 5.126789e-01 1.761024e-01
    outer loop
      vertex 2.275665e-02 1.271209e+00 6.883146e-01
      vertex -1.112524e-01 1.460178e+00 7.776407e-01
      vertex -1.200094e-01 1.409857e+00 9.659258e-01
    endloop
  endfacet
  facet normal 8.603749e-01 4.640756e-01 2.106869e-01
    outer loop
      vertex 2.275665e-02 1.271209e+00 6.883146e-01
      vertex -1.200094e-01 1.409857e+00 9.659258e-01
      vertex 2.265609e-02 1.190716e+00 8.660254e-01
    endloop
  endfacet
  facet normal 6.875561e-01 6.996313e-01 -1.943776e-01
    outer loop
      vertex -1.200094e-01 1.409857e+00 9.659258e-01
      vertex -3.196665e-01 1.615535e+00 1.000000e+00
      vertex -2.954566e-01 1.644903e+00 1.191342e+00
    endloop
  endfacet
  facet normal 6.992446e-01 6.924272e-01 -1.777683e-01
    outer loop
      vertex -1.200094e-01 1.409857e+00 9.659258e-01
      vertex -2.954566e-01 1.644903e+00 1.191342e+00
      vertex -6.902862e-02 1.406713e+00 1.154211e+00
    endloop
  endfacet
  facet normal 5.578618e-01 6.168654e-01 -5.552182e-01
    outer loop
      vertex -6.902862e-02 1.406713e+00 1.154211e+00
      vertex -2.954566e-01 1.644903e+00 1.191342e+00
      vertex -2.262661e-01 1.728332e+00 1.353553e+00
    endloop
  endfacet
  facet normal 5.729188e-01 6.155312e-01 -5.411889e-01
    outer loop
      vertex -6.902862e-02 1.406713e+00 1.154211e+00
      vertex -2.262661e-01 1.728332e+00 1.353553e+00
      vertex 3.392867e-02 1.451225e+00 1.313831e+00
    endloop
  endfacet
  facet normal 3.407199e-01 4.390931e-01 -8.313286e-01
    outer loop
      vertex 3.392867e-02 1.451225e+00 1.313831e+00
      vertex -2.262661e-01 1.728332e+00 1.353553e+00
      vertex -1.226286e-01 1.853119e+00 1.461940e+00
    endloop
  endfacet
  facet normal 3.582645e-01 4.425207e-01 -8.220839e-01
    outer loop
      vertex 3.392867e-02 1.451225e+00 1.313831e+00
      vertex -1.226286e-01 1.853119e+00 1.461940e+00
      vertex 1.731881e-01 1.536617e+00 1.420486e+00
    endloop
  endfacet
  facet normal 7.074326e-02 1.942631e-01 -9.783952e-01
    outer loop
      vertex 1.731881e-01 1.536617e+00 1.420486e+00
      vertex -1.226286e-01 1.853119e+00 1.461940e+00
      vertex -3.220570e-04 2.000268e+00 1.500000e+00
    endloop
  endfacet
  facet normal 8.938388e-02 2.007519e-01 -9.755558e-01
    outer loop
      vertex 1.731881e-01 1.536617e+00 1.420486e+00
      vertex -3.220570e-04 2.000268e+00 1.500000e+00
      vertex 3.275488e-01 1.649888e+00 1.457939e+00
    endloop
  endfacet
  facet normal -2.088926e-01 -7.845539e-02 -9.747865e-01
    outer loop
      vertex 3.275488e-01 1.649888e+00 1.457939e+00
      vertex -3.220570e-04 2.000268e+00 1.500000e+00
      vertex 1.220335e-01 2.147376e+00 1.461940e+00
    endloop
  endfacet
  facet normal -1.909351e-01 -7.100291e-02 -9.790313e-01
    outer loop
      vertex 3.275488e-01 1.649888e+00 1.457939e+00
      vertex 1.220335e-01 2.147376e+00 1.461940e+00
      vertex 4.735105e-01 1.773794e+00 1.420486e+00
    endloop
  endfacet
  facet normal -4.555090e-01 -3.371331e-01 -8.239253e-01
    outer loop
      vertex 4.735105e-01 1.773794e+00 1.420486e+00
      vertex 1.220335e-01 2.147376e+00 1.461940e+00
      vertex 2.258106e-01 2.272047e+00 1.353553e+00
    endloop
  endfacet
  facet normal -4.400457e-01 -3.309043e-01 -8.347827e-01
    outer loop
      vertex 4.735105e-01 1.773794e+00 1.420486e+00
      vertex 2.258106e-01 2.272047e+00 1.353553e+00
      vertex 5.888521e-01 1.889472e+00 1.313831e+00
    endloop
  endfacet
  facet normal -6.334812e-01 -5.440071e-01 -5.502343e-01
    outer loop
      vertex 5.888521e-01 1.889472e+00 1.313831e+00
      vertex 2.258106e-01 2.272047e+00 1.353553e+00
      vertex 2.952101e-01 2.355302e+00 1.191342e+00
    endloop
  endfacet
  facet normal -6.219750e-01 -5.409402e-01 -5.661544e-01
    outer loop
      vertex 5.888521e-01 1.889472e+00 1.313831e+00
      vertex 2.952101e-01 2.355302e+00 1.191342e+00
      vertex 6.560138e-01 1.979310e+00 1.154211e+00
    endloop
  endfacet
  facet normal -7.173515e-01 -6.692462e-01 -1.936912e-01
    outer loop
      vertex 6.560138e-01 1.979310e+00 1.154211e+00
      vertex 2.952101e-01 2.355302e+00 1.191342e+00
      vertex 3.196665e-01 2.384465e+00 1.000000e+00
    endloop
  endfacet
  facet normal -7.106344e-01 -6.707602e-01 -2.123196e-01
    outer loop
      vertex 6.560138e-01 1.979310e+00 1.154211e+00
      vertex 3.196665e-01 2.384465e+00 1.000000e+00
      vertex 6.647709e-01 2.029631e+00 9.659258e-01
    endloop
  endfacet
  facet normal -6.938284e-01 -6.934547e-01 1.942232e-01
    outer loop
      vertex 6.647709e-01 2.029631e+00 9.659258e-01
      vertex 3.196665e-01 2.384465e+00 1.000000e+00
      vertex 2.954566e-01 2.355097e+00 8.086584e-01
    endloop
  endfacet
  facet normal -6.919288e-01 -7.002709e-01 1.756565e-01
    outer loop
      vertex 6.647709e-01 2.029631e+00 9.659258e-01
      vertex 2.954566e-01 2.355097e+00 8.086584e-01
      vertex 6.137900e-01 2.032775e+00 7.776407e-01
    endloop
  endfacet
  facet normal -5.645268e-01 -6.109522e-01 5.550198e-01
    outer loop
      vertex 6.137900e-01 2.032775e+00 7.776407e-01
      vertex 2.954566e-01 2.355097e+00 8.086584e-01
      vertex 2.262661e-01 2.271668e+00 6.464467e-01
    endloop
  endfacet
  facet normal -5.666272e-01 -6.230345e-01 5.392232e-01
    outer loop
      vertex 6.137900e-01 2.032775e+00 7.776407e-01
      vertex 2.262661e-01 2.271668e+00 6.464467e-01
      vertex 5.108328e-01 1.988263e+00 6.180202e-01
    endloop
  endfacet
  facet normal -3.481744e-01 -4.329967e-01 8.314376e-01
    outer loop
      vertex 5.108328e-01 1.988263e+00 6.180202e-01
      vertex 2.262661e-01 2.271668e+00 6.464467e-01
      vertex 1.226286e-01 2.146881e+00 5.380604e-01
    endloop
  endfacet
  facet normal -3.527485e-01 -4.496572e-01 8.205954e-01
    outer loop
      vertex 5.108328e-01 1.988263e+00 6.180202e-01
      vertex 1.226286e-01 2.146881e+00 5.380604e-01
      vertex 3.715733e-01 1.902871e+00 5.113652e-01
    endloop
  endfacet
  facet normal -7.892644e-02 -1.876341e-01 9.790628e-01
    outer loop
      vertex 3.715733e-01 1.902871e+00 5.113652e-01
      vertex 1.226286e-01 2.146881e+00 5.380604e-01
      vertex 3.220570e-04 1.999732e+00 5.000002e-01
    endloop
  endfacet
  facet normal -8.403011e-02 -2.077225e-01 9.745719e-01
    outer loop
      vertex 3.715733e-01 1.902871e+00 5.113652e-01
      vertex 3.220570e-04 1.999732e+00 5.000002e-01
      vertex 2.172127e-01 1.789600e+00 4.739130e-01
    endloop
  endfacet
  facet normal 2.004705e-01 8.575855e-02 9.759391e-01
    outer loop
      vertex 2.172127e-01 1.789600e+00 4.739130e-01
      vertex 3.220570e-04 1.999732e+00 5.000002e-01
      vertex -1.220335e-01 1.852624e+00 5.380604e-01
    endloop
  endfacet
  facet normal 1.968526e-01 6.382709e-02 9.783533e-01
    outer loop
      vertex 2.172127e-01 1.789600e+00 4.739130e-01
      vertex -1.220335e-01 1.852624e+00 5.380604e-01
      vertex 7.125087e-02 1.665694e+00 5.113652e-01
    endloop
  endfacet
  facet normal 4.474823e-01 3.448581e-01 8.251257e-01
    outer loop
      vertex 7.125087e-02 1.665694e+00 5.113652e-01
      vertex -1.220335e-01 1.852624e+00 5.380604e-01
      vertex -2.258106e-01 1.727953e+00 6.464467e-01
    endloop
  endfacet
  facet normal 4.470237e-01 3.232818e-01 8.340616e-01
    outer loop
      vertex 7.125087e-02 1.665694e+00 5.113652e-01
      vertex -2.258106e-01 1.727953e+00 6.464467e-01
      vertex -4.409072e-02 1.550016e+00 6.180202e-01
    endloop
  endfacet
  facet normal 6.262525e-01 5.515411e-01 5.510084e-01
    outer loop
      vertex -4.409072e-02 1.550016e+00 6.180202e-01
      vertex -2.258106e-01 1.727953e+00 6.464467e-01
      vertex -2.952101e-01 1.644698e+00 8.086584e-01
    endloop
  endfacet
  facet normal 6.298643e-01 5.329714e-01 5.649889e-01
    outer loop
      vertex -4.409072e-02 1.550016e+00 6.180202e-01
      vertex -2.952101e-01 1.644698e+00 8.086584e-01
      vertex -1.112524e-01 1.460178e+00 7.776407e-01
    endloop
  endfacet
  facet normal 7.108487e-01 6.760886e-01 1.939029e-01
    outer loop
      vertex -1.112524e-01 1.460178e+00 7.776407e-01
      vertex -2.952101e-01 1.644698e+00 8.086584e-01
      vertex -3.196665e-01 1.615535e+00 1.000000e+00
    endloop
  endfacet
  facet normal 7.186495e-01 6.627315e-01 2.105466e-01
    outer loop
      vertex -1.112524e-01 1.460178e+00 7.776407e-01
      vertex -3.196665e-01 1.615535e+00 1.000000e+00
      vertex -1.200094e-01 1.409857e+00 9.659258e-01
    endloop
  endfacet
  facet normal 5.554904e-01 8.128841e-01 -1.750708e-01
    outer loop
      vertex -3.196665e-01 1.615535e+00 1.000000e+00
      vertex -5.757377e-01 1.783185e+00 9.659258e-01
      vertex -5.852638e-01 1.830410e+00 1.154974e+00
    endloop
  endfacet
  facet normal 5.460233e-01 8.149578e-01 -1.941708e-01
    outer loop
      vertex -3.196665e-01 1.615535e+00 1.000000e+00
      vertex -5.852638e-01 1.830410e+00 1.154974e+00
      vertex -2.954566e-01 1.644903e+00 1.191342e+00
    endloop
  endfacet
  facet normal 5.012626e-01 6.775967e-01 -5.381436e-01
    outer loop
      vertex -2.954566e-01 1.644903e+00 1.191342e+00
      vertex -5.852638e-01 1.830410e+00 1.154974e+00
      vertex -5.594841e-01 1.938622e+00 1.315242e+00
    endloop
  endfacet
  facet normal 4.887207e-01 6.733363e-01 -5.547704e-01
    outer loop
      vertex -2.954566e-01 1.644903e+00 1.191342e+00
      vertex -5.594841e-01 1.938622e+00 1.315242e+00
      vertex -2.262661e-01 1.728332e+00 1.353553e+00
    endloop
  endfacet
  facet normal 3.698389e-01 4.366203e-01 -8.201109e-01
    outer loop
      vertex -2.262661e-01 1.728332e+00 1.353553e+00
      vertex -5.594841e-01 1.938622e+00 1.315242e+00
      vertex -5.023235e-01 2.091348e+00 1.422329e+00
    endloop
  endfacet
  facet normal 3.549169e-01 4.274249e-01 -8.314697e-01
    outer loop
      vertex -2.262661e-01 1.728332e+00 1.353553e+00
      vertex -5.023235e-01 2.091348e+00 1.422329e+00
      vertex -1.226286e-01 1.853119e+00 1.461940e+00
    endloop
  endfacet
  facet normal 1.816489e-01 1.273888e-01 -9.750773e-01
    outer loop
      vertex -1.226286e-01 1.853119e+00 1.461940e+00
      vertex -5.023235e-01 2.091348e+00 1.422329e+00
      vertex -4.224841e-01 2.265336e+00 1.459933e+00
    endloop
  endfacet
  facet normal 1.655892e-01 1.156857e-01 -9.793861e-01
    outer loop
      vertex -1.226286e-01 1.853119e+00 1.461940e+00
      vertex -4.224841e-01 2.265336e+00 1.459933e+00
      vertex -3.220570e-04 2.000268e+00 1.500000e+00
    endloop
  endfacet
  facet normal -3.297364e-02 -2.005181e-01 -9.791349e-01
    outer loop
      vertex -3.220570e-04 2.000268e+00 1.500000e+00
      vertex -4.224841e-01 2.265336e+00 1.459933e+00
      vertex -3.321208e-01 2.434098e+00 1.422329e+00
    endloop
  endfacet
  facet normal -4.871731e-02 -2.120072e-01 -9.760531e-01
    outer loop
      vertex -3.220570e-04 2.000268e+00 1.500000e+00
      vertex -3.321208e-01 2.434098e+00 1.422329e+00
      vertex 1.220335e-01 2.147376e+00 1.461940e+00
    endloop
  endfacet
  facet normal -2.404630e-01 -4.961372e-01 -8.342814e-01
    outer loop
      vertex 1.220335e-01 2.147376e+00 1.461940e+00
      vertex -3.321208e-01 2.434098e+00 1.422329e+00
      vertex -2.449905e-01 2.571942e+00 1.315242e+00
    endloop
  endfacet
  facet normal -2.545953e-01 -5.050404e-01 -8.246911e-01
    outer loop
      vertex 1.220335e-01 2.147376e+00 1.461940e+00
      vertex -2.449905e-01 2.571942e+00 1.315242e+00
      vertex 2.258106e-01 2.272047e+00 1.353553e+00
    endloop
  endfacet
  facet normal -4.101854e-01 -7.160935e-01 -5.647637e-01
    outer loop
      vertex 2.258106e-01 2.272047e+00 1.353553e+00
      vertex -2.449905e-01 2.571942e+00 1.315242e+00
      vertex -1.743580e-01 2.657882e+00 1.154974e+00
    endloop
  endfacet
  facet normal -4.217399e-01 -7.206313e-01 -5.502962e-01
    outer loop
      vertex 2.258106e-01 2.272047e+00 1.353553e+00
      vertex -1.743580e-01 2.657882e+00 1.154974e+00
      vertex 2.952101e-01 2.355302e+00 1.191342e+00
    endloop
  endfacet
  facet normal -5.179141e-01 -8.290697e-01 -2.107330e-01
    outer loop
      vertex 2.952101e-01 2.355302e+00 1.191342e+00
      vertex -1.743580e-01 2.657882e+00 1.154974e+00
      vertex -1.309766e-01 2.678834e+00 9.659258e-01
    endloop
  endfacet
  facet normal -5.262543e-01 -8.280261e-01 -1.934663e-01
    outer loop
      vertex 2.952101e-01 2.355302e+00 1.191342e+00
      vertex -1.309766e-01 2.678834e+00 9.659258e-01
      vertex 3.196665e-01 2.384465e+00 1.000000e+00
    endloop
  endfacet
  facet normal -5.476060e-01 -8.178634e-01 1.767119e-01
    outer loop
      vertex 3.196665e-01 2.384465e+00 1.000000e+00
      vertex -1.309766e-01 2.678834e+00 9.659258e-01
      vertex -1.214505e-01 2.631609e+00 7.768775e-01
    endloop
  endfacet
  facet normal -5.524343e-01 -8.105919e-01 1.943119e-01
    outer loop
      vertex 3.196665e-01 2.384465e+00 1.000000e+00
      vertex -1.214505e-01 2.631609e+00 7.768775e-01
      vertex 2.954566e-01 2.355097e+00 8.086584e-01
    endloop
  endfacet
  facet normal -4.934608e-01 -6.819626e-01 5.398365e-01
    outer loop
      vertex 2.954566e-01 2.355097e+00 8.086584e-01
      vertex -1.214505e-01 2.631609e+00 7.768775e-01
      vertex -1.472302e-01 2.523396e+00 6.166100e-01
    endloop
  endfacet
  facet normal -4.949499e-01 -6.685912e-01 5.549869e-01
    outer loop
      vertex 2.954566e-01 2.355097e+00 8.086584e-01
      vertex -1.472302e-01 2.523396e+00 6.166100e-01
      vertex 2.262661e-01 2.271668e+00 6.464467e-01
    endloop
  endfacet
  facet normal -3.623990e-01 -4.403389e-01 8.214430e-01
    outer loop
      vertex 2.262661e-01 2.271668e+00 6.464467e-01
      vertex -1.472302e-01 2.523396e+00 6.166100e-01
      vertex -2.043908e-01 2.370670e+00 5.095227e-01
    endloop
  endfacet
  facet normal -3.613710e-01 -4.220395e-01 8.314407e-01
    outer loop
      vertex 2.262661e-01 2.271668e+00 6.464467e-01
      vertex -2.043908e-01 2.370670e+00 5.095227e-01
      vertex 1.226286e-01 2.146881e+00 5.380604e-01
    endloop
  endfacet
  facet normal -1.746575e-01 -1.307761e-01 9.759059e-01
    outer loop
      vertex 1.226286e-01 2.146881e+00 5.380604e-01
      vertex -2.043908e-01 2.370670e+00 5.095227e-01
      vertex -2.842302e-01 2.196682e+00 4.719186e-01
    endloop
  endfacet
  facet normal -1.725651e-01 -1.097525e-01 9.788645e-01
    outer loop
      vertex 1.226286e-01 2.146881e+00 5.380604e-01
      vertex -2.842302e-01 2.196682e+00 4.719186e-01
      vertex 3.220570e-04 1.999732e+00 5.000002e-01
    endloop
  endfacet
  facet normal 3.969385e-02 1.970223e-01 9.795951e-01
    outer loop
      vertex 3.220570e-04 1.999732e+00 5.000002e-01
      vertex -2.842302e-01 2.196682e+00 4.719186e-01
      vertex -3.745935e-01 2.027920e+00 5.095227e-01
    endloop
  endfacet
  facet normal 4.115915e-02 2.180397e-01 9.750716e-01
    outer loop
      vertex 3.220570e-04 1.999732e+00 5.000002e-01
      vertex -3.745935e-01 2.027920e+00 5.095227e-01
      vertex -1.220335e-01 1.852624e+00 5.380604e-01
    endloop
  endfacet
  facet normal 2.472665e-01 4.921338e-01 8.346638e-01
    outer loop
      vertex -1.220335e-01 1.852624e+00 5.380604e-01
      vertex -3.745935e-01 2.027920e+00 5.095227e-01
      vertex -4.617238e-01 1.890077e+00 6.166100e-01
    endloop
  endfacet
  facet normal 2.467544e-01 5.106406e-01 8.236252e-01
    outer loop
      vertex -1.220335e-01 1.852624e+00 5.380604e-01
      vertex -4.617238e-01 1.890077e+00 6.166100e-01
      vertex -2.258106e-01 1.727953e+00 6.464467e-01
    endloop
  endfacet
  facet normal 4.173789e-01 7.114041e-01 5.654194e-01
    outer loop
      vertex -2.258106e-01 1.727953e+00 6.464467e-01
      vertex -4.617238e-01 1.890077e+00 6.166100e-01
      vertex -5.323563e-01 1.804137e+00 7.768775e-01
    endloop
  endfacet
  facet normal 4.141574e-01 7.255581e-01 5.495808e-01
    outer loop
      vertex -2.258106e-01 1.727953e+00 6.464467e-01
      vertex -5.323563e-01 1.804137e+00 7.768775e-01
      vertex -2.952101e-01 1.644698e+00 8.086584e-01
    endloop
  endfacet
  facet normal 5.255553e-01 8.239431e-01 2.119182e-01
    outer loop
      vertex -2.952101e-01 1.644698e+00 8.086584e-01
      vertex -5.323563e-01 1.804137e+00 7.768775e-01
      vertex -5.757377e-01 1.783185e+00 9.659258e-01
    endloop
  endfacet
  facet normal 5.192946e-01 8.324582e-01 1.932523e-01
    outer loop
      vertex -2.952101e-01 1.644698e+00 8.086584e-01
      vertex -5.757377e-01 1.783185e+00 9.659258e-01
      vertex -3.196665e-01 1.615535e+00 1.000000e+00
    endloop
  endfacet
  facet normal 3.715326e-01 9.160443e-01 -1.510841e-01
    outer loop
      vertex -5.757377e-01 1.783185e+00 9.659258e-01
      vertex -8.758579e-01 1.888432e+00 8.660254e-01
      vertex -9.200182e-01 1.936658e+00 1.049831e+00
    endloop
  endfacet
  facet normal 3.550179e-01 9.110388e-01 -2.096918e-01
    outer loop
      vertex -5.757377e-01 1.783185e+00 9.659258e-01
      vertex -9.200182e-01 1.936658e+00 1.049831e+00
      vertex -5.852638e-01 1.830410e+00 1.154974e+00
    endloop
  endfacet
  facet normal 4.014552e-01 7.619615e-01 -5.081815e-01
    outer loop
      vertex -5.852638e-01 1.830410e+00 1.154974e+00
      vertex -9.200182e-01 1.936658e+00 1.049831e+00
      vertex -9.417267e-01 2.052019e+00 1.205653e+00
    endloop
  endfacet
  facet normal 3.790378e-01 7.375096e-01 -5.589365e-01
    outer loop
      vertex -5.852638e-01 1.830410e+00 1.154974e+00
      vertex -9.417267e-01 2.052019e+00 1.205653e+00
      vertex -5.594841e-01 1.938622e+00 1.315242e+00
    endloop
  endfacet
  facet normal 3.713654e-01 4.890938e-01 -7.892243e-01
    outer loop
      vertex -5.594841e-01 1.938622e+00 1.315242e+00
      vertex -9.417267e-01 2.052019e+00 1.205653e+00
      vertex -9.376784e-01 2.216954e+00 1.309771e+00
    endloop
  endfacet
  facet normal 3.429860e-01 4.498363e-01 -8.246259e-01
    outer loop
      vertex -5.594841e-01 1.938622e+00 1.315242e+00
      vertex -9.376784e-01 2.216954e+00 1.309771e+00
      vertex -5.023235e-01 2.091348e+00 1.422329e+00
    endloop
  endfacet
  facet normal 2.853039e-01 1.390879e-01 -9.482912e-01
    outer loop
      vertex -5.023235e-01 2.091348e+00 1.422329e+00
      vertex -9.376784e-01 2.216954e+00 1.309771e+00
      vertex -9.084896e-01 2.406352e+00 1.346332e+00
    endloop
  endfacet
  facet normal 2.520172e-01 9.255006e-02 -9.632870e-01
    outer loop
      vertex -5.023235e-01 2.091348e+00 1.422329e+00
      vertex -9.084896e-01 2.406352e+00 1.346332e+00
      vertex -4.224841e-01 2.265336e+00 1.459933e+00
    endloop
  endfacet
  facet normal 1.570588e-01 -2.320291e-01 -9.599453e-01
    outer loop
      vertex -4.224841e-01 2.265336e+00 1.459933e+00
      vertex -9.084896e-01 2.406352e+00 1.346332e+00
      vertex -8.586042e-01 2.591379e+00 1.309771e+00
    endloop
  endfacet
  facet normal 1.209814e-01 -2.771684e-01 -9.531743e-01
    outer loop
      vertex -4.224841e-01 2.265336e+00 1.459933e+00
      vertex -8.586042e-01 2.591379e+00 1.309771e+00
      vertex -3.321208e-01 2.434098e+00 1.422329e+00
    endloop
  endfacet
  facet normal 7.204594e-03 -5.658997e-01 -8.244426e-01
    outer loop
      vertex -3.321208e-01 2.434098e+00 1.422329e+00
      vertex -8.586042e-01 2.591379e+00 1.309771e+00
      vertex -7.956166e-01 2.743866e+00 1.205653e+00
    endloop
  endfacet
  facet normal -2.902514e-02 -6.017323e-01 -7.981703e-01
    outer loop
      vertex -3.321208e-01 2.434098e+00 1.422329e+00
      vertex -7.956166e-01 2.743866e+00 1.205653e+00
      vertex -2.449905e-01 2.571942e+00 1.315242e+00
    endloop
  endfacet
  facet normal -1.413721e-01 -8.129057e-01 -5.649763e-01
    outer loop
      vertex -2.449905e-01 2.571942e+00 1.315242e+00
      vertex -7.956166e-01 2.743866e+00 1.205653e+00
      vertex -7.291162e-01 2.840599e+00 1.049831e+00
    endloop
  endfacet
  facet normal -1.751697e-01 -8.334396e-01 -5.241126e-01
    outer loop
      vertex -2.449905e-01 2.571942e+00 1.315242e+00
      vertex -7.291162e-01 2.840599e+00 1.049831e+00
      vertex -1.743580e-01 2.657882e+00 1.154974e+00
    endloop
  endfacet
  facet normal -2.670600e-01 -9.380003e-01 -2.209851e-01
    outer loop
      vertex -1.743580e-01 2.657882e+00 1.154974e+00
      vertex -7.291162e-01 2.840599e+00 1.049831e+00
      vertex -6.692271e-01 2.866851e+00 8.660254e-01
    endloop
  endfacet
  facet normal -2.962301e-01 -9.394836e-01 -1.720997e-01
    outer loop
      vertex -1.743580e-01 2.657882e+00 1.154974e+00
      vertex -6.692271e-01 2.866851e+00 8.660254e-01
      vertex -1.309766e-01 2.678834e+00 9.659258e-01
    endloop
  endfacet
  facet normal -3.515971e-01 -9.227830e-01 1.576418e-01
    outer loop
      vertex -1.309766e-01 2.678834e+00 9.659258e-01
      vertex -6.692271e-01 2.866851e+00 8.660254e-01
      vertex -6.250668e-01 2.818625e+00 6.822202e-01
    endloop
  endfacet
  facet normal -3.745258e-01 -9.038356e-01 2.069095e-01
    outer loop
      vertex -1.309766e-01 2.678834e+00 9.659258e-01
      vertex -6.250668e-01 2.818625e+00 6.822202e-01
      vertex -1.214505e-01 2.631609e+00 7.768775e-01
    endloop
  endfacet
  facet normal -3.817938e-01 -7.674698e-01 5.149987e-01
    outer loop
      vertex -1.214505e-01 2.631609e+00 7.768775e-01
      vertex -6.250668e-01 2.818625e+00 6.822202e-01
      vertex -6.033583e-01 2.703263e+00 5.263976e-01
    endloop
  endfacet
  facet normal -3.977185e-01 -7.294640e-01 5.565090e-01
    outer loop
      vertex -1.214505e-01 2.631609e+00 7.768775e-01
      vertex -6.033583e-01 2.703263e+00 5.263976e-01
      vertex -1.472302e-01 2.523396e+00 6.166100e-01
    endloop
  endfacet
  facet normal -3.519034e-01 -4.934672e-01 7.953955e-01
    outer loop
      vertex -1.472302e-01 2.523396e+00 6.166100e-01
      vertex -6.033583e-01 2.703263e+00 5.263976e-01
      vertex -6.074066e-01 2.538329e+00 4.222803e-01
    endloop
  endfacet
  facet normal -3.612795e-01 -4.408946e-01 8.216380e-01
    outer loop
      vertex -1.472302e-01 2.523396e+00 6.166100e-01
      vertex -6.074066e-01 2.538329e+00 4.222803e-01
      vertex -2.043908e-01 2.370670e+00 5.095227e-01
    endloop
  endfacet
  facet normal -2.658832e-01 -1.430539e-01 9.533319e-01
    outer loop
      vertex -2.043908e-01 2.370670e+00 5.095227e-01
      vertex -6.074066e-01 2.538329e+00 4.222803e-01
      vertex -6.365953e-01 2.348931e+00 3.857192e-01
    endloop
  endfacet
  facet normal -2.705514e-01 -8.314200e-02 9.591086e-01
    outer loop
      vertex -2.043908e-01 2.370670e+00 5.095227e-01
      vertex -6.365953e-01 2.348931e+00 3.857192e-01
      vertex -2.842302e-01 2.196682e+00 4.719186e-01
    endloop
  endfacet
  facet normal -1.375031e-01 2.275593e-01 9.640071e-01
    outer loop
      vertex -2.842302e-01 2.196682e+00 4.719186e-01
      vertex -6.365953e-01 2.348931e+00 3.857192e-01
      vertex -6.864808e-01 2.163904e+00 4.222803e-01
    endloop
  endfacet
  facet normal -1.402920e-01 2.863128e-01 9.478097e-01
    outer loop
      vertex -2.842302e-01 2.196682e+00 4.719186e-01
      vertex -6.864808e-01 2.163904e+00 4.222803e-01
      vertex -3.745935e-01 2.027920e+00 5.095227e-01
    endloop
  endfacet
  facet normal 1.261558e-02 5.602821e-01 8.282058e-01
    outer loop
      vertex -3.745935e-01 2.027920e+00 5.095227e-01
      vertex -6.864808e-01 2.163904e+00 4.222803e-01
      vertex -7.494683e-01 2.011417e+00 5.263976e-01
    endloop
  endfacet
  facet normal 8.813442e-03 6.099926e-01 7.923581e-01
    outer loop
      vertex -3.745935e-01 2.027920e+00 5.095227e-01
      vertex -7.494683e-01 2.011417e+00 5.263976e-01
      vertex -4.617238e-01 1.890077e+00 6.166100e-01
    endloop
  endfacet
  facet normal 1.614398e-01 8.061084e-01 5.693210e-01
    outer loop
      vertex -4.617238e-01 1.890077e+00 6.166100e-01
      vertex -7.494683e-01 2.011417e+00 5.263976e-01
      vertex -8.159687e-01 1.914684e+00 6.822202e-01
    endloop
  endfacet
  facet normal 1.545113e-01 8.407408e-01 5.189231e-01
    outer loop
      vertex -4.617238e-01 1.890077e+00 6.166100e-01
      vertex -8.159687e-01 1.914684e+00 6.822202e-01
      vertex -5.323563e-01 1.804137e+00 7.768775e-01
    endloop
  endfacet
  facet normal 2.871787e-01 9.307128e-01 2.264996e-01
    outer loop
      vertex -5.323563e-01 1.804137e+00 7.768775e-01
      vertex -8.159687e-01 1.914684e+00 6.822202e-01
      vertex -8.758579e-01 1.888432e+00 8.660254e-01
    endloop
  endfacet
  facet normal 2.758866e-01 9.463602e-01 1.681935e-01
    outer loop
      vertex -5.323563e-01 1.804137e+00 7.768775e-01
      vertex -8.758579e-01 1.888432e+00 8.660254e-01
      vertex -5.757377e-01 1.783185e+00 9.659258e-01
    endloop
  endfacet
  facet normal 1.383623e-01 9.819980e-01 -1.285919e-01
    outer loop
      vertex -8.758579e-01 1.888432e+00 8.660254e-01
      vertex -1.198004e+00 1.913012e+00 7.071068e-01
      vertex -1.271235e+00 1.946597e+00 8.847848e-01
    endloop
  endfacet
  facet normal 1.316053e-01 9.661529e-01 -2.218753e-01
    outer loop
      vertex -8.758579e-01 1.888432e+00 8.660254e-01
      vertex -1.271235e+00 1.946597e+00 8.847848e-01
      vertex -9.200182e-01 1.936658e+00 1.049831e+00
    endloop
  endfacet
  facet normal 2.473932e-01 8.441466e-01 -4.756187e-01
    outer loop
      vertex -9.200182e-01 1.936658e+00 1.049831e+00
      vertex -1.271235e+00 1.946597e+00 8.847848e-01
      vertex -1.338037e+00 2.051043e+00 1.035413e+00
    endloop
  endfacet
  facet normal 2.370903e-01 7.962999e-01 -5.565022e-01
    outer loop
      vertex -9.200182e-01 1.936658e+00 1.049831e+00
      vertex -1.338037e+00 2.051043e+00 1.035413e+00
      vertex -9.417267e-01 2.052019e+00 1.205653e+00
    endloop
  endfacet
  facet normal 3.214811e-01 5.758518e-01 -7.516945e-01
    outer loop
      vertex -9.417267e-01 2.052019e+00 1.205653e+00
      vertex -1.338037e+00 2.051043e+00 1.035413e+00
      vertex -1.388239e+00 2.210449e+00 1.136059e+00
    endloop
  endfacet
  facet normal 3.045623e-01 5.030864e-01 -8.087928e-01
    outer loop
      vertex -9.417267e-01 2.052019e+00 1.205653e+00
      vertex -1.388239e+00 2.210449e+00 1.136059e+00
      vertex -9.376784e-01 2.216954e+00 1.309771e+00
    endloop
  endfacet
  facet normal 3.484234e-01 2.171069e-01 -9.118474e-01
    outer loop
      vertex -9.376784e-01 2.216954e+00 1.309771e+00
      vertex -1.388239e+00 2.210449e+00 1.136059e+00
      vertex -1.414198e+00 2.400547e+00 1.171402e+00
    endloop
  endfacet
  facet normal 3.227339e-01 1.312076e-01 -9.373513e-01
    outer loop
      vertex -9.376784e-01 2.216954e+00 1.309771e+00
      vertex -1.414198e+00 2.400547e+00 1.171402e+00
      vertex -9.084896e-01 2.406352e+00 1.346332e+00
    endloop
  endfacet
  facet normal 3.236513e-01 -1.750656e-01 -9.298397e-01
    outer loop
      vertex -9.084896e-01 2.406352e+00 1.346332e+00
      vertex -1.414198e+00 2.400547e+00 1.171402e+00
      vertex -1.411962e+00 2.592396e+00 1.136059e+00
    endloop
  endfacet
  facet normal 2.887803e-01 -2.599331e-01 -9.214341e-01
    outer loop
      vertex -9.084896e-01 2.406352e+00 1.346332e+00
      vertex -1.411962e+00 2.592396e+00 1.136059e+00
      vertex -8.586042e-01 2.591379e+00 1.309771e+00
    endloop
  endfacet
  facet normal 2.514876e-01 -5.384286e-01 -8.042690e-01
    outer loop
      vertex -8.586042e-01 2.591379e+00 1.309771e+00
      vertex -1.411962e+00 2.592396e+00 1.136059e+00
      vertex -1.381873e+00 2.756789e+00 1.035413e+00
    endloop
  endfacet
  facet normal 2.088206e-01 -6.088200e-01 -7.653314e-01
    outer loop
      vertex -8.586042e-01 2.591379e+00 1.309771e+00
      vertex -1.381873e+00 2.756789e+00 1.035413e+00
      vertex -7.956166e-01 2.743866e+00 1.205653e+00
    endloop
  endfacet
  facet normal 1.436784e-01 -8.180677e-01 -5.568858e-01
    outer loop
      vertex -7.956166e-01 2.743866e+00 1.205653e+00
      vertex -1.381873e+00 2.756789e+00 1.035413e+00
      vertex -1.328510e+00 2.868699e+00 8.847848e-01
    endloop
  endfacet
  facet normal 9.585877e-02 -8.635058e-01 -4.951453e-01
    outer loop
      vertex -7.956166e-01 2.743866e+00 1.205653e+00
      vertex -1.328510e+00 2.868699e+00 8.847848e-01
      vertex -7.291162e-01 2.840599e+00 1.049831e+00
    endloop
  endfacet
  facet normal 1.656331e-02 -9.739910e-01 -2.259806e-01
    outer loop
      vertex -7.291162e-01 2.840599e+00 1.049831e+00
      vertex -1.328510e+00 2.868699e+00 8.847848e-01
      vertex -1.259997e+00 2.911088e+00 7.071068e-01
    endloop
  endfacet
  facet normal -3.311498e-02 -9.878444e-01 -1.518779e-01
    outer loop
      vertex -7.291162e-01 2.840599e+00 1.049831e+00
      vertex -1.259997e+00 2.911088e+00 7.071068e-01
      vertex -6.692271e-01 2.866851e+00 8.660254e-01
    endloop
  endfacet
  facet normal -1.113529e-01 -9.838594e-01 1.400759e-01
    outer loop
      vertex -6.692271e-01 2.866851e+00 8.660254e-01
      vertex -1.259997e+00 2.911088e+00 7.071068e-01
      vertex -1.186766e+00 2.877503e+00 5.294288e-01
    endloop
  endfacet
  facet normal -1.593676e-01 -9.636253e-01 2.145420e-01
    outer loop
      vertex -6.692271e-01 2.866851e+00 8.660254e-01
      vertex -1.186766e+00 2.877503e+00 5.294288e-01
      vertex -6.250668e-01 2.818625e+00 6.822202e-01
    endloop
  endfacet
  facet normal -2.211606e-01 -8.446073e-01 4.875720e-01
    outer loop
      vertex -6.250668e-01 2.818625e+00 6.822202e-01
      vertex -1.186766e+00 2.877503e+00 5.294288e-01
      vertex -1.119965e+00 2.773057e+00 3.788007e-01
    endloop
  endfacet
  facet normal -2.641469e-01 -7.923994e-01 5.498451e-01
    outer loop
      vertex -6.250668e-01 2.818625e+00 6.822202e-01
      vertex -1.119965e+00 2.773057e+00 3.788007e-01
      vertex -6.033583e-01 2.703263e+00 5.263976e-01
    endloop
  endfacet
  facet normal -2.956500e-01 -5.748448e-01 7.629840e-01
    outer loop
      vertex -6.033583e-01 2.703263e+00 5.263976e-01
      vertex -1.119965e+00 2.773057e+00 3.788007e-01
      vertex -1.069763e+00 2.613651e+00 2.781542e-01
    endloop
  endfacet
  facet normal -3.309848e-01 -4.978930e-01 8.015932e-01
    outer loop
      vertex -6.033583e-01 2.703263e+00 5.263976e-01
      vertex -1.069763e+00 2.613651e+00 2.781542e-01
      vertex -6.074066e-01 2.538329e+00 4.222803e-01
    endloop
  endfacet
  facet normal -3.224232e-01 -2.153998e-01 9.217625e-01
    outer loop
      vertex -6.074066e-01 2.538329e+00 4.222803e-01
      vertex -1.069763e+00 2.613651e+00 2.781542e-01
      vertex -1.043804e+00 2.423553e+00 2.428119e-01
    endloop
  endfacet
  facet normal -3.489236e-01 -1.255032e-01 9.287094e-01
    outer loop
      vertex -6.074066e-01 2.538329e+00 4.222803e-01
      vertex -1.043804e+00 2.423553e+00 2.428119e-01
      vertex -6.365953e-01 2.348931e+00 3.857192e-01
    endloop
  endfacet
  facet normal -2.970266e-01 1.763406e-01 9.384451e-01
    outer loop
      vertex -6.365953e-01 2.348931e+00 3.857192e-01
      vertex -1.043804e+00 2.423553e+00 2.428119e-01
      vertex -1.046039e+00 2.231704e+00 2.781542e-01
    endloop
  endfacet
  facet normal -3.152787e-01 2.650612e-01 9.112310e-01
    outer loop
      vertex -6.365953e-01 2.348931e+00 3.857192e-01
      vertex -1.046039e+00 2.231704e+00 2.781542e-01
      vertex -6.864808e-01 2.163904e+00 4.222803e-01
    endloop
  endfacet
  facet normal -2.241109e-01 5.383718e-01 8.123608e-01
    outer loop
      vertex -6.864808e-01 2.163904e+00 4.222803e-01
      vertex -1.046039e+00 2.231704e+00 2.781542e-01
      vertex -1.076129e+00 2.067310e+00 3.788007e-01
    endloop
  endfacet
  facet normal -2.360309e-01 6.125657e-01 7.543558e-01
    outer loop
      vertex -6.864808e-01 2.163904e+00 4.222803e-01
      vertex -1.076129e+00 2.067310e+00 3.788007e-01
      vertex -7.494683e-01 2.011417e+00 5.263976e-01
    endloop
  endfacet
  facet normal -1.158434e-01 8.165101e-01 5.655896e-01
    outer loop
      vertex -7.494683e-01 2.011417e+00 5.263976e-01
      vertex -1.076129e+00 2.067310e+00 3.788007e-01
      vertex -1.129492e+00 1.955401e+00 5.294288e-01
    endloop
  endfacet
  facet normal -1.237651e-01 8.658760e-01 4.847071e-01
    outer loop
      vertex -7.494683e-01 2.011417e+00 5.263976e-01
      vertex -1.129492e+00 1.955401e+00 5.294288e-01
      vertex -8.159687e-01 1.914684e+00 6.822202e-01
    endloop
  endfacet
  facet normal 1.112743e-02 9.716643e-01 2.361030e-01
    outer loop
      vertex -8.159687e-01 1.914684e+00 6.822202e-01
      vertex -1.129492e+00 1.955401e+00 5.294288e-01
      vertex -1.198004e+00 1.913012e+00 7.071068e-01
    endloop
  endfacet
  facet normal 4.982085e-03 9.897133e-01 1.429783e-01
    outer loop
      vertex -8.159687e-01 1.914684e+00 6.822202e-01
      vertex -1.198004e+00 1.913012e+00 7.071068e-01
      vertex -8.758579e-01 1.888432e+00 8.660254e-01
    endloop
  endfacet
  facet normal -1.284925e-01 9.854975e-01 -1.108352e-01
    outer loop
      vertex -1.198004e+00 1.913012e+00 7.071068e-01
      vertex -1.514657e+00 1.848433e+00 5.000000e-01
      vertex -1.605981e+00 1.855896e+00 6.722335e-01
    endloop
  endfacet
  facet normal -1.155860e-01 9.662357e-01 -2.302791e-01
    outer loop
      vertex -1.198004e+00 1.913012e+00 7.071068e-01
      vertex -1.605981e+00 1.855896e+00 6.722335e-01
      vertex -1.271235e+00 1.946597e+00 8.847848e-01
    endloop
  endfacet
  facet normal 4.184780e-02 8.934696e-01 -4.471697e-01
    outer loop
      vertex -1.271235e+00 1.946597e+00 8.847848e-01
      vertex -1.605981e+00 1.855896e+00 6.722335e-01
      vertex -1.709276e+00 1.933811e+00 8.182461e-01
    endloop
  endfacet
  facet normal 5.938434e-02 8.324597e-01 -5.508942e-01
    outer loop
      vertex -1.271235e+00 1.946597e+00 8.847848e-01
      vertex -1.709276e+00 1.933811e+00 8.182461e-01
      vertex -1.338037e+00 2.051043e+00 1.035413e+00
    endloop
  endfacet
  facet normal 2.093551e-01 6.650234e-01 -7.168782e-01
    outer loop
      vertex -1.338037e+00 2.051043e+00 1.035413e+00
      vertex -1.709276e+00 1.933811e+00 8.182461e-01
      vertex -1.808815e+00 2.070317e+00 9.158085e-01
    endloop
  endfacet
  facet normal 2.241905e-01 5.697888e-01 -7.906196e-01
    outer loop
      vertex -1.338037e+00 2.051043e+00 1.035413e+00
      vertex -1.808815e+00 2.070317e+00 9.158085e-01
      vertex -1.388239e+00 2.210449e+00 1.136059e+00
    endloop
  endfacet
  facet normal 3.479177e-01 3.331632e-01 -8.763307e-01
    outer loop
      vertex -1.388239e+00 2.210449e+00 1.136059e+00
      vertex -1.808815e+00 2.070317e+00 9.158085e-01
      vertex -1.889444e+00 2.244631e+00 9.500679e-01
    endloop
  endfacet
  facet normal 3.525833e-01 2.173659e-01 -9.101852e-01
    outer loop
      vertex -1.388239e+00 2.210449e+00 1.136059e+00
      vertex -1.889444e+00 2.244631e+00 9.500679e-01
      vertex -1.414198e+00 2.400547e+00 1.171402e+00
    endloop
  endfacet
  facet normal 4.350971e-01 -5.003372e-02 -8.989923e-01
    outer loop
      vertex -1.414198e+00 2.400547e+00 1.171402e+00
      vertex -1.889444e+00 2.244631e+00 9.500679e-01
      vertex -1.938889e+00 2.430216e+00 9.158085e-01
    endloop
  endfacet
  facet normal 4.239112e-01 -1.688619e-01 -8.898230e-01
    outer loop
      vertex -1.414198e+00 2.400547e+00 1.171402e+00
      vertex -1.938889e+00 2.430216e+00 9.158085e-01
      vertex -1.411962e+00 2.592396e+00 1.136059e+00
    endloop
  endfacet
  facet normal 4.572289e-01 -4.234440e-01 -7.820722e-01
    outer loop
      vertex -1.411962e+00 2.592396e+00 1.136059e+00
      vertex -1.938889e+00 2.430216e+00 9.158085e-01
      vertex -1.949622e+00 2.598818e+00 8.182461e-01
    endloop
  endfacet
  facet normal 4.275748e-01 -5.276443e-01 -7.340104e-01
    outer loop
      vertex -1.411962e+00 2.592396e+00 1.136059e+00
      vertex -1.949622e+00 2.598818e+00 8.182461e-01
      vertex -1.381873e+00 2.756789e+00 1.035413e+00
    endloop
  endfacet
  facet normal 4.118262e-01 -7.296626e-01 -5.458861e-01
    outer loop
      vertex -1.381873e+00 2.756789e+00 1.035413e+00
      vertex -1.949622e+00 2.598818e+00 8.182461e-01
      vertex -1.920009e+00 2.724769e+00 6.722335e-01
    endloop
  endfacet
  facet normal 3.642681e-01 -8.046947e-01 -4.688020e-01
    outer loop
      vertex -1.381873e+00 2.756789e+00 1.035413e+00
      vertex -1.920009e+00 2.724769e+00 6.722335e-01
      vertex -1.328510e+00 2.868699e+00 8.847848e-01
    endloop
  endfacet
  facet normal 3.066634e-01 -9.242147e-01 -2.275626e-01
    outer loop
      vertex -1.328510e+00 2.868699e+00 8.847848e-01
      vertex -1.920009e+00 2.724769e+00 6.722335e-01
      vertex -1.854558e+00 2.788894e+00 5.000000e-01
    endloop
  endfacet
  facet normal 2.443363e-01 -9.602645e-01 -1.348770e-01
    outer loop
      vertex -1.328510e+00 2.868699e+00 8.847848e-01
      vertex -1.854558e+00 2.788894e+00 5.000000e-01
      vertex -1.259997e+00 2.911088e+00 7.071068e-01
    endloop
  endfacet
  facet normal 1.574375e-01 -9.794678e-01 1.259216e-01
    outer loop
      vertex -1.259997e+00 2.911088e+00 7.071068e-01
      vertex -1.854558e+00 2.788894e+00 5.000000e-01
      vertex -1.763234e+00 2.781430e+00 3.277665e-01
    endloop
  endfacet
  facet normal 8.540398e-02 -9.719962e-01 2.189282e-01
    outer loop
      vertex -1.259997e+00 2.911088e+00 7.071068e-01
      vertex -1.763234e+00 2.781430e+00 3.277665e-01
      vertex -1.186766e+00 2.877503e+00 5.294288e-01
    endloop
  endfacet
  facet normal -1.422098e-02 -8.863021e-01 4.628892e-01
    outer loop
      vertex -1.186766e+00 2.877503e+00 5.294288e-01
      vertex -1.763234e+00 2.781430e+00 3.277665e-01
      vertex -1.659939e+00 2.703515e+00 1.817539e-01
    endloop
  endfacet
  facet normal -8.946877e-02 -8.366159e-01 5.404342e-01
    outer loop
      vertex -1.186766e+00 2.877503e+00 5.294288e-01
      vertex -1.659939e+00 2.703515e+00 1.817539e-01
      vertex -1.119965e+00 2.773057e+00 3.788007e-01
    endloop
  endfacet
  facet normal -1.826023e-01 -6.563447e-01 7.320301e-01
    outer loop
      vertex -1.119965e+00 2.773057e+00 3.788007e-01
      vertex -1.659939e+00 2.703515e+00 1.817539e-01
      vertex -1.560400e+00 2.567009e+00 8.419146e-02
    endloop
  endfacet
  facet normal -2.538627e-01 -5.722844e-01 7.797719e-01
    outer loop
      vertex -1.119965e+00 2.773057e+00 3.788007e-01
      vertex -1.560400e+00 2.567009e+00 8.419146e-02
      vertex -1.069763e+00 2.613651e+00 2.781542e-01
    endloop
  endfacet
  facet normal -3.211240e-01 -3.234722e-01 8.900815e-01
    outer loop
      vertex -1.069763e+00 2.613651e+00 2.781542e-01
      vertex -1.560400e+00 2.567009e+00 8.419146e-02
      vertex -1.479771e+00 2.392695e+00 4.993208e-02
    endloop
  endfacet
  facet normal -3.817537e-01 -2.190703e-01 8.979267e-01
    outer loop
      vertex -1.069763e+00 2.613651e+00 2.781542e-01
      vertex -1.479771e+00 2.392695e+00 4.993208e-02
      vertex -1.043804e+00 2.423553e+00 2.428119e-01
    endloop
  endfacet
  facet normal -4.073994e-01 5.968481e-02 9.112977e-01
    outer loop
      vertex -1.043804e+00 2.423553e+00 2.428119e-01
      vertex -1.479771e+00 2.392695e+00 4.993208e-02
      vertex -1.430326e+00 2.207111e+00 8.419146e-02
    endloop
  endfacet
  facet normal -4.527703e-01 1.666365e-01 8.759174e-01
    outer loop
      vertex -1.043804e+00 2.423553e+00 2.428119e-01
      vertex -1.430326e+00 2.207111e+00 8.419146e-02
      vertex -1.046039e+00 2.231704e+00 2.781542e-01
    endloop
  endfacet
  facet normal -4.282554e-01 4.320166e-01 7.936996e-01
    outer loop
      vertex -1.046039e+00 2.231704e+00 2.781542e-01
      vertex -1.430326e+00 2.207111e+00 8.419146e-02
      vertex -1.419593e+00 2.038509e+00 1.817539e-01
    endloop
  endfacet
  facet normal -4.565104e-01 5.238456e-01 7.191551e-01
    outer loop
      vertex -1.046039e+00 2.231704e+00 2.781542e-01
      vertex -1.419593e+00 2.038509e+00 1.817539e-01
      vertex -1.076129e+00 2.067310e+00 3.788007e-01
    endloop
  endfacet
  facet normal -3.819216e-01 7.367086e-01 5.580290e-01
    outer loop
      vertex -1.076129e+00 2.067310e+00 3.788007e-01
      vertex -1.419593e+00 2.038509e+00 1.817539e-01
      vertex -1.449206e+00 1.912558e+00 3.277665e-01
    endloop
  endfacet
  facet normal -3.936389e-01 7.991675e-01 4.542904e-01
    outer loop
      vertex -1.076129e+00 2.067310e+00 3.788007e-01
      vertex -1.449206e+00 1.912558e+00 3.277665e-01
      vertex -1.129492e+00 1.955401e+00 5.294288e-01
    endloop
  endfacet
  facet normal -2.767571e-01 9.301889e-01 2.411517e-01
    outer loop
      vertex -1.129492e+00 1.955401e+00 5.294288e-01
      vertex -1.449206e+00 1.912558e+00 3.277665e-01
      vertex -1.514657e+00 1.848433e+00 5.000000e-01
    endloop
  endfacet
  facet normal -2.742299e-01 9.539152e-01 1.218353e-01
    outer loop
      vertex -1.129492e+00 1.955401e+00 5.294288e-01
      vertex -1.514657e+00 1.848433e+00 5.000000e-01
      vertex -1.198004e+00 1.913012e+00 7.071068e-01
    endloop
  endfacet
  facet normal -4.026402e-01 9.099632e-01 -9.923602e-02
    outer loop
      vertex -1.514657e+00 1.848433e+00 5.000000e-01
      vertex -1.797640e+00 1.696917e+00 2.588190e-01
      vertex -1.892953e+00 1.673124e+00 4.273700e-01
    endloop
  endfacet
  facet normal -3.710135e-01 8.982313e-01 -2.356471e-01
    outer loop
      vertex -1.514657e+00 1.848433e+00 5.000000e-01
      vertex -1.892953e+00 1.673124e+00 4.273700e-01
      vertex -1.605981e+00 1.855896e+00 6.722335e-01
    endloop
  endfacet
  facet normal -1.978345e-01 8.824340e-01 -4.268159e-01
    outer loop
      vertex -1.605981e+00 1.855896e+00 6.722335e-01
      vertex -1.892953e+00 1.673124e+00 4.273700e-01
      vertex -2.019366e+00 1.713896e+00 5.702607e-01
    endloop
  endfacet
  facet normal -1.487965e-01 8.248489e-01 -5.454209e-01
    outer loop
      vertex -1.605981e+00 1.855896e+00 6.722335e-01
      vertex -2.019366e+00 1.713896e+00 5.702607e-01
      vertex -1.709276e+00 1.933811e+00 8.182461e-01
    endloop
  endfacet
  facet normal 4.051914e-02 7.218781e-01 -6.908329e-01
    outer loop
      vertex -1.709276e+00 1.933811e+00 8.182461e-01
      vertex -2.019366e+00 1.713896e+00 5.702607e-01
      vertex -2.157632e+00 1.813028e+00 6.657371e-01
    endloop
  endfacet
  facet normal 9.568019e-02 6.240393e-01 -7.755129e-01
    outer loop
      vertex -1.709276e+00 1.933811e+00 8.182461e-01
      vertex -2.157632e+00 1.813028e+00 6.657371e-01
      vertex -1.808815e+00 2.070317e+00 9.158085e-01
    endloop
  endfacet
  facet normal 2.764014e-01 4.504136e-01 -8.489581e-01
    outer loop
      vertex -1.808815e+00 2.070317e+00 9.158085e-01
      vertex -2.157632e+00 1.813028e+00 6.657371e-01
      vertex -2.286701e+00 1.955426e+00 6.992640e-01
    endloop
  endfacet
  facet normal 3.244994e-01 3.247044e-01 -8.884071e-01
    outer loop
      vertex -1.808815e+00 2.070317e+00 9.158085e-01
      vertex -2.286701e+00 1.955426e+00 6.992640e-01
      vertex -1.889444e+00 2.244631e+00 9.500679e-01
    endloop
  endfacet
  facet normal 4.722350e-01 1.098047e-01 -8.746068e-01
    outer loop
      vertex -1.889444e+00 2.244631e+00 9.500679e-01
      vertex -2.286701e+00 1.955426e+00 6.992640e-01
      vertex -2.386925e+00 2.119411e+00 6.657371e-01
    endloop
  endfacet
  facet normal 5.010063e-01 -2.620722e-02 -8.650468e-01
    outer loop
      vertex -1.889444e+00 2.244631e+00 9.500679e-01
      vertex -2.386925e+00 2.119411e+00 6.657371e-01
      vertex -1.938889e+00 2.430216e+00 9.158085e-01
    endloop
  endfacet
  facet normal 5.967545e-01 -2.456033e-01 -7.639131e-01
    outer loop
      vertex -1.938889e+00 2.430216e+00 9.158085e-01
      vertex -2.386925e+00 2.119411e+00 6.657371e-01
      vertex -2.443045e+00 2.280020e+00 5.702607e-01
    endloop
  endfacet
  facet normal 5.976007e-01 -3.727378e-01 -7.098873e-01
    outer loop
      vertex -1.938889e+00 2.430216e+00 9.158085e-01
      vertex -2.443045e+00 2.280020e+00 5.702607e-01
      vertex -1.949622e+00 2.598818e+00 8.182461e-01
    endloop
  endfacet
  facet normal 6.314270e-01 -5.603340e-01 -5.360278e-01
    outer loop
      vertex -1.949622e+00 2.598818e+00 8.182461e-01
      vertex -2.443045e+00 2.280020e+00 5.702607e-01
      vertex -2.446517e+00 2.412799e+00 4.273700e-01
    endloop
  endfacet
  facet normal 6.007332e-01 -6.615655e-01 -4.488326e-01
    outer loop
      vertex -1.949622e+00 2.598818e+00 8.182461e-01
      vertex -2.446517e+00 2.412799e+00 4.273700e-01
      vertex -1.920009e+00 2.724769e+00 6.722335e-01
    endloop
  endfacet
  facet normal 5.724755e-01 -7.878036e-01 -2.272384e-01
    outer loop
      vertex -1.920009e+00 2.724769e+00 6.722335e-01
      vertex -2.446517e+00 2.412799e+00 4.273700e-01
      vertex -2.396813e+00 2.497536e+00 2.588190e-01
    endloop
  endfacet
  facet normal 5.114296e-01 -8.505732e-01 -1.223311e-01
    outer loop
      vertex -1.920009e+00 2.724769e+00 6.722335e-01
      vertex -2.396813e+00 2.497536e+00 2.588190e-01
      vertex -1.854558e+00 2.788894e+00 5.000000e-01
    endloop
  endfacet
  facet normal 4.294204e-01 -8.955705e-01 1.164116e-01
    outer loop
      vertex -1.854558e+00 2.788894e+00 5.000000e-01
      vertex -2.396813e+00 2.497536e+00 2.588190e-01
      vertex -2.301499e+00 2.521329e+00 9.026805e-02
    endloop
  endfacet
  facet normal 3.432835e-01 -9.127226e-01 2.215716e-01
    outer loop
      vertex -1.854558e+00 2.788894e+00 5.000000e-01
      vertex -2.301499e+00 2.521329e+00 9.026805e-02
      vertex -1.763234e+00 2.781430e+00 3.277665e-01
    endloop
  endfacet
  facet normal 2.229389e-01 -8.674633e-01 4.447535e-01
    outer loop
      vertex -1.763234e+00 2.781430e+00 3.277665e-01
      vertex -2.301499e+00 2.521329e+00 9.026805e-02
      vertex -2.175087e+00 2.480556e+00 -5.262259e-02
    endloop
  endfacet
  facet normal 1.204546e-01 -8.379150e-01 5.323431e-01
    outer loop
      vertex -1.763234e+00 2.781430e+00 3.277665e-01
      vertex -2.175087e+00 2.480556e+00 -5.262259e-02
      vertex -1.659939e+00 2.703515e+00 1.817539e-01
    endloop
  endfacet
  facet normal -1.683743e-02 -7.056902e-01 7.083204e-01
    outer loop
      vertex -1.659939e+00 2.703515e+00 1.817539e-01
      vertex -2.175087e+00 2.480556e+00 -5.262259e-02
      vertex -2.036821e+00 2.381425e+00 -1.480991e-01
    endloop
  endfacet
  facet normal -1.241611e-01 -6.353039e-01 7.622159e-01
    outer loop
      vertex -1.659939e+00 2.703515e+00 1.817539e-01
      vertex -2.036821e+00 2.381425e+00 -1.480991e-01
      vertex -1.560400e+00 2.567009e+00 8.419146e-02
    endloop
  endfacet
  facet normal -2.530925e-01 -4.330847e-01 8.650906e-01
    outer loop
      vertex -1.560400e+00 2.567009e+00 8.419146e-02
      vertex -2.036821e+00 2.381425e+00 -1.480991e-01
      vertex -1.907751e+00 2.239027e+00 -1.816259e-01
    endloop
  endfacet
  facet normal -3.525672e-01 -3.348236e-01 8.738361e-01
    outer loop
      vertex -1.560400e+00 2.567009e+00 8.419146e-02
      vertex -1.907751e+00 2.239027e+00 -1.816259e-01
      vertex -1.479771e+00 2.392695e+00 4.993208e-02
    endloop
  endfacet
  facet normal -4.480747e-01 -9.204575e-02 8.892450e-01
    outer loop
      vertex -1.479771e+00 2.392695e+00 4.993208e-02
      vertex -1.907751e+00 2.239027e+00 -1.816259e-01
      vertex -1.807527e+00 2.075041e+00 -1.480991e-01
    endloop
  endfacet
  facet normal -5.283436e-01 1.593952e-02 8.488810e-01
    outer loop
      vertex -1.479771e+00 2.392695e+00 4.993208e-02
      vertex -1.807527e+00 2.075041e+00 -1.480991e-01
      vertex -1.430326e+00 2.207111e+00 8.419146e-02
    endloop
  endfacet
  facet normal -5.709844e-01 2.628336e-01 7.777502e-01
    outer loop
      vertex -1.430326e+00 2.207111e+00 8.419146e-02
      vertex -1.807527e+00 2.075041e+00 -1.480991e-01
      vertex -1.751407e+00 1.914433e+00 -5.262259e-02
    endloop
  endfacet
  facet normal -6.243153e-01 3.610949e-01 6.927055e-01
    outer loop
      vertex -1.430326e+00 2.207111e+00 8.419146e-02
      vertex -1.751407e+00 1.914433e+00 -5.262259e-02
      vertex -1.419593e+00 2.038509e+00 1.817539e-01
    endloop
  endfacet
  facet normal -6.041853e-01 5.763534e-01 5.502517e-01
    outer loop
      vertex -1.419593e+00 2.038509e+00 1.817539e-01
      vertex -1.751407e+00 1.914433e+00 -5.262259e-02
      vertex -1.747935e+00 1.781653e+00 9.026805e-02
    endloop
  endfacet
  facet normal -6.273047e-01 6.480900e-01 4.318196e-01
    outer loop
      vertex -1.419593e+00 2.038509e+00 1.817539e-01
      vertex -1.747935e+00 1.781653e+00 9.026805e-02
      vertex -1.449206e+00 1.912558e+00 3.277665e-01
    endloop
  endfacet
  facet normal -5.447949e-01 8.026327e-01 2.428563e-01
    outer loop
      vertex -1.449206e+00 1.912558e+00 3.277665e-01
      vertex -1.747935e+00 1.781653e+00 9.026805e-02
      vertex -1.797640e+00 1.696917e+00 2.588190e-01
    endloop
  endfacet
  facet normal -5.384250e-01 8.359024e-01 1.066103e-01
    outer loop
      vertex -1.449206e+00 1.912558e+00 3.277665e-01
      vertex -1.797640e+00 1.696917e+00 2.588190e-01
      vertex -1.514657e+00 1.848433e+00 5.000000e-01
    endloop
  endfacet
  facet normal -6.517528e-01 7.525417e-01 -9.433566e-02
    outer loop
      vertex -1.797640e+00 1.696917e+00 2.588190e-01
      vertex -2.022098e+00 1.470075e+00 9.797174e-16
      vertex -2.107429e+00 1.417141e+00 1.672628e-01
    endloop
  endfacet
  facet normal -6.109773e-01 7.547209e-01 -2.389626e-01
    outer loop
      vertex -1.797640e+00 1.696917e+00 2.588190e-01
      vertex -2.107429e+00 1.417141e+00 1.672628e-01
      vertex -1.892953e+00 1.673124e+00 4.273700e-01
    endloop
  endfacet
  facet normal -4.423806e-01 7.941147e-01 -4.167509e-01
    outer loop
      vertex -1.892953e+00 1.673124e+00 4.273700e-01
      vertex -2.107429e+00 1.417141e+00 1.672628e-01
      vertex -2.241419e+00 1.416914e+00 3.090613e-01
    endloop
  endfacet
  facet normal -3.701608e-01 7.540146e-01 -5.426259e-01
    outer loop
      vertex -1.892953e+00 1.673124e+00 4.273700e-01
      vertex -2.241419e+00 1.416914e+00 3.090613e-01
      vertex -2.019366e+00 1.713896e+00 5.702607e-01
    endloop
  endfacet
  facet normal -1.631645e-01 7.175437e-01 -6.771325e-01
    outer loop
      vertex -2.019366e+00 1.713896e+00 5.702607e-01
      vertex -2.241419e+00 1.416914e+00 3.090613e-01
      vertex -2.403670e+00 1.469430e+00 4.038081e-01
    endloop
  endfacet
  facet normal -7.299484e-02 6.371643e-01 -7.672636e-01
    outer loop
      vertex -2.019366e+00 1.713896e+00 5.702607e-01
      vertex -2.403670e+00 1.469430e+00 4.038081e-01
      vertex -2.157632e+00 1.813028e+00 6.657371e-01
    endloop
  endfacet
  facet normal 1.448054e-01 5.321920e-01 -8.341481e-01
    outer loop
      vertex -2.157632e+00 1.813028e+00 6.657371e-01
      vertex -2.403670e+00 1.469430e+00 4.038081e-01
      vertex -2.569480e+00 1.566694e+00 4.370787e-01
    endloop
  endfacet
  facet normal 2.355194e-01 4.198440e-01 -8.765053e-01
    outer loop
      vertex -2.157632e+00 1.813028e+00 6.657371e-01
      vertex -2.569480e+00 1.566694e+00 4.370787e-01
      vertex -2.286701e+00 1.955426e+00 6.992640e-01
    endloop
  endfacet
  facet normal 4.332804e-01 2.656705e-01 -8.612127e-01
    outer loop
      vertex -2.286701e+00 1.955426e+00 6.992640e-01
      vertex -2.569480e+00 1.566694e+00 4.370787e-01
      vertex -2.713607e+00 1.693897e+00 4.038081e-01
    endloop
  endfacet
  facet normal 5.064219e-01 1.354049e-01 -8.515882e-01
    outer loop
      vertex -2.286701e+00 1.955426e+00 6.992640e-01
      vertex -2.713607e+00 1.693897e+00 4.038081e-01
      vertex -2.386925e+00 2.119411e+00 6.657371e-01
    endloop
  endfacet
  facet normal 6.560450e-01 -3.973726e-02 -7.536750e-01
    outer loop
      vertex -2.386925e+00 2.119411e+00 6.657371e-01
      vertex -2.713607e+00 1.693897e+00 4.038081e-01
      vertex -2.814109e+00 1.831675e+00 3.090613e-01
    endloop
  endfacet
  facet normal 6.967259e-01 -1.707295e-01 -6.967241e-01
    outer loop
      vertex -2.386925e+00 2.119411e+00 6.657371e-01
      vertex -2.814109e+00 1.831675e+00 3.090613e-01
      vertex -2.443045e+00 2.280020e+00 5.702607e-01
    endloop
  endfacet
  facet normal 7.787322e-01 -3.357660e-01 -5.299409e-01
    outer loop
      vertex -2.443045e+00 2.280020e+00 5.702607e-01
      vertex -2.814109e+00 1.831675e+00 3.090613e-01
      vertex -2.855684e+00 1.959052e+00 1.672628e-01
    endloop
  endfacet
  facet normal 7.780208e-01 -4.506767e-01 -4.376919e-01
    outer loop
      vertex -2.443045e+00 2.280020e+00 5.702607e-01
      vertex -2.855684e+00 1.959052e+00 1.672628e-01
      vertex -2.446517e+00 2.412799e+00 4.273700e-01
    endloop
  endfacet
  facet normal 7.843281e-01 -5.777117e-01 -2.260059e-01
    outer loop
      vertex -2.446517e+00 2.412799e+00 4.273700e-01
      vertex -2.855684e+00 1.959052e+00 1.672628e-01
      vertex -2.832004e+00 2.056636e+00 1.033244e-15
    endloop
  endfacet
  facet normal 7.399060e-01 -6.628038e-01 -1.150228e-01
    outer loop
      vertex -2.446517e+00 2.412799e+00 4.273700e-01
      vertex -2.832004e+00 2.056636e+00 1.033244e-15
      vertex -2.396813e+00 2.497536e+00 2.588190e-01
    endloop
  endfacet
  facet normal 6.734404e-01 -7.306580e-01 1.123255e-01
    outer loop
      vertex -2.396813e+00 2.497536e+00 2.588190e-01
      vertex -2.832004e+00 2.056636e+00 1.033244e-15
      vertex -2.746673e+00 2.109571e+00 -1.672628e-01
    endloop
  endfacet
  facet normal 5.890320e-01 -7.765983e-01 2.234645e-01
    outer loop
      vertex -2.396813e+00 2.497536e+00 2.588190e-01
      vertex -2.746673e+00 2.109571e+00 -1.672628e-01
      vertex -2.301499e+00 2.521329e+00 9.026805e-02
    endloop
  endfacet
  facet normal 4.623302e-01 -7.723156e-01 4.356368e-01
    outer loop
      vertex -2.301499e+00 2.521329e+00 9.026805e-02
      vertex -2.746673e+00 2.109571e+00 -1.672628e-01
      vertex -2.612683e+00 2.109798e+00 -3.090613e-01
    endloop
  endfacet
  facet normal 3.470744e-01 -7.749621e-01 5.281791e-01
    outer loop
      vertex -2.301499e+00 2.521329e+00 9.026805e-02
      vertex -2.612683e+00 2.109798e+00 -3.090613e-01
      vertex -2.175087e+00 2.480556e+00 -5.262259e-02
    endloop
  endfacet
  facet normal 1.812577e-01 -6.951073e-01 6.956806e-01
    outer loop
      vertex -2.175087e+00 2.480556e+00 -5.262259e-02
      vertex -2.612683e+00 2.109798e+00 -3.090613e-01
      vertex -2.450432e+00 2.057282e+00 -4.038081e-01
    endloop
  endfacet
  facet normal 4.911232e-02 -6.564854e-01 7.527383e-01
    outer loop
      vertex -2.175087e+00 2.480556e+00 -5.262259e-02
      vertex -2.450432e+00 2.057282e+00 -4.038081e-01
      vertex -2.036821e+00 2.381425e+00 -1.480991e-01
    endloop
  endfacet
  facet normal -1.276196e-01 -5.087889e-01 8.513795e-01
    outer loop
      vertex -2.036821e+00 2.381425e+00 -1.480991e-01
      vertex -2.450432e+00 2.057282e+00 -4.038081e-01
      vertex -2.284621e+00 1.960018e+00 -4.370787e-01
    endloop
  endfacet
  facet normal -2.593908e-01 -4.377938e-01 8.608443e-01
    outer loop
      vertex -2.036821e+00 2.381425e+00 -1.480991e-01
      vertex -2.284621e+00 1.960018e+00 -4.370787e-01
      vertex -1.907751e+00 2.239027e+00 -1.816259e-01
    endloop
  endfacet
  facet normal -4.155852e-01 -2.415174e-01 8.769027e-01
    outer loop
      vertex -1.907751e+00 2.239027e+00 -1.816259e-01
      vertex -2.284621e+00 1.960018e+00 -4.370787e-01
      vertex -2.140495e+00 1.832814e+00 -4.038081e-01
    endloop
  endfacet
  facet normal -5.294848e-01 -1.530134e-01 8.344057e-01
    outer loop
      vertex -1.907751e+00 2.239027e+00 -1.816259e-01
      vertex -2.140495e+00 1.832814e+00 -4.038081e-01
      vertex -1.807527e+00 2.075041e+00 -1.480991e-01
    endloop
  endfacet
  facet normal -6.367050e-01 6.400288e-02 7.684467e-01
    outer loop
      vertex -1.807527e+00 2.075041e+00 -1.480991e-01
      vertex -2.140495e+00 1.832814e+00 -4.038081e-01
      vertex -2.039993e+00 1.695036e+00 -3.090613e-01
    endloop
  endfacet
  facet normal -7.186533e-01 1.522340e-01 6.785000e-01
    outer loop
      vertex -1.807527e+00 2.075041e+00 -1.480991e-01
      vertex -2.039993e+00 1.695036e+00 -3.090613e-01
      vertex -1.751407e+00 1.914433e+00 -5.262259e-02
    endloop
  endfacet
  facet normal -7.575117e-01 3.594223e-01 5.449694e-01
    outer loop
      vertex -1.751407e+00 1.914433e+00 -5.262259e-02
      vertex -2.039993e+00 1.695036e+00 -3.090613e-01
      vertex -1.998418e+00 1.567659e+00 -1.672628e-01
    endloop
  endfacet
  facet normal -7.991464e-01 4.305556e-01 4.195080e-01
    outer loop
      vertex -1.751407e+00 1.914433e+00 -5.262259e-02
      vertex -1.998418e+00 1.567659e+00 -1.672628e-01
      vertex -1.747935e+00 1.781653e+00 9.026805e-02
    endloop
  endfacet
  facet normal -7.621070e-01 6.003735e-01 2.423731e-01
    outer loop
      vertex -1.747935e+00 1.781653e+00 9.026805e-02
      vertex -1.998418e+00 1.567659e+00 -1.672628e-01
      vertex -2.022098e+00 1.470075e+00 9.797174e-16
    endloop
  endfacet
  facet normal -7.610369e-01 6.412688e-01 9.796502e-02
    outer loop
      vertex -1.747935e+00 1.781653e+00 9.026805e-02
      vertex -2.022098e+00 1.470075e+00 9.797174e-16
      vertex -1.797640e+00 1.696917e+00 2.588190e-01
    endloop
  endfacet
  facet normal -8.451752e-01 5.257430e-01 -9.629720e-02
    outer loop
      vertex -2.022098e+00 1.470075e+00 9.797174e-16
      vertex -2.168884e+00 1.186699e+00 -2.588190e-01
      vertex -2.233878e+00 1.113093e+00 -9.024238e-02
    endloop
  endfacet
  facet normal -8.067934e-01 5.395147e-01 -2.408491e-01
    outer loop
      vertex -2.022098e+00 1.470075e+00 9.797174e-16
      vertex -2.233878e+00 1.113093e+00 -9.024238e-02
      vertex -2.107429e+00 1.417141e+00 1.672628e-01
    endloop
  endfacet
  facet normal -6.571656e-01 6.272659e-01 -4.179364e-01
    outer loop
      vertex -2.107429e+00 1.417141e+00 1.672628e-01
      vertex -2.233878e+00 1.113093e+00 -9.024238e-02
      vertex -2.361106e+00 1.075021e+00 5.267002e-02
    endloop
  endfacet
  facet normal -5.765962e-01 6.097063e-01 -5.438704e-01
    outer loop
      vertex -2.107429e+00 1.417141e+00 1.672628e-01
      vertex -2.361106e+00 1.075021e+00 5.267002e-02
      vertex -2.241419e+00 1.416914e+00 3.090613e-01
    endloop
  endfacet
  facet normal -3.681073e-01 6.368696e-01 -6.774172e-01
    outer loop
      vertex -2.241419e+00 1.416914e+00 3.090613e-01
      vertex -2.361106e+00 1.075021e+00 5.267002e-02
      vertex -2.531197e+00 1.078280e+00 1.481610e-01
    endloop
  endfacet
  facet normal -2.586445e-01 5.861492e-01 -7.678100e-01
    outer loop
      vertex -2.241419e+00 1.416914e+00 3.090613e-01
      vertex -2.531197e+00 1.078280e+00 1.481610e-01
      vertex -2.403670e+00 1.469430e+00 4.038081e-01
    endloop
  endfacet
  facet normal -1.951565e-02 5.514380e-01 -8.339876e-01
    outer loop
      vertex -2.403670e+00 1.469430e+00 4.038081e-01
      vertex -2.531197e+00 1.078280e+00 1.481610e-01
      vertex -2.718258e+00 1.122373e+00 1.816930e-01
    endloop
  endfacet
  facet normal 1.000335e-01 4.704380e-01 -8.767448e-01
    outer loop
      vertex -2.403670e+00 1.469430e+00 4.038081e-01
      vertex -2.718258e+00 1.122373e+00 1.816930e-01
      vertex -2.569480e+00 1.566694e+00 4.370787e-01
    endloop
  endfacet
  facet normal 3.349749e-01 3.827190e-01 -8.609982e-01
    outer loop
      vertex -2.569480e+00 1.566694e+00 4.370787e-01
      vertex -2.718258e+00 1.122373e+00 1.816930e-01
      vertex -2.893809e+00 1.200588e+00 1.481610e-01
    endloop
  endfacet
  facet normal 4.432616e-01 2.794637e-01 -8.517155e-01
    outer loop
      vertex -2.569480e+00 1.566694e+00 4.370787e-01
      vertex -2.893809e+00 1.200588e+00 1.481610e-01
      vertex -2.713607e+00 1.693897e+00 4.038081e-01
    endloop
  endfacet
  facet normal 6.386922e-01 1.570542e-01 -7.532638e-01
    outer loop
      vertex -2.713607e+00 1.693897e+00 4.038081e-01
      vertex -2.893809e+00 1.200588e+00 1.481610e-01
      vertex -3.031125e+00 1.301017e+00 5.267002e-02
    endloop
  endfacet
  facet normal 7.162869e-01 4.356164e-02 -6.964448e-01
    outer loop
      vertex -2.713607e+00 1.693897e+00 4.038081e-01
      vertex -3.031125e+00 1.301017e+00 5.267002e-02
      vertex -2.814109e+00 1.831675e+00 3.090613e-01
    endloop
  endfacet
  facet normal 8.439257e-01 -8.957343e-02 -5.289292e-01
    outer loop
      vertex -2.814109e+00 1.831675e+00 3.090613e-01
      vertex -3.031125e+00 1.301017e+00 5.267002e-02
      vertex -3.109301e+00 1.408370e+00 -9.024238e-02
    endloop
  endfacet
  facet normal 8.771627e-01 -1.997924e-01 -4.366562e-01
    outer loop
      vertex -2.814109e+00 1.831675e+00 3.090613e-01
      vertex -3.109301e+00 1.408370e+00 -9.024238e-02
      vertex -2.855684e+00 1.959052e+00 1.672628e-01
    endloop
  endfacet
  facet normal 9.207645e-01 -3.191407e-01 -2.243701e-01
    outer loop
      vertex -2.855684e+00 1.959052e+00 1.672628e-01
      vertex -3.109301e+00 1.408370e+00 -9.024238e-02
      vertex -3.116434e+00 1.506305e+00 -2.588190e-01
    endloop
  endfacet
  facet normal 9.033823e-01 -4.135737e-01 -1.133898e-01
    outer loop
      vertex -2.855684e+00 1.959052e+00 1.672628e-01
      vertex -3.116434e+00 1.506305e+00 -2.588190e-01
      vertex -2.832004e+00 2.056636e+00 1.033244e-15
    endloop
  endfacet
  facet normal 8.596810e-01 -4.979417e-01 1.140289e-01
    outer loop
      vertex -2.832004e+00 2.056636e+00 1.033244e-15
      vertex -3.116434e+00 1.506305e+00 -2.588190e-01
      vertex -3.051440e+00 1.579912e+00 -4.273957e-01
    endloop
  endfacet
  facet normal 7.926475e-01 -5.666224e-01 2.250534e-01
    outer loop
      vertex -2.832004e+00 2.056636e+00 1.033244e-15
      vertex -3.051440e+00 1.579912e+00 -4.273957e-01
      vertex -2.746673e+00 2.109571e+00 -1.672628e-01
    endloop
  endfacet
  facet normal 6.701647e-01 -6.001128e-01 4.367423e-01
    outer loop
      vertex -2.746673e+00 2.109571e+00 -1.672628e-01
      vertex -3.051440e+00 1.579912e+00 -4.273957e-01
      vertex -2.924213e+00 1.617983e+00 -5.703081e-01
    endloop
  endfacet
  facet normal 5.610939e-01 -6.365087e-01 5.291789e-01
    outer loop
      vertex -2.746673e+00 2.109571e+00 -1.672628e-01
      vertex -2.924213e+00 1.617983e+00 -5.703081e-01
      vertex -2.612683e+00 2.109798e+00 -3.090613e-01
    endloop
  endfacet
  facet normal 3.790628e-01 -6.098227e-01 6.960084e-01
    outer loop
      vertex -2.612683e+00 2.109798e+00 -3.090613e-01
      vertex -2.924213e+00 1.617983e+00 -5.703081e-01
      vertex -2.754121e+00 1.614725e+00 -6.657991e-01
    endloop
  endfacet
  facet normal 2.417916e-01 -6.117884e-01 7.531612e-01
    outer loop
      vertex -2.612683e+00 2.109798e+00 -3.090613e-01
      vertex -2.754121e+00 1.614725e+00 -6.657991e-01
      vertex -2.450432e+00 2.057282e+00 -4.038081e-01
    endloop
  endfacet
  facet normal 2.910098e-02 -5.239175e-01 8.512717e-01
    outer loop
      vertex -2.450432e+00 2.057282e+00 -4.038081e-01
      vertex -2.754121e+00 1.614725e+00 -6.657991e-01
      vertex -2.567061e+00 1.570632e+00 -6.993311e-01
    endloop
  endfacet
  facet normal -1.174385e-01 -4.947460e-01 8.610660e-01
    outer loop
      vertex -2.450432e+00 2.057282e+00 -4.038081e-01
      vertex -2.567061e+00 1.570632e+00 -6.993311e-01
      vertex -2.284621e+00 1.960018e+00 -4.370787e-01
    endloop
  endfacet
  facet normal -3.253607e-01 -3.544287e-01 8.766532e-01
    outer loop
      vertex -2.284621e+00 1.960018e+00 -4.370787e-01
      vertex -2.567061e+00 1.570632e+00 -6.993311e-01
      vertex -2.391510e+00 1.492417e+00 -6.657991e-01
    endloop
  endfacet
  facet normal -4.601026e-01 -3.030346e-01 8.345511e-01
    outer loop
      vertex -2.284621e+00 1.960018e+00 -4.370787e-01
      vertex -2.391510e+00 1.492417e+00 -6.657991e-01
      vertex -2.140495e+00 1.832814e+00 -4.038081e-01
    endloop
  endfacet
  facet normal -6.276811e-01 -1.281255e-01 7.678544e-01
    outer loop
      vertex -2.140495e+00 1.832814e+00 -4.038081e-01
      vertex -2.391510e+00 1.492417e+00 -6.657991e-01
      vertex -2.254194e+00 1.391988e+00 -5.703081e-01
    endloop
  endfacet
  facet normal -7.317814e-01 -6.741234e-02 6.781973e-01
    outer loop
      vertex -2.140495e+00 1.832814e+00 -4.038081e-01
      vertex -2.254194e+00 1.391988e+00 -5.703081e-01
      vertex -2.039993e+00 1.695036e+00 -3.090613e-01
    endloop
  endfacet
  facet normal -8.308934e-01 1.186419e-01 5.436361e-01
    outer loop
      vertex -2.039993e+00 1.695036e+00 -3.090613e-01
      vertex -2.254194e+00 1.391988e+00 -5.703081e-01
      vertex -2.176018e+00 1.284634e+00 -4.273957e-01
    endloop
  endfacet
  facet normal -8.913102e-01 1.747922e-01 4.183466e-01
    outer loop
      vertex -2.039993e+00 1.695036e+00 -3.090613e-01
      vertex -2.176018e+00 1.284634e+00 -4.273957e-01
      vertex -1.998418e+00 1.567659e+00 -1.672628e-01
    endloop
  endfacet
  facet normal -9.062523e-01 3.477457e-01 2.403741e-01
    outer loop
      vertex -1.998418e+00 1.567659e+00 -1.672628e-01
      vertex -2.176018e+00 1.284634e+00 -4.273957e-01
      vertex -2.168884e+00 1.186699e+00 -2.588190e-01
    endloop
  endfacet
  facet normal -9.169679e-01 3.872166e-01 9.608920e-02
    outer loop
      vertex -1.998418e+00 1.567659e+00 -1.672628e-01
      vertex -2.168884e+00 1.186699e+00 -2.588190e-01
      vertex -2.022098e+00 1.470075e+00 9.797174e-16
    endloop
  endfacet
  facet normal -9.614764e-01 2.539956e-01 -1.051156e-01
    outer loop
      vertex -2.168884e+00 1.186699e+00 -2.588190e-01
      vertex -2.225973e+00 8.707807e-01 -5.000000e-01
      vertex -2.266493e+00 7.886966e-01 -3.277193e-01
    endloop
  endfacet
  facet normal -9.320332e-01 2.703500e-01 -2.412984e-01
    outer loop
      vertex -2.168884e+00 1.186699e+00 -2.588190e-01
      vertex -2.266493e+00 7.886966e-01 -3.277193e-01
      vertex -2.233878e+00 1.113093e+00 -9.024238e-02
    endloop
  endfacet
  facet normal -8.108846e-01 3.965667e-01 -4.303499e-01
    outer loop
      vertex -2.233878e+00 1.113093e+00 -9.024238e-02
      vertex -2.266493e+00 7.886966e-01 -3.277193e-01
      vertex -2.376930e+00 7.213730e-01 -1.816668e-01
    endloop
  endfacet
  facet normal -7.355507e-01 3.967759e-01 -5.491211e-01
    outer loop
      vertex -2.233878e+00 1.113093e+00 -9.024238e-02
      vertex -2.376930e+00 7.213730e-01 -1.816668e-01
      vertex -2.361106e+00 1.075021e+00 5.267002e-02
    endloop
  endfacet
  facet normal -5.375291e-01 4.823630e-01 -6.916563e-01
    outer loop
      vertex -2.361106e+00 1.075021e+00 5.267002e-02
      vertex -2.376930e+00 7.213730e-01 -1.816668e-01
      vertex -2.540472e+00 6.790591e-01 -8.407765e-02
    endloop
  endfacet
  facet normal -4.274183e-01 4.619909e-01 -7.770959e-01
    outer loop
      vertex -2.361106e+00 1.075021e+00 5.267002e-02
      vertex -2.540472e+00 6.790591e-01 -8.407765e-02
      vertex -2.531197e+00 1.078280e+00 1.481610e-01
    endloop
  endfacet
  facet normal -1.798319e-01 4.977578e-01 -8.484678e-01
    outer loop
      vertex -2.531197e+00 1.078280e+00 1.481610e-01
      vertex -2.540472e+00 6.790591e-01 -8.407765e-02
      vertex -2.732222e+00 6.681969e-01 -4.980889e-02
    endloop
  endfacet
  facet normal -5.217368e-02 4.547816e-01 -8.890735e-01
    outer loop
      vertex -2.531197e+00 1.078280e+00 1.481610e-01
      vertex -2.732222e+00 6.681969e-01 -4.980889e-02
      vertex -2.718258e+00 1.122373e+00 1.816930e-01
    endloop
  endfacet
  facet normal 2.081999e-01 4.390867e-01 -8.739884e-01
    outer loop
      vertex -2.718258e+00 1.122373e+00 1.816930e-01
      vertex -2.732222e+00 6.681969e-01 -4.980889e-02
      vertex -2.922987e+00 6.904400e-01 -8.407765e-02
    endloop
  endfacet
  facet normal 3.323614e-01 3.749601e-01 -8.654137e-01
    outer loop
      vertex -2.718258e+00 1.122373e+00 1.816930e-01
      vertex -2.922987e+00 6.904400e-01 -8.407765e-02
      vertex -2.893809e+00 1.200588e+00 1.481610e-01
    endloop
  endfacet
  facet normal 5.648771e-01 3.149121e-01 -7.627216e-01
    outer loop
      vertex -2.893809e+00 1.200588e+00 1.481610e-01
      vertex -2.922987e+00 6.904400e-01 -8.407765e-02
      vertex -3.083724e+00 7.424022e-01 -1.816668e-01
    endloop
  endfacet
  facet normal 6.648670e-01 2.348533e-01 -7.090809e-01
    outer loop
      vertex -2.893809e+00 1.200588e+00 1.481610e-01
      vertex -3.083724e+00 7.424022e-01 -1.816668e-01
      vertex -3.031125e+00 1.301017e+00 5.267002e-02
    endloop
  endfacet
  facet normal 8.335556e-01 1.451187e-01 -5.330344e-01
    outer loop
      vertex -3.031125e+00 1.301017e+00 5.267002e-02
      vertex -3.083724e+00 7.424022e-01 -1.816668e-01
      vertex -3.189963e+00 8.161726e-01 -3.277193e-01
    endloop
  endfacet
  facet normal 8.933198e-01 5.708423e-02 -4.457815e-01
    outer loop
      vertex -3.031125e+00 1.301017e+00 5.267002e-02
      vertex -3.189963e+00 8.161726e-01 -3.277193e-01
      vertex -3.109301e+00 1.408370e+00 -9.024238e-02
    endloop
  endfacet
  facet normal 9.739907e-01 -4.349215e-02 -2.223747e-01
    outer loop
      vertex -3.109301e+00 1.408370e+00 -9.024238e-02
      vertex -3.189963e+00 8.161726e-01 -3.277193e-01
      vertex -3.225531e+00 9.005205e-01 -5.000000e-01
    endloop
  endfacet
  facet normal 9.844604e-01 -1.305183e-01 -1.174850e-01
    outer loop
      vertex -3.109301e+00 1.408370e+00 -9.024238e-02
      vertex -3.225531e+00 9.005205e-01 -5.000000e-01
      vertex -3.116434e+00 1.506305e+00 -2.588190e-01
    endloop
  endfacet
  facet normal 9.673215e-01 -2.225651e-01 1.214656e-01
    outer loop
      vertex -3.116434e+00 1.506305e+00 -2.588190e-01
      vertex -3.225531e+00 9.005205e-01 -5.000000e-01
      vertex -3.185012e+00 9.826045e-01 -6.722807e-01
    endloop
  endfacet
  facet normal 9.267067e-01 -3.000092e-01 2.262946e-01
    outer loop
      vertex -3.116434e+00 1.506305e+00 -2.588190e-01
      vertex -3.185012e+00 9.826045e-01 -6.722807e-01
      vertex -3.051440e+00 1.579912e+00 -4.273957e-01
    endloop
  endfacet
  facet normal 8.156472e-01 -3.660721e-01 4.480077e-01
    outer loop
      vertex -3.051440e+00 1.579912e+00 -4.273957e-01
      vertex -3.185012e+00 9.826045e-01 -6.722807e-01
      vertex -3.074574e+00 1.049928e+00 -8.183332e-01
    endloop
  endfacet
  facet normal 7.289725e-01 -4.266782e-01 5.352988e-01
    outer loop
      vertex -3.051440e+00 1.579912e+00 -4.273957e-01
      vertex -3.074574e+00 1.049928e+00 -8.183332e-01
      vertex -2.924213e+00 1.617983e+00 -5.703081e-01
    endloop
  endfacet
  facet normal 5.403651e-01 -4.527122e-01 7.092652e-01
    outer loop
      vertex -2.924213e+00 1.617983e+00 -5.703081e-01
      vertex -3.074574e+00 1.049928e+00 -8.183332e-01
      vertex -2.911032e+00 1.092242e+00 -9.159223e-01
    endloop
  endfacet
  facet normal 4.191893e-01 -4.913643e-01 7.634405e-01
    outer loop
      vertex -2.924213e+00 1.617983e+00 -5.703081e-01
      vertex -2.911032e+00 1.092242e+00 -9.159223e-01
      vertex -2.754121e+00 1.614725e+00 -6.657991e-01
    endloop
  endfacet
  facet normal 1.810819e-01 -4.683687e-01 8.647775e-01
    outer loop
      vertex -2.754121e+00 1.614725e+00 -6.657991e-01
      vertex -2.911032e+00 1.092242e+00 -9.159223e-01
      vertex -2.719282e+00 1.103104e+00 -9.501911e-01
    endloop
  endfacet
  facet normal 4.286495e-02 -4.831716e-01 8.744757e-01
    outer loop
      vertex -2.754121e+00 1.614725e+00 -6.657991e-01
      vertex -2.719282e+00 1.103104e+00 -9.501911e-01
      vertex -2.567061e+00 1.570632e+00 -6.993311e-01
    endloop
  endfacet
  facet normal -2.073375e-01 -4.092595e-01 8.885482e-01
    outer loop
      vertex -2.567061e+00 1.570632e+00 -6.993311e-01
      vertex -2.719282e+00 1.103104e+00 -9.501911e-01
      vertex -2.528518e+00 1.080861e+00 -9.159223e-01
    endloop
  endfacet
  facet normal -3.415485e-01 -4.024768e-01 8.493274e-01
    outer loop
      vertex -2.567061e+00 1.570632e+00 -6.993311e-01
      vertex -2.528518e+00 1.080861e+00 -9.159223e-01
      vertex -2.391510e+00 1.492417e+00 -6.657991e-01
    endloop
  endfacet
  facet normal -5.630304e-01 -2.842001e-01 7.760329e-01
    outer loop
      vertex -2.391510e+00 1.492417e+00 -6.657991e-01
      vertex -2.528518e+00 1.080861e+00 -9.159223e-01
      vertex -2.367780e+00 1.028899e+00 -8.183332e-01
    endloop
  endfacet
  facet normal -6.728063e-01 -2.621108e-01 6.918306e-01
    outer loop
      vertex -2.391510e+00 1.492417e+00 -6.657991e-01
      vertex -2.367780e+00 1.028899e+00 -8.183332e-01
      vertex -2.254194e+00 1.391988e+00 -5.703081e-01
    endloop
  endfacet
  facet normal -8.298630e-01 -1.135590e-01 5.462891e-01
    outer loop
      vertex -2.254194e+00 1.391988e+00 -5.703081e-01
      vertex -2.367780e+00 1.028899e+00 -8.183332e-01
      vertex -2.261541e+00 9.551285e-01 -6.722807e-01
    endloop
  endfacet
  facet normal -8.996144e-01 -8.485883e-02 4.283608e-01
    outer loop
      vertex -2.254194e+00 1.391988e+00 -5.703081e-01
      vertex -2.261541e+00 9.551285e-01 -6.722807e-01
      vertex -2.176018e+00 1.284634e+00 -4.273957e-01
    endloop
  endfacet
  facet normal -9.686140e-01 7.536452e-02 2.368692e-01
    outer loop
      vertex -2.176018e+00 1.284634e+00 -4.273957e-01
      vertex -2.261541e+00 9.551285e-01 -6.722807e-01
      vertex -2.225973e+00 8.707807e-01 -5.000000e-01
    endloop
  endfacet
  facet normal -9.896713e-01 1.017444e-01 1.009892e-01
    outer loop
      vertex -2.176018e+00 1.284634e+00 -4.273957e-01
      vertex -2.225973e+00 8.707807e-01 -5.000000e-01
      vertex -2.168884e+00 1.186699e+00 -2.588190e-01
    endloop
  endfacet
  facet normal -9.921332e-01 -3.354996e-02 -1.206077e-01
    outer loop
      vertex -2.225973e+00 8.707807e-01 -5.000000e-01
      vertex -2.189934e+00 5.495618e-01 -7.071068e-01
      vertex -2.208898e+00 4.713965e-01 -5.293687e-01
    endloop
  endfacet
  facet normal -9.705667e-01 -2.387438e-02 -2.396462e-01
    outer loop
      vertex -2.225973e+00 8.707807e-01 -5.000000e-01
      vertex -2.208898e+00 4.713965e-01 -5.293687e-01
      vertex -2.266493e+00 7.886966e-01 -3.277193e-01
    endloop
  endfacet
  facet normal -8.823067e-01 1.277416e-01 -4.530088e-01
    outer loop
      vertex -2.266493e+00 7.886966e-01 -3.277193e-01
      vertex -2.208898e+00 4.713965e-01 -5.293687e-01
      vertex -2.298635e+00 3.859371e-01 -3.786897e-01
    endloop
  endfacet
  facet normal -8.193680e-01 1.358708e-01 -5.569337e-01
    outer loop
      vertex -2.266493e+00 7.886966e-01 -3.277193e-01
      vertex -2.298635e+00 3.859371e-01 -3.786897e-01
      vertex -2.376930e+00 7.213730e-01 -1.816668e-01
    endloop
  endfacet
  facet normal -6.403118e-01 2.723853e-01 -7.181971e-01
    outer loop
      vertex -2.376930e+00 7.213730e-01 -1.816668e-01
      vertex -2.298635e+00 3.859371e-01 -3.786897e-01
      vertex -2.445484e+00 3.061940e-01 -2.780091e-01
    endloop
  endfacet
  facet normal -5.440980e-01 2.738717e-01 -7.930647e-01
    outer loop
      vertex -2.376930e+00 7.213730e-01 -1.816668e-01
      vertex -2.445484e+00 3.061940e-01 -2.780091e-01
      vertex -2.540472e+00 6.790591e-01 -8.407765e-02
    endloop
  endfacet
  facet normal -2.996156e-01 3.790460e-01 -8.755311e-01
    outer loop
      vertex -2.540472e+00 6.790591e-01 -8.407765e-02
      vertex -2.445484e+00 3.061940e-01 -2.780091e-01
      vertex -2.627089e+00 2.443074e-01 -2.426548e-01
    endloop
  endfacet
  facet normal -1.837304e-01 3.689370e-01 -9.111140e-01
    outer loop
      vertex -2.540472e+00 6.790591e-01 -8.407765e-02
      vertex -2.627089e+00 2.443074e-01 -2.426548e-01
      vertex -2.732222e+00 6.681969e-01 -4.980889e-02
    endloop
  endfacet
  facet normal 8.925913e-02 4.307080e-01 -8.980665e-01
    outer loop
      vertex -2.732222e+00 6.681969e-01 -4.980889e-02
      vertex -2.627089e+00 2.443074e-01 -2.426548e-01
      vertex -2.815802e+00 2.096989e-01 -2.780091e-01
    endloop
  endfacet
  facet normal 2.072094e-01 4.053706e-01 -8.903589e-01
    outer loop
      vertex -2.732222e+00 6.681969e-01 -4.980889e-02
      vertex -2.815802e+00 2.096989e-01 -2.780091e-01
      vertex -2.922987e+00 6.904400e-01 -8.407765e-02
    endloop
  endfacet
  facet normal 4.649597e-01 4.184087e-01 -7.802221e-01
    outer loop
      vertex -2.922987e+00 6.904400e-01 -8.407765e-02
      vertex -2.815802e+00 2.096989e-01 -2.780091e-01
      vertex -2.982893e+00 2.076374e-01 -3.786897e-01
    endloop
  endfacet
  facet normal 5.666772e-01 3.768073e-01 -7.327300e-01
    outer loop
      vertex -2.922987e+00 6.904400e-01 -8.407765e-02
      vertex -2.982893e+00 2.076374e-01 -3.786897e-01
      vertex -3.083724e+00 7.424022e-01 -1.816668e-01
    endloop
  endfacet
  facet normal 7.674297e-01 3.440265e-01 -5.410152e-01
    outer loop
      vertex -3.083724e+00 7.424022e-01 -1.816668e-01
      vertex -2.982893e+00 2.076374e-01 -3.786897e-01
      vertex -3.102924e+00 2.384366e-01 -5.293687e-01
    endloop
  endfacet
  facet normal 8.377499e-01 2.881148e-01 -4.638588e-01
    outer loop
      vertex -3.083724e+00 7.424022e-01 -1.816668e-01
      vertex -3.102924e+00 2.384366e-01 -5.293687e-01
      vertex -3.189963e+00 8.161726e-01 -3.277193e-01
    endloop
  endfacet
  facet normal 9.505051e-01 2.198374e-01 -2.195712e-01
    outer loop
      vertex -3.189963e+00 8.161726e-01 -3.277193e-01
      vertex -3.102924e+00 2.384366e-01 -5.293687e-01
      vertex -3.157621e+00 2.974078e-01 -7.071068e-01
    endloop
  endfacet
  facet normal 9.798947e-01 1.539251e-01 -1.269390e-01
    outer loop
      vertex -3.189963e+00 8.161726e-01 -3.277193e-01
      vertex -3.157621e+00 2.974078e-01 -7.071068e-01
      vertex -3.225531e+00 9.005205e-01 -5.000000e-01
    endloop
  endfacet
  facet normal 9.888039e-01 6.525550e-02 1.341958e-01
    outer loop
      vertex -3.225531e+00 9.005205e-01 -5.000000e-01
      vertex -3.157621e+00 2.974078e-01 -7.071068e-01
      vertex -3.138658e+00 3.755731e-01 -8.848448e-01
    endloop
  endfacet
  facet normal 9.739557e-01 -5.005348e-03 2.266833e-01
    outer loop
      vertex -3.225531e+00 9.005205e-01 -5.000000e-01
      vertex -3.138658e+00 3.755731e-01 -8.848448e-01
      vertex -3.185012e+00 9.826045e-01 -6.722807e-01
    endloop
  endfacet
  facet normal 8.783239e-01 -9.686239e-02 4.681504e-01
    outer loop
      vertex -3.185012e+00 9.826045e-01 -6.722807e-01
      vertex -3.138658e+00 3.755731e-01 -8.848448e-01
      vertex -3.048921e+00 4.610325e-01 -1.035524e+00
    endloop
  endfacet
  facet normal 8.218274e-01 -1.652875e-01 5.452336e-01
    outer loop
      vertex -3.185012e+00 9.826045e-01 -6.722807e-01
      vertex -3.048921e+00 4.610325e-01 -1.035524e+00
      vertex -3.074574e+00 1.049928e+00 -8.183332e-01
    endloop
  endfacet
  facet normal 6.347923e-01 -2.428765e-01 7.335187e-01
    outer loop
      vertex -3.074574e+00 1.049928e+00 -8.183332e-01
      vertex -3.048921e+00 4.610325e-01 -1.035524e+00
      vertex -2.902072e+00 5.407756e-01 -1.136204e+00
    endloop
  endfacet
  facet normal 5.449334e-01 -3.033821e-01 7.816693e-01
    outer loop
      vertex -3.074574e+00 1.049928e+00 -8.183332e-01
      vertex -2.902072e+00 5.407756e-01 -1.136204e+00
      vertex -2.911032e+00 1.092242e+00 -9.159223e-01
    endloop
  endfacet
  facet normal 2.926655e-01 -3.506019e-01 8.896208e-01
    outer loop
      vertex -2.911032e+00 1.092242e+00 -9.159223e-01
      vertex -2.902072e+00 5.407756e-01 -1.136204e+00
      vertex -2.720467e+00 6.026622e-01 -1.171559e+00
    endloop
  endfacet
  facet normal 1.831942e-01 -3.980505e-01 8.988858e-01
    outer loop
      vertex -2.911032e+00 1.092242e+00 -9.159223e-01
      vertex -2.720467e+00 6.026622e-01 -1.171559e+00
      vertex -2.719282e+00 1.103104e+00 -9.501911e-01
    endloop
  endfacet
  facet normal -9.673767e-02 -4.024451e-01 9.103185e-01
    outer loop
      vertex -2.719282e+00 1.103104e+00 -9.501911e-01
      vertex -2.720467e+00 6.026622e-01 -1.171559e+00
      vertex -2.531754e+00 6.372707e-01 -1.136204e+00
    endloop
  endfacet
  facet normal -2.080632e-01 -4.338162e-01 8.766489e-01
    outer loop
      vertex -2.719282e+00 1.103104e+00 -9.501911e-01
      vertex -2.531754e+00 6.372707e-01 -1.136204e+00
      vertex -2.528518e+00 1.080861e+00 -9.159223e-01
    endloop
  endfacet
  facet normal -4.718385e-01 -3.893814e-01 7.910440e-01
    outer loop
      vertex -2.528518e+00 1.080861e+00 -9.159223e-01
      vertex -2.531754e+00 6.372707e-01 -1.136204e+00
      vertex -2.364663e+00 6.393323e-01 -1.035524e+00
    endloop
  endfacet
  facet normal -5.666045e-01 -4.046984e-01 7.177594e-01
    outer loop
      vertex -2.528518e+00 1.080861e+00 -9.159223e-01
      vertex -2.364663e+00 6.393323e-01 -1.035524e+00
      vertex -2.367780e+00 1.028899e+00 -8.183332e-01
    endloop
  endfacet
  facet normal -7.728953e-01 -3.136949e-01 5.515690e-01
    outer loop
      vertex -2.367780e+00 1.028899e+00 -8.183332e-01
      vertex -2.364663e+00 6.393323e-01 -1.035524e+00
      vertex -2.244632e+00 6.085330e-01 -8.848448e-01
    endloop
  endfacet
  facet normal -8.360483e-01 -3.159016e-01 4.485860e-01
    outer loop
      vertex -2.367780e+00 1.028899e+00 -8.183332e-01
      vertex -2.244632e+00 6.085330e-01 -8.848448e-01
      vertex -2.261541e+00 9.551285e-01 -6.722807e-01
    endloop
  endfacet
  facet normal -9.544863e-01 -1.883794e-01 2.312338e-01
    outer loop
      vertex -2.261541e+00 9.551285e-01 -6.722807e-01
      vertex -2.244632e+00 6.085330e-01 -8.848448e-01
      vertex -2.189934e+00 5.495618e-01 -7.071068e-01
    endloop
  endfacet
  facet normal -9.768185e-01 -1.821264e-01 1.124967e-01
    outer loop
      vertex -2.261541e+00 9.551285e-01 -6.722807e-01
      vertex -2.189934e+00 5.495618e-01 -7.071068e-01
      vertex -2.225973e+00 8.707807e-01 -5.000000e-01
    endloop
  endfacet
  facet normal -9.400592e-01 -3.099849e-01 -1.421196e-01
    outer loop
      vertex -2.189934e+00 5.495618e-01 -7.071068e-01
      vertex -2.067315e+00 2.505664e-01 -8.660254e-01
      vertex -2.073709e+00 1.856589e-01 -6.821603e-01
    endloop
  endfacet
  facet normal -9.211945e-01 -3.103100e-01 -2.347519e-01
    outer loop
      vertex -2.189934e+00 5.495618e-01 -7.071068e-01
      vertex -2.073709e+00 1.856589e-01 -6.821603e-01
      vertex -2.208898e+00 4.713965e-01 -5.293687e-01
    endloop
  endfacet
  facet normal -8.623873e-01 -1.493599e-01 -4.837145e-01
    outer loop
      vertex -2.208898e+00 4.713965e-01 -5.293687e-01
      vertex -2.073709e+00 1.856589e-01 -6.821603e-01
      vertex -2.145001e+00 9.248655e-02 -5.262870e-01
    endloop
  endfacet
  facet normal -8.130998e-01 -1.417065e-01 -5.646132e-01
    outer loop
      vertex -2.208898e+00 4.713965e-01 -5.293687e-01
      vertex -2.145001e+00 9.248655e-02 -5.262870e-01
      vertex -2.298635e+00 3.859371e-01 -3.786897e-01
    endloop
  endfacet
  facet normal -6.564293e-01 3.535130e-02 -7.535588e-01
    outer loop
      vertex -2.298635e+00 3.859371e-01 -3.786897e-01
      vertex -2.145001e+00 9.248655e-02 -5.262870e-01
      vertex -2.270339e+00 -1.476608e-02 -4.221358e-01
    endloop
  endfacet
  facet normal -5.820503e-01 4.691808e-02 -8.117981e-01
    outer loop
      vertex -2.298635e+00 3.859371e-01 -3.786897e-01
      vertex -2.270339e+00 -1.476608e-02 -4.221358e-01
      vertex -2.445484e+00 3.061940e-01 -2.780091e-01
    endloop
  endfacet
  facet normal -3.504801e-01 2.177838e-01 -9.108973e-01
    outer loop
      vertex -2.445484e+00 3.061940e-01 -2.780091e-01
      vertex -2.270339e+00 -1.476608e-02 -4.221358e-01
      vertex -2.430641e+00 -1.197707e-01 -3.855628e-01
    endloop
  endfacet
  facet normal -2.602989e-01 2.278356e-01 -9.382619e-01
    outer loop
      vertex -2.445484e+00 3.061940e-01 -2.780091e-01
      vertex -2.430641e+00 -1.197707e-01 -3.855628e-01
      vertex -2.627089e+00 2.443074e-01 -2.426548e-01
    endloop
  endfacet
  facet normal 1.072631e-02 3.703691e-01 -9.288227e-01
    outer loop
      vertex -2.627089e+00 2.443074e-01 -2.426548e-01
      vertex -2.430641e+00 -1.197707e-01 -3.855628e-01
      vertex -2.601502e+00 -2.065413e-01 -4.221358e-01
    endloop
  endfacet
  facet normal 1.043287e-01 3.729519e-01 -9.219666e-01
    outer loop
      vertex -2.627089e+00 2.443074e-01 -2.426548e-01
      vertex -2.601502e+00 -2.065413e-01 -4.221358e-01
      vertex -2.815802e+00 2.096989e-01 -2.780091e-01
    endloop
  endfacet
  facet normal 3.706529e-01 4.685092e-01 -8.019449e-01
    outer loop
      vertex -2.815802e+00 2.096989e-01 -2.780091e-01
      vertex -2.601502e+00 -2.065413e-01 -4.221358e-01
      vertex -2.756911e+00 -2.618679e-01 -5.262870e-01
    endloop
  endfacet
  facet normal 4.544255e-01 4.587646e-01 -7.635657e-01
    outer loop
      vertex -2.815802e+00 2.096989e-01 -2.780091e-01
      vertex -2.756911e+00 -2.618679e-01 -5.262870e-01
      vertex -2.982893e+00 2.076374e-01 -3.786897e-01
    endloop
  endfacet
  facet normal 6.715551e-01 4.962161e-01 -5.502574e-01
    outer loop
      vertex -2.982893e+00 2.076374e-01 -3.786897e-01
      vertex -2.756911e+00 -2.618679e-01 -5.262870e-01
      vertex -2.873207e+00 -2.773275e-01 -6.821603e-01
    endloop
  endfacet
  facet normal 7.341501e-01 4.716739e-01 -4.884131e-01
    outer loop
      vertex -2.982893e+00 2.076374e-01 -3.786897e-01
      vertex -2.873207e+00 -2.773275e-01 -6.821603e-01
      vertex -3.102924e+00 2.384366e-01 -5.293687e-01
    endloop
  endfacet
  facet normal 8.668822e-01 4.497842e-01 -2.149636e-01
    outer loop
      vertex -3.102924e+00 2.384366e-01 -5.293687e-01
      vertex -2.873207e+00 -2.773275e-01 -6.821603e-01
      vertex -2.932685e+00 -2.505664e-01 -8.660254e-01
    endloop
  endfacet
  facet normal 9.008251e-01 4.106598e-01 -1.409702e-01
    outer loop
      vertex -3.102924e+00 2.384366e-01 -5.293687e-01
      vertex -2.932685e+00 -2.505664e-01 -8.660254e-01
      vertex -3.157621e+00 2.974078e-01 -7.071068e-01
    endloop
  endfacet
  facet normal 9.290801e-01 3.374570e-01 1.514360e-01
    outer loop
      vertex -3.157621e+00 2.974078e-01 -7.071068e-01
      vertex -2.932685e+00 -2.505664e-01 -8.660254e-01
      vertex -2.926291e+00 -1.856589e-01 -1.049890e+00
    endloop
  endfacet
  facet normal 9.313314e-01 2.861776e-01 2.252206e-01
    outer loop
      vertex -3.157621e+00 2.974078e-01 -7.071068e-01
      vertex -2.926291e+00 -1.856589e-01 -1.049890e+00
      vertex -3.138658e+00 3.755731e-01 -8.848448e-01
    endloop
  endfacet
  facet normal 8.509448e-01 1.765093e-01 4.947094e-01
    outer loop
      vertex -3.138658e+00 3.755731e-01 -8.848448e-01
      vertex -2.926291e+00 -1.856589e-01 -1.049890e+00
      vertex -2.854999e+00 -9.248655e-02 -1.205764e+00
    endloop
  endfacet
  facet normal 8.226556e-01 1.171023e-01 5.563496e-01
    outer loop
      vertex -3.138658e+00 3.755731e-01 -8.848448e-01
      vertex -2.854999e+00 -9.248655e-02 -1.205764e+00
      vertex -3.048921e+00 4.610325e-01 -1.035524e+00
    endloop
  endfacet
  facet normal 6.439613e-01 -9.673662e-03 7.649969e-01
    outer loop
      vertex -3.048921e+00 4.610325e-01 -1.035524e+00
      vertex -2.854999e+00 -9.248655e-02 -1.205764e+00
      vertex -2.729661e+00 1.476608e-02 -1.309915e+00
    endloop
  endfacet
  facet normal 5.903058e-01 -7.201619e-02 8.039606e-01
    outer loop
      vertex -3.048921e+00 4.610325e-01 -1.035524e+00
      vertex -2.729661e+00 1.476608e-02 -1.309915e+00
      vertex -2.902072e+00 5.407756e-01 -1.136204e+00
    endloop
  endfacet
  facet normal 3.371172e-01 -1.937576e-01 9.213088e-01
    outer loop
      vertex -2.902072e+00 5.407756e-01 -1.136204e+00
      vertex -2.729661e+00 1.476608e-02 -1.309915e+00
      vertex -2.569359e+00 1.197707e-01 -1.346488e+00
    endloop
  endfacet
  facet normal 2.672795e-01 -2.531734e-01 9.297660e-01
    outer loop
      vertex -2.902072e+00 5.407756e-01 -1.136204e+00
      vertex -2.569359e+00 1.197707e-01 -1.346488e+00
      vertex -2.720467e+00 6.026622e-01 -1.171559e+00
    endloop
  endfacet
  facet normal -2.433486e-02 -3.472168e-01 9.374691e-01
    outer loop
      vertex -2.720467e+00 6.026622e-01 -1.171559e+00
      vertex -2.569359e+00 1.197707e-01 -1.346488e+00
      vertex -2.398498e+00 2.065413e-01 -1.309915e+00
    endloop
  endfacet
  facet normal -9.786421e-02 -3.981202e-01 9.120981e-01
    outer loop
      vertex -2.720467e+00 6.026622e-01 -1.171559e+00
      vertex -2.398498e+00 2.065413e-01 -1.309915e+00
      vertex -2.531754e+00 6.372707e-01 -1.136204e+00
    endloop
  endfacet
  facet normal -3.838001e-01 -4.450410e-01 8.090958e-01
    outer loop
      vertex -2.531754e+00 6.372707e-01 -1.136204e+00
      vertex -2.398498e+00 2.065413e-01 -1.309915e+00
      vertex -2.243089e+00 2.618679e-01 -1.205764e+00
    endloop
  endfacet
  facet normal -4.473986e-01 -4.834411e-01 7.524090e-01
    outer loop
      vertex -2.531754e+00 6.372707e-01 -1.136204e+00
      vertex -2.243089e+00 2.618679e-01 -1.205764e+00
      vertex -2.364663e+00 6.393323e-01 -1.035524e+00
    endloop
  endfacet
  facet normal -6.838018e-01 -4.714213e-01 5.569354e-01
    outer loop
      vertex -2.364663e+00 6.393323e-01 -1.035524e+00
      vertex -2.243089e+00 2.618679e-01 -1.205764e+00
      vertex -2.126793e+00 2.773275e-01 -1.049890e+00
    endloop
  endfacet
  facet normal -7.257998e-01 -4.958382e-01 4.768219e-01
    outer loop
      vertex -2.364663e+00 6.393323e-01 -1.035524e+00
      vertex -2.126793e+00 2.773275e-01 -1.049890e+00
      vertex -2.244632e+00 6.085330e-01 -8.848448e-01
    endloop
  endfacet
  facet normal -8.782319e-01 -4.233309e-01 2.224853e-01
    outer loop
      vertex -2.244632e+00 6.085330e-01 -8.848448e-01
      vertex -2.126793e+00 2.773275e-01 -1.049890e+00
      vertex -2.067315e+00 2.505664e-01 -8.660254e-01
    endloop
  endfacet
  facet normal -8.911812e-01 -4.346045e-01 1.300578e-01
    outer loop
      vertex -2.244632e+00 6.085330e-01 -8.848448e-01
      vertex -2.067315e+00 2.505664e-01 -8.660254e-01
      vertex -2.189934e+00 5.495618e-01 -7.071068e-01
    endloop
  endfacet
  facet normal -8.153184e-01 -5.541644e-01 -1.678028e-01
    outer loop
      vertex -2.067315e+00 2.505664e-01 -8.660254e-01
      vertex -1.874674e+00 -2.607772e-03 -9.659258e-01
      vertex -1.881266e+00 -5.016675e-02 -7.768361e-01
    endloop
  endfacet
  facet normal -7.972016e-01 -5.600464e-01 -2.254278e-01
    outer loop
      vertex -2.067315e+00 2.505664e-01 -8.660254e-01
      vertex -1.881266e+00 -5.016675e-02 -7.768361e-01
      vertex -2.073709e+00 1.856589e-01 -6.821603e-01
    endloop
  endfacet
  facet normal -7.526183e-01 -4.060730e-01 -5.183343e-01
    outer loop
      vertex -2.073709e+00 1.856589e-01 -6.821603e-01
      vertex -1.881266e+00 -5.016675e-02 -7.768361e-01
      vertex -1.941102e+00 -1.438837e-01 -6.165336e-01
    endloop
  endfacet
  facet normal -7.177046e-01 -4.020283e-01 -5.685713e-01
    outer loop
      vertex -2.073709e+00 1.856589e-01 -6.821603e-01
      vertex -1.941102e+00 -1.438837e-01 -6.165336e-01
      vertex -2.145001e+00 9.248655e-02 -5.262870e-01
    endloop
  endfacet
  facet normal -5.782852e-01 -1.965289e-01 -7.918097e-01
    outer loop
      vertex -2.145001e+00 9.248655e-02 -5.262870e-01
      vertex -1.941102e+00 -1.438837e-01 -6.165336e-01
      vertex -2.045075e+00 -2.694911e-01 -5.094228e-01
    endloop
  endfacet
  facet normal -5.297276e-01 -1.848006e-01 -8.277907e-01
    outer loop
      vertex -2.145001e+00 9.248655e-02 -5.262870e-01
      vertex -2.045075e+00 -2.694911e-01 -5.094228e-01
      vertex -2.270339e+00 -1.476608e-02 -4.221358e-01
    endloop
  endfacet
  facet normal -3.163978e-01 4.489883e-02 -9.475635e-01
    outer loop
      vertex -2.270339e+00 -1.476608e-02 -4.221358e-01
      vertex -2.045075e+00 -2.694911e-01 -5.094228e-01
      vertex -2.177355e+00 -4.078664e-01 -4.718105e-01
    endloop
  endfacet
  facet normal -2.594828e-01 6.042045e-02 -9.638558e-01
    outer loop
      vertex -2.270339e+00 -1.476608e-02 -4.221358e-01
      vertex -2.177355e+00 -4.078664e-01 -4.718105e-01
      vertex -2.430641e+00 -1.197707e-01 -3.855628e-01
    endloop
  endfacet
  facet normal -5.002909e-03 2.827531e-01 -9.591797e-01
    outer loop
      vertex -2.430641e+00 -1.197707e-01 -3.855628e-01
      vertex -2.177355e+00 -4.078664e-01 -4.718105e-01
      vertex -2.317802e+00 -5.379431e-01 -5.094228e-01
    endloop
  endfacet
  facet normal 5.335728e-02 2.968029e-01 -9.534469e-01
    outer loop
      vertex -2.430641e+00 -1.197707e-01 -3.855628e-01
      vertex -2.317802e+00 -5.379431e-01 -5.094228e-01
      vertex -2.601502e+00 -2.065413e-01 -4.221358e-01
    endloop
  endfacet
  facet normal 3.074343e-01 4.796452e-01 -8.218422e-01
    outer loop
      vertex -2.601502e+00 -2.065413e-01 -4.221358e-01
      vertex -2.317802e+00 -5.379431e-01 -5.094228e-01
      vertex -2.445037e+00 -6.399182e-01 -6.165336e-01
    endloop
  endfacet
  facet normal 3.599786e-01 4.869369e-01 -7.958064e-01
    outer loop
      vertex -2.601502e+00 -2.065413e-01 -4.221358e-01
      vertex -2.445037e+00 -6.399182e-01 -6.165336e-01
      vertex -2.756911e+00 -2.618679e-01 -5.262870e-01
    endloop
  endfacet
  facet normal 5.706788e-01 6.036738e-01 -5.566898e-01
    outer loop
      vertex -2.756911e+00 -2.618679e-01 -5.262870e-01
      vertex -2.445037e+00 -6.399182e-01 -6.165336e-01
      vertex -2.539687e+00 -6.982671e-01 -7.768361e-01
    endloop
  endfacet
  facet normal 6.113184e-01 6.003359e-01 -5.156419e-01
    outer loop
      vertex -2.756911e+00 -2.618679e-01 -5.262870e-01
      vertex -2.539687e+00 -6.982671e-01 -7.768361e-01
      vertex -2.873207e+00 -2.773275e-01 -6.821603e-01
    endloop
  endfacet
  facet normal 7.436108e-01 6.357466e-01 -2.070488e-01
    outer loop
      vertex -2.873207e+00 -2.773275e-01 -6.821603e-01
      vertex -2.539687e+00 -6.982671e-01 -7.768361e-01
      vertex -2.587345e+00 -7.041065e-01 -9.659258e-01
    endloop
  endfacet
  facet normal 7.684531e-01 6.200048e-01 -1.583476e-01
    outer loop
      vertex -2.873207e+00 -2.773275e-01 -6.821603e-01
      vertex -2.587345e+00 -7.041065e-01 -9.659258e-01
      vertex -2.932685e+00 -2.505664e-01 -8.660254e-01
    endloop
  endfacet
  facet normal 8.016510e-01 5.725298e-01 1.719455e-01
    outer loop
      vertex -2.932685e+00 -2.505664e-01 -8.660254e-01
      vertex -2.587345e+00 -7.041065e-01 -9.659258e-01
      vertex -2.580753e+00 -6.565475e-01 -1.155016e+00
    endloop
  endfacet
  facet normal 8.092184e-01 5.446027e-01 2.203938e-01
    outer loop
      vertex -2.932685e+00 -2.505664e-01 -8.660254e-01
      vertex -2.580753e+00 -6.565475e-01 -1.155016e+00
      vertex -2.926291e+00 -1.856589e-01 -1.049890e+00
    endloop
  endfacet
  facet normal 7.382819e-01 4.247869e-01 5.239236e-01
    outer loop
      vertex -2.926291e+00 -1.856589e-01 -1.049890e+00
      vertex -2.580753e+00 -6.565475e-01 -1.155016e+00
      vertex -2.520916e+00 -5.628306e-01 -1.315318e+00
    endloop
  endfacet
  facet normal 7.292857e-01 3.865017e-01 5.645872e-01
    outer loop
      vertex -2.926291e+00 -1.856589e-01 -1.049890e+00
      vertex -2.520916e+00 -5.628306e-01 -1.315318e+00
      vertex -2.854999e+00 -9.248655e-02 -1.205764e+00
    endloop
  endfacet
  facet normal 5.632885e-01 2.142262e-01 7.980057e-01
    outer loop
      vertex -2.854999e+00 -9.248655e-02 -1.205764e+00
      vertex -2.520916e+00 -5.628306e-01 -1.315318e+00
      vertex -2.416943e+00 -4.372232e-01 -1.422429e+00
    endloop
  endfacet
  facet normal 5.404962e-01 1.687729e-01 8.242448e-01
    outer loop
      vertex -2.854999e+00 -9.248655e-02 -1.205764e+00
      vertex -2.416943e+00 -4.372232e-01 -1.422429e+00
      vertex -2.729661e+00 1.476608e-02 -1.309915e+00
    endloop
  endfacet
  facet normal 3.012063e-01 -2.886571e-02 9.531220e-01
    outer loop
      vertex -2.729661e+00 1.476608e-02 -1.309915e+00
      vertex -2.416943e+00 -4.372232e-01 -1.422429e+00
      vertex -2.284664e+00 -2.988479e-01 -1.460041e+00
    endloop
  endfacet
  facet normal 2.695052e-01 -7.709586e-02 9.599079e-01
    outer loop
      vertex -2.729661e+00 1.476608e-02 -1.309915e+00
      vertex -2.284664e+00 -2.988479e-01 -1.460041e+00
      vertex -2.569359e+00 1.197707e-01 -1.346488e+00
    endloop
  endfacet
  facet normal -9.797910e-03 -2.679848e-01 9.633733e-01
    outer loop
      vertex -2.569359e+00 1.197707e-01 -1.346488e+00
      vertex -2.284664e+00 -2.988479e-01 -1.460041e+00
      vertex -2.144216e+00 -1.687712e-01 -1.422429e+00
    endloop
  endfacet
  facet normal -4.361439e-02 -3.138852e-01 9.484587e-01
    outer loop
      vertex -2.569359e+00 1.197707e-01 -1.346488e+00
      vertex -2.144216e+00 -1.687712e-01 -1.422429e+00
      vertex -2.398498e+00 2.065413e-01 -1.309915e+00
    endloop
  endfacet
  facet normal -3.215536e-01 -4.651183e-01 8.247838e-01
    outer loop
      vertex -2.398498e+00 2.065413e-01 -1.309915e+00
      vertex -2.144216e+00 -1.687712e-01 -1.422429e+00
      vertex -2.016982e+00 -6.679605e-02 -1.315318e+00
    endloop
  endfacet
  facet normal -3.498534e-01 -5.039253e-01 7.897227e-01
    outer loop
      vertex -2.398498e+00 2.065413e-01 -1.309915e+00
      vertex -2.016982e+00 -6.679605e-02 -1.315318e+00
      vertex -2.243089e+00 2.618679e-01 -1.205764e+00
    endloop
  endfacet
  facet normal -5.842319e-01 -5.882922e-01 5.590934e-01
    outer loop
      vertex -2.243089e+00 2.618679e-01 -1.205764e+00
      vertex -2.016982e+00 -6.679605e-02 -1.315318e+00
      vertex -1.922331e+00 -8.447207e-03 -1.155016e+00
    endloop
  endfacet
  facet normal -6.003370e-01 -6.167919e-01 5.090808e-01
    outer loop
      vertex -2.243089e+00 2.618679e-01 -1.205764e+00
      vertex -1.922331e+00 -8.447207e-03 -1.155016e+00
      vertex -2.126793e+00 2.773275e-01 -1.049890e+00
    endloop
  endfacet
  facet normal -7.569815e-01 -6.188076e-01 2.098955e-01
    outer loop
      vertex -2.126793e+00 2.773275e-01 -1.049890e+00
      vertex -1.922331e+00 -8.447207e-03 -1.155016e+00
      vertex -1.874674e+00 -2.607772e-03 -9.659258e-01
    endloop
  endfacet
  facet normal -7.566720e-01 -6.358241e-01 1.522341e-01
    outer loop
      vertex -2.126793e+00 2.773275e-01 -1.049890e+00
      vertex -1.874674e+00 -2.607772e-03 -9.659258e-01
      vertex -2.067315e+00 2.505664e-01 -8.660254e-01
    endloop
  endfacet
  facet normal -6.318943e-01 -7.505399e-01 -1.933893e-01
    outer loop
      vertex -1.874674e+00 -2.607772e-03 -9.659258e-01
      vertex -1.636184e+00 -1.946169e-01 -1.000000e+00
      vertex -1.656563e+00 -2.267623e-01 -8.086584e-01
    endloop
  endfacet
  facet normal -6.222889e-01 -7.537384e-01 -2.112697e-01
    outer loop
      vertex -1.874674e+00 -2.607772e-03 -9.659258e-01
      vertex -1.656563e+00 -2.267623e-01 -8.086584e-01
      vertex -1.881266e+00 -5.016675e-02 -7.768361e-01
    endloop
  endfacet
  facet normal -5.629842e-01 -6.173292e-01 -5.495028e-01
    outer loop
      vertex -1.881266e+00 -5.016675e-02 -7.768361e-01
      vertex -1.656563e+00 -2.267623e-01 -8.086584e-01
      vertex -1.714324e+00 -3.184753e-01 -6.464467e-01
    endloop
  endfacet
  facet normal -5.488238e-01 -6.160638e-01 -5.650290e-01
    outer loop
      vertex -1.881266e+00 -5.016675e-02 -7.768361e-01
      vertex -1.714324e+00 -3.184753e-01 -6.464467e-01
      vertex -1.941102e+00 -1.438837e-01 -6.165336e-01
    endloop
  endfacet
  facet normal -4.103345e-01 -3.919068e-01 -8.234286e-01
    outer loop
      vertex -1.941102e+00 -1.438837e-01 -6.165336e-01
      vertex -1.714324e+00 -3.184753e-01 -6.464467e-01
      vertex -1.800675e+00 -4.557933e-01 -5.380604e-01
    endloop
  endfacet
  facet normal -3.925426e-01 -3.866815e-01 -8.344985e-01
    outer loop
      vertex -1.941102e+00 -1.438837e-01 -6.165336e-01
      vertex -1.800675e+00 -4.557933e-01 -5.380604e-01
      vertex -2.045075e+00 -2.694911e-01 -5.094228e-01
    endloop
  endfacet
  facet normal -1.952954e-01 -1.063311e-01 -9.749633e-01
    outer loop
      vertex -2.045075e+00 -2.694911e-01 -5.094228e-01
      vertex -1.800675e+00 -4.557933e-01 -5.380604e-01
      vertex -1.902468e+00 -6.178111e-01 -5.000002e-01
    endloop
  endfacet
  facet normal -1.755964e-01 -9.838970e-02 -9.795332e-01
    outer loop
      vertex -2.045075e+00 -2.694911e-01 -5.094228e-01
      vertex -1.902468e+00 -6.178111e-01 -5.000002e-01
      vertex -2.177355e+00 -4.078664e-01 -4.718105e-01
    endloop
  endfacet
  facet normal 5.083189e-02 1.979922e-01 -9.788847e-01
    outer loop
      vertex -2.177355e+00 -4.078664e-01 -4.718105e-01
      vertex -1.902468e+00 -6.178111e-01 -5.000002e-01
      vertex -2.004207e+00 -7.798627e-01 -5.380604e-01
    endloop
  endfacet
  facet normal 7.014664e-02 2.064575e-01 -9.759379e-01
    outer loop
      vertex -2.177355e+00 -4.078664e-01 -4.718105e-01
      vertex -2.004207e+00 -7.798627e-01 -5.380604e-01
      vertex -2.317802e+00 -5.379431e-01 -5.094228e-01
    endloop
  endfacet
  facet normal 2.897699e-01 4.740465e-01 -8.314526e-01
    outer loop
      vertex -2.317802e+00 -5.379431e-01 -5.094228e-01
      vertex -2.004207e+00 -7.798627e-01 -5.380604e-01
      vertex -2.090404e+00 -9.172774e-01 -6.464467e-01
    endloop
  endfacet
  facet normal 3.065383e-01 4.805558e-01 -8.216449e-01
    outer loop
      vertex -2.317802e+00 -5.379431e-01 -5.094228e-01
      vertex -2.090404e+00 -9.172774e-01 -6.464467e-01
      vertex -2.445037e+00 -6.399182e-01 -6.165336e-01
    endloop
  endfacet
  facet normal 4.829749e-01 6.773781e-01 -5.548821e-01
    outer loop
      vertex -2.445037e+00 -6.399182e-01 -6.165336e-01
      vertex -2.090404e+00 -9.172774e-01 -6.464467e-01
      vertex -2.147935e+00 -1.009135e+00 -8.086584e-01
    endloop
  endfacet
  facet normal 4.957277e-01 6.800112e-01 -5.402211e-01
    outer loop
      vertex -2.445037e+00 -6.399182e-01 -6.165336e-01
      vertex -2.147935e+00 -1.009135e+00 -8.086584e-01
      vertex -2.539687e+00 -6.982671e-01 -7.768361e-01
    endloop
  endfacet
  facet normal 6.000515e-01 7.760504e-01 -1.941237e-01
    outer loop
      vertex -2.539687e+00 -6.982671e-01 -7.768361e-01
      vertex -2.147935e+00 -1.009135e+00 -8.086584e-01
      vertex -2.168042e+00 -1.041451e+00 -1.000000e+00
    endloop
  endfacet
  facet normal 6.081508e-01 7.737977e-01 -1.771714e-01
    outer loop
      vertex -2.539687e+00 -6.982671e-01 -7.768361e-01
      vertex -2.168042e+00 -1.041451e+00 -1.000000e+00
      vertex -2.587345e+00 -7.041065e-01 -9.659258e-01
    endloop
  endfacet
  facet normal 6.244889e-01 7.566519e-01 1.936274e-01
    outer loop
      vertex -2.587345e+00 -7.041065e-01 -9.659258e-01
      vertex -2.168042e+00 -1.041451e+00 -1.000000e+00
      vertex -2.147663e+00 -1.009306e+00 -1.191342e+00
    endloop
  endfacet
  facet normal 6.279498e-01 7.492883e-01 2.103478e-01
    outer loop
      vertex -2.587345e+00 -7.041065e-01 -9.659258e-01
      vertex -2.147663e+00 -1.009306e+00 -1.191342e+00
      vertex -2.580753e+00 -6.565475e-01 -1.155016e+00
    endloop
  endfacet
  facet normal 5.545503e-01 6.241602e-01 5.503618e-01
    outer loop
      vertex -2.580753e+00 -6.565475e-01 -1.155016e+00
      vertex -2.147663e+00 -1.009306e+00 -1.191342e+00
      vertex -2.089902e+00 -9.175927e-01 -1.353553e+00
    endloop
  endfacet
  facet normal 5.538289e-01 6.120240e-01 5.645354e-01
    outer loop
      vertex -2.580753e+00 -6.565475e-01 -1.155016e+00
      vertex -2.089902e+00 -9.175927e-01 -1.353553e+00
      vertex -2.520916e+00 -5.628306e-01 -1.315318e+00
    endloop
  endfacet
  facet normal 4.012500e-01 3.986119e-01 8.246860e-01
    outer loop
      vertex -2.520916e+00 -5.628306e-01 -1.315318e+00
      vertex -2.089902e+00 -9.175927e-01 -1.353553e+00
      vertex -2.003552e+00 -7.802746e-01 -1.461940e+00
    endloop
  endfacet
  facet normal 3.971997e-01 3.825652e-01 8.341920e-01
    outer loop
      vertex -2.520916e+00 -5.628306e-01 -1.315318e+00
      vertex -2.003552e+00 -7.802746e-01 -1.461940e+00
      vertex -2.416943e+00 -4.372232e-01 -1.422429e+00
    endloop
  endfacet
  facet normal 1.863845e-01 1.121852e-01 9.760509e-01
    outer loop
      vertex -2.416943e+00 -4.372232e-01 -1.422429e+00
      vertex -2.003552e+00 -7.802746e-01 -1.461940e+00
      vertex -1.901758e+00 -6.182569e-01 -1.500000e+00
    endloop
  endfacet
  facet normal 1.803604e-01 9.372461e-02 9.791250e-01
    outer loop
      vertex -2.416943e+00 -4.372232e-01 -1.422429e+00
      vertex -1.901758e+00 -6.182569e-01 -1.500000e+00
      vertex -2.284664e+00 -2.988479e-01 -1.460041e+00
    endloop
  endfacet
  facet normal -5.885385e-02 -1.930806e-01 9.794162e-01
    outer loop
      vertex -2.284664e+00 -2.988479e-01 -1.460041e+00
      vertex -1.901758e+00 -6.182569e-01 -1.500000e+00
      vertex -1.800019e+00 -4.562053e-01 -1.461940e+00
    endloop
  endfacet
  facet normal -6.495832e-02 -2.118303e-01 9.751453e-01
    outer loop
      vertex -2.284664e+00 -2.988479e-01 -1.460041e+00
      vertex -1.800019e+00 -4.562053e-01 -1.461940e+00
      vertex -2.144216e+00 -1.687712e-01 -1.422429e+00
    endloop
  endfacet
  facet normal -2.967683e-01 -4.696690e-01 8.314684e-01
    outer loop
      vertex -2.144216e+00 -1.687712e-01 -1.422429e+00
      vertex -1.800019e+00 -4.562053e-01 -1.461940e+00
      vertex -1.713822e+00 -3.187906e-01 -1.353553e+00
    endloop
  endfacet
  facet normal -3.008046e-01 -4.863523e-01 8.203524e-01
    outer loop
      vertex -2.144216e+00 -1.687712e-01 -1.422429e+00
      vertex -1.713822e+00 -3.187906e-01 -1.353553e+00
      vertex -2.016982e+00 -6.679605e-02 -1.315318e+00
    endloop
  endfacet
  facet normal -4.894094e-01 -6.729362e-01 5.546488e-01
    outer loop
      vertex -2.016982e+00 -6.679605e-02 -1.315318e+00
      vertex -1.713822e+00 -3.187906e-01 -1.353553e+00
      vertex -1.656291e+00 -2.269329e-01 -1.191342e+00
    endloop
  endfacet
  facet normal -4.895736e-01 -6.856890e-01 5.386541e-01
    outer loop
      vertex -2.016982e+00 -6.679605e-02 -1.315318e+00
      vertex -1.656291e+00 -2.269329e-01 -1.191342e+00
      vertex -1.922331e+00 -8.447207e-03 -1.155016e+00
    endloop
  endfacet
  facet normal -6.066545e-01 -7.709422e-01 1.939549e-01
    outer loop
      vertex -1.922331e+00 -8.447207e-03 -1.155016e+00
      vertex -1.656291e+00 -2.269329e-01 -1.191342e+00
      vertex -1.636184e+00 -1.946169e-01 -1.000000e+00
    endloop
  endfacet
  facet normal -6.019934e-01 -7.789135e-01 1.757775e-01
    outer loop
      vertex -1.922331e+00 -8.447207e-03 -1.155016e+00
      vertex -1.636184e+00 -1.946169e-01 -1.000000e+00
      vertex -1.874674e+00 -2.607772e-03 -9.659258e-01
    endloop
  endfacet
  facet normal -4.087765e-01 -8.878692e-01 -2.111634e-01
    outer loop
      vertex -1.636184e+00 -1.946169e-01 -1.000000e+00
      vertex -1.378851e+00 -3.211975e-01 -9.659258e-01
      vertex -1.424295e+00 -3.450395e-01 -7.777062e-01
    endloop
  endfacet
  facet normal -4.245470e-01 -8.844219e-01 -1.937983e-01
    outer loop
      vertex -1.636184e+00 -1.946169e-01 -1.000000e+00
      vertex -1.424295e+00 -3.450395e-01 -7.777062e-01
      vertex -1.656563e+00 -2.267623e-01 -8.086584e-01
    endloop
  endfacet
  facet normal -3.131889e-01 -7.630017e-01 -5.654565e-01
    outer loop
      vertex -1.656563e+00 -2.267623e-01 -8.086584e-01
      vertex -1.424295e+00 -3.450395e-01 -7.777062e-01
      vertex -1.489091e+00 -4.366956e-01 -6.181414e-01
    endloop
  endfacet
  facet normal -3.324573e-01 -7.653475e-01 -5.511037e-01
    outer loop
      vertex -1.656563e+00 -2.267623e-01 -8.086584e-01
      vertex -1.489091e+00 -4.366956e-01 -6.181414e-01
      vertex -1.714324e+00 -3.184753e-01 -6.464467e-01
    endloop
  endfacet
  facet normal -1.703572e-01 -5.243211e-01 -8.343056e-01
    outer loop
      vertex -1.714324e+00 -3.184753e-01 -6.464467e-01
      vertex -1.489091e+00 -4.366956e-01 -6.181414e-01
      vertex -1.563373e+00 -5.822122e-01 -5.115235e-01
    endloop
  endfacet
  facet normal -1.908223e-01 -5.314394e-01 -8.253236e-01
    outer loop
      vertex -1.714324e+00 -3.184753e-01 -6.464467e-01
      vertex -1.563373e+00 -5.822122e-01 -5.115235e-01
      vertex -1.800675e+00 -4.557933e-01 -5.380604e-01
    endloop
  endfacet
  facet normal -5.745043e-04 -2.064676e-01 -9.784533e-01
    outer loop
      vertex -1.800675e+00 -4.557933e-01 -5.380604e-01
      vertex -1.563373e+00 -5.822122e-01 -5.115235e-01
      vertex -1.635832e+00 -7.594356e-01 -4.740843e-01
    endloop
  endfacet
  facet normal -2.018362e-02 -2.166067e-01 -9.760503e-01
    outer loop
      vertex -1.800675e+00 -4.557933e-01 -5.380604e-01
      vertex -1.635832e+00 -7.594356e-01 -4.740843e-01
      vertex -1.902468e+00 -6.178111e-01 -5.000002e-01
    endloop
  endfacet
  facet normal 1.714109e-01 1.443791e-01 -9.745630e-01
    outer loop
      vertex -1.902468e+00 -6.178111e-01 -5.000002e-01
      vertex -1.635832e+00 -7.594356e-01 -4.740843e-01
      vertex -1.695439e+00 -9.413852e-01 -5.115235e-01
    endloop
  endfacet
  facet normal 1.538904e-01 1.333290e-01 -9.790511e-01
    outer loop
      vertex -1.902468e+00 -6.178111e-01 -5.000002e-01
      vertex -1.695439e+00 -9.413852e-01 -5.115235e-01
      vertex -2.004207e+00 -7.798627e-01 -5.380604e-01
    endloop
  endfacet
  facet normal 3.188076e-01 4.746513e-01 -8.204072e-01
    outer loop
      vertex -2.004207e+00 -7.798627e-01 -5.380604e-01
      vertex -1.695439e+00 -9.413852e-01 -5.115235e-01
      vertex -1.733117e+00 -1.100361e+00 -6.181414e-01
    endloop
  endfacet
  facet normal 3.041482e-01 4.650043e-01 -8.314234e-01
    outer loop
      vertex -2.004207e+00 -7.798627e-01 -5.380604e-01
      vertex -1.733117e+00 -1.100361e+00 -6.181414e-01
      vertex -2.090404e+00 -9.172774e-01 -6.464467e-01
    endloop
  endfacet
  facet normal 4.175941e-01 7.316310e-01 -5.388239e-01
    outer loop
      vertex -2.090404e+00 -9.172774e-01 -6.464467e-01
      vertex -1.733117e+00 -1.100361e+00 -6.181414e-01
      vertex -1.743131e+00 -1.212160e+00 -7.777062e-01
    endloop
  endfacet
  facet normal 4.064227e-01 7.257236e-01 -5.551088e-01
    outer loop
      vertex -2.090404e+00 -9.172774e-01 -6.464467e-01
      vertex -1.743131e+00 -1.212160e+00 -7.777062e-01
      vertex -2.147935e+00 -1.009135e+00 -8.086584e-01
    endloop
  endfacet
  facet normal 4.520511e-01 8.746276e-01 -1.751468e-01
    outer loop
      vertex -2.147935e+00 -1.009135e+00 -8.086584e-01
      vertex -1.743131e+00 -1.212160e+00 -7.777062e-01
      vertex -1.723956e+00 -1.259762e+00 -9.659258e-01
    endloop
  endfacet
  facet normal 4.447260e-01 8.743159e-01 -1.943979e-01
    outer loop
      vertex -2.147935e+00 -1.009135e+00 -8.086584e-01
      vertex -1.723956e+00 -1.259762e+00 -9.659258e-01
      vertex -2.168042e+00 -1.041451e+00 -1.000000e+00
    endloop
  endfacet
  facet normal 4.178710e-01 8.832393e-01 2.127727e-01
    outer loop
      vertex -2.168042e+00 -1.041451e+00 -1.000000e+00
      vertex -1.723956e+00 -1.259762e+00 -9.659258e-01
      vertex -1.678512e+00 -1.235920e+00 -1.154145e+00
    endloop
  endfacet
  facet normal 4.142408e-01 8.893543e-01 1.935293e-01
    outer loop
      vertex -2.168042e+00 -1.041451e+00 -1.000000e+00
      vertex -1.678512e+00 -1.235920e+00 -1.154145e+00
      vertex -2.147663e+00 -1.009306e+00 -1.191342e+00
    endloop
  endfacet
  facet normal 3.215967e-01 7.587651e-01 5.664372e-01
    outer loop
      vertex -2.147663e+00 -1.009306e+00 -1.191342e+00
      vertex -1.678512e+00 -1.235920e+00 -1.154145e+00
      vertex -1.613716e+00 -1.144264e+00 -1.313710e+00
    endloop
  endfacet
  facet normal 3.209391e-01 7.709257e-01 5.501561e-01
    outer loop
      vertex -2.147663e+00 -1.009306e+00 -1.191342e+00
      vertex -1.613716e+00 -1.144264e+00 -1.313710e+00
      vertex -2.089902e+00 -9.175927e-01 -1.353553e+00
    endloop
  endfacet
  facet normal 1.780602e-01 5.208179e-01 8.348912e-01
    outer loop
      vertex -2.089902e+00 -9.175927e-01 -1.353553e+00
      vertex -1.613716e+00 -1.144264e+00 -1.313710e+00
      vertex -1.539434e+00 -9.987470e-01 -1.420328e+00
    endloop
  endfacet
  facet normal 1.792076e-01 5.376317e-01 8.239155e-01
    outer loop
      vertex -2.089902e+00 -9.175927e-01 -1.353553e+00
      vertex -1.539434e+00 -9.987470e-01 -1.420328e+00
      vertex -2.003552e+00 -7.802746e-01 -1.461940e+00
    endloop
  endfacet
  facet normal 8.034278e-03 2.035402e-01 9.790336e-01
    outer loop
      vertex -2.003552e+00 -7.802746e-01 -1.461940e+00
      vertex -1.539434e+00 -9.987470e-01 -1.420328e+00
      vertex -1.466975e+00 -8.215236e-01 -1.457767e+00
    endloop
  endfacet
  facet normal 9.561874e-03 2.229809e-01 9.747759e-01
    outer loop
      vertex -2.003552e+00 -7.802746e-01 -1.461940e+00
      vertex -1.466975e+00 -8.215236e-01 -1.457767e+00
      vertex -1.901758e+00 -6.182569e-01 -1.500000e+00
    endloop
  endfacet
  facet normal -1.635482e-01 -1.471476e-01 9.754996e-01
    outer loop
      vertex -1.901758e+00 -6.182569e-01 -1.500000e+00
      vertex -1.466975e+00 -8.215236e-01 -1.457767e+00
      vertex -1.407369e+00 -6.395740e-01 -1.420328e+00
    endloop
  endfacet
  facet normal -1.631534e-01 -1.273482e-01 9.783473e-01
    outer loop
      vertex -1.901758e+00 -6.182569e-01 -1.500000e+00
      vertex -1.407369e+00 -6.395740e-01 -1.420328e+00
      vertex -1.800019e+00 -4.562053e-01 -1.461940e+00
    endloop
  endfacet
  facet normal -3.101981e-01 -4.777126e-01 8.219293e-01
    outer loop
      vertex -1.800019e+00 -4.562053e-01 -1.461940e+00
      vertex -1.407369e+00 -6.395740e-01 -1.420328e+00
      vertex -1.369690e+00 -4.805985e-01 -1.313710e+00
    endloop
  endfacet
  facet normal -3.124054e-01 -4.597254e-01 8.312974e-01
    outer loop
      vertex -1.800019e+00 -4.562053e-01 -1.461940e+00
      vertex -1.369690e+00 -4.805985e-01 -1.313710e+00
      vertex -1.713822e+00 -3.187906e-01 -1.353553e+00
    endloop
  endfacet
  facet normal -4.083685e-01 -7.353393e-01 5.408432e-01
    outer loop
      vertex -1.713822e+00 -3.187906e-01 -1.353553e+00
      vertex -1.369690e+00 -4.805985e-01 -1.313710e+00
      vertex -1.359676e+00 -3.687995e-01 -1.154145e+00
    endloop
  endfacet
  facet normal -4.144825e-01 -7.210065e-01 5.552962e-01
    outer loop
      vertex -1.713822e+00 -3.187906e-01 -1.353553e+00
      vertex -1.359676e+00 -3.687995e-01 -1.154145e+00
      vertex -1.656291e+00 -2.269329e-01 -1.191342e+00
    endloop
  endfacet
  facet normal -4.426421e-01 -8.790125e-01 1.772143e-01
    outer loop
      vertex -1.656291e+00 -2.269329e-01 -1.191342e+00
      vertex -1.359676e+00 -3.687995e-01 -1.154145e+00
      vertex -1.378851e+00 -3.211975e-01 -9.659258e-01
    endloop
  endfacet
  facet normal -4.535731e-01 -8.697246e-01 1.945521e-01
    outer loop
      vertex -1.656291e+00 -2.269329e-01 -1.191342e+00
      vertex -1.378851e+00 -3.211975e-01 -9.659258e-01
      vertex -1.636184e+00 -1.946169e-01 -1.000000e+00
    endloop
  endfacet
  facet normal -1.757422e-01 -9.614349e-01 -2.115599e-01
    outer loop
      vertex -1.378851e+00 -3.211975e-01 -9.659258e-01
      vertex -1.126210e+00 -3.893609e-01 -8.660254e-01
      vertex -1.203058e+00 -4.143857e-01 -6.884630e-01
    endloop
  endfacet
  facet normal -2.288630e-01 -9.573201e-01 -1.765220e-01
    outer loop
      vertex -1.378851e+00 -3.211975e-01 -9.659258e-01
      vertex -1.203058e+00 -4.143857e-01 -6.884630e-01
      vertex -1.424295e+00 -3.450395e-01 -7.777062e-01
    endloop
  endfacet
  facet normal -3.836704e-02 -8.329014e-01 -5.520899e-01
    outer loop
      vertex -1.424295e+00 -3.450395e-01 -7.777062e-01
      vertex -1.203058e+00 -4.143857e-01 -6.884630e-01
      vertex -1.281499e+00 -5.105514e-01 -5.379328e-01
    endloop
  endfacet
  facet normal -9.778810e-02 -8.453028e-01 -5.252625e-01
    outer loop
      vertex -1.424295e+00 -3.450395e-01 -7.777062e-01
      vertex -1.281499e+00 -5.105514e-01 -5.379328e-01
      vertex -1.489091e+00 -4.366956e-01 -6.181414e-01
    endloop
  endfacet
  facet normal 1.059816e-01 -5.795938e-01 -8.079845e-01
    outer loop
      vertex -1.489091e+00 -4.366956e-01 -6.181414e-01
      vertex -1.281499e+00 -5.105514e-01 -5.379328e-01
      vertex -1.349592e+00 -6.632179e-01 -4.373518e-01
    endloop
  endfacet
  facet normal 4.614628e-02 -6.056150e-01 -7.944186e-01
    outer loop
      vertex -1.489091e+00 -4.366956e-01 -6.181414e-01
      vertex -1.349592e+00 -6.632179e-01 -4.373518e-01
      vertex -1.563373e+00 -5.822122e-01 -5.115235e-01
    endloop
  endfacet
  facet normal 2.361732e-01 -2.390989e-01 -9.418354e-01
    outer loop
      vertex -1.563373e+00 -5.822122e-01 -5.115235e-01
      vertex -1.349592e+00 -6.632179e-01 -4.373518e-01
      vertex -1.396970e+00 -8.491428e-01 -4.020324e-01
    endloop
  endfacet
  facet normal 1.819963e-01 -2.739149e-01 -9.443770e-01
    outer loop
      vertex -1.563373e+00 -5.822122e-01 -5.115235e-01
      vertex -1.396970e+00 -8.491428e-01 -4.020324e-01
      vertex -1.635832e+00 -7.594356e-01 -4.740843e-01
    endloop
  endfacet
  facet normal 3.333523e-01 1.385893e-01 -9.325606e-01
    outer loop
      vertex -1.635832e+00 -7.594356e-01 -4.740843e-01
      vertex -1.396970e+00 -8.491428e-01 -4.020324e-01
      vertex -1.416421e+00 -1.040021e+00 -4.373518e-01
    endloop
  endfacet
  facet normal 2.888670e-01 1.012579e-01 -9.519993e-01
    outer loop
      vertex -1.635832e+00 -7.594356e-01 -4.740843e-01
      vertex -1.416421e+00 -1.040021e+00 -4.373518e-01
      vertex -1.695439e+00 -9.413852e-01 -5.115235e-01
    endloop
  endfacet
  facet normal 3.826008e-01 4.962568e-01 -7.793240e-01
    outer loop
      vertex -1.695439e+00 -9.413852e-01 -5.115235e-01
      vertex -1.416421e+00 -1.040021e+00 -4.373518e-01
      vertex -1.404982e+00 -1.206793e+00 -5.379328e-01
    endloop
  endfacet
  facet normal 3.493647e-01 4.633731e-01 -8.143892e-01
    outer loop
      vertex -1.695439e+00 -9.413852e-01 -5.115235e-01
      vertex -1.404982e+00 -1.206793e+00 -5.379328e-01
      vertex -1.733117e+00 -1.100361e+00 -6.181414e-01
    endloop
  endfacet
  facet normal 3.754989e-01 7.774901e-01 -5.044896e-01
    outer loop
      vertex -1.733117e+00 -1.100361e+00 -6.181414e-01
      vertex -1.404982e+00 -1.206793e+00 -5.379328e-01
      vertex -1.364396e+00 -1.324069e+00 -6.884630e-01
    endloop
  endfacet
  facet normal 3.532464e-01 7.556200e-01 -5.515935e-01
    outer loop
      vertex -1.733117e+00 -1.100361e+00 -6.181414e-01
      vertex -1.364396e+00 -1.324069e+00 -6.884630e-01
      vertex -1.743131e+00 -1.212160e+00 -7.777062e-01
    endloop
  endfacet
  facet normal 3.127938e-01 9.376317e-01 -1.516800e-01
    outer loop
      vertex -1.743131e+00 -1.212160e+00 -7.777062e-01
      vertex -1.364396e+00 -1.324069e+00 -6.884630e-01
      vertex -1.300841e+00 -1.373995e+00 -8.660254e-01
    endloop
  endfacet
  facet normal 2.999466e-01 9.316547e-01 -2.050649e-01
    outer loop
      vertex -1.743131e+00 -1.212160e+00 -7.777062e-01
      vertex -1.300841e+00 -1.373995e+00 -8.660254e-01
      vertex -1.723956e+00 -1.259762e+00 -9.659258e-01
    endloop
  endfacet
  facet normal 2.046893e-01 9.531063e-01 2.229143e-01
    outer loop
      vertex -1.723956e+00 -1.259762e+00 -9.659258e-01
      vertex -1.300841e+00 -1.373995e+00 -8.660254e-01
      vertex -1.223993e+00 -1.348970e+00 -1.043588e+00
    endloop
  endfacet
  facet normal 1.986577e-01 9.651730e-01 1.702238e-01
    outer loop
      vertex -1.723956e+00 -1.259762e+00 -9.659258e-01
      vertex -1.223993e+00 -1.348970e+00 -1.043588e+00
      vertex -1.678512e+00 -1.235920e+00 -1.154145e+00
    endloop
  endfacet
  facet normal 6.827248e-02 8.242254e-01 5.621311e-01
    outer loop
      vertex -1.678512e+00 -1.235920e+00 -1.154145e+00
      vertex -1.223993e+00 -1.348970e+00 -1.043588e+00
      vertex -1.145552e+00 -1.252804e+00 -1.194118e+00
    endloop
  endfacet
  facet normal 6.581180e-02 8.534704e-01 5.169692e-01
    outer loop
      vertex -1.678512e+00 -1.235920e+00 -1.154145e+00
      vertex -1.145552e+00 -1.252804e+00 -1.194118e+00
      vertex -1.613716e+00 -1.144264e+00 -1.313710e+00
    endloop
  endfacet
  facet normal -7.602052e-02 5.719917e-01 8.167291e-01
    outer loop
      vertex -1.613716e+00 -1.144264e+00 -1.313710e+00
      vertex -1.145552e+00 -1.252804e+00 -1.194118e+00
      vertex -1.077459e+00 -1.100138e+00 -1.294699e+00
    endloop
  endfacet
  facet normal -7.841787e-02 6.149416e-01 7.846639e-01
    outer loop
      vertex -1.613716e+00 -1.144264e+00 -1.313710e+00
      vertex -1.077459e+00 -1.100138e+00 -1.294699e+00
      vertex -1.539434e+00 -9.987470e-01 -1.420328e+00
    endloop
  endfacet
  facet normal -2.071679e-01 2.332750e-01 9.500864e-01
    outer loop
      vertex -1.539434e+00 -9.987470e-01 -1.420328e+00
      vertex -1.077459e+00 -1.100138e+00 -1.294699e+00
      vertex -1.030081e+00 -9.142129e-01 -1.330018e+00
    endloop
  endfacet
  facet normal -2.129492e-01 2.845295e-01 9.347168e-01
    outer loop
      vertex -1.539434e+00 -9.987470e-01 -1.420328e+00
      vertex -1.030081e+00 -9.142129e-01 -1.330018e+00
      vertex -1.466975e+00 -8.215236e-01 -1.457767e+00
    endloop
  endfacet
  facet normal -3.056016e-01 -1.430440e-01 9.413533e-01
    outer loop
      vertex -1.466975e+00 -8.215236e-01 -1.457767e+00
      vertex -1.030081e+00 -9.142129e-01 -1.330018e+00
      vertex -1.010630e+00 -7.233348e-01 -1.294699e+00
    endloop
  endfacet
  facet normal -3.178880e-01 -9.007188e-02 9.438402e-01
    outer loop
      vertex -1.466975e+00 -8.215236e-01 -1.457767e+00
      vertex -1.010630e+00 -7.233348e-01 -1.294699e+00
      vertex -1.407369e+00 -6.395740e-01 -1.420328e+00
    endloop
  endfacet
  facet normal -3.556117e-01 -5.004564e-01 7.893565e-01
    outer loop
      vertex -1.407369e+00 -6.395740e-01 -1.420328e+00
      vertex -1.010630e+00 -7.233348e-01 -1.294699e+00
      vertex -1.022069e+00 -5.565629e-01 -1.194118e+00
    endloop
  endfacet
  facet normal -3.769281e-01 -4.526323e-01 8.081146e-01
    outer loop
      vertex -1.407369e+00 -6.395740e-01 -1.420328e+00
      vertex -1.022069e+00 -5.565629e-01 -1.194118e+00
      vertex -1.369690e+00 -4.805985e-01 -1.313710e+00
    endloop
  endfacet
  facet normal -3.484748e-01 -7.826411e-01 5.157889e-01
    outer loop
      vertex -1.369690e+00 -4.805985e-01 -1.313710e+00
      vertex -1.022069e+00 -5.565629e-01 -1.194118e+00
      vertex -1.062655e+00 -4.392869e-01 -1.043588e+00
    endloop
  endfacet
  facet normal -3.804766e-01 -7.459962e-01 5.465595e-01
    outer loop
      vertex -1.369690e+00 -4.805985e-01 -1.313710e+00
      vertex -1.062655e+00 -4.392869e-01 -1.043588e+00
      vertex -1.359676e+00 -3.687995e-01 -1.154145e+00
    endloop
  endfacet
  facet normal -2.850114e-01 -9.444686e-01 1.635465e-01
    outer loop
      vertex -1.359676e+00 -3.687995e-01 -1.154145e+00
      vertex -1.062655e+00 -4.392869e-01 -1.043588e+00
      vertex -1.126210e+00 -3.893609e-01 -8.660254e-01
    endloop
  endfacet
  facet normal -3.281827e-01 -9.231886e-01 2.000472e-01
    outer loop
      vertex -1.359676e+00 -3.687995e-01 -1.154145e+00
      vertex -1.126210e+00 -3.893609e-01 -8.660254e-01
      vertex -1.378851e+00 -3.211975e-01 -9.659258e-01
    endloop
  endfacet
  facet normal 2.231921e-02 -9.815835e-01 -1.897251e-01
    outer loop
      vertex -1.126210e+00 -3.893609e-01 -8.660254e-01
      vertex -8.913413e-01 -4.147370e-01 -7.071068e-01
      vertex -1.000043e+00 -4.478594e-01 -5.485286e-01
    endloop
  endfacet
  facet normal -5.142263e-02 -9.855878e-01 -1.611593e-01
    outer loop
      vertex -1.126210e+00 -3.893609e-01 -8.660254e-01
      vertex -1.000043e+00 -4.478594e-01 -5.485286e-01
      vertex -1.203058e+00 -4.143857e-01 -6.884630e-01
    endloop
  endfacet
  facet normal 2.078042e-01 -8.393728e-01 -5.022656e-01
    outer loop
      vertex -1.203058e+00 -4.143857e-01 -6.884630e-01
      vertex -1.000043e+00 -4.478594e-01 -5.485286e-01
      vertex -1.095678e+00 -5.519800e-01 -4.140925e-01
    endloop
  endfacet
  facet normal 1.302004e-01 -8.649298e-01 -4.847106e-01
    outer loop
      vertex -1.203058e+00 -4.143857e-01 -6.884630e-01
      vertex -1.095678e+00 -5.519800e-01 -4.140925e-01
      vertex -1.281499e+00 -5.105514e-01 -5.379328e-01
    endloop
  endfacet
  facet normal 3.635600e-01 -5.705711e-01 -7.363917e-01
    outer loop
      vertex -1.281499e+00 -5.105514e-01 -5.379328e-01
      vertex -1.095678e+00 -5.519800e-01 -4.140925e-01
      vertex -1.163687e+00 -7.112473e-01 -3.242651e-01
    endloop
  endfacet
  facet normal 2.888160e-01 -6.132086e-01 -7.352282e-01
    outer loop
      vertex -1.281499e+00 -5.105514e-01 -5.379328e-01
      vertex -1.163687e+00 -7.112473e-01 -3.242651e-01
      vertex -1.349592e+00 -6.632179e-01 -4.373518e-01
    endloop
  endfacet
  facet normal 4.661220e-01 -2.159157e-01 -8.579690e-01
    outer loop
      vertex -1.349592e+00 -6.632179e-01 -4.373518e-01
      vertex -1.163687e+00 -7.112473e-01 -3.242651e-01
      vertex -1.193716e+00 -9.014145e-01 -2.927219e-01
    endloop
  endfacet
  facet normal 4.017262e-01 -2.686765e-01 -8.754593e-01
    outer loop
      vertex -1.349592e+00 -6.632179e-01 -4.373518e-01
      vertex -1.193716e+00 -9.014145e-01 -2.927219e-01
      vertex -1.396970e+00 -8.491428e-01 -4.020324e-01
    endloop
  endfacet
  facet normal 5.005278e-01 1.719365e-01 -8.484750e-01
    outer loop
      vertex -1.396970e+00 -8.491428e-01 -4.020324e-01
      vertex -1.193716e+00 -9.014145e-01 -2.927219e-01
      vertex -1.181193e+00 -1.093530e+00 -3.242651e-01
    endloop
  endfacet
  facet normal 4.518765e-01 1.175814e-01 -8.842976e-01
    outer loop
      vertex -1.396970e+00 -8.491428e-01 -4.020324e-01
      vertex -1.181193e+00 -1.093530e+00 -3.242651e-01
      vertex -1.416421e+00 -1.040021e+00 -4.373518e-01
    endloop
  endfacet
  facet normal 4.618481e-01 5.346833e-01 -7.076793e-01
    outer loop
      vertex -1.416421e+00 -1.040021e+00 -4.373518e-01
      vertex -1.181193e+00 -1.093530e+00 -3.242651e-01
      vertex -1.128024e+00 -1.258347e+00 -4.140925e-01
    endloop
  endfacet
  facet normal 4.304123e-01 4.876290e-01 -7.595809e-01
    outer loop
      vertex -1.416421e+00 -1.040021e+00 -4.373518e-01
      vertex -1.128024e+00 -1.258347e+00 -4.140925e-01
      vertex -1.404982e+00 -1.206793e+00 -5.379328e-01
    endloop
  endfacet
  facet normal 3.556420e-01 8.160250e-01 -4.556555e-01
    outer loop
      vertex -1.404982e+00 -1.206793e+00 -5.379328e-01
      vertex -1.128024e+00 -1.258347e+00 -4.140925e-01
      vertex -1.042306e+00 -1.370772e+00 -5.485286e-01
    endloop
  endfacet
  facet normal 3.393912e-01 7.842055e-01 -5.194568e-01
    outer loop
      vertex -1.404982e+00 -1.206793e+00 -5.379328e-01
      vertex -1.042306e+00 -1.370772e+00 -5.485286e-01
      vertex -1.364396e+00 -1.324069e+00 -6.884630e-01
    endloop
  endfacet
  facet normal 1.979847e-01 9.713414e-01 -1.315219e-01
    outer loop
      vertex -1.364396e+00 -1.324069e+00 -6.884630e-01
      vertex -1.042306e+00 -1.370772e+00 -5.485286e-01
      vertex -9.370858e-01 -1.413690e+00 -7.071068e-01
    endloop
  endfacet
  facet normal 1.926627e-01 9.604391e-01 -2.010913e-01
    outer loop
      vertex -1.364396e+00 -1.324069e+00 -6.884630e-01
      vertex -9.370858e-01 -1.413690e+00 -7.071068e-01
      vertex -1.300841e+00 -1.373995e+00 -8.660254e-01
    endloop
  endfacet
  facet normal 1.343714e-02 9.769036e-01 2.132577e-01
    outer loop
      vertex -1.300841e+00 -1.373995e+00 -8.660254e-01
      vertex -9.370858e-01 -1.413690e+00 -7.071068e-01
      vertex -8.283840e-01 -1.380568e+00 -8.656850e-01
    endloop
  endfacet
  facet normal 1.365837e-02 9.892880e-01 1.453367e-01
    outer loop
      vertex -1.300841e+00 -1.373995e+00 -8.660254e-01
      vertex -8.283840e-01 -1.380568e+00 -8.656850e-01
      vertex -1.223993e+00 -1.348970e+00 -1.043588e+00
    endloop
  endfacet
  facet normal -1.695823e-01 8.338998e-01 5.252170e-01
    outer loop
      vertex -1.223993e+00 -1.348970e+00 -1.043588e+00
      vertex -8.283840e-01 -1.380568e+00 -8.656850e-01
      vertex -7.327489e-01 -1.276447e+00 -1.000121e+00
    endloop
  endfacet
  facet normal -1.694406e-01 8.682149e-01 4.663612e-01
    outer loop
      vertex -1.223993e+00 -1.348970e+00 -1.043588e+00
      vertex -7.327489e-01 -1.276447e+00 -1.000121e+00
      vertex -1.145552e+00 -1.252804e+00 -1.194118e+00
    endloop
  endfacet
  facet normal -3.238924e-01 5.659187e-01 7.581753e-01
    outer loop
      vertex -1.145552e+00 -1.252804e+00 -1.194118e+00
      vertex -7.327489e-01 -1.276447e+00 -1.000121e+00
      vertex -6.647402e-01 -1.117180e+00 -1.089948e+00
    endloop
  endfacet
  facet normal -3.289707e-01 6.174647e-01 7.145038e-01
    outer loop
      vertex -1.145552e+00 -1.252804e+00 -1.194118e+00
      vertex -6.647402e-01 -1.117180e+00 -1.089948e+00
      vertex -1.077459e+00 -1.100138e+00 -1.294699e+00
    endloop
  endfacet
  facet normal -4.271219e-01 2.131961e-01 8.787004e-01
    outer loop
      vertex -1.077459e+00 -1.100138e+00 -1.294699e+00
      vertex -6.647402e-01 -1.117180e+00 -1.089948e+00
      vertex -6.347115e-01 -9.270126e-01 -1.121492e+00
    endloop
  endfacet
  facet normal -4.415814e-01 2.747768e-01 8.541098e-01
    outer loop
      vertex -1.077459e+00 -1.100138e+00 -1.294699e+00
      vertex -6.347115e-01 -9.270126e-01 -1.121492e+00
      vertex -1.030081e+00 -9.142129e-01 -1.330018e+00
    endloop
  endfacet
  facet normal -4.638609e-01 -1.728955e-01 8.688730e-01
    outer loop
      vertex -1.030081e+00 -9.142129e-01 -1.330018e+00
      vertex -6.347115e-01 -9.270126e-01 -1.121492e+00
      vertex -6.472345e-01 -7.348970e-01 -1.089948e+00
    endloop
  endfacet
  facet normal -4.905574e-01 -1.099660e-01 8.644426e-01
    outer loop
      vertex -1.030081e+00 -9.142129e-01 -1.330018e+00
      vertex -6.472345e-01 -7.348970e-01 -1.089948e+00
      vertex -1.010630e+00 -7.233348e-01 -1.294699e+00
    endloop
  endfacet
  facet normal -4.275649e-01 -5.350467e-01 7.286380e-01
    outer loop
      vertex -1.010630e+00 -7.233348e-01 -1.294699e+00
      vertex -6.472345e-01 -7.348970e-01 -1.089948e+00
      vertex -7.004027e-01 -5.700806e-01 -1.000121e+00
    endloop
  endfacet
  facet normal -4.678265e-01 -4.797575e-01 7.422743e-01
    outer loop
      vertex -1.010630e+00 -7.233348e-01 -1.294699e+00
      vertex -7.004027e-01 -5.700806e-01 -1.000121e+00
      vertex -1.022069e+00 -5.565629e-01 -1.194118e+00
    endloop
  endfacet
  facet normal -3.224751e-01 -8.171649e-01 4.777566e-01
    outer loop
      vertex -1.022069e+00 -5.565629e-01 -1.194118e+00
      vertex -7.004027e-01 -5.700806e-01 -1.000121e+00
      vertex -7.861216e-01 -4.576554e-01 -8.656850e-01
    endloop
  endfacet
  facet normal -3.760409e-01 -7.773791e-01 5.042569e-01
    outer loop
      vertex -1.022069e+00 -5.565629e-01 -1.194118e+00
      vertex -7.861216e-01 -4.576554e-01 -8.656850e-01
      vertex -1.062655e+00 -4.392869e-01 -1.043588e+00
    endloop
  endfacet
  facet normal -1.642318e-01 -9.742162e-01 1.546956e-01
    outer loop
      vertex -1.062655e+00 -4.392869e-01 -1.043588e+00
      vertex -7.861216e-01 -4.576554e-01 -8.656850e-01
      vertex -8.913413e-01 -4.147370e-01 -7.071068e-01
    endloop
  endfacet
  facet normal -2.294020e-01 -9.552979e-01 1.864957e-01
    outer loop
      vertex -1.062655e+00 -4.392869e-01 -1.043588e+00
      vertex -8.913413e-01 -4.147370e-01 -7.071068e-01
      vertex -1.126210e+00 -3.893609e-01 -8.660254e-01
    endloop
  endfacet
  facet normal 1.297424e-01 -9.798601e-01 -1.517926e-01
    outer loop
      vertex -8.913413e-01 -4.147370e-01 -7.071068e-01
      vertex -6.692390e-01 -4.174120e-01 -5.000000e-01
      vertex -8.061623e-01 -4.562137e-01 -3.665583e-01
    endloop
  endfacet
  facet normal 9.171832e-02 -9.854688e-01 -1.429650e-01
    outer loop
      vertex -8.913413e-01 -4.147370e-01 -7.071068e-01
      vertex -8.061623e-01 -4.562137e-01 -3.665583e-01
      vertex -1.000043e+00 -4.478594e-01 -5.485286e-01
    endloop
  endfacet
  facet normal 3.640682e-01 -8.282769e-01 -4.259245e-01
    outer loop
      vertex -1.000043e+00 -4.478594e-01 -5.485286e-01
      vertex -8.061623e-01 -4.562137e-01 -3.665583e-01
      vertex -9.218284e-01 -5.652276e-01 -2.534319e-01
    endloop
  endfacet
  facet normal 3.262457e-01 -8.454882e-01 -4.227451e-01
    outer loop
      vertex -1.000043e+00 -4.478594e-01 -5.485286e-01
      vertex -9.218284e-01 -5.652276e-01 -2.534319e-01
      vertex -1.095678e+00 -5.519800e-01 -4.140925e-01
    endloop
  endfacet
  facet normal 5.433521e-01 -5.509849e-01 -6.333910e-01
    outer loop
      vertex -1.095678e+00 -5.519800e-01 -4.140925e-01
      vertex -9.218284e-01 -5.652276e-01 -2.534319e-01
      vertex -9.986281e-01 -7.278572e-01 -1.778433e-01
    endloop
  endfacet
  facet normal 5.085262e-01 -5.774044e-01 -6.387528e-01
    outer loop
      vertex -1.095678e+00 -5.519800e-01 -4.140925e-01
      vertex -9.986281e-01 -7.278572e-01 -1.778433e-01
      vertex -1.163687e+00 -7.112473e-01 -3.242651e-01
    endloop
  endfacet
  facet normal 6.405892e-01 -1.908866e-01 -7.437794e-01
    outer loop
      vertex -1.163687e+00 -7.112473e-01 -3.242651e-01
      vertex -9.986281e-01 -7.278572e-01 -1.778433e-01
      vertex -1.024869e+00 -9.193437e-01 -1.513001e-01
    endloop
  endfacet
  facet normal 6.120095e-01 -2.225197e-01 -7.589001e-01
    outer loop
      vertex -1.163687e+00 -7.112473e-01 -3.242651e-01
      vertex -1.024869e+00 -9.193437e-01 -1.513001e-01
      vertex -1.193716e+00 -9.014145e-01 -2.927219e-01
    endloop
  endfacet
  facet normal 6.416690e-01 1.978949e-01 -7.410118e-01
    outer loop
      vertex -1.193716e+00 -9.014145e-01 -2.927219e-01
      vertex -1.024869e+00 -9.193437e-01 -1.513001e-01
      vertex -9.965574e-01 -1.110535e+00 -1.778433e-01
    endloop
  endfacet
  facet normal 6.220721e-01 1.661738e-01 -7.651226e-01
    outer loop
      vertex -1.193716e+00 -9.014145e-01 -2.927219e-01
      vertex -9.965574e-01 -1.110535e+00 -1.778433e-01
      vertex -1.181193e+00 -1.093530e+00 -3.242651e-01
    endloop
  endfacet
  facet normal 5.467962e-01 5.573864e-01 -6.247673e-01
    outer loop
      vertex -1.181193e+00 -1.093530e+00 -3.242651e-01
      vertex -9.965574e-01 -1.110535e+00 -1.778433e-01
      vertex -9.180022e-01 -1.272324e+00 -2.534319e-01
    endloop
  endfacet
  facet normal 5.369800e-01 5.306436e-01 -6.557971e-01
    outer loop
      vertex -1.181193e+00 -1.093530e+00 -3.242651e-01
      vertex -9.180022e-01 -1.272324e+00 -2.534319e-01
      vertex -1.128024e+00 -1.258347e+00 -4.140925e-01
    endloop
  endfacet
  facet normal 3.700509e-01 8.330163e-01 -4.112738e-01
    outer loop
      vertex -1.128024e+00 -1.258347e+00 -4.140925e-01
      vertex -9.180022e-01 -1.272324e+00 -2.534319e-01
      vertex -8.011632e-01 -1.380080e+00 -3.665583e-01
    endloop
  endfacet
  facet normal 3.685787e-01 8.152180e-01 -4.467319e-01
    outer loop
      vertex -1.128024e+00 -1.258347e+00 -4.140925e-01
      vertex -8.011632e-01 -1.380080e+00 -3.665583e-01
      vertex -1.042306e+00 -1.370772e+00 -5.485286e-01
    endloop
  endfacet
  facet normal 1.379138e-01 9.815342e-01 -1.325534e-01
    outer loop
      vertex -1.042306e+00 -1.370772e+00 -5.485286e-01
      vertex -8.011632e-01 -1.380080e+00 -3.665583e-01
      vertex -6.638281e-01 -1.417397e+00 -5.000000e-01
    endloop
  endfacet
  facet normal 1.419078e-01 9.752117e-01 -1.697774e-01
    outer loop
      vertex -1.042306e+00 -1.370772e+00 -5.485286e-01
      vertex -6.638281e-01 -1.417397e+00 -5.000000e-01
      vertex -9.370858e-01 -1.413690e+00 -7.071068e-01
    endloop
  endfacet
  facet normal -1.139218e-01 9.792102e-01 1.678371e-01
    outer loop
      vertex -9.370858e-01 -1.413690e+00 -7.071068e-01
      vertex -6.638281e-01 -1.417397e+00 -5.000000e-01
      vertex -5.269048e-01 -1.378596e+00 -6.334417e-01
    endloop
  endfacet
  facet normal -1.079777e-01 9.853778e-01 1.318006e-01
    outer loop
      vertex -9.370858e-01 -1.413690e+00 -7.071068e-01
      vertex -5.269048e-01 -1.378596e+00 -6.334417e-01
      vertex -8.283840e-01 -1.380568e+00 -8.656850e-01
    endloop
  endfacet
  facet normal -3.464580e-01 8.270219e-01 4.427207e-01
    outer loop
      vertex -8.283840e-01 -1.380568e+00 -8.656850e-01
      vertex -5.269048e-01 -1.378596e+00 -6.334417e-01
      vertex -4.112387e-01 -1.269582e+00 -7.465681e-01
    endloop
  endfacet
  facet normal -3.421799e-01 8.449746e-01 4.110120e-01
    outer loop
      vertex -8.283840e-01 -1.380568e+00 -8.656850e-01
      vertex -4.112387e-01 -1.269582e+00 -7.465681e-01
      vertex -7.327489e-01 -1.276447e+00 -1.000121e+00
    endloop
  endfacet
  facet normal -5.244419e-01 5.498281e-01 6.501152e-01
    outer loop
      vertex -7.327489e-01 -1.276447e+00 -1.000121e+00
      vertex -4.112387e-01 -1.269582e+00 -7.465681e-01
      vertex -3.344390e-01 -1.106952e+00 -8.221567e-01
    endloop
  endfacet
  facet normal -5.250559e-01 5.770328e-01 6.255793e-01
    outer loop
      vertex -7.327489e-01 -1.276447e+00 -1.000121e+00
      vertex -3.344390e-01 -1.106952e+00 -8.221567e-01
      vertex -6.647402e-01 -1.117180e+00 -1.089948e+00
    endloop
  endfacet
  facet normal -6.217919e-01 1.905117e-01 7.596579e-01
    outer loop
      vertex -6.647402e-01 -1.117180e+00 -1.089948e+00
      vertex -3.344390e-01 -1.106952e+00 -8.221567e-01
      vertex -3.081976e-01 -9.154658e-01 -8.486999e-01
    endloop
  endfacet
  facet normal -6.296539e-01 2.228710e-01 7.442208e-01
    outer loop
      vertex -6.647402e-01 -1.117180e+00 -1.089948e+00
      vertex -3.081976e-01 -9.154658e-01 -8.486999e-01
      vertex -6.347115e-01 -9.270126e-01 -1.121492e+00
    endloop
  endfacet
  facet normal -6.244162e-01 -1.973848e-01 7.557405e-01
    outer loop
      vertex -6.347115e-01 -9.270126e-01 -1.121492e+00
      vertex -3.081976e-01 -9.154658e-01 -8.486999e-01
      vertex -3.365097e-01 -7.242744e-01 -8.221567e-01
    endloop
  endfacet
  facet normal -6.406591e-01 -1.648880e-01 7.499119e-01
    outer loop
      vertex -6.347115e-01 -9.270126e-01 -1.121492e+00
      vertex -3.365097e-01 -7.242744e-01 -8.221567e-01
      vertex -6.472345e-01 -7.348970e-01 -1.089948e+00
    endloop
  endfacet
  facet normal -5.314354e-01 -5.564417e-01 6.387089e-01
    outer loop
      vertex -6.472345e-01 -7.348970e-01 -1.089948e+00
      vertex -3.365097e-01 -7.242744e-01 -8.221567e-01
      vertex -4.150648e-01 -5.624855e-01 -7.465681e-01
    endloop
  endfacet
  facet normal -5.558417e-01 -5.288611e-01 6.413626e-01
    outer loop
      vertex -6.472345e-01 -7.348970e-01 -1.089948e+00
      vertex -4.150648e-01 -5.624855e-01 -7.465681e-01
      vertex -7.004027e-01 -5.700806e-01 -1.000121e+00
    endloop
  endfacet
  facet normal -3.557522e-01 -8.322137e-01 4.252772e-01
    outer loop
      vertex -7.004027e-01 -5.700806e-01 -1.000121e+00
      vertex -4.150648e-01 -5.624855e-01 -7.465681e-01
      vertex -5.319039e-01 -4.547297e-01 -6.334417e-01
    endloop
  endfacet
  facet normal -3.869191e-01 -8.137132e-01 4.337793e-01
    outer loop
      vertex -7.004027e-01 -5.700806e-01 -1.000121e+00
      vertex -5.319039e-01 -4.547297e-01 -6.334417e-01
      vertex -7.861216e-01 -4.576554e-01 -8.656850e-01
    endloop
  endfacet
  facet normal -1.233996e-01 -9.813433e-01 1.474378e-01
    outer loop
      vertex -7.861216e-01 -4.576554e-01 -8.656850e-01
      vertex -5.319039e-01 -4.547297e-01 -6.334417e-01
      vertex -6.692390e-01 -4.174120e-01 -5.000000e-01
    endloop
  endfacet
  facet normal -1.591841e-01 -9.745038e-01 1.581227e-01
    outer loop
      vertex -7.861216e-01 -4.576554e-01 -8.656850e-01
      vertex -6.692390e-01 -4.174120e-01 -5.000000e-01
      vertex -8.913413e-01 -4.147370e-01 -7.071068e-01
    endloop
  endfacet
  facet normal 8.674248e-02 -9.903632e-01 -1.079651e-01
    outer loop
      vertex -6.692390e-01 -4.174120e-01 -5.000000e-01
      vertex -4.310618e-01 -4.228434e-01 -2.588190e-01
      vertex -5.906392e-01 -4.487252e-01 -1.496155e-01
    endloop
  endfacet
  facet normal 1.578168e-01 -9.797826e-01 -1.229633e-01
    outer loop
      vertex -6.692390e-01 -4.174120e-01 -5.000000e-01
      vertex -5.906392e-01 -4.487252e-01 -1.496155e-01
      vertex -8.061623e-01 -4.562137e-01 -3.665583e-01
    endloop
  endfacet
  facet normal 3.737656e-01 -8.623463e-01 -3.415525e-01
    outer loop
      vertex -8.061623e-01 -4.562137e-01 -3.665583e-01
      vertex -5.906392e-01 -4.487252e-01 -1.496155e-01
      vertex -7.317682e-01 -5.465623e-01 -5.703719e-02
    endloop
  endfacet
  facet normal 4.403715e-01 -8.278428e-01 -3.474899e-01
    outer loop
      vertex -8.061623e-01 -4.562137e-01 -3.665583e-01
      vertex -7.317682e-01 -5.465623e-01 -5.703719e-02
      vertex -9.218284e-01 -5.652276e-01 -2.534319e-01
    endloop
  endfacet
  facet normal 6.014028e-01 -6.024568e-01 -5.247479e-01
    outer loop
      vertex -9.218284e-01 -5.652276e-01 -2.534319e-01
      vertex -7.317682e-01 -5.465623e-01 -5.703719e-02
      vertex -8.329631e-01 -7.014600e-01 4.821650e-03
    endloop
  endfacet
  facet normal 6.566625e-01 -5.499662e-01 -5.160732e-01
    outer loop
      vertex -9.218284e-01 -5.652276e-01 -2.534319e-01
      vertex -8.329631e-01 -7.014600e-01 4.821650e-03
      vertex -9.986281e-01 -7.278572e-01 -1.778433e-01
    endloop
  endfacet
  facet normal 7.347345e-01 -2.514973e-01 -6.300114e-01
    outer loop
      vertex -9.986281e-01 -7.278572e-01 -1.778433e-01
      vertex -8.329631e-01 -7.014600e-01 4.821650e-03
      vertex -8.788179e-01 -8.898366e-01 2.654359e-02
    endloop
  endfacet
  facet normal 7.739636e-01 -1.898045e-01 -6.041148e-01
    outer loop
      vertex -9.986281e-01 -7.278572e-01 -1.778433e-01
      vertex -8.788179e-01 -8.898366e-01 2.654359e-02
      vertex -1.024869e+00 -9.193437e-01 -1.513001e-01
    endloop
  endfacet
  facet normal 7.543380e-01 1.365049e-01 -6.421375e-01
    outer loop
      vertex -1.024869e+00 -9.193437e-01 -1.513001e-01
      vertex -8.788179e-01 -8.898366e-01 2.654359e-02
      vertex -8.623517e-01 -1.083013e+00 4.821650e-03
    endloop
  endfacet
  facet normal 7.754336e-01 1.980653e-01 -5.995606e-01
    outer loop
      vertex -1.024869e+00 -9.193437e-01 -1.513001e-01
      vertex -8.623517e-01 -1.083013e+00 4.821650e-03
      vertex -9.965574e-01 -1.110535e+00 -1.778433e-01
    endloop
  endfacet
  facet normal 6.584359e-01 5.033085e-01 -5.595915e-01
    outer loop
      vertex -9.965574e-01 -1.110535e+00 -1.778433e-01
      vertex -8.623517e-01 -1.083013e+00 4.821650e-03
      vertex -7.860712e-01 -1.251581e+00 -5.703719e-02
    endloop
  endfacet
  facet normal 6.614586e-01 5.562120e-01 -5.030912e-01
    outer loop
      vertex -9.965574e-01 -1.110535e+00 -1.778433e-01
      vertex -7.860712e-01 -1.251581e+00 -5.703719e-02
      vertex -9.180022e-01 -1.272324e+00 -2.534319e-01
    endloop
  endfacet
  facet normal 4.618804e-01 7.945304e-01 -3.941927e-01
    outer loop
      vertex -9.180022e-01 -1.272324e+00 -2.534319e-01
      vertex -7.860712e-01 -1.251581e+00 -5.703719e-02
      vertex -6.615896e-01 -1.369876e+00 -1.496155e-01
    endloop
  endfacet
  facet normal 4.490038e-01 8.311643e-01 -3.279657e-01
    outer loop
      vertex -9.180022e-01 -1.272324e+00 -2.534319e-01
      vertex -6.615896e-01 -1.369876e+00 -1.496155e-01
      vertex -8.011632e-01 -1.380080e+00 -3.665583e-01
    endloop
  endfacet
  facet normal 1.935930e-01 9.662417e-01 -1.699962e-01
    outer loop
      vertex -8.011632e-01 -1.380080e+00 -3.665583e-01
      vertex -6.615896e-01 -1.369876e+00 -1.496155e-01
      vertex -5.078579e-01 -1.419890e+00 -2.588190e-01
    endloop
  endfacet
  facet normal 1.696578e-01 9.804589e-01 -9.958256e-02
    outer loop
      vertex -8.011632e-01 -1.380080e+00 -3.665583e-01
      vertex -5.078579e-01 -1.419890e+00 -2.588190e-01
      vertex -6.638281e-01 -1.417397e+00 -5.000000e-01
    endloop
  endfacet
  facet normal -1.065770e-01 9.911478e-01 7.916716e-02
    outer loop
      vertex -6.638281e-01 -1.417397e+00 -5.000000e-01
      vertex -5.078579e-01 -1.419890e+00 -2.588190e-01
      vertex -3.482805e-01 -1.394009e+00 -3.680226e-01
    endloop
  endfacet
  facet normal -1.342149e-01 9.799538e-01 1.472308e-01
    outer loop
      vertex -6.638281e-01 -1.417397e+00 -5.000000e-01
      vertex -3.482805e-01 -1.394009e+00 -3.680226e-01
      vertex -5.269048e-01 -1.378596e+00 -6.334417e-01
    endloop
  endfacet
  facet normal -3.927736e-01 8.641812e-01 3.145153e-01
    outer loop
      vertex -5.269048e-01 -1.378596e+00 -6.334417e-01
      vertex -3.482805e-01 -1.394009e+00 -3.680226e-01
      vertex -2.071515e-01 -1.296171e+00 -4.606009e-01
    endloop
  endfacet
  facet normal -4.157850e-01 8.290831e-01 3.738236e-01
    outer loop
      vertex -5.269048e-01 -1.378596e+00 -6.334417e-01
      vertex -2.071515e-01 -1.296171e+00 -4.606009e-01
      vertex -4.112387e-01 -1.269582e+00 -7.465681e-01
    endloop
  endfacet
  facet normal -6.205904e-01 6.047616e-01 4.991302e-01
    outer loop
      vertex -4.112387e-01 -1.269582e+00 -7.465681e-01
      vertex -2.071515e-01 -1.296171e+00 -4.606009e-01
      vertex -1.059566e-01 -1.141274e+00 -5.224597e-01
    endloop
  endfacet
  facet normal -6.317121e-01 5.515185e-01 5.447634e-01
    outer loop
      vertex -4.112387e-01 -1.269582e+00 -7.465681e-01
      vertex -1.059566e-01 -1.141274e+00 -5.224597e-01
      vertex -3.344390e-01 -1.106952e+00 -8.221567e-01
    endloop
  endfacet
  facet normal -7.550520e-01 2.535207e-01 6.046683e-01
    outer loop
      vertex -3.344390e-01 -1.106952e+00 -8.221567e-01
      vertex -1.059566e-01 -1.141274e+00 -5.224597e-01
      vertex -6.010180e-02 -9.528971e-01 -5.441817e-01
    endloop
  endfacet
  facet normal -7.494589e-01 1.905922e-01 6.340236e-01
    outer loop
      vertex -3.344390e-01 -1.106952e+00 -8.221567e-01
      vertex -6.010180e-02 -9.528971e-01 -5.441817e-01
      vertex -3.081976e-01 -9.154658e-01 -8.486999e-01
    endloop
  endfacet
  facet normal -7.762177e-01 -1.354031e-01 6.157532e-01
    outer loop
      vertex -3.081976e-01 -9.154658e-01 -8.486999e-01
      vertex -6.010180e-02 -9.528971e-01 -5.441817e-01
      vertex -7.656802e-02 -7.597203e-01 -5.224597e-01
    endloop
  endfacet
  facet normal -7.518898e-01 -1.986186e-01 6.286592e-01
    outer loop
      vertex -3.081976e-01 -9.154658e-01 -8.486999e-01
      vertex -7.656802e-02 -7.597203e-01 -5.224597e-01
      vertex -3.365097e-01 -7.242744e-01 -8.221567e-01
    endloop
  endfacet
  facet normal -6.813437e-01 -5.033407e-01 5.314310e-01
    outer loop
      vertex -3.365097e-01 -7.242744e-01 -8.221567e-01
      vertex -7.656802e-02 -7.597203e-01 -5.224597e-01
      vertex -1.528485e-01 -5.911528e-01 -4.606009e-01
    endloop
  endfacet
  facet normal -6.388549e-01 -5.577538e-01 5.298822e-01
    outer loop
      vertex -3.365097e-01 -7.242744e-01 -8.221567e-01
      vertex -1.528485e-01 -5.911528e-01 -4.606009e-01
      vertex -4.150648e-01 -5.624855e-01 -7.465681e-01
    endloop
  endfacet
  facet normal -4.845299e-01 -7.951839e-01 3.645729e-01
    outer loop
      vertex -4.150648e-01 -5.624855e-01 -7.465681e-01
      vertex -1.528485e-01 -5.911528e-01 -4.606009e-01
      vertex -2.773301e-01 -4.728574e-01 -3.680226e-01
    endloop
  endfacet
  facet normal -4.268005e-01 -8.328259e-01 3.524804e-01
    outer loop
      vertex -4.150648e-01 -5.624855e-01 -7.465681e-01
      vertex -2.773301e-01 -4.728574e-01 -3.680226e-01
      vertex -5.319039e-01 -4.547297e-01 -6.334417e-01
    endloop
  endfacet
  facet normal -2.149112e-01 -9.665300e-01 1.401174e-01
    outer loop
      vertex -5.319039e-01 -4.547297e-01 -6.334417e-01
      vertex -2.773301e-01 -4.728574e-01 -3.680226e-01
      vertex -4.310618e-01 -4.228434e-01 -2.588190e-01
    endloop
  endfacet
  facet normal -1.470533e-01 -9.814361e-01 1.231199e-01
    outer loop
      vertex -5.319039e-01 -4.547297e-01 -6.334417e-01
      vertex -4.310618e-01 -4.228434e-01 -2.588190e-01
      vertex -6.692390e-01 -4.174120e-01 -5.000000e-01
    endloop
  endfacet
  facet normal -1.262755e-01 -9.897271e-01 -6.704242e-02
    outer loop
      vertex -4.310618e-01 -4.228434e-01 -2.588190e-01
      vertex -1.538447e-01 -4.757445e-01 -1.102182e-15
      vertex -3.216291e-01 -4.610060e-01 9.844487e-02
    endloop
  endfacet
  facet normal 7.284854e-02 -9.890992e-01 -1.279685e-01
    outer loop
      vertex -4.310618e-01 -4.228434e-01 -2.588190e-01
      vertex -3.216291e-01 -4.610060e-01 9.844487e-02
      vertex -5.906392e-01 -4.487252e-01 -1.496155e-01
    endloop
  endfacet
  facet normal 2.046379e-01 -9.412863e-01 -2.685210e-01
    outer loop
      vertex -5.906392e-01 -4.487252e-01 -1.496155e-01
      vertex -3.216291e-01 -4.610060e-01 9.844487e-02
      vertex -4.874935e-01 -5.208732e-01 1.819024e-01
    endloop
  endfacet
  facet normal 3.951589e-01 -8.643466e-01 -3.110537e-01
    outer loop
      vertex -5.906392e-01 -4.487252e-01 -1.496155e-01
      vertex -4.874935e-01 -5.208732e-01 1.819024e-01
      vertex -7.317682e-01 -5.465623e-01 -5.703719e-02
    endloop
  endfacet
  facet normal 5.023253e-01 -7.484068e-01 -4.330780e-01
    outer loop
      vertex -7.317682e-01 -5.465623e-01 -5.703719e-02
      vertex -4.874935e-01 -5.208732e-01 1.819024e-01
      vertex -6.261864e-01 -6.462320e-01 2.376669e-01
    endloop
  endfacet
  facet normal 6.599279e-01 -6.076159e-01 -4.419254e-01
    outer loop
      vertex -7.317682e-01 -5.465623e-01 -5.703719e-02
      vertex -6.261864e-01 -6.462320e-01 2.376669e-01
      vertex -8.329631e-01 -7.014600e-01 4.821650e-03
    endloop
  endfacet
  facet normal 7.206380e-01 -4.403496e-01 -5.355120e-01
    outer loop
      vertex -8.329631e-01 -7.014600e-01 4.821650e-03
      vertex -6.261864e-01 -6.462320e-01 2.376669e-01
      vertex -7.165932e-01 -8.179975e-01 2.572488e-01
    endloop
  endfacet
  facet normal 8.262177e-01 -2.588180e-01 -5.003774e-01
    outer loop
      vertex -8.329631e-01 -7.014600e-01 4.821650e-03
      vertex -7.165932e-01 -8.179975e-01 2.572488e-01
      vertex -8.788179e-01 -8.898366e-01 2.654359e-02
    endloop
  endfacet
  facet normal 8.256740e-01 -6.478205e-02 -5.604157e-01
    outer loop
      vertex -8.788179e-01 -8.898366e-01 2.654359e-02
      vertex -7.165932e-01 -8.179975e-01 2.572488e-01
      vertex -7.449502e-01 -1.010020e+00 2.376669e-01
    endloop
  endfacet
  facet normal 8.689081e-01 1.278345e-01 -4.781810e-01
    outer loop
      vertex -8.788179e-01 -8.898366e-01 2.654359e-02
      vertex -7.449502e-01 -1.010020e+00 2.376669e-01
      vertex -8.623517e-01 -1.083013e+00 4.821650e-03
    endloop
  endfacet
  facet normal 8.017524e-01 3.202203e-01 -5.046306e-01
    outer loop
      vertex -8.623517e-01 -1.083013e+00 4.821650e-03
      vertex -7.449502e-01 -1.010020e+00 2.376669e-01
      vertex -7.069403e-01 -1.193066e+00 1.819024e-01
    endloop
  endfacet
  facet normal 7.823796e-01 4.934745e-01 -3.799540e-01
    outer loop
      vertex -8.623517e-01 -1.083013e+00 4.821650e-03
      vertex -7.069403e-01 -1.193066e+00 1.819024e-01
      vertex -7.860712e-01 -1.251581e+00 -5.703719e-02
    endloop
  endfacet
  facet normal 6.536765e-01 6.560951e-01 -3.771555e-01
    outer loop
      vertex -7.860712e-01 -1.251581e+00 -5.703719e-02
      vertex -7.069403e-01 -1.193066e+00 1.819024e-01
      vertex -6.083502e-01 -1.339268e+00 9.844487e-02
    endloop
  endfacet
  facet normal 5.802845e-01 7.837837e-01 -2.212534e-01
    outer loop
      vertex -7.860712e-01 -1.251581e+00 -5.703719e-02
      vertex -6.083502e-01 -1.339268e+00 9.844487e-02
      vertex -6.615896e-01 -1.369876e+00 -1.496155e-01
    endloop
  endfacet
  facet normal 4.048900e-01 8.928758e-01 -1.970706e-01
    outer loop
      vertex -6.615896e-01 -1.369876e+00 -1.496155e-01
      vertex -6.083502e-01 -1.339268e+00 9.844487e-02
      vertex -4.641893e-01 -1.426369e+00 -1.070678e-15
    endloop
  endfacet
  facet normal 2.928541e-01 9.558174e-01 -2.548666e-02
    outer loop
      vertex -6.615896e-01 -1.369876e+00 -1.496155e-01
      vertex -4.641893e-01 -1.426369e+00 -1.070678e-15
      vertex -5.078579e-01 -1.419890e+00 -2.588190e-01
    endloop
  endfacet
  facet normal 9.288513e-02 9.956339e-01 9.249256e-03
    outer loop
      vertex -5.078579e-01 -1.419890e+00 -2.588190e-01
      vertex -4.641893e-01 -1.426369e+00 -1.070678e-15
      vertex -2.964049e-01 -1.441107e+00 -9.844487e-02
    endloop
  endfacet
  facet normal -3.703402e-02 9.831703e-01 1.788986e-01
    outer loop
      vertex -5.078579e-01 -1.419890e+00 -2.588190e-01
      vertex -2.964049e-01 -1.441107e+00 -9.844487e-02
      vertex -3.482805e-01 -1.394009e+00 -3.680226e-01
    endloop
  endfacet
  facet normal -2.361108e-01 9.485076e-01 2.111515e-01
    outer loop
      vertex -3.482805e-01 -1.394009e+00 -3.680226e-01
      vertex -2.964049e-01 -1.441107e+00 -9.844487e-02
      vertex -1.305405e-01 -1.381240e+00 -1.819024e-01
    endloop
  endfacet
  facet normal -3.593745e-01 8.603708e-01 3.614029e-01
    outer loop
      vertex -3.482805e-01 -1.394009e+00 -3.680226e-01
      vertex -1.305405e-01 -1.381240e+00 -1.819024e-01
      vertex -2.071515e-01 -1.296171e+00 -4.606009e-01
    endloop
  endfacet
  facet normal -5.327263e-01 7.573698e-01 3.776159e-01
    outer loop
      vertex -2.071515e-01 -1.296171e+00 -4.606009e-01
      vertex -1.305405e-01 -1.381240e+00 -1.819024e-01
      vertex 8.152423e-03 -1.255881e+00 -2.376669e-01
    endloop
  endfacet
  facet normal -6.244923e-01 6.051619e-01 4.937494e-01
    outer loop
      vertex -2.071515e-01 -1.296171e+00 -4.606009e-01
      vertex 8.152423e-03 -1.255881e+00 -2.376669e-01
      vertex -1.059566e-01 -1.141274e+00 -5.224597e-01
    endloop
  endfacet
  facet normal -7.513263e-01 4.504360e-01 4.823031e-01
    outer loop
      vertex -1.059566e-01 -1.141274e+00 -5.224597e-01
      vertex 8.152423e-03 -1.255881e+00 -2.376669e-01
      vertex 9.855918e-02 -1.084115e+00 -2.572488e-01
    endloop
  endfacet
  facet normal -7.913319e-01 2.566160e-01 5.549252e-01
    outer loop
      vertex -1.059566e-01 -1.141274e+00 -5.224597e-01
      vertex 9.855918e-02 -1.084115e+00 -2.572488e-01
      vertex -6.010180e-02 -9.528971e-01 -5.441817e-01
    endloop
  endfacet
  facet normal -8.577868e-01 7.481530e-02 5.085317e-01
    outer loop
      vertex -6.010180e-02 -9.528971e-01 -5.441817e-01
      vertex 9.855918e-02 -1.084115e+00 -2.572488e-01
      vertex 1.269162e-01 -8.920929e-01 -2.376669e-01
    endloop
  endfacet
  facet normal -8.344634e-01 -1.313089e-01 5.351905e-01
    outer loop
      vertex -6.010180e-02 -9.528971e-01 -5.441817e-01
      vertex 1.269162e-01 -8.920929e-01 -2.376669e-01
      vertex -7.656802e-02 -7.597203e-01 -5.224597e-01
    endloop
  endfacet
  facet normal -8.357037e-01 -3.113555e-01 4.523904e-01
    outer loop
      vertex -7.656802e-02 -7.597203e-01 -5.224597e-01
      vertex 1.269162e-01 -8.920929e-01 -2.376669e-01
      vertex 8.890627e-02 -7.090470e-01 -1.819024e-01
    endloop
  endfacet
  facet normal -7.479213e-01 -4.990602e-01 4.376672e-01
    outer loop
      vertex -7.656802e-02 -7.597203e-01 -5.224597e-01
      vertex 8.890627e-02 -7.090470e-01 -1.819024e-01
      vertex -1.528485e-01 -5.911528e-01 -4.606009e-01
    endloop
  endfacet
  facet normal -6.888635e-01 -6.489318e-01 3.230397e-01
    outer loop
      vertex -1.528485e-01 -5.911528e-01 -4.606009e-01
      vertex 8.890627e-02 -7.090470e-01 -1.819024e-01
      vertex -9.683828e-03 -5.628449e-01 -9.844487e-02
    endloop
  endfacet
  facet normal -5.453509e-01 -7.909716e-01 2.774100e-01
    outer loop
      vertex -1.528485e-01 -5.911528e-01 -4.606009e-01
      vertex -9.683828e-03 -5.628449e-01 -9.844487e-02
      vertex -2.773301e-01 -4.728574e-01 -3.680226e-01
    endloop
  endfacet
  facet normal -4.398686e-01 -8.869823e-01 1.406342e-01
    outer loop
      vertex -2.773301e-01 -4.728574e-01 -3.680226e-01
      vertex -9.683828e-03 -5.628449e-01 -9.844487e-02
      vertex -1.538447e-01 -4.757445e-01 -1.102182e-15
    endloop
  endfacet
  facet normal -2.573543e-01 -9.630991e-01 7.879665e-02
    outer loop
      vertex -2.773301e-01 -4.728574e-01 -3.680226e-01
      vertex -1.538447e-01 -4.757445e-01 -1.102182e-15
      vertex -4.310618e-01 -4.228434e-01 -2.588190e-01
    endloop
  endfacet
  facet normal -3.590865e-01 -9.300138e-01 -7.830224e-02
    outer loop
      vertex -1.538447e-01 -4.757445e-01 -1.102182e-15
      vertex 1.009052e-01 -5.958968e-01 2.588190e-01
      vertex -5.266227e-02 -5.458142e-01 3.682220e-01
    endloop
  endfacet
  facet normal -1.676556e-01 -9.759062e-01 -1.396378e-01
    outer loop
      vertex -1.538447e-01 -4.757445e-01 -1.102182e-15
      vertex -5.266227e-02 -5.458142e-01 3.682220e-01
      vertex -3.216291e-01 -4.610060e-01 9.844487e-02
    endloop
  endfacet
  facet normal -2.503002e-02 -9.605423e-01 -2.770052e-01
    outer loop
      vertex -3.216291e-01 -4.610060e-01 9.844487e-02
      vertex -5.266227e-02 -5.458142e-01 3.682220e-01
      vertex -2.228396e-01 -5.681266e-01 4.609693e-01
    endloop
  endfacet
  facet normal 1.737059e-01 -9.305627e-01 -3.223031e-01
    outer loop
      vertex -3.216291e-01 -4.610060e-01 9.844487e-02
      vertex -2.228396e-01 -5.681266e-01 4.609693e-01
      vertex -4.874935e-01 -5.208732e-01 1.819024e-01
    endloop
  endfacet
  facet normal 3.105219e-01 -8.439593e-01 -4.373887e-01
    outer loop
      vertex -4.874935e-01 -5.208732e-01 1.819024e-01
      vertex -2.228396e-01 -5.681266e-01 4.609693e-01
      vertex -3.837189e-01 -6.594370e-01 5.229411e-01
    endloop
  endfacet
  facet normal 4.912456e-01 -7.445646e-01 -4.519971e-01
    outer loop
      vertex -4.874935e-01 -5.208732e-01 1.819024e-01
      vertex -3.837189e-01 -6.594370e-01 5.229411e-01
      vertex -6.261864e-01 -6.462320e-01 2.376669e-01
    endloop
  endfacet
  facet normal 5.969870e-01 -5.977463e-01 -5.350756e-01
    outer loop
      vertex -6.261864e-01 -6.462320e-01 2.376669e-01
      vertex -3.837189e-01 -6.594370e-01 5.229411e-01
      vertex -5.108076e-01 -8.058444e-01 5.447027e-01
    endloop
  endfacet
  facet normal 7.366900e-01 -4.457241e-01 -5.085449e-01
    outer loop
      vertex -6.261864e-01 -6.462320e-01 2.376669e-01
      vertex -5.108076e-01 -8.058444e-01 5.447027e-01
      vertex -7.165932e-01 -8.179975e-01 2.572488e-01
    endloop
  endfacet
  facet normal 7.905559e-01 -2.588167e-01 -5.550092e-01
    outer loop
      vertex -7.165932e-01 -8.179975e-01 2.572488e-01
      vertex -5.108076e-01 -8.058444e-01 5.447027e-01
      vertex -5.847578e-01 -9.850594e-01 5.229411e-01
    endloop
  endfacet
  facet normal 8.721255e-01 -7.955981e-02 -4.827706e-01
    outer loop
      vertex -7.165932e-01 -8.179975e-01 2.572488e-01
      vertex -5.847578e-01 -9.850594e-01 5.229411e-01
      vertex -7.449502e-01 -1.010020e+00 2.376669e-01
    endloop
  endfacet
  facet normal 8.609391e-01 1.212127e-01 -4.940560e-01
    outer loop
      vertex -7.449502e-01 -1.010020e+00 2.376669e-01
      vertex -5.847578e-01 -9.850594e-01 5.229411e-01
      vertex -5.943111e-01 -1.169798e+00 4.609693e-01
    endloop
  endfacet
  facet normal 8.765229e-01 2.973359e-01 -3.785484e-01
    outer loop
      vertex -7.449502e-01 -1.010020e+00 2.376669e-01
      vertex -5.943111e-01 -1.169798e+00 4.609693e-01
      vertex -7.069403e-01 -1.193066e+00 1.819024e-01
    endloop
  endfacet
  facet normal 7.968698e-01 4.837318e-01 -3.619421e-01
    outer loop
      vertex -7.069403e-01 -1.193066e+00 1.819024e-01
      vertex -5.943111e-01 -1.169798e+00 4.609693e-01
      vertex -5.380132e-01 -1.331936e+00 3.682220e-01
    endloop
  endfacet
  facet normal 7.496418e-01 6.268077e-01 -2.124836e-01
    outer loop
      vertex -7.069403e-01 -1.193066e+00 1.819024e-01
      vertex -5.380132e-01 -1.331936e+00 3.682220e-01
      vertex -6.083502e-01 -1.339268e+00 9.844487e-02
    endloop
  endfacet
  facet normal 6.085346e-01 7.729206e-01 -1.796647e-01
    outer loop
      vertex -6.083502e-01 -1.339268e+00 9.844487e-02
      vertex -5.380132e-01 -1.331936e+00 3.682220e-01
      vertex -4.244349e-01 -1.446789e+00 2.588190e-01
    endloop
  endfacet
  facet normal 5.116809e-01 8.591075e-01 -1.081096e-02
    outer loop
      vertex -6.083502e-01 -1.339268e+00 9.844487e-02
      vertex -4.244349e-01 -1.446789e+00 2.588190e-01
      vertex -4.641893e-01 -1.426369e+00 -1.070678e-15
    endloop
  endfacet
  facet normal 3.257217e-01 9.451471e-01 2.454071e-02
    outer loop
      vertex -4.641893e-01 -1.426369e+00 -1.070678e-15
      vertex -4.244349e-01 -1.446789e+00 2.588190e-01
      vertex -2.708674e-01 -1.496872e+00 1.494161e-01
    endloop
  endfacet
  facet normal 1.990799e-01 9.602776e-01 1.955355e-01
    outer loop
      vertex -4.641893e-01 -1.426369e+00 -1.070678e-15
      vertex -2.708674e-01 -1.496872e+00 1.494161e-01
      vertex -2.964049e-01 -1.441107e+00 -9.844487e-02
    endloop
  endfacet
  facet normal -7.845754e-03 9.754097e-01 2.202598e-01
    outer loop
      vertex -2.964049e-01 -1.441107e+00 -9.844487e-02
      vertex -2.708674e-01 -1.496872e+00 1.494161e-01
      vertex -1.006901e-01 -1.474559e+00 5.666877e-02
    endloop
  endfacet
  facet normal -1.414008e-01 9.158012e-01 3.759176e-01
    outer loop
      vertex -2.964049e-01 -1.441107e+00 -9.844487e-02
      vertex -1.006901e-01 -1.474559e+00 5.666877e-02
      vertex -1.305405e-01 -1.381240e+00 -1.819024e-01
    endloop
  endfacet
  facet normal -3.419774e-01 8.598357e-01 3.791226e-01
    outer loop
      vertex -1.305405e-01 -1.381240e+00 -1.819024e-01
      vertex -1.006901e-01 -1.474559e+00 5.666877e-02
      vertex 6.018918e-02 -1.383249e+00 -5.303021e-03
    endloop
  endfacet
  facet normal -4.588523e-01 7.318108e-01 5.038925e-01
    outer loop
      vertex -1.305405e-01 -1.381240e+00 -1.819024e-01
      vertex 6.018918e-02 -1.383249e+00 -5.303021e-03
      vertex 8.152423e-03 -1.255881e+00 -2.376669e-01
    endloop
  endfacet
  facet normal -6.270486e-01 6.153134e-01 4.777023e-01
    outer loop
      vertex 8.152423e-03 -1.255881e+00 -2.376669e-01
      vertex 6.018918e-02 -1.383249e+00 -5.303021e-03
      vertex 1.872779e-01 -1.236842e+00 -2.706462e-02
    endloop
  endfacet
  facet normal -7.049475e-01 4.349133e-01 5.602673e-01
    outer loop
      vertex 8.152423e-03 -1.255881e+00 -2.376669e-01
      vertex 1.872779e-01 -1.236842e+00 -2.706462e-02
      vertex 9.855918e-02 -1.084115e+00 -2.572488e-01
    endloop
  endfacet
  facet normal -8.201163e-01 2.776555e-01 5.003165e-01
    outer loop
      vertex 9.855918e-02 -1.084115e+00 -2.572488e-01
      vertex 1.872779e-01 -1.236842e+00 -2.706462e-02
      vertex 2.612281e-01 -1.057627e+00 -5.303021e-03
    endloop
  endfacet
  facet normal -8.413907e-01 6.960035e-02 5.359267e-01
    outer loop
      vertex 9.855918e-02 -1.084115e+00 -2.572488e-01
      vertex 2.612281e-01 -1.057627e+00 -5.303021e-03
      vertex 1.269162e-01 -8.920929e-01 -2.376669e-01
    endloop
  endfacet
  facet normal -8.910645e-01 -1.022616e-01 4.422066e-01
    outer loop
      vertex 1.269162e-01 -8.920929e-01 -2.376669e-01
      vertex 2.612281e-01 -1.057627e+00 -5.303021e-03
      vertex 2.707814e-01 -8.728877e-01 5.666877e-02
    endloop
  endfacet
  facet normal -8.466627e-01 -3.080069e-01 4.339287e-01
    outer loop
      vertex 1.269162e-01 -8.920929e-01 -2.376669e-01
      vertex 2.707814e-01 -8.728877e-01 5.666877e-02
      vertex 8.890627e-02 -7.090470e-01 -1.819024e-01
    endloop
  endfacet
  facet normal -8.282450e-01 -4.657889e-01 3.115299e-01
    outer loop
      vertex 8.890627e-02 -7.090470e-01 -1.819024e-01
      vertex 2.707814e-01 -8.728877e-01 5.666877e-02
      vertex 2.144835e-01 -7.107497e-01 1.494161e-01
    endloop
  endfacet
  facet normal -7.200148e-01 -6.394420e-01 2.696157e-01
    outer loop
      vertex 8.890627e-02 -7.090470e-01 -1.819024e-01
      vertex 2.144835e-01 -7.107497e-01 1.494161e-01
      vertex -9.683828e-03 -5.628449e-01 -9.844487e-02
    endloop
  endfacet
  facet normal -6.412280e-01 -7.565146e-01 1.285003e-01
    outer loop
      vertex -9.683828e-03 -5.628449e-01 -9.844487e-02
      vertex 2.144835e-01 -7.107497e-01 1.494161e-01
      vertex 1.009052e-01 -5.958968e-01 2.588190e-01
    endloop
  endfacet
  facet normal -4.814095e-01 -8.738404e-01 6.817506e-02
    outer loop
      vertex -9.683828e-03 -5.628449e-01 -9.844487e-02
      vertex 1.009052e-01 -5.958968e-01 2.588190e-01
      vertex -1.538447e-01 -4.757445e-01 -1.102182e-15
    endloop
  endfacet
  facet normal -4.578062e-01 -8.805021e-01 -1.230021e-01
    outer loop
      vertex 1.009052e-01 -5.958968e-01 2.588190e-01
      vertex 2.960941e-01 -7.310747e-01 5.000000e-01
      vertex 1.632621e-01 -6.806884e-01 6.337054e-01
    endloop
  endfacet
  facet normal -3.954774e-01 -9.078129e-01 -1.395467e-01
    outer loop
      vertex 1.009052e-01 -5.958968e-01 2.588190e-01
      vertex 1.632621e-01 -6.806884e-01 6.337054e-01
      vertex -5.266227e-02 -5.458142e-01 3.682220e-01
    endloop
  endfacet
  facet normal -1.441785e-01 -9.246441e-01 -3.524853e-01
    outer loop
      vertex -5.266227e-02 -5.458142e-01 3.682220e-01
      vertex 1.632621e-01 -6.806884e-01 6.337054e-01
      vertex 5.575029e-03 -6.993109e-01 7.470554e-01
    endloop
  endfacet
  facet normal -7.682882e-02 -9.281268e-01 -3.642499e-01
    outer loop
      vertex -5.266227e-02 -5.458142e-01 3.682220e-01
      vertex 5.575029e-03 -6.993109e-01 7.470554e-01
      vertex -2.228396e-01 -5.681266e-01 4.609693e-01
    endloop
  endfacet
  facet normal 1.889879e-01 -8.266907e-01 -5.299680e-01
    outer loop
      vertex -2.228396e-01 -5.681266e-01 4.609693e-01
      vertex 5.575029e-03 -6.993109e-01 7.470554e-01
      vertex -1.529608e-01 -7.841069e-01 8.227934e-01
    endloop
  endfacet
  facet normal 2.539592e-01 -8.081326e-01 -5.314381e-01
    outer loop
      vertex -2.228396e-01 -5.681266e-01 4.609693e-01
      vertex -1.529608e-01 -7.841069e-01 8.227934e-01
      vertex -3.837189e-01 -6.594370e-01 5.229411e-01
    endloop
  endfacet
  facet normal 4.914724e-01 -6.025884e-01 -6.287624e-01
    outer loop
      vertex -3.837189e-01 -6.594370e-01 5.229411e-01
      vertex -1.529608e-01 -7.841069e-01 8.227934e-01
      vertex -2.882098e-01 -9.221671e-01 8.493890e-01
    endloop
  endfacet
  facet normal 5.472057e-01 -5.665745e-01 -6.160838e-01
    outer loop
      vertex -3.837189e-01 -6.594370e-01 5.229411e-01
      vertex -2.882098e-01 -9.221671e-01 8.493890e-01
      vertex -5.108076e-01 -8.058444e-01 5.447027e-01
    endloop
  endfacet
  facet normal 7.182868e-01 -2.863495e-01 -6.340883e-01
    outer loop
      vertex -5.108076e-01 -8.058444e-01 5.447027e-01
      vertex -2.882098e-01 -9.221671e-01 8.493890e-01
      vertex -3.795814e-01 -1.092473e+00 8.227934e-01
    endloop
  endfacet
  facet normal 7.590665e-01 -2.397200e-01 -6.052705e-01
    outer loop
      vertex -5.108076e-01 -8.058444e-01 5.447027e-01
      vertex -3.795814e-01 -1.092473e+00 8.227934e-01
      vertex -5.847578e-01 -9.850594e-01 5.229411e-01
    endloop
  endfacet
  facet normal 8.352598e-01 7.477406e-02 -5.447476e-01
    outer loop
      vertex -5.847578e-01 -9.850594e-01 5.229411e-01
      vertex -3.795814e-01 -1.092473e+00 8.227934e-01
      vertex -4.131652e-01 -1.269097e+00 7.470554e-01
    endloop
  endfacet
  facet normal 8.572182e-01 1.233835e-01 -4.999535e-01
    outer loop
      vertex -5.847578e-01 -9.850594e-01 5.229411e-01
      vertex -4.131652e-01 -1.269097e+00 7.470554e-01
      vertex -5.943111e-01 -1.169798e+00 4.609693e-01
    endloop
  endfacet
  facet normal 8.238281e-01 4.262089e-01 -3.737022e-01
    outer loop
      vertex -5.943111e-01 -1.169798e+00 4.609693e-01
      vertex -4.131652e-01 -1.269097e+00 7.470554e-01
      vertex -3.838484e-01 -1.425150e+00 6.337054e-01
    endloop
  endfacet
  facet normal 8.258962e-01 4.672630e-01 -3.155326e-01
    outer loop
      vertex -5.943111e-01 -1.169798e+00 4.609693e-01
      vertex -3.838484e-01 -1.425150e+00 6.337054e-01
      vertex -5.380132e-01 -1.331936e+00 3.682220e-01
    endloop
  endfacet
  facet normal 6.847576e-01 7.137879e-01 -1.470167e-01
    outer loop
      vertex -5.380132e-01 -1.331936e+00 3.682220e-01
      vertex -3.838484e-01 -1.425150e+00 6.337054e-01
      vertex -2.960941e-01 -1.536874e+00 5.000000e-01
    endloop
  endfacet
  facet normal 6.694117e-01 7.385322e-01 -8.036273e-02
    outer loop
      vertex -5.380132e-01 -1.331936e+00 3.682220e-01
      vertex -2.960941e-01 -1.536874e+00 5.000000e-01
      vertex -4.244349e-01 -1.446789e+00 2.588190e-01
    endloop
  endfacet
  facet normal 4.391474e-01 8.928535e-01 9.981062e-02
    outer loop
      vertex -4.244349e-01 -1.446789e+00 2.588190e-01
      vertex -2.960941e-01 -1.536874e+00 5.000000e-01
      vertex -1.632621e-01 -1.587261e+00 3.662946e-01
    endloop
  endfacet
  facet normal 4.121620e-01 8.953626e-01 1.686663e-01
    outer loop
      vertex -4.244349e-01 -1.446789e+00 2.588190e-01
      vertex -1.632621e-01 -1.587261e+00 3.662946e-01
      vertex -2.708674e-01 -1.496872e+00 1.494161e-01
    endloop
  endfacet
  facet normal 1.252579e-01 9.363086e-01 3.280803e-01
    outer loop
      vertex -2.708674e-01 -1.496872e+00 1.494161e-01
      vertex -1.632621e-01 -1.587261e+00 3.662946e-01
      vertex -5.575029e-03 -1.568638e+00 2.529446e-01
    endloop
  endfacet
  facet normal 9.416070e-02 9.147739e-01 3.928390e-01
    outer loop
      vertex -2.708674e-01 -1.496872e+00 1.494161e-01
      vertex -5.575029e-03 -1.568638e+00 2.529446e-01
      vertex -1.006901e-01 -1.474559e+00 5.666877e-02
    endloop
  endfacet
  facet normal -2.083394e-01 8.387934e-01 5.030113e-01
    outer loop
      vertex -1.006901e-01 -1.474559e+00 5.666877e-02
      vertex -5.575029e-03 -1.568638e+00 2.529446e-01
      vertex 1.529608e-01 -1.483842e+00 1.772066e-01
    endloop
  endfacet
  facet normal -2.362512e-01 7.952260e-01 5.583915e-01
    outer loop
      vertex -1.006901e-01 -1.474559e+00 5.666877e-02
      vertex 1.529608e-01 -1.483842e+00 1.772066e-01
      vertex 6.018918e-02 -1.383249e+00 -5.303021e-03
    endloop
  endfacet
  facet normal -5.110580e-01 6.161104e-01 5.993561e-01
    outer loop
      vertex 6.018918e-02 -1.383249e+00 -5.303021e-03
      vertex 1.529608e-01 -1.483842e+00 1.772066e-01
      vertex 2.882098e-01 -1.345782e+00 1.506110e-01
    endloop
  endfacet
  facet normal -5.297059e-01 5.551293e-01 6.412824e-01
    outer loop
      vertex 6.018918e-02 -1.383249e+00 -5.303021e-03
      vertex 2.882098e-01 -1.345782e+00 1.506110e-01
      vertex 1.872779e-01 -1.236842e+00 -2.706462e-02
    endloop
  endfacet
  facet normal -7.377737e-01 3.015075e-01 6.039728e-01
    outer loop
      vertex 1.872779e-01 -1.236842e+00 -2.706462e-02
      vertex 2.882098e-01 -1.345782e+00 1.506110e-01
      vertex 3.795814e-01 -1.175476e+00 1.772066e-01
    endloop
  endfacet
  facet normal -7.421379e-01 2.297768e-01 6.296301e-01
    outer loop
      vertex 1.872779e-01 -1.236842e+00 -2.706462e-02
      vertex 3.795814e-01 -1.175476e+00 1.772066e-01
      vertex 2.612281e-01 -1.057627e+00 -5.303021e-03
    endloop
  endfacet
  facet normal -8.544912e-01 -5.884256e-02 5.161223e-01
    outer loop
      vertex 2.612281e-01 -1.057627e+00 -5.303021e-03
      vertex 3.795814e-01 -1.175476e+00 1.772066e-01
      vertex 4.131652e-01 -9.988519e-01 2.529446e-01
    endloop
  endfacet
  facet normal -8.408038e-01 -1.325848e-01 5.248525e-01
    outer loop
      vertex 2.612281e-01 -1.057627e+00 -5.303021e-03
      vertex 4.131652e-01 -9.988519e-01 2.529446e-01
      vertex 2.707814e-01 -8.728877e-01 5.666877e-02
    endloop
  endfacet
  facet normal -8.427873e-01 -4.108775e-01 3.476912e-01
    outer loop
      vertex 2.707814e-01 -8.728877e-01 5.666877e-02
      vertex 4.131652e-01 -9.988519e-01 2.529446e-01
      vertex 3.838484e-01 -8.427989e-01 3.662946e-01
    endloop
  endfacet
  facet normal -8.097351e-01 -4.768078e-01 3.420284e-01
    outer loop
      vertex 2.707814e-01 -8.728877e-01 5.666877e-02
      vertex 3.838484e-01 -8.427989e-01 3.662946e-01
      vertex 2.144835e-01 -7.107497e-01 1.494161e-01
    endloop
  endfacet
  facet normal -7.034767e-01 -6.999626e-01 1.231785e-01
    outer loop
      vertex 2.144835e-01 -7.107497e-01 1.494161e-01
      vertex 3.838484e-01 -8.427989e-01 3.662946e-01
      vertex 2.960941e-01 -7.310747e-01 5.000000e-01
    endloop
  endfacet
  facet normal -6.531755e-01 -7.493776e-01 1.086043e-01
    outer loop
      vertex 2.144835e-01 -7.107497e-01 1.494161e-01
      vertex 2.960941e-01 -7.310747e-01 5.000000e-01
      vertex 1.009052e-01 -5.958968e-01 2.588190e-01
    endloop
  endfacet
  facet normal -4.434977e-01 -8.821642e-01 -1.584178e-01
    outer loop
      vertex 2.960941e-01 -7.310747e-01 5.000000e-01
      vertex 4.769246e-01 -8.591771e-01 7.071068e-01
      vertex 3.668286e-01 -8.323457e-01 8.659123e-01
    endloop
  endfacet
  facet normal -4.771385e-01 -8.663550e-01 -1.475393e-01
    outer loop
      vertex 2.960941e-01 -7.310747e-01 5.000000e-01
      vertex 3.668286e-01 -8.323457e-01 8.659123e-01
      vertex 1.632621e-01 -6.806884e-01 6.337054e-01
    endloop
  endfacet
  facet normal -1.646602e-01 -8.856873e-01 -4.341027e-01
    outer loop
      vertex 1.632621e-01 -6.806884e-01 6.337054e-01
      vertex 3.668286e-01 -8.323457e-01 8.659123e-01
      vertex 2.316775e-01 -8.732052e-01 1.000541e+00
    endloop
  endfacet
  facet normal -2.016063e-01 -8.822580e-01 -4.254125e-01
    outer loop
      vertex 1.632621e-01 -6.806884e-01 6.337054e-01
      vertex 2.316775e-01 -8.732052e-01 1.000541e+00
      vertex 5.575029e-03 -6.993109e-01 7.470554e-01
    endloop
  endfacet
  facet normal 1.393337e-01 -7.542105e-01 -6.416796e-01
    outer loop
      vertex 5.575029e-03 -6.993109e-01 7.470554e-01
      vertex 2.316775e-01 -8.732052e-01 1.000541e+00
      vertex 9.204676e-02 -9.755350e-01 1.090497e+00
    endloop
  endfacet
  facet normal 1.025103e-01 -7.623700e-01 -6.389708e-01
    outer loop
      vertex 5.575029e-03 -6.993109e-01 7.470554e-01
      vertex 9.204676e-02 -9.755350e-01 1.090497e+00
      vertex -1.529608e-01 -7.841069e-01 8.227934e-01
    endloop
  endfacet
  facet normal 4.216697e-01 -5.093702e-01 -7.501578e-01
    outer loop
      vertex -1.529608e-01 -7.841069e-01 8.227934e-01
      vertex 9.204676e-02 -9.755350e-01 1.090497e+00
      vertex -3.080605e-02 -1.123756e+00 1.122086e+00
    endloop
  endfacet
  facet normal 3.887291e-01 -5.264712e-01 -7.561202e-01
    outer loop
      vertex -1.529608e-01 -7.841069e-01 8.227934e-01
      vertex -3.080605e-02 -1.123756e+00 1.122086e+00
      vertex -2.882098e-01 -9.221671e-01 8.493890e-01
    endloop
  endfacet
  facet normal 6.404512e-01 -1.891286e-01 -7.443471e-01
    outer loop
      vertex -2.882098e-01 -9.221671e-01 8.493890e-01
      vertex -3.080605e-02 -1.123756e+00 1.122086e+00
      vertex -1.181777e-01 -1.295304e+00 1.090497e+00
    endloop
  endfacet
  facet normal 6.146183e-01 -2.110568e-01 -7.600654e-01
    outer loop
      vertex -2.882098e-01 -9.221671e-01 8.493890e-01
      vertex -1.181777e-01 -1.295304e+00 1.090497e+00
      vertex -3.795814e-01 -1.092473e+00 8.227934e-01
    endloop
  endfacet
  facet normal 7.638460e-01 1.587894e-01 -6.255599e-01
    outer loop
      vertex -3.795814e-01 -1.092473e+00 8.227934e-01
      vertex -1.181777e-01 -1.295304e+00 1.090497e+00
      vertex -1.567667e-01 -1.464061e+00 1.000541e+00
    endloop
  endfacet
  facet normal 7.471216e-01 1.368571e-01 -6.504455e-01
    outer loop
      vertex -3.795814e-01 -1.092473e+00 8.227934e-01
      vertex -1.567667e-01 -1.464061e+00 1.000541e+00
      vertex -4.131652e-01 -1.269097e+00 7.470554e-01
    endloop
  endfacet
  facet normal 7.733374e-01 4.828767e-01 -4.108276e-01
    outer loop
      vertex -4.131652e-01 -1.269097e+00 7.470554e-01
      vertex -1.567667e-01 -1.464061e+00 1.000541e+00
      vertex -1.406982e-01 -1.604337e+00 8.659123e-01
    endloop
  endfacet
  facet normal 7.661485e-01 4.656537e-01 -4.429256e-01
    outer loop
      vertex -4.131652e-01 -1.269097e+00 7.470554e-01
      vertex -1.406982e-01 -1.604337e+00 8.659123e-01
      vertex -3.838484e-01 -1.425150e+00 6.337054e-01
    endloop
  endfacet
  facet normal 6.663866e-01 7.339288e-01 -1.314434e-01
    outer loop
      vertex -3.838484e-01 -1.425150e+00 6.337054e-01
      vertex -1.406982e-01 -1.604337e+00 8.659123e-01
      vertex -7.241847e-02 -1.694774e+00 7.071068e-01
    endloop
  endfacet
  facet normal 6.675702e-01 7.253542e-01 -1.679620e-01
    outer loop
      vertex -3.838484e-01 -1.425150e+00 6.337054e-01
      vertex -7.241847e-02 -1.694774e+00 7.071068e-01
      vertex -2.960941e-01 -1.536874e+00 5.000000e-01
    endloop
  endfacet
  facet normal 4.581987e-01 8.723905e-01 1.702610e-01
    outer loop
      vertex -2.960941e-01 -1.536874e+00 5.000000e-01
      vertex -7.241847e-02 -1.694774e+00 7.071068e-01
      vertex 3.767752e-02 -1.721605e+00 5.483013e-01
    endloop
  endfacet
  facet normal 4.652485e-01 8.752246e-01 1.323846e-01
    outer loop
      vertex -2.960941e-01 -1.536874e+00 5.000000e-01
      vertex 3.767752e-02 -1.721605e+00 5.483013e-01
      vertex -1.632621e-01 -1.587261e+00 3.662946e-01
    endloop
  endfacet
  facet normal 1.806262e-01 8.760093e-01 4.471934e-01
    outer loop
      vertex -1.632621e-01 -1.587261e+00 3.662946e-01
      vertex 3.767752e-02 -1.721605e+00 5.483013e-01
      vertex 1.728286e-01 -1.680746e+00 4.136725e-01
    endloop
  endfacet
  facet normal 1.900847e-01 8.916327e-01 4.109244e-01
    outer loop
      vertex -1.632621e-01 -1.587261e+00 3.662946e-01
      vertex 1.728286e-01 -1.680746e+00 4.136725e-01
      vertex -5.575029e-03 -1.568638e+00 2.529446e-01
    endloop
  endfacet
  facet normal -1.230883e-01 7.446443e-01 6.560138e-01
    outer loop
      vertex -5.575029e-03 -1.568638e+00 2.529446e-01
      vertex 1.728286e-01 -1.680746e+00 4.136725e-01
      vertex 3.124594e-01 -1.578416e+00 3.237164e-01
    endloop
  endfacet
  facet normal -1.151377e-01 7.727583e-01 6.241697e-01
    outer loop
      vertex -5.575029e-03 -1.568638e+00 2.529446e-01
      vertex 3.124594e-01 -1.578416e+00 3.237164e-01
      vertex 1.529608e-01 -1.483842e+00 1.772066e-01
    endloop
  endfacet
  facet normal -4.063032e-01 4.997841e-01 7.649402e-01
    outer loop
      vertex 1.529608e-01 -1.483842e+00 1.772066e-01
      vertex 3.124594e-01 -1.578416e+00 3.237164e-01
      vertex 4.353122e-01 -1.430195e+00 2.921280e-01
    endloop
  endfacet
  facet normal -4.034742e-01 5.378526e-01 7.402183e-01
    outer loop
      vertex 1.529608e-01 -1.483842e+00 1.772066e-01
      vertex 4.353122e-01 -1.430195e+00 2.921280e-01
      vertex 2.882098e-01 -1.345782e+00 1.506110e-01
    endloop
  endfacet
  facet normal -6.265995e-01 1.794878e-01 7.583912e-01
    outer loop
      vertex 2.882098e-01 -1.345782e+00 1.506110e-01
      vertex 4.353122e-01 -1.430195e+00 2.921280e-01
      vertex 5.226838e-01 -1.258647e+00 3.237164e-01
    endloop
  endfacet
  facet normal -6.312358e-01 2.226456e-01 7.429470e-01
    outer loop
      vertex 2.882098e-01 -1.345782e+00 1.506110e-01
      vertex 5.226838e-01 -1.258647e+00 3.237164e-01
      vertex 3.795814e-01 -1.175476e+00 1.772066e-01
    endloop
  endfacet
  facet normal -7.512461e-01 -1.683969e-01 6.381785e-01
    outer loop
      vertex 3.795814e-01 -1.175476e+00 1.772066e-01
      vertex 5.226838e-01 -1.258647e+00 3.237164e-01
      vertex 5.612728e-01 -1.089890e+00 4.136725e-01
    endloop
  endfacet
  facet normal -7.640746e-01 -1.260237e-01 6.326990e-01
    outer loop
      vertex 3.795814e-01 -1.175476e+00 1.772066e-01
      vertex 5.612728e-01 -1.089890e+00 4.136725e-01
      vertex 4.131652e-01 -9.988519e-01 2.529446e-01
    endloop
  endfacet
  facet normal -7.610021e-01 -4.924783e-01 4.223042e-01
    outer loop
      vertex 4.131652e-01 -9.988519e-01 2.529446e-01
      vertex 5.612728e-01 -1.089890e+00 4.136725e-01
      vertex 5.452043e-01 -9.496145e-01 5.483013e-01
    endloop
  endfacet
  facet normal -7.817384e-01 -4.559095e-01 4.254782e-01
    outer loop
      vertex 4.131652e-01 -9.988519e-01 2.529446e-01
      vertex 5.452043e-01 -9.496145e-01 5.483013e-01
      vertex 3.838484e-01 -8.427989e-01 3.662946e-01
    endloop
  endfacet
  facet normal -6.531858e-01 -7.436394e-01 1.426492e-01
    outer loop
      vertex 3.838484e-01 -8.427989e-01 3.662946e-01
      vertex 5.452043e-01 -9.496145e-01 5.483013e-01
      vertex 4.769246e-01 -8.591771e-01 7.071068e-01
    endloop
  endfacet
  facet normal -6.810749e-01 -7.163528e-01 1.515770e-01
    outer loop
      vertex 3.838484e-01 -8.427989e-01 3.662946e-01
      vertex 4.769246e-01 -8.591771e-01 7.071068e-01
      vertex 2.960941e-01 -7.310747e-01 5.000000e-01
    endloop
  endfacet
  facet normal -3.757259e-01 -9.076660e-01 -1.870093e-01
    outer loop
      vertex 4.769246e-01 -8.591771e-01 7.071068e-01
      vertex 6.815560e-01 -9.766262e-01 8.660254e-01
      vertex 6.011317e-01 -9.799491e-01 1.043736e+00
    endloop
  endfacet
  facet normal -4.395267e-01 -8.847139e-01 -1.552340e-01
    outer loop
      vertex 4.769246e-01 -8.591771e-01 7.071068e-01
      vertex 6.011317e-01 -9.799491e-01 1.043736e+00
      vertex 3.668286e-01 -8.323457e-01 8.659123e-01
    endloop
  endfacet
  facet normal -1.522610e-01 -8.497509e-01 -5.047178e-01
    outer loop
      vertex 3.668286e-01 -8.323457e-01 8.659123e-01
      vertex 6.011317e-01 -9.799491e-01 1.043736e+00
      vertex 4.997580e-01 -1.051268e+00 1.194392e+00
    endloop
  endfacet
  facet normal -2.191665e-01 -8.504984e-01 -4.781407e-01
    outer loop
      vertex 3.668286e-01 -8.323457e-01 8.659123e-01
      vertex 4.997580e-01 -1.051268e+00 1.194392e+00
      vertex 2.316775e-01 -8.732052e-01 1.000541e+00
    endloop
  endfacet
  facet normal 9.690455e-02 -6.626174e-01 -7.426625e-01
    outer loop
      vertex 2.316775e-01 -8.732052e-01 1.000541e+00
      vertex 4.997580e-01 -1.051268e+00 1.194392e+00
      vertex 3.928683e-01 -1.179726e+00 1.295057e+00
    endloop
  endfacet
  facet normal 3.152632e-02 -6.838311e-01 -7.289589e-01
    outer loop
      vertex 2.316775e-01 -8.732052e-01 1.000541e+00
      vertex 3.928683e-01 -1.179726e+00 1.295057e+00
      vertex 9.204676e-02 -9.755350e-01 1.090497e+00
    endloop
  endfacet
  facet normal 3.324109e-01 -3.765481e-01 -8.647049e-01
    outer loop
      vertex 9.204676e-02 -9.755350e-01 1.090497e+00
      vertex 3.928683e-01 -1.179726e+00 1.295057e+00
      vertex 2.967355e-01 -1.345766e+00 1.330406e+00
    endloop
  endfacet
  facet normal 2.735611e-01 -4.119726e-01 -8.691622e-01
    outer loop
      vertex 9.204676e-02 -9.755350e-01 1.090497e+00
      vertex 2.967355e-01 -1.345766e+00 1.330406e+00
      vertex -3.080605e-02 -1.123756e+00 1.122086e+00
    endloop
  endfacet
  facet normal 5.186256e-01 -3.640120e-02 -8.542262e-01
    outer loop
      vertex -3.080605e-02 -1.123756e+00 1.122086e+00
      vertex 2.967355e-01 -1.345766e+00 1.330406e+00
      vertex 2.259949e-01 -1.524109e+00 1.295057e+00
    endloop
  endfacet
  facet normal 4.706171e-01 -7.785418e-02 -8.788961e-01
    outer loop
      vertex -3.080605e-02 -1.123756e+00 1.122086e+00
      vertex 2.259949e-01 -1.524109e+00 1.295057e+00
      vertex -1.181777e-01 -1.295304e+00 1.090497e+00
    endloop
  endfacet
  facet normal 6.287167e-01 3.069443e-01 -7.144931e-01
    outer loop
      vertex -1.181777e-01 -1.295304e+00 1.090497e+00
      vertex 2.259949e-01 -1.524109e+00 1.295057e+00
      vertex 1.914163e-01 -1.687606e+00 1.194392e+00
    endloop
  endfacet
  facet normal 5.943290e-01 2.682395e-01 -7.581692e-01
    outer loop
      vertex -1.181777e-01 -1.295304e+00 1.090497e+00
      vertex 1.914163e-01 -1.687606e+00 1.194392e+00
      vertex -1.567667e-01 -1.464061e+00 1.000541e+00
    endloop
  endfacet
  facet normal 6.469634e-01 6.033710e-01 -4.662423e-01
    outer loop
      vertex -1.567667e-01 -1.464061e+00 1.000541e+00
      vertex 1.914163e-01 -1.687606e+00 1.194392e+00
      vertex 1.982638e-01 -1.811364e+00 1.043736e+00
    endloop
  endfacet
  facet normal 6.269674e-01 5.756296e-01 -5.249405e-01
    outer loop
      vertex -1.567667e-01 -1.464061e+00 1.000541e+00
      vertex 1.982638e-01 -1.811364e+00 1.043736e+00
      vertex -1.406982e-01 -1.604337e+00 8.659123e-01
    endloop
  endfacet
  facet normal 5.700489e-01 8.086963e-01 -1.451017e-01
    outer loop
      vertex -1.406982e-01 -1.604337e+00 8.659123e-01
      vertex 1.982638e-01 -1.811364e+00 1.043736e+00
      vertex 2.454950e-01 -1.876543e+00 8.660254e-01
    endloop
  endfacet
  facet normal 5.629699e-01 7.986248e-01 -2.127517e-01
    outer loop
      vertex -1.406982e-01 -1.604337e+00 8.659123e-01
      vertex 2.454950e-01 -1.876543e+00 8.660254e-01
      vertex -7.241847e-02 -1.694774e+00 7.071068e-01
    endloop
  endfacet
  facet normal 4.083474e-01 8.903208e-01 2.014481e-01
    outer loop
      vertex -7.241847e-02 -1.694774e+00 7.071068e-01
      vertex 2.454950e-01 -1.876543e+00 8.660254e-01
      vertex 3.259193e-01 -1.873220e+00 6.883146e-01
    endloop
  endfacet
  facet normal 4.104303e-01 9.022737e-01 1.320953e-01
    outer loop
      vertex -7.241847e-02 -1.694774e+00 7.071068e-01
      vertex 3.259193e-01 -1.873220e+00 6.883146e-01
      vertex 3.767752e-02 -1.721605e+00 5.483013e-01
    endloop
  endfacet
  facet normal 1.860277e-01 8.337481e-01 5.198632e-01
    outer loop
      vertex 3.767752e-02 -1.721605e+00 5.483013e-01
      vertex 3.259193e-01 -1.873220e+00 6.883146e-01
      vertex 4.272930e-01 -1.801901e+00 5.376587e-01
    endloop
  endfacet
  facet normal 1.915667e-01 8.690796e-01 4.560732e-01
    outer loop
      vertex 3.767752e-02 -1.721605e+00 5.483013e-01
      vertex 4.272930e-01 -1.801901e+00 5.376587e-01
      vertex 1.728286e-01 -1.680746e+00 4.136725e-01
    endloop
  endfacet
  facet normal -6.211619e-02 6.471329e-01 7.598425e-01
    outer loop
      vertex 1.728286e-01 -1.680746e+00 4.136725e-01
      vertex 4.272930e-01 -1.801901e+00 5.376587e-01
      vertex 5.341827e-01 -1.673444e+00 4.369937e-01
    endloop
  endfacet
  facet normal -5.990205e-02 7.039119e-01 7.077568e-01
    outer loop
      vertex 1.728286e-01 -1.680746e+00 4.136725e-01
      vertex 5.341827e-01 -1.673444e+00 4.369937e-01
      vertex 3.124594e-01 -1.578416e+00 3.237164e-01
    endloop
  endfacet
  facet normal -2.972791e-01 3.603534e-01 8.841779e-01
    outer loop
      vertex 3.124594e-01 -1.578416e+00 3.237164e-01
      vertex 5.341827e-01 -1.673444e+00 4.369937e-01
      vertex 6.303155e-01 -1.507404e+00 4.016448e-01
    endloop
  endfacet
  facet normal -3.047503e-01 4.333434e-01 8.481396e-01
    outer loop
      vertex 3.124594e-01 -1.578416e+00 3.237164e-01
      vertex 6.303155e-01 -1.507404e+00 4.016448e-01
      vertex 4.353122e-01 -1.430195e+00 2.921280e-01
    endloop
  endfacet
  facet normal -4.839907e-01 1.857025e-02 8.748761e-01
    outer loop
      vertex 4.353122e-01 -1.430195e+00 2.921280e-01
      vertex 6.303155e-01 -1.507404e+00 4.016448e-01
      vertex 7.010561e-01 -1.329060e+00 4.369937e-01
    endloop
  endfacet
  facet normal -5.051690e-01 9.943355e-02 8.572732e-01
    outer loop
      vertex 4.353122e-01 -1.430195e+00 2.921280e-01
      vertex 7.010561e-01 -1.329060e+00 4.369937e-01
      vertex 5.226838e-01 -1.258647e+00 3.237164e-01
    endloop
  endfacet
  facet normal -5.951746e-01 -3.262803e-01 7.343761e-01
    outer loop
      vertex 5.226838e-01 -1.258647e+00 3.237164e-01
      vertex 7.010561e-01 -1.329060e+00 4.369937e-01
      vertex 7.356347e-01 -1.165564e+00 5.376587e-01
    endloop
  endfacet
  facet normal -6.305703e-01 -2.478630e-01 7.354896e-01
    outer loop
      vertex 5.226838e-01 -1.258647e+00 3.237164e-01
      vertex 7.356347e-01 -1.165564e+00 5.376587e-01
      vertex 5.612728e-01 -1.089890e+00 4.136725e-01
    endloop
  endfacet
  facet normal -6.145110e-01 -6.230707e-01 4.838999e-01
    outer loop
      vertex 5.612728e-01 -1.089890e+00 4.136725e-01
      vertex 7.356347e-01 -1.165564e+00 5.376587e-01
      vertex 7.287872e-01 -1.041805e+00 6.883146e-01
    endloop
  endfacet
  facet normal -6.620938e-01 -5.570204e-01 5.013583e-01
    outer loop
      vertex 5.612728e-01 -1.089890e+00 4.136725e-01
      vertex 7.287872e-01 -1.041805e+00 6.883146e-01
      vertex 5.452043e-01 -9.496145e-01 5.483013e-01
    endloop
  endfacet
  facet normal -5.379920e-01 -8.275238e-01 1.605270e-01
    outer loop
      vertex 5.452043e-01 -9.496145e-01 5.483013e-01
      vertex 7.287872e-01 -1.041805e+00 6.883146e-01
      vertex 6.815560e-01 -9.766262e-01 8.660254e-01
    endloop
  endfacet
  facet normal -5.950901e-01 -7.811249e-01 1.889754e-01
    outer loop
      vertex 5.452043e-01 -9.496145e-01 5.483013e-01
      vertex 6.815560e-01 -9.766262e-01 8.660254e-01
      vertex 4.769246e-01 -8.591771e-01 7.071068e-01
    endloop
  endfacet
  facet normal -2.775018e-01 -9.396009e-01 -2.003568e-01
    outer loop
      vertex 6.815560e-01 -9.766262e-01 8.660254e-01
      vertex 9.257829e-01 -1.070059e+00 9.659258e-01
      vertex 8.826906e-01 -1.097481e+00 1.154211e+00
    endloop
  endfacet
  facet normal -3.244170e-01 -9.315472e-01 -1.642356e-01
    outer loop
      vertex 6.815560e-01 -9.766262e-01 8.660254e-01
      vertex 8.826906e-01 -1.097481e+00 1.154211e+00
      vertex 6.011317e-01 -9.799491e-01 1.043736e+00
    endloop
  endfacet
  facet normal -1.306363e-01 -8.269726e-01 -5.468551e-01
    outer loop
      vertex 6.011317e-01 -9.799491e-01 1.043736e+00
      vertex 8.826906e-01 -1.097481e+00 1.154211e+00
      vertex 8.255600e-01 -1.194009e+00 1.313831e+00
    endloop
  endfacet
  facet normal -1.777984e-01 -8.377866e-01 -5.162377e-01
    outer loop
      vertex 6.011317e-01 -9.799491e-01 1.043736e+00
      vertex 8.255600e-01 -1.194009e+00 1.313831e+00
      vertex 4.997580e-01 -1.051268e+00 1.194392e+00
    endloop
  endfacet
  facet normal 3.901777e-02 -5.873634e-01 -8.083822e-01
    outer loop
      vertex 4.997580e-01 -1.051268e+00 1.194392e+00
      vertex 8.255600e-01 -1.194009e+00 1.313831e+00
      vertex 7.630888e-01 -1.344947e+00 1.420486e+00
    endloop
  endfacet
  facet normal -6.291413e-03 -6.135527e-01 -7.896287e-01
    outer loop
      vertex 4.997580e-01 -1.051268e+00 1.194392e+00
      vertex 7.630888e-01 -1.344947e+00 1.420486e+00
      vertex 3.928683e-01 -1.179726e+00 1.295057e+00
    endloop
  endfacet
  facet normal 2.041790e-01 -2.591404e-01 -9.440112e-01
    outer loop
      vertex 3.928683e-01 -1.179726e+00 1.295057e+00
      vertex 7.630888e-01 -1.344947e+00 1.420486e+00
      vertex 7.047875e-01 -1.527316e+00 1.457939e+00
    endloop
  endfacet
  facet normal 1.630743e-01 -2.948604e-01 -9.415222e-01
    outer loop
      vertex 3.928683e-01 -1.179726e+00 1.295057e+00
      vertex 7.047875e-01 -1.527316e+00 1.457939e+00
      vertex 2.967355e-01 -1.345766e+00 1.330406e+00
    endloop
  endfacet
  facet normal 3.391714e-01 1.056778e-01 -9.347700e-01
    outer loop
      vertex 2.967355e-01 -1.345766e+00 1.330406e+00
      vertex 7.047875e-01 -1.527316e+00 1.457939e+00
      vertex 6.595321e-01 -1.713352e+00 1.420486e+00
    endloop
  endfacet
  facet normal 3.043944e-01 6.758603e-02 -9.501454e-01
    outer loop
      vertex 2.967355e-01 -1.345766e+00 1.330406e+00
      vertex 6.595321e-01 -1.713352e+00 1.420486e+00
      vertex 2.259949e-01 -1.524109e+00 1.295057e+00
    endloop
  endfacet
  facet normal 4.243086e-01 4.519909e-01 -7.846441e-01
    outer loop
      vertex 2.259949e-01 -1.524109e+00 1.295057e+00
      vertex 6.595321e-01 -1.713352e+00 1.420486e+00
      vertex 6.342123e-01 -1.874733e+00 1.313831e+00
    endloop
  endfacet
  facet normal 3.972415e-01 4.187667e-01 -8.165988e-01
    outer loop
      vertex 2.259949e-01 -1.524109e+00 1.295057e+00
      vertex 6.342123e-01 -1.874733e+00 1.313831e+00
      vertex 1.914163e-01 -1.687606e+00 1.194392e+00
    endloop
  endfacet
  facet normal 4.477619e-01 7.295832e-01 -5.169310e-01
    outer loop
      vertex 1.914163e-01 -1.687606e+00 1.194392e+00
      vertex 6.342123e-01 -1.874733e+00 1.313831e+00
      vertex 6.326827e-01 -1.986890e+00 1.154211e+00
    endloop
  endfacet
  facet normal 4.287389e-01 7.075517e-01 -5.617415e-01
    outer loop
      vertex 1.914163e-01 -1.687606e+00 1.194392e+00
      vertex 6.326827e-01 -1.986890e+00 1.154211e+00
      vertex 1.982638e-01 -1.811364e+00 1.043736e+00
    endloop
  endfacet
  facet normal 4.060562e-01 8.978642e-01 -1.701711e-01
    outer loop
      vertex 1.982638e-01 -1.811364e+00 1.043736e+00
      vertex 6.326827e-01 -1.986890e+00 1.154211e+00
      vertex 6.551763e-01 -2.032749e+00 9.659258e-01
    endloop
  endfacet
  facet normal 3.942093e-01 8.917320e-01 -2.222907e-01
    outer loop
      vertex 1.982638e-01 -1.811364e+00 1.043736e+00
      vertex 6.551763e-01 -2.032749e+00 9.659258e-01
      vertex 2.454950e-01 -1.876543e+00 8.660254e-01
    endloop
  endfacet
  facet normal 3.046066e-01 9.301164e-01 2.051788e-01
    outer loop
      vertex 2.454950e-01 -1.876543e+00 8.660254e-01
      vertex 6.551763e-01 -2.032749e+00 9.659258e-01
      vertex 6.982686e-01 -2.005326e+00 7.776407e-01
    endloop
  endfacet
  facet normal 2.977924e-01 9.423891e-01 1.523892e-01
    outer loop
      vertex 2.454950e-01 -1.876543e+00 8.660254e-01
      vertex 6.982686e-01 -2.005326e+00 7.776407e-01
      vertex 3.259193e-01 -1.873220e+00 6.883146e-01
    endloop
  endfacet
  facet normal 1.581467e-01 8.188511e-01 5.517902e-01
    outer loop
      vertex 3.259193e-01 -1.873220e+00 6.883146e-01
      vertex 6.982686e-01 -2.005326e+00 7.776407e-01
      vertex 7.553992e-01 -1.908798e+00 6.180202e-01
    endloop
  endfacet
  facet normal 1.530309e-01 8.494027e-01 5.050710e-01
    outer loop
      vertex 3.259193e-01 -1.873220e+00 6.883146e-01
      vertex 7.553992e-01 -1.908798e+00 6.180202e-01
      vertex 4.272930e-01 -1.801901e+00 5.376587e-01
    endloop
  endfacet
  facet normal -1.055873e-02 5.799610e-01 8.145758e-01
    outer loop
      vertex 4.272930e-01 -1.801901e+00 5.376587e-01
      vertex 7.553992e-01 -1.908798e+00 6.180202e-01
      vertex 8.178704e-01 -1.757860e+00 5.113652e-01
    endloop
  endfacet
  facet normal -1.810406e-02 6.260021e-01 7.796112e-01
    outer loop
      vertex 4.272930e-01 -1.801901e+00 5.376587e-01
      vertex 8.178704e-01 -1.757860e+00 5.113652e-01
      vertex 5.341827e-01 -1.673444e+00 4.369937e-01
    endloop
  endfacet
  facet normal -1.747696e-01 2.513751e-01 9.519801e-01
    outer loop
      vertex 5.341827e-01 -1.673444e+00 4.369937e-01
      vertex 8.178704e-01 -1.757860e+00 5.113652e-01
      vertex 8.761717e-01 -1.575491e+00 4.739130e-01
    endloop
  endfacet
  facet normal -1.888454e-01 3.078608e-01 9.325015e-01
    outer loop
      vertex 5.341827e-01 -1.673444e+00 4.369937e-01
      vertex 8.761717e-01 -1.575491e+00 4.739130e-01
      vertex 6.303155e-01 -1.507404e+00 4.016448e-01
    endloop
  endfacet
  facet normal -3.092832e-01 -1.148094e-01 9.440141e-01
    outer loop
      vertex 6.303155e-01 -1.507404e+00 4.016448e-01
      vertex 8.761717e-01 -1.575491e+00 4.739130e-01
      vertex 9.214271e-01 -1.389455e+00 5.113652e-01
    endloop
  endfacet
  facet normal -3.326970e-01 -5.463618e-02 9.414497e-01
    outer loop
      vertex 6.303155e-01 -1.507404e+00 4.016448e-01
      vertex 9.214271e-01 -1.389455e+00 5.113652e-01
      vertex 7.010561e-01 -1.329060e+00 4.369937e-01
    endloop
  endfacet
  facet normal -3.947005e-01 -4.626913e-01 7.938062e-01
    outer loop
      vertex 7.010561e-01 -1.329060e+00 4.369937e-01
      vertex 9.214271e-01 -1.389455e+00 5.113652e-01
      vertex 9.467469e-01 -1.228074e+00 6.180202e-01
    endloop
  endfacet
  facet normal -4.277019e-01 -4.066036e-01 8.073070e-01
    outer loop
      vertex 7.010561e-01 -1.329060e+00 4.369937e-01
      vertex 9.467469e-01 -1.228074e+00 6.180202e-01
      vertex 7.356347e-01 -1.165564e+00 5.376587e-01
    endloop
  endfacet
  facet normal -4.191230e-01 -7.409853e-01 5.246683e-01
    outer loop
      vertex 7.356347e-01 -1.165564e+00 5.376587e-01
      vertex 9.467469e-01 -1.228074e+00 6.180202e-01
      vertex 9.482765e-01 -1.115917e+00 7.776407e-01
    endloop
  endfacet
  facet normal -4.594860e-01 -6.964420e-01 5.512179e-01
    outer loop
      vertex 7.356347e-01 -1.165564e+00 5.376587e-01
      vertex 9.482765e-01 -1.115917e+00 7.776407e-01
      vertex 7.287872e-01 -1.041805e+00 6.883146e-01
    endloop
  endfacet
  facet normal -3.784931e-01 -9.086974e-01 1.761024e-01
    outer loop
      vertex 7.287872e-01 -1.041805e+00 6.883146e-01
      vertex 9.482765e-01 -1.115917e+00 7.776407e-01
      vertex 9.257829e-01 -1.070059e+00 9.659258e-01
    endloop
  endfacet
  facet normal -4.232811e-01 -8.811607e-01 2.106869e-01
    outer loop
      vertex 7.287872e-01 -1.041805e+00 6.883146e-01
      vertex 9.257829e-01 -1.070059e+00 9.659258e-01
      vertex 6.815560e-01 -9.766262e-01 8.660254e-01
    endloop
  endfacet
  facet normal -1.450117e-01 -9.701489e-01 -1.943776e-01
    outer loop
      vertex 9.257829e-01 -1.070059e+00 9.659258e-01
      vertex 1.208203e+00 -1.119100e+00 1.000000e+00
      vertex 1.205879e+00 -1.157090e+00 1.191342e+00
    endloop
  endfacet
  facet normal -1.587023e-01 -9.711910e-01 -1.777683e-01
    outer loop
      vertex 9.257829e-01 -1.070059e+00 9.659258e-01
      vertex 1.205879e+00 -1.157090e+00 1.191342e+00
      vertex 8.826906e-01 -1.097481e+00 1.154211e+00
    endloop
  endfacet
  facet normal -8.873533e-02 -8.269576e-01 -5.552182e-01
    outer loop
      vertex 8.826906e-01 -1.097481e+00 1.154211e+00
      vertex 1.205879e+00 -1.157090e+00 1.191342e+00
      vertex 1.198941e+00 -1.265254e+00 1.353553e+00
    endloop
  endfacet
  facet normal -1.017009e-01 -8.347284e-01 -5.411889e-01
    outer loop
      vertex 8.826906e-01 -1.097481e+00 1.154211e+00
      vertex 1.198941e+00 -1.265254e+00 1.353553e+00
      vertex 8.255600e-01 -1.194009e+00 1.313831e+00
    endloop
  endfacet
  facet normal -1.755569e-02 -5.555039e-01 -8.313286e-01
    outer loop
      vertex 8.255600e-01 -1.194009e+00 1.313831e+00
      vertex 1.198941e+00 -1.265254e+00 1.353553e+00
      vertex 1.188445e+00 -1.427125e+00 1.461940e+00
    endloop
  endfacet
  facet normal -2.973492e-02 -5.685894e-01 -8.220839e-01
    outer loop
      vertex 8.255600e-01 -1.194009e+00 1.313831e+00
      vertex 1.188445e+00 -1.427125e+00 1.461940e+00
      vertex 7.630888e-01 -1.344947e+00 1.420486e+00
    endloop
  endfacet
  facet normal 5.695247e-02 -1.987440e-01 -9.783952e-01
    outer loop
      vertex 7.630888e-01 -1.344947e+00 1.420486e+00
      vertex 1.188445e+00 -1.427125e+00 1.461940e+00
      vertex 1.175988e+00 -1.618061e+00 1.500000e+00
    endloop
  endfacet
  facet normal 4.568596e-02 -2.149503e-01 -9.755558e-01
    outer loop
      vertex 7.630888e-01 -1.344947e+00 1.420486e+00
      vertex 1.175988e+00 -1.618061e+00 1.500000e+00
      vertex 7.047875e-01 -1.527316e+00 1.457939e+00
    endloop
  endfacet
  facet normal 1.228827e-01 1.862557e-01 -9.747865e-01
    outer loop
      vertex 7.047875e-01 -1.527316e+00 1.457939e+00
      vertex 1.175988e+00 -1.618061e+00 1.500000e+00
      vertex 1.163469e+00 -1.808993e+00 1.461940e+00
    endloop
  endfacet
  facet normal 1.127353e-01 1.696714e-01 -9.790313e-01
    outer loop
      vertex 7.047875e-01 -1.527316e+00 1.457939e+00
      vertex 1.163469e+00 -1.808993e+00 1.461940e+00
      vertex 6.595321e-01 -1.713352e+00 1.420486e+00
    endloop
  endfacet
  facet normal 1.703526e-01 5.404879e-01 -8.239253e-01
    outer loop
      vertex 6.595321e-01 -1.713352e+00 1.420486e+00
      vertex 1.163469e+00 -1.808993e+00 1.461940e+00
      vertex 1.152791e+00 -1.970853e+00 1.353553e+00
    endloop
  endfacet
  facet normal 1.615038e-01 5.263596e-01 -8.347827e-01
    outer loop
      vertex 6.595321e-01 -1.713352e+00 1.420486e+00
      vertex 1.152791e+00 -1.970853e+00 1.353553e+00
      vertex 6.342123e-01 -1.874733e+00 1.313831e+00
    endloop
  endfacet
  facet normal 1.927377e-01 8.124620e-01 -5.502343e-01
    outer loop
      vertex 6.342123e-01 -1.874733e+00 1.313831e+00
      vertex 1.152791e+00 -1.970853e+00 1.353553e+00
      vertex 1.145582e+00 -2.078999e+00 1.191342e+00
    endloop
  endfacet
  facet normal 1.852316e-01 8.032175e-01 -5.661544e-01
    outer loop
      vertex 6.342123e-01 -1.874733e+00 1.313831e+00
      vertex 1.145582e+00 -2.078999e+00 1.191342e+00
      vertex 6.326827e-01 -1.986890e+00 1.154211e+00
    endloop
  endfacet
  facet normal 1.869765e-01 9.630802e-01 -1.936912e-01
    outer loop
      vertex 6.326827e-01 -1.986890e+00 1.154211e+00
      vertex 1.145582e+00 -2.078999e+00 1.191342e+00
      vertex 1.142938e+00 -2.116968e+00 1.000000e+00
    endloop
  endfacet
  facet normal 1.806523e-01 9.603568e-01 -2.123196e-01
    outer loop
      vertex 6.326827e-01 -1.986890e+00 1.154211e+00
      vertex 1.142938e+00 -2.116968e+00 1.000000e+00
      vertex 6.551763e-01 -2.032749e+00 9.659258e-01
    endloop
  endfacet
  facet normal 1.537165e-01 9.688388e-01 1.942232e-01
    outer loop
      vertex 6.551763e-01 -2.032749e+00 9.659258e-01
      vertex 1.142938e+00 -2.116968e+00 1.000000e+00
      vertex 1.145262e+00 -2.078978e+00 8.086584e-01
    endloop
  endfacet
  facet normal 1.481733e-01 9.732366e-01 1.756565e-01
    outer loop
      vertex 6.551763e-01 -2.032749e+00 9.659258e-01
      vertex 1.145262e+00 -2.078978e+00 8.086584e-01
      vertex 6.982686e-01 -2.005326e+00 7.776407e-01
    endloop
  endfacet
  facet normal 9.760310e-02 8.260912e-01 5.550198e-01
    outer loop
      vertex 6.982686e-01 -2.005326e+00 7.776407e-01
      vertex 1.145262e+00 -2.078978e+00 8.086584e-01
      vertex 1.152200e+00 -1.970814e+00 6.464467e-01
    endloop
  endfacet
  facet normal 9.220057e-02 8.371006e-01 5.392232e-01
    outer loop
      vertex 6.982686e-01 -2.005326e+00 7.776407e-01
      vertex 1.152200e+00 -1.970814e+00 6.464467e-01
      vertex 7.553992e-01 -1.908798e+00 6.180202e-01
    endloop
  endfacet
  facet normal 2.716987e-02 5.549535e-01 8.314376e-01
    outer loop
      vertex 7.553992e-01 -1.908798e+00 6.180202e-01
      vertex 1.152200e+00 -1.970814e+00 6.464467e-01
      vertex 1.162696e+00 -1.808942e+00 5.380604e-01
    endloop
  endfacet
  facet normal 2.107768e-02 5.711207e-01 8.205954e-01
    outer loop
      vertex 7.553992e-01 -1.908798e+00 6.180202e-01
      vertex 1.162696e+00 -1.808942e+00 5.380604e-01
      vertex 8.178704e-01 -1.757860e+00 5.113652e-01
    endloop
  endfacet
  facet normal -4.643572e-02 1.981910e-01 9.790628e-01
    outer loop
      vertex 8.178704e-01 -1.757860e+00 5.113652e-01
      vertex 1.162696e+00 -1.808942e+00 5.380604e-01
      vertex 1.175153e+00 -1.618007e+00 5.000002e-01
    endloop
  endfacet
  facet normal -5.411442e-02 2.174427e-01 9.745719e-01
    outer loop
      vertex 8.178704e-01 -1.757860e+00 5.113652e-01
      vertex 1.175153e+00 -1.618007e+00 5.000002e-01
      vertex 8.761717e-01 -1.575491e+00 4.739130e-01
    endloop
  endfacet
  facet normal -1.117764e-01 -1.872137e-01 9.759391e-01
    outer loop
      vertex 8.761717e-01 -1.575491e+00 4.739130e-01
      vertex 1.175153e+00 -1.618007e+00 5.000002e-01
      vertex 1.187672e+00 -1.427075e+00 5.380604e-01
    endloop
  endfacet
  facet normal -1.217405e-01 -1.673443e-01 9.783533e-01
    outer loop
      vertex 8.761717e-01 -1.575491e+00 4.739130e-01
      vertex 1.187672e+00 -1.427075e+00 5.380604e-01
      vertex 9.214271e-01 -1.389455e+00 5.113652e-01
    endloop
  endfacet
  facet normal -1.593183e-01 -5.420196e-01 8.251257e-01
    outer loop
      vertex 9.214271e-01 -1.389455e+00 5.113652e-01
      vertex 1.187672e+00 -1.427075e+00 5.380604e-01
      vertex 1.198350e+00 -1.265215e+00 6.464467e-01
    endloop
  endfacet
  facet normal -1.716295e-01 -5.242944e-01 8.340616e-01
    outer loop
      vertex 9.214271e-01 -1.389455e+00 5.113652e-01
      vertex 1.198350e+00 -1.265215e+00 6.464467e-01
      vertex 9.467469e-01 -1.228074e+00 6.180202e-01
    endloop
  endfacet
  facet normal -1.824612e-01 -8.143081e-01 5.510084e-01
    outer loop
      vertex 9.467469e-01 -1.228074e+00 6.180202e-01
      vertex 1.198350e+00 -1.265215e+00 6.464467e-01
      vertex 1.205559e+00 -1.157069e+00 8.086584e-01
    endloop
  endfacet
  facet normal -1.962982e-01 -8.014079e-01 5.649889e-01
    outer loop
      vertex 9.467469e-01 -1.228074e+00 6.180202e-01
      vertex 1.205559e+00 -1.157069e+00 8.086584e-01
      vertex 9.482765e-01 -1.115917e+00 7.776407e-01
    endloop
  endfacet
  facet normal -1.776938e-01 -9.647935e-01 1.939029e-01
    outer loop
      vertex 9.482765e-01 -1.115917e+00 7.776407e-01
      vertex 1.205559e+00 -1.157069e+00 8.086584e-01
      vertex 1.208203e+00 -1.119100e+00 1.000000e+00
    endloop
  endfacet
  facet normal -1.918558e-01 -9.585726e-01 2.105466e-01
    outer loop
      vertex 9.482765e-01 -1.115917e+00 7.776407e-01
      vertex 1.208203e+00 -1.119100e+00 1.000000e+00
      vertex 9.257829e-01 -1.070059e+00 9.659258e-01
    endloop
  endfacet
  facet normal 2.840014e-02 -9.841462e-01 -1.750708e-01
    outer loop
      vertex 1.208203e+00 -1.119100e+00 1.000000e+00
      vertex 1.513911e+00 -1.104217e+00 9.659258e-01
      vertex 1.549376e+00 -1.136823e+00 1.154974e+00
    endloop
  endfacet
  facet normal 3.727806e-02 -9.802592e-01 -1.941708e-01
    outer loop
      vertex 1.208203e+00 -1.119100e+00 1.000000e+00
      vertex 1.549376e+00 -1.136823e+00 1.154974e+00
      vertex 1.205879e+00 -1.157090e+00 1.191342e+00
    endloop
  endfacet
  facet normal -7.248629e-03 -8.428220e-01 -5.381436e-01
    outer loop
      vertex 1.205879e+00 -1.157090e+00 1.191342e+00
      vertex 1.549376e+00 -1.136823e+00 1.154974e+00
      vertex 1.592126e+00 -1.239522e+00 1.315242e+00
    endloop
  endfacet
  facet normal 3.938123e-04 -8.320034e-01 -5.547704e-01
    outer loop
      vertex 1.205879e+00 -1.157090e+00 1.191342e+00
      vertex 1.592126e+00 -1.239522e+00 1.315242e+00
      vertex 1.198941e+00 -1.265254e+00 1.353553e+00
    endloop
  endfacet
  facet normal -4.256693e-02 -5.706191e-01 -8.201109e-01
    outer loop
      vertex 1.198941e+00 -1.265254e+00 1.353553e+00
      vertex 1.592126e+00 -1.239522e+00 1.315242e+00
      vertex 1.635652e+00 -1.396678e+00 1.422329e+00
    endloop
  endfacet
  facet normal -3.589978e-02 -5.544089e-01 -8.314697e-01
    outer loop
      vertex 1.198941e+00 -1.265254e+00 1.353553e+00
      vertex 1.635652e+00 -1.396678e+00 1.422329e+00
      vertex 1.188445e+00 -1.427125e+00 1.461940e+00
    endloop
  endfacet
  facet normal -7.207980e-02 -2.098302e-01 -9.750773e-01
    outer loop
      vertex 1.188445e+00 -1.427125e+00 1.461940e+00
      vertex 1.635652e+00 -1.396678e+00 1.422329e+00
      vertex 1.673328e+00 -1.584366e+00 1.459933e+00
    endloop
  endfacet
  facet normal -6.596617e-02 -1.909226e-01 -9.793861e-01
    outer loop
      vertex 1.188445e+00 -1.427125e+00 1.461940e+00
      vertex 1.673328e+00 -1.584366e+00 1.459933e+00
      vertex 1.175988e+00 -1.618061e+00 1.500000e+00
    endloop
  endfacet
  facet normal -9.118532e-02 1.816039e-01 -9.791349e-01
    outer loop
      vertex 1.175988e+00 -1.618061e+00 1.500000e+00
      vertex 1.673328e+00 -1.584366e+00 1.459933e+00
      vertex 1.699418e+00 -1.774011e+00 1.422329e+00
    endloop
  endfacet
  facet normal -8.520159e-02 2.001528e-01 -9.760531e-01
    outer loop
      vertex 1.175988e+00 -1.618061e+00 1.500000e+00
      vertex 1.699418e+00 -1.774011e+00 1.422329e+00
      vertex 1.163469e+00 -1.808993e+00 1.461940e+00
    endloop
  endfacet
  facet normal -9.708345e-02 5.427240e-01 -8.342814e-01
    outer loop
      vertex 1.163469e+00 -1.808993e+00 1.461940e+00
      vertex 1.699418e+00 -1.774011e+00 1.422329e+00
      vertex 1.709951e+00 -1.936743e+00 1.315242e+00
    endloop
  endfacet
  facet normal -9.088337e-02 5.582337e-01 -8.246911e-01
    outer loop
      vertex 1.163469e+00 -1.808993e+00 1.461940e+00
      vertex 1.709951e+00 -1.936743e+00 1.315242e+00
      vertex 1.152791e+00 -1.970853e+00 1.353553e+00
    endloop
  endfacet
  facet normal -8.906229e-02 8.204328e-01 -5.647637e-01
    outer loop
      vertex 1.152791e+00 -1.970853e+00 1.353553e+00
      vertex 1.709951e+00 -1.936743e+00 1.315242e+00
      vertex 1.703322e+00 -2.047786e+00 1.154974e+00
    endloop
  endfacet
  facet normal -8.238172e-02 8.308955e-01 -5.502962e-01
    outer loop
      vertex 1.152791e+00 -1.970853e+00 1.353553e+00
      vertex 1.703322e+00 -2.047786e+00 1.154974e+00
      vertex 1.145582e+00 -2.078999e+00 1.191342e+00
    endloop
  endfacet
  facet normal -6.831368e-02 9.751538e-01 -2.107330e-01
    outer loop
      vertex 1.145582e+00 -2.078999e+00 1.191342e+00
      vertex 1.703322e+00 -2.047786e+00 1.154974e+00
      vertex 1.680541e+00 -2.090236e+00 9.659258e-01
    endloop
  endfacet
  facet normal -6.095280e-02 9.792117e-01 -1.934663e-01
    outer loop
      vertex 1.145582e+00 -2.078999e+00 1.191342e+00
      vertex 1.680541e+00 -2.090236e+00 9.659258e-01
      vertex 1.142938e+00 -2.116968e+00 1.000000e+00
    endloop
  endfacet
  facet normal -3.770554e-02 9.835401e-01 1.767119e-01
    outer loop
      vertex 1.142938e+00 -2.116968e+00 1.000000e+00
      vertex 1.680541e+00 -2.090236e+00 9.659258e-01
      vertex 1.645076e+00 -2.057629e+00 7.768775e-01
    endloop
  endfacet
  facet normal -2.952528e-02 9.804954e-01 1.943119e-01
    outer loop
      vertex 1.142938e+00 -2.116968e+00 1.000000e+00
      vertex 1.645076e+00 -2.057629e+00 7.768775e-01
      vertex 1.145262e+00 -2.078978e+00 8.086584e-01
    endloop
  endfacet
  facet normal -1.629406e-03 8.417683e-01 5.398365e-01
    outer loop
      vertex 1.145262e+00 -2.078978e+00 8.086584e-01
      vertex 1.645076e+00 -2.057629e+00 7.768775e-01
      vertex 1.602327e+00 -1.954931e+00 6.166100e-01
    endloop
  endfacet
  facet normal 7.434830e-03 8.318258e-01 5.549869e-01
    outer loop
      vertex 1.145262e+00 -2.078978e+00 8.086584e-01
      vertex 1.602327e+00 -1.954931e+00 6.166100e-01
      vertex 1.152200e+00 -1.970814e+00 6.464467e-01
    endloop
  endfacet
  facet normal 3.436228e-02 5.692544e-01 8.214430e-01
    outer loop
      vertex 1.152200e+00 -1.970814e+00 6.464467e-01
      vertex 1.602327e+00 -1.954931e+00 6.166100e-01
      vertex 1.558801e+00 -1.797775e+00 5.095227e-01
    endloop
  endfacet
  facet normal 4.428666e-02 5.538457e-01 8.314407e-01
    outer loop
      vertex 1.152200e+00 -1.970814e+00 6.464467e-01
      vertex 1.558801e+00 -1.797775e+00 5.095227e-01
      vertex 1.162696e+00 -1.808942e+00 5.380604e-01
    endloop
  endfacet
  facet normal 6.443267e-02 2.084612e-01 9.759059e-01
    outer loop
      vertex 1.162696e+00 -1.808942e+00 5.380604e-01
      vertex 1.558801e+00 -1.797775e+00 5.095227e-01
      vertex 1.521124e+00 -1.610087e+00 4.719186e-01
    endloop
  endfacet
  facet normal 7.509719e-02 1.902229e-01 9.788645e-01
    outer loop
      vertex 1.162696e+00 -1.808942e+00 5.380604e-01
      vertex 1.521124e+00 -1.610087e+00 4.719186e-01
      vertex 1.175153e+00 -1.618007e+00 5.000002e-01
    endloop
  endfacet
  facet normal 8.369378e-02 -1.827258e-01 9.795951e-01
    outer loop
      vertex 1.175153e+00 -1.618007e+00 5.000002e-01
      vertex 1.521124e+00 -1.610087e+00 4.719186e-01
      vertex 1.495034e+00 -1.420441e+00 5.095227e-01
    endloop
  endfacet
  facet normal 9.486208e-02 -2.005906e-01 9.750716e-01
    outer loop
      vertex 1.175153e+00 -1.618007e+00 5.000002e-01
      vertex 1.495034e+00 -1.420441e+00 5.095227e-01
      vertex 1.187672e+00 -1.427075e+00 5.380604e-01
    endloop
  endfacet
  facet normal 8.922614e-02 -5.434842e-01 8.346638e-01
    outer loop
      vertex 1.187672e+00 -1.427075e+00 5.380604e-01
      vertex 1.495034e+00 -1.420441e+00 5.095227e-01
      vertex 1.484502e+00 -1.257710e+00 6.166100e-01
    endloop
  endfacet
  facet normal 1.005185e-01 -5.581555e-01 8.236252e-01
    outer loop
      vertex 1.187672e+00 -1.427075e+00 5.380604e-01
      vertex 1.484502e+00 -1.257710e+00 6.166100e-01
      vertex 1.198350e+00 -1.265215e+00 6.464467e-01
    endloop
  endfacet
  facet normal 8.048627e-02 -8.208672e-01 5.654194e-01
    outer loop
      vertex 1.198350e+00 -1.265215e+00 6.464467e-01
      vertex 1.484502e+00 -1.257710e+00 6.166100e-01
      vertex 1.491130e+00 -1.146666e+00 7.768775e-01
    endloop
  endfacet
  facet normal 9.141198e-02 -8.304244e-01 5.495808e-01
    outer loop
      vertex 1.198350e+00 -1.265215e+00 6.464467e-01
      vertex 1.491130e+00 -1.146666e+00 7.768775e-01
      vertex 1.205559e+00 -1.157069e+00 8.086584e-01
    endloop
  endfacet
  facet normal 5.911842e-02 -9.754977e-01 2.119182e-01
    outer loop
      vertex 1.205559e+00 -1.157069e+00 8.086584e-01
      vertex 1.491130e+00 -1.146666e+00 7.768775e-01
      vertex 1.513911e+00 -1.104217e+00 9.659258e-01
    endloop
  endfacet
  facet normal 6.918855e-02 -9.787065e-01 1.932523e-01
    outer loop
      vertex 1.205559e+00 -1.157069e+00 8.086584e-01
      vertex 1.513911e+00 -1.104217e+00 9.659258e-01
      vertex 1.208203e+00 -1.119100e+00 1.000000e+00
    endloop
  endfacet
  facet normal 2.378611e-01 -9.594768e-01 -1.510841e-01
    outer loop
      vertex 1.513911e+00 -1.104217e+00 9.659258e-01
      vertex 1.818576e+00 -1.012957e+00 8.660254e-01
      vertex 1.882649e+00 -1.026016e+00 1.049831e+00
    endloop
  endfacet
  facet normal 2.482796e-01 -9.457201e-01 -2.096918e-01
    outer loop
      vertex 1.513911e+00 -1.104217e+00 9.659258e-01
      vertex 1.882649e+00 -1.026016e+00 1.049831e+00
      vertex 1.549376e+00 -1.136823e+00 1.154974e+00
    endloop
  endfacet
  facet normal 1.230856e-01 -8.524092e-01 -5.081815e-01
    outer loop
      vertex 1.549376e+00 -1.136823e+00 1.154974e+00
      vertex 1.882649e+00 -1.026016e+00 1.049831e+00
      vertex 1.968020e+00 -1.106585e+00 1.205653e+00
    endloop
  endfacet
  facet normal 1.268492e-01 -8.194506e-01 -5.589365e-01
    outer loop
      vertex 1.549376e+00 -1.136823e+00 1.154974e+00
      vertex 1.968020e+00 -1.106585e+00 1.205653e+00
      vertex 1.592126e+00 -1.239522e+00 1.315242e+00
    endloop
  endfacet
  facet normal -1.295878e-02 -6.139683e-01 -7.892243e-01
    outer loop
      vertex 1.592126e+00 -1.239522e+00 1.315242e+00
      vertex 1.968020e+00 -1.106585e+00 1.205653e+00
      vertex 2.061691e+00 -1.242400e+00 1.309771e+00
    endloop
  endfacet
  facet normal -1.307436e-02 -5.655274e-01 -8.246259e-01
    outer loop
      vertex 1.592126e+00 -1.239522e+00 1.315242e+00
      vertex 2.061691e+00 -1.242400e+00 1.309771e+00
      vertex 1.635652e+00 -1.396678e+00 1.422329e+00
    endloop
  endfacet
  facet normal -1.490619e-01 -2.802219e-01 -9.482912e-01
    outer loop
      vertex 1.635652e+00 -1.396678e+00 1.422329e+00
      vertex 2.061691e+00 -1.242400e+00 1.309771e+00
      vertex 2.149402e+00 -1.412783e+00 1.346332e+00
    endloop
  endfacet
  facet normal -1.494866e-01 -2.230065e-01 -9.632870e-01
    outer loop
      vertex 1.635652e+00 -1.396678e+00 1.422329e+00
      vertex 2.149402e+00 -1.412783e+00 1.346332e+00
      vertex 1.673328e+00 -1.584366e+00 1.459933e+00
    endloop
  endfacet
  facet normal -2.634465e-01 9.539870e-02 -9.599453e-01
    outer loop
      vertex 1.673328e+00 -1.584366e+00 1.459933e+00
      vertex 2.149402e+00 -1.412783e+00 1.346332e+00
      vertex 2.217800e+00 -1.591795e+00 1.309771e+00
    endloop
  endfacet
  facet normal -2.607915e-01 1.531228e-01 -9.531743e-01
    outer loop
      vertex 1.673328e+00 -1.584366e+00 1.459933e+00
      vertex 2.217800e+00 -1.591795e+00 1.309771e+00
      vertex 1.699418e+00 -1.774011e+00 1.422329e+00
    endloop
  endfacet
  facet normal -3.384561e-01 4.535877e-01 -8.244426e-01
    outer loop
      vertex 1.699418e+00 -1.774011e+00 1.422329e+00
      vertex 2.217800e+00 -1.591795e+00 1.309771e+00
      vertex 2.256471e+00 -1.752183e+00 1.205653e+00
    endloop
  endfacet
  facet normal -3.302075e-01 5.038722e-01 -7.981703e-01
    outer loop
      vertex 1.699418e+00 -1.774011e+00 1.422329e+00
      vertex 2.256471e+00 -1.752183e+00 1.205653e+00
      vertex 1.709951e+00 -1.936743e+00 1.315242e+00
    endloop
  endfacet
  facet normal -3.634416e-01 7.407509e-01 -5.649763e-01
    outer loop
      vertex 1.709951e+00 -1.936743e+00 1.315242e+00
      vertex 2.256471e+00 -1.752183e+00 1.205653e+00
      vertex 2.259530e+00 -1.869529e+00 1.049831e+00
    endloop
  endfacet
  facet normal -3.481683e-01 7.772290e-01 -5.241126e-01
    outer loop
      vertex 1.709951e+00 -1.936743e+00 1.315242e+00
      vertex 2.259530e+00 -1.869529e+00 1.049831e+00
      vertex 1.703322e+00 -2.047786e+00 1.154974e+00
    endloop
  endfacet
  facet normal -3.352866e-01 9.158321e-01 -2.209851e-01
    outer loop
      vertex 1.703322e+00 -2.047786e+00 1.154974e+00
      vertex 2.259530e+00 -1.869529e+00 1.049831e+00
      vertex 2.226509e+00 -1.925969e+00 8.660254e-01
    endloop
  endfacet
  facet normal -3.125594e-01 9.341779e-01 -1.720997e-01
    outer loop
      vertex 1.703322e+00 -2.047786e+00 1.154974e+00
      vertex 2.226509e+00 -1.925969e+00 8.660254e-01
      vertex 1.680541e+00 -2.090236e+00 9.659258e-01
    endloop
  endfacet
  facet normal -2.579502e-01 9.532108e-01 1.576418e-01
    outer loop
      vertex 1.680541e+00 -2.090236e+00 9.659258e-01
      vertex 2.226509e+00 -1.925969e+00 8.660254e-01
      vertex 2.162436e+00 -1.912910e+00 6.822202e-01
    endloop
  endfacet
  facet normal -2.282635e-01 9.513592e-01 2.069095e-01
    outer loop
      vertex 1.680541e+00 -2.090236e+00 9.659258e-01
      vertex 2.162436e+00 -1.912910e+00 6.822202e-01
      vertex 1.645076e+00 -2.057629e+00 7.768775e-01
    endloop
  endfacet
  facet normal -1.422297e-01 8.453089e-01 5.149987e-01
    outer loop
      vertex 1.645076e+00 -2.057629e+00 7.768775e-01
      vertex 2.162436e+00 -1.912910e+00 6.822202e-01
      vertex 2.077065e+00 -1.832341e+00 5.263976e-01
    endloop
  endfacet
  facet normal -1.070072e-01 8.239218e-01 5.565090e-01
    outer loop
      vertex 1.645076e+00 -2.057629e+00 7.768775e-01
      vertex 2.077065e+00 -1.832341e+00 5.263976e-01
      vertex 1.602327e+00 -1.954931e+00 6.166100e-01
    endloop
  endfacet
  facet normal -5.356918e-03 6.060670e-01 7.953955e-01
    outer loop
      vertex 1.602327e+00 -1.954931e+00 6.166100e-01
      vertex 2.077065e+00 -1.832341e+00 5.263976e-01
      vertex 1.983394e+00 -1.696526e+00 4.222803e-01
    endloop
  endfacet
  facet normal 3.312989e-02 5.690460e-01 8.216380e-01
    outer loop
      vertex 1.602327e+00 -1.954931e+00 6.166100e-01
      vertex 1.983394e+00 -1.696526e+00 4.222803e-01
      vertex 1.558801e+00 -1.797775e+00 5.095227e-01
    endloop
  endfacet
  facet normal 1.310190e-01 2.720153e-01 9.533319e-01
    outer loop
      vertex 1.558801e+00 -1.797775e+00 5.095227e-01
      vertex 1.983394e+00 -1.696526e+00 4.222803e-01
      vertex 1.895683e+00 -1.526144e+00 3.857192e-01
    endloop
  endfacet
  facet normal 1.700111e-01 2.262894e-01 9.591086e-01
    outer loop
      vertex 1.558801e+00 -1.797775e+00 5.095227e-01
      vertex 1.895683e+00 -1.526144e+00 3.857192e-01
      vertex 1.521124e+00 -1.610087e+00 4.719186e-01
    endloop
  endfacet
  facet normal 2.449983e-01 -1.032771e-01 9.640071e-01
    outer loop
      vertex 1.521124e+00 -1.610087e+00 4.719186e-01
      vertex 1.895683e+00 -1.526144e+00 3.857192e-01
      vertex 1.827285e+00 -1.347132e+00 4.222803e-01
    endloop
  endfacet
  facet normal 2.817890e-01 -1.491704e-01 9.478097e-01
    outer loop
      vertex 1.521124e+00 -1.610087e+00 4.719186e-01
      vertex 1.827285e+00 -1.347132e+00 4.222803e-01
      vertex 1.495034e+00 -1.420441e+00 5.095227e-01
    endloop
  endfacet
  facet normal 3.191193e-01 -4.606930e-01 8.282058e-01
    outer loop
      vertex 1.495034e+00 -1.420441e+00 5.095227e-01
      vertex 1.827285e+00 -1.347132e+00 4.222803e-01
      vertex 1.788614e+00 -1.186744e+00 5.263976e-01
    endloop
  endfacet
  facet normal 3.514144e-01 -4.986748e-01 7.923581e-01
    outer loop
      vertex 1.495034e+00 -1.420441e+00 5.095227e-01
      vertex 1.788614e+00 -1.186744e+00 5.263976e-01
      vertex 1.484502e+00 -1.257710e+00 6.166100e-01
    endloop
  endfacet
  facet normal 3.432111e-01 -7.470474e-01 5.693210e-01
    outer loop
      vertex 1.484502e+00 -1.257710e+00 6.166100e-01
      vertex 1.788614e+00 -1.186744e+00 5.263976e-01
      vertex 1.785555e+00 -1.069397e+00 6.822202e-01
    endloop
  endfacet
  facet normal 3.691728e-01 -7.709930e-01 5.189231e-01
    outer loop
      vertex 1.484502e+00 -1.257710e+00 6.166100e-01
      vertex 1.785555e+00 -1.069397e+00 6.822202e-01
      vertex 1.491130e+00 -1.146666e+00 7.768775e-01
    endloop
  endfacet
  facet normal 3.147268e-01 -9.217619e-01 2.264996e-01
    outer loop
      vertex 1.491130e+00 -1.146666e+00 7.768775e-01
      vertex 1.785555e+00 -1.069397e+00 6.822202e-01
      vertex 1.818576e+00 -1.012957e+00 8.660254e-01
    endloop
  endfacet
  facet normal 3.330596e-01 -9.277835e-01 1.681935e-01
    outer loop
      vertex 1.491130e+00 -1.146666e+00 7.768775e-01
      vertex 1.818576e+00 -1.012957e+00 8.660254e-01
      vertex 1.513911e+00 -1.104217e+00 9.659258e-01
    endloop
  endfacet
  facet normal 4.652665e-01 -8.757803e-01 -1.285919e-01
    outer loop
      vertex 1.818576e+00 -1.012957e+00 8.660254e-01
      vertex 2.093646e+00 -8.434896e-01 7.071068e-01
      vertex 2.172632e+00 -8.276162e-01 8.847848e-01
    endloop
  endfacet
  facet normal 4.614195e-01 -8.589897e-01 -2.218753e-01
    outer loop
      vertex 1.818576e+00 -1.012957e+00 8.660254e-01
      vertex 2.172632e+00 -8.276162e-01 8.847848e-01
      vertex 1.882649e+00 -1.026016e+00 1.049831e+00
    endloop
  endfacet
  facet normal 2.960316e-01 -8.283430e-01 -4.756187e-01
    outer loop
      vertex 1.882649e+00 -1.026016e+00 1.049831e+00
      vertex 2.172632e+00 -8.276162e-01 8.847848e-01
      vertex 2.288067e+00 -8.728499e-01 1.035413e+00
    endloop
  endfacet
  facet normal 2.762432e-01 -7.835783e-01 -5.565022e-01
    outer loop
      vertex 1.882649e+00 -1.026016e+00 1.049831e+00
      vertex 2.288067e+00 -8.728499e-01 1.035413e+00
      vertex 1.968020e+00 -1.106585e+00 1.205653e+00
    endloop
  endfacet
  facet normal 7.839349e-02 -6.548357e-01 -7.516945e-01
    outer loop
      vertex 1.968020e+00 -1.106585e+00 1.205653e+00
      vertex 2.288067e+00 -8.728499e-01 1.035413e+00
      vertex 2.422378e+00 -9.723044e-01 1.136059e+00
    endloop
  endfacet
  facet normal 4.931075e-02 -5.860227e-01 -8.087928e-01
    outer loop
      vertex 1.968020e+00 -1.106585e+00 1.205653e+00
      vertex 2.422378e+00 -9.723044e-01 1.136059e+00
      vertex 2.061691e+00 -1.242400e+00 1.309771e+00
    endloop
  endfacet
  facet normal -1.542682e-01 -3.804413e-01 -9.118474e-01
    outer loop
      vertex 2.061691e+00 -1.242400e+00 1.309771e+00
      vertex 2.422378e+00 -9.723044e-01 1.136059e+00
      vertex 2.555116e+00 -1.110839e+00 1.171402e+00
    endloop
  endfacet
  facet normal -1.839753e-01 -2.958474e-01 -9.373513e-01
    outer loop
      vertex 2.061691e+00 -1.242400e+00 1.309771e+00
      vertex 2.555116e+00 -1.110839e+00 1.171402e+00
      vertex 2.149402e+00 -1.412783e+00 1.346332e+00
    endloop
  endfacet
  facet normal -3.647403e-01 -4.860643e-02 -9.298397e-01
    outer loop
      vertex 2.149402e+00 -1.412783e+00 1.346332e+00
      vertex 2.555116e+00 -1.110839e+00 1.171402e+00
      vertex 2.666074e+00 -1.267362e+00 1.136059e+00
    endloop
  endfacet
  facet normal -3.864130e-01 4.054945e-02 -9.214341e-01
    outer loop
      vertex 2.149402e+00 -1.412783e+00 1.346332e+00
      vertex 2.666074e+00 -1.267362e+00 1.136059e+00
      vertex 2.217800e+00 -1.591795e+00 1.309771e+00
    endloop
  endfacet
  facet normal -5.199382e-01 2.877772e-01 -8.042690e-01
    outer loop
      vertex 2.217800e+00 -1.591795e+00 1.309771e+00
      vertex 2.666074e+00 -1.267362e+00 1.136059e+00
      vertex 2.738359e+00 -1.418045e+00 1.035413e+00
    endloop
  endfacet
  facet normal -5.267948e-01 3.698041e-01 -7.653314e-01
    outer loop
      vertex 2.217800e+00 -1.591795e+00 1.309771e+00
      vertex 2.738359e+00 -1.418045e+00 1.035413e+00
      vertex 2.256471e+00 -1.752183e+00 1.205653e+00
    endloop
  endfacet
  facet normal -5.970864e-01 5.773786e-01 -5.568858e-01
    outer loop
      vertex 2.256471e+00 -1.752183e+00 1.205653e+00
      vertex 2.738359e+00 -1.418045e+00 1.035413e+00
      vertex 2.760966e+00 -1.539948e+00 8.847848e-01
    endloop
  endfacet
  facet normal -5.851073e-01 6.422465e-01 -4.951453e-01
    outer loop
      vertex 2.256471e+00 -1.752183e+00 1.205653e+00
      vertex 2.760966e+00 -1.539948e+00 8.847848e-01
      vertex 2.259530e+00 -1.869529e+00 1.049831e+00
    endloop
  endfacet
  facet normal -5.858975e-01 7.782396e-01 -2.259806e-01
    outer loop
      vertex 2.259530e+00 -1.869529e+00 1.049831e+00
      vertex 2.760966e+00 -1.539948e+00 8.847848e-01
      vertex 2.730454e+00 -1.614512e+00 7.071068e-01
    endloop
  endfacet
  facet normal -5.538498e-01 8.186474e-01 -1.518779e-01
    outer loop
      vertex 2.259530e+00 -1.869529e+00 1.049831e+00
      vertex 2.730454e+00 -1.614512e+00 7.071068e-01
      vertex 2.226509e+00 -1.925969e+00 8.660254e-01
    endloop
  endfacet
  facet normal -4.882117e-01 8.614105e-01 1.400759e-01
    outer loop
      vertex 2.226509e+00 -1.925969e+00 8.660254e-01
      vertex 2.730454e+00 -1.614512e+00 7.071068e-01
      vertex 2.651468e+00 -1.630385e+00 5.294288e-01
    endloop
  endfacet
  facet normal -4.374736e-01 8.732632e-01 2.145420e-01
    outer loop
      vertex 2.226509e+00 -1.925969e+00 8.660254e-01
      vertex 2.651468e+00 -1.630385e+00 5.294288e-01
      vertex 2.162436e+00 -1.912910e+00 6.822202e-01
    endloop
  endfacet
  facet normal -3.175251e-01 8.132966e-01 4.875720e-01
    outer loop
      vertex 2.162436e+00 -1.912910e+00 6.822202e-01
      vertex 2.651468e+00 -1.630385e+00 5.294288e-01
      vertex 2.536032e+00 -1.585152e+00 3.788007e-01
    endloop
  endfacet
  facet normal -2.520613e-01 7.963263e-01 5.498451e-01
    outer loop
      vertex 2.162436e+00 -1.912910e+00 6.822202e-01
      vertex 2.536032e+00 -1.585152e+00 3.788007e-01
      vertex 2.077065e+00 -1.832341e+00 5.263976e-01
    endloop
  endfacet
  facet normal -9.869940e-02 6.388379e-01 7.629840e-01
    outer loop
      vertex 2.077065e+00 -1.832341e+00 5.263976e-01
      vertex 2.536032e+00 -1.585152e+00 3.788007e-01
      vertex 2.401722e+00 -1.485697e+00 2.781542e-01
    endloop
  endfacet
  facet normal -2.488183e-02 5.973519e-01 8.015932e-01
    outer loop
      vertex 2.077065e+00 -1.832341e+00 5.263976e-01
      vertex 2.401722e+00 -1.485697e+00 2.781542e-01
      vertex 1.983394e+00 -1.696526e+00 4.222803e-01
    endloop
  endfacet
  facet normal 1.342371e-01 3.637777e-01 9.217625e-01
    outer loop
      vertex 1.983394e+00 -1.696526e+00 4.222803e-01
      vertex 2.401722e+00 -1.485697e+00 2.781542e-01
      vertex 2.268984e+00 -1.347163e+00 2.428119e-01
    endloop
  endfacet
  facet normal 2.085162e-01 3.066264e-01 9.287094e-01
    outer loop
      vertex 1.983394e+00 -1.696526e+00 4.222803e-01
      vertex 2.268984e+00 -1.347163e+00 2.428119e-01
      vertex 1.895683e+00 -1.526144e+00 3.857192e-01
    endloop
  endfacet
  facet normal 3.439500e-01 3.192531e-02 9.384451e-01
    outer loop
      vertex 1.895683e+00 -1.526144e+00 3.857192e-01
      vertex 2.268984e+00 -1.347163e+00 2.428119e-01
      vertex 2.158026e+00 -1.190640e+00 2.781542e-01
    endloop
  endfacet
  facet normal 4.108649e-01 -2.912287e-02 9.112310e-01
    outer loop
      vertex 1.895683e+00 -1.526144e+00 3.857192e-01
      vertex 2.158026e+00 -1.190640e+00 2.781542e-01
      vertex 1.827285e+00 -1.347132e+00 4.222803e-01
    endloop
  endfacet
  facet normal 4.977565e-01 -3.038229e-01 8.123608e-01
    outer loop
      vertex 1.827285e+00 -1.347132e+00 4.222803e-01
      vertex 2.158026e+00 -1.190640e+00 2.781542e-01
      vertex 2.085741e+00 -1.039957e+00 3.788007e-01
    endloop
  endfacet
  facet normal 5.510101e-01 -3.568405e-01 7.543558e-01
    outer loop
      vertex 1.827285e+00 -1.347132e+00 4.222803e-01
      vertex 2.085741e+00 -1.039957e+00 3.788007e-01
      vertex 1.788614e+00 -1.186744e+00 5.263976e-01
    endloop
  endfacet
  facet normal 5.736518e-01 -5.924795e-01 5.655896e-01
    outer loop
      vertex 1.788614e+00 -1.186744e+00 5.263976e-01
      vertex 2.085741e+00 -1.039957e+00 3.788007e-01
      vertex 2.063134e+00 -9.180536e-01 5.294288e-01
    endloop
  endfacet
  facet normal 6.090772e-01 -6.277611e-01 4.847071e-01
    outer loop
      vertex 1.788614e+00 -1.186744e+00 5.263976e-01
      vertex 2.063134e+00 -9.180536e-01 5.294288e-01
      vertex 1.785555e+00 -1.069397e+00 6.822202e-01
    endloop
  endfacet
  facet normal 5.621277e-01 -7.926335e-01 2.361030e-01
    outer loop
      vertex 1.785555e+00 -1.069397e+00 6.822202e-01
      vertex 2.063134e+00 -9.180536e-01 5.294288e-01
      vertex 2.093646e+00 -8.434896e-01 7.071068e-01
    endloop
  endfacet
  facet normal 5.777083e-01 -8.036233e-01 1.429783e-01
    outer loop
      vertex 1.785555e+00 -1.069397e+00 6.822202e-01
      vertex 2.093646e+00 -8.434896e-01 7.071068e-01
      vertex 1.818576e+00 -1.012957e+00 8.660254e-01
    endloop
  endfacet
  facet normal 6.832135e-01 -7.217582e-01 -1.108352e-01
    outer loop
      vertex 2.093646e+00 -8.434896e-01 7.071068e-01
      vertex 2.311864e+00 -6.051207e-01 5.000000e-01
      vertex 2.390134e+00 -5.574795e-01 6.722335e-01
    endloop
  endfacet
  facet normal 6.614501e-01 -7.137613e-01 -2.302791e-01
    outer loop
      vertex 2.093646e+00 -8.434896e-01 7.071068e-01
      vertex 2.390134e+00 -5.574795e-01 6.722335e-01
      vertex 2.172632e+00 -8.276162e-01 8.847848e-01
    endloop
  endfacet
  facet normal 4.913127e-01 -7.474296e-01 -4.471697e-01
    outer loop
      vertex 2.172632e+00 -8.276162e-01 8.847848e-01
      vertex 2.390134e+00 -5.574795e-01 6.722335e-01
      vertex 2.519499e+00 -5.597994e-01 8.182461e-01
    endloop
  endfacet
  facet normal 4.412646e-01 -7.083792e-01 -5.508942e-01
    outer loop
      vertex 2.172632e+00 -8.276162e-01 8.847848e-01
      vertex 2.519499e+00 -5.597994e-01 8.182461e-01
      vertex 2.288067e+00 -8.728499e-01 1.035413e+00
    endloop
  endfacet
  facet normal 2.215191e-01 -6.610711e-01 -7.168782e-01
    outer loop
      vertex 2.288067e+00 -8.728499e-01 1.035413e+00
      vertex 2.519499e+00 -5.597994e-01 8.182461e-01
      vertex 2.680264e+00 -6.117271e-01 9.158085e-01
    endloop
  endfacet
  facet normal 1.535395e-01 -5.927447e-01 -7.906196e-01
    outer loop
      vertex 2.288067e+00 -8.728499e-01 1.035413e+00
      vertex 2.680264e+00 -6.117271e-01 9.158085e-01
      vertex 2.422378e+00 -9.723044e-01 1.136059e+00
    endloop
  endfacet
  facet normal -8.564291e-02 -4.740356e-01 -8.763307e-01
    outer loop
      vertex 2.422378e+00 -9.723044e-01 1.136059e+00
      vertex 2.680264e+00 -6.117271e-01 9.158085e-01
      vertex 2.847954e+00 -7.053572e-01 9.500679e-01
    endloop
  endfacet
  facet normal -1.574814e-01 -3.830960e-01 -9.101852e-01
    outer loop
      vertex 2.422378e+00 -9.723044e-01 1.136059e+00
      vertex 2.847954e+00 -7.053572e-01 9.500679e-01
      vertex 2.555116e+00 -1.110839e+00 1.171402e+00
    endloop
  endfacet
  facet normal -3.814100e-01 -2.152655e-01 -8.989923e-01
    outer loop
      vertex 2.555116e+00 -1.110839e+00 1.171402e+00
      vertex 2.847954e+00 -7.053572e-01 9.500679e-01
      vertex 2.997039e+00 -8.264354e-01 9.158085e-01
    endloop
  endfacet
  facet normal -4.422059e-01 -1.125566e-01 -8.898230e-01
    outer loop
      vertex 2.555116e+00 -1.110839e+00 1.171402e+00
      vertex 2.997039e+00 -8.264354e-01 9.158085e-01
      vertex 2.666074e+00 -1.267362e+00 1.136059e+00
    endloop
  endfacet
  facet normal -6.188000e-01 7.382097e-02 -7.820722e-01
    outer loop
      vertex 2.666074e+00 -1.267362e+00 1.136059e+00
      vertex 2.997039e+00 -8.264354e-01 9.158085e-01
      vertex 3.104824e+00 -9.565285e-01 8.182461e-01
    endloop
  endfacet
  facet normal -6.560568e-01 1.755510e-01 -7.340104e-01
    outer loop
      vertex 2.666074e+00 -1.267362e+00 1.136059e+00
      vertex 3.104824e+00 -9.565285e-01 8.182461e-01
      vertex 2.738359e+00 -1.418045e+00 1.035413e+00
    endloop
  endfacet
  facet normal -7.620593e-01 3.482441e-01 -5.458861e-01
    outer loop
      vertex 2.738359e+00 -1.418045e+00 1.035413e+00
      vertex 3.104824e+00 -9.565285e-01 8.182461e-01
      vertex 3.154899e+00 -1.075831e+00 6.722335e-01
    endloop
  endfacet
  facet normal -7.676867e-01 4.369003e-01 -4.688020e-01
    outer loop
      vertex 2.738359e+00 -1.418045e+00 1.035413e+00
      vertex 3.154899e+00 -1.075831e+00 6.722335e-01
      vertex 2.760966e+00 -1.539948e+00 8.847848e-01
    endloop
  endfacet
  facet normal -7.913357e-01 5.674532e-01 -2.275626e-01
    outer loop
      vertex 2.760966e+00 -1.539948e+00 8.847848e-01
      vertex 3.154899e+00 -1.075831e+00 6.722335e-01
      vertex 3.139640e+00 -1.166180e+00 5.000000e-01
    endloop
  endfacet
  facet normal -7.621016e-01 6.332531e-01 -1.348770e-01
    outer loop
      vertex 2.760966e+00 -1.539948e+00 8.847848e-01
      vertex 3.139640e+00 -1.166180e+00 5.000000e-01
      vertex 2.730454e+00 -1.614512e+00 7.071068e-01
    endloop
  endfacet
  facet normal -7.030864e-01 6.998666e-01 1.259216e-01
    outer loop
      vertex 2.730454e+00 -1.614512e+00 7.071068e-01
      vertex 3.139640e+00 -1.166180e+00 5.000000e-01
      vertex 3.061370e+00 -1.213822e+00 3.277665e-01
    endloop
  endfacet
  facet normal -6.404183e-01 7.361622e-01 2.189282e-01
    outer loop
      vertex 2.730454e+00 -1.614512e+00 7.071068e-01
      vertex 3.061370e+00 -1.213822e+00 3.277665e-01
      vertex 2.651468e+00 -1.630385e+00 5.294288e-01
    endloop
  endfacet
  facet normal -5.094503e-01 7.253923e-01 4.628892e-01
    outer loop
      vertex 2.651468e+00 -1.630385e+00 5.294288e-01
      vertex 3.061370e+00 -1.213822e+00 3.277665e-01
      vertex 2.932005e+00 -1.211502e+00 1.817539e-01
    endloop
  endfacet
  facet normal -4.193688e-01 7.294249e-01 5.404342e-01
    outer loop
      vertex 2.651468e+00 -1.630385e+00 5.294288e-01
      vertex 2.932005e+00 -1.211502e+00 1.817539e-01
      vertex 2.536032e+00 -1.585152e+00 3.788007e-01
    endloop
  endfacet
  facet normal -2.380613e-01 6.383250e-01 7.320301e-01
    outer loop
      vertex 2.536032e+00 -1.585152e+00 3.788007e-01
      vertex 2.932005e+00 -1.211502e+00 1.817539e-01
      vertex 2.771241e+00 -1.159574e+00 8.419146e-02
    endloop
  endfacet
  facet normal -1.310011e-01 6.122046e-01 7.797719e-01
    outer loop
      vertex 2.536032e+00 -1.585152e+00 3.788007e-01
      vertex 2.771241e+00 -1.159574e+00 8.419146e-02
      vertex 2.401722e+00 -1.485697e+00 2.781542e-01
    endloop
  endfacet
  facet normal 6.966257e-02 4.504465e-01 8.900815e-01
    outer loop
      vertex 2.401722e+00 -1.485697e+00 2.781542e-01
      vertex 2.771241e+00 -1.159574e+00 8.419146e-02
      vertex 2.603551e+00 -1.065944e+00 4.993208e-02
    endloop
  endfacet
  facet normal 1.800789e-01 4.016208e-01 8.979267e-01
    outer loop
      vertex 2.401722e+00 -1.485697e+00 2.781542e-01
      vertex 2.603551e+00 -1.065944e+00 4.993208e-02
      vertex 2.268984e+00 -1.347163e+00 2.428119e-01
    endloop
  endfacet
  facet normal 3.646749e-01 1.911773e-01 9.112977e-01
    outer loop
      vertex 2.268984e+00 -1.347163e+00 2.428119e-01
      vertex 2.603551e+00 -1.065944e+00 4.993208e-02
      vertex 2.454465e+00 -9.448657e-01 8.419146e-02
    endloop
  endfacet
  facet normal 4.642453e-01 1.313199e-01 8.759174e-01
    outer loop
      vertex 2.268984e+00 -1.347163e+00 2.428119e-01
      vertex 2.454465e+00 -9.448657e-01 8.419146e-02
      vertex 2.158026e+00 -1.190640e+00 2.781542e-01
    endloop
  endfacet
  facet normal 6.003989e-01 -9.778658e-02 7.936996e-01
    outer loop
      vertex 2.158026e+00 -1.190640e+00 2.781542e-01
      vertex 2.454465e+00 -9.448657e-01 8.419146e-02
      vertex 2.346680e+00 -8.147726e-01 1.817539e-01
    endloop
  endfacet
  facet normal 6.772334e-01 -1.554699e-01 7.191551e-01
    outer loop
      vertex 2.158026e+00 -1.190640e+00 2.781542e-01
      vertex 2.346680e+00 -8.147726e-01 1.817539e-01
      vertex 2.085741e+00 -1.039957e+00 3.788007e-01
    endloop
  endfacet
  facet normal 7.420075e-01 -3.715219e-01 5.580290e-01
    outer loop
      vertex 2.085741e+00 -1.039957e+00 3.788007e-01
      vertex 2.346680e+00 -8.147726e-01 1.817539e-01
      vertex 2.296605e+00 -6.954700e-01 3.277665e-01
    endloop
  endfacet
  facet normal 7.881994e-01 -4.151650e-01 4.542904e-01
    outer loop
      vertex 2.085741e+00 -1.039957e+00 3.788007e-01
      vertex 2.296605e+00 -6.954700e-01 3.277665e-01
      vertex 2.063134e+00 -9.180536e-01 5.294288e-01
    endloop
  endfacet
  facet normal 7.706525e-01 -5.898649e-01 2.411517e-01
    outer loop
      vertex 2.063134e+00 -9.180536e-01 5.294288e-01
      vertex 2.296605e+00 -6.954700e-01 3.277665e-01
      vertex 2.311864e+00 -6.051207e-01 5.000000e-01
    endloop
  endfacet
  facet normal 7.825539e-01 -6.105453e-01 1.218353e-01
    outer loop
      vertex 2.063134e+00 -9.180536e-01 5.294288e-01
      vertex 2.311864e+00 -6.051207e-01 5.000000e-01
      vertex 2.093646e+00 -8.434896e-01 7.071068e-01
    endloop
  endfacet
  facet normal 8.606057e-01 -4.995098e-01 -9.923602e-02
    outer loop
      vertex 2.311864e+00 -6.051207e-01 5.000000e-01
      vertex 2.451744e+00 -3.162083e-01 2.588190e-01
      vertex 2.514869e+00 -2.409354e-01 4.273700e-01
    endloop
  endfacet
  facet normal 8.281233e-01 -5.086081e-01 -2.356471e-01
    outer loop
      vertex 2.311864e+00 -6.051207e-01 5.000000e-01
      vertex 2.514869e+00 -2.409354e-01 4.273700e-01
      vertex 2.390134e+00 -5.574795e-01 6.722335e-01
    endloop
  endfacet
  facet normal 6.787331e-01 -5.976199e-01 -4.268159e-01
    outer loop
      vertex 2.390134e+00 -5.574795e-01 6.722335e-01
      vertex 2.514869e+00 -2.409354e-01 4.273700e-01
      vertex 2.641104e+00 -1.996180e-01 5.702607e-01
    endloop
  endfacet
  facet normal 6.052129e-01 -5.798564e-01 -5.454209e-01
    outer loop
      vertex 2.390134e+00 -5.574795e-01 6.722335e-01
      vertex 2.641104e+00 -1.996180e-01 5.702607e-01
      vertex 2.519499e+00 -5.597994e-01 8.182461e-01
    endloop
  endfacet
  facet normal 3.915287e-01 -6.078282e-01 -6.908329e-01
    outer loop
      vertex 2.519499e+00 -5.597994e-01 8.182461e-01
      vertex 2.641104e+00 -1.996180e-01 5.702607e-01
      vertex 2.811231e+00 -1.985462e-01 6.657371e-01
    endloop
  endfacet
  facet normal 2.893942e-01 -5.610978e-01 -7.755129e-01
    outer loop
      vertex 2.519499e+00 -5.597994e-01 8.182461e-01
      vertex 2.811231e+00 -1.985462e-01 6.657371e-01
      vertex 2.680264e+00 -6.117271e-01 9.158085e-01
    endloop
  endfacet
  facet normal 4.113308e-02 -5.268569e-01 -8.489581e-01
    outer loop
      vertex 2.680264e+00 -6.117271e-01 9.158085e-01
      vertex 2.811231e+00 -1.985462e-01 6.657371e-01
      vertex 2.999351e+00 -2.378832e-01 6.992640e-01
    endloop
  endfacet
  facet normal -7.166902e-02 -4.534273e-01 -8.884071e-01
    outer loop
      vertex 2.680264e+00 -6.117271e-01 9.158085e-01
      vertex 2.999351e+00 -2.378832e-01 6.992640e-01
      vertex 2.847954e+00 -7.053572e-01 9.500679e-01
    endloop
  endfacet
  facet normal -3.175046e-01 -3.664066e-01 -8.746068e-01
    outer loop
      vertex 2.847954e+00 -7.053572e-01 9.500679e-01
      vertex 2.999351e+00 -2.378832e-01 6.992640e-01
      vertex 3.176822e+00 -3.116404e-01 6.657371e-01
    endloop
  endfacet
  facet normal -4.207268e-01 -2.732820e-01 -8.650468e-01
    outer loop
      vertex 2.847954e+00 -7.053572e-01 9.500679e-01
      vertex 3.176822e+00 -3.116404e-01 6.657371e-01
      vertex 2.997039e+00 -8.264354e-01 9.158085e-01
    endloop
  endfacet
  facet normal -6.271465e-01 -1.520662e-01 -7.639131e-01
    outer loop
      vertex 2.997039e+00 -8.264354e-01 9.158085e-01
      vertex 3.176822e+00 -3.116404e-01 6.657371e-01
      vertex 3.316627e+00 -4.085888e-01 5.702607e-01
    endloop
  endfacet
  facet normal -7.025589e-01 -4.970963e-02 -7.098873e-01
    outer loop
      vertex 2.997039e+00 -8.264354e-01 9.158085e-01
      vertex 3.316627e+00 -4.085888e-01 5.702607e-01
      vertex 3.104824e+00 -9.565285e-01 8.182461e-01
    endloop
  endfacet
  facet normal -8.401912e-01 8.217626e-02 -5.360278e-01
    outer loop
      vertex 3.104824e+00 -9.565285e-01 8.182461e-01
      vertex 3.316627e+00 -4.085888e-01 5.702607e-01
      vertex 3.397482e+00 -5.139690e-01 4.273700e-01
    endloop
  endfacet
  facet normal -8.748618e-01 1.821156e-01 -4.488326e-01
    outer loop
      vertex 3.104824e+00 -9.565285e-01 8.182461e-01
      vertex 3.397482e+00 -5.139690e-01 4.273700e-01
      vertex 3.154899e+00 -1.075831e+00 6.722335e-01
    endloop
  endfacet
  facet normal -9.262017e-01 3.008538e-01 -2.272384e-01
    outer loop
      vertex 3.154899e+00 -1.075831e+00 6.722335e-01
      vertex 3.397482e+00 -5.139690e-01 4.273700e-01
      vertex 3.407077e+00 -6.117377e-01 2.588190e-01
    endloop
  endfacet
  facet normal -9.137097e-01 3.875174e-01 -1.223311e-01
    outer loop
      vertex 3.154899e+00 -1.075831e+00 6.722335e-01
      vertex 3.407077e+00 -6.117377e-01 2.588190e-01
      vertex 3.139640e+00 -1.166180e+00 5.000000e-01
    endloop
  endfacet
  facet normal -8.738115e-01 4.721248e-01 1.164116e-01
    outer loop
      vertex 3.139640e+00 -1.166180e+00 5.000000e-01
      vertex 3.407077e+00 -6.117377e-01 2.588190e-01
      vertex 3.343952e+00 -6.870106e-01 9.026805e-02
    endloop
  endfacet
  facet normal -8.142071e-01 5.366311e-01 2.215716e-01
    outer loop
      vertex 3.139640e+00 -1.166180e+00 5.000000e-01
      vertex 3.343952e+00 -6.870106e-01 9.026805e-02
      vertex 3.061370e+00 -1.213822e+00 3.277665e-01
    endloop
  endfacet
  facet normal -6.902435e-01 5.707524e-01 4.447535e-01
    outer loop
      vertex 3.061370e+00 -1.213822e+00 3.277665e-01
      vertex 3.343952e+00 -6.870106e-01 9.026805e-02
      vertex 3.217717e+00 -7.283281e-01 -5.262259e-02
    endloop
  endfacet
  facet normal -5.899639e-01 6.070860e-01 5.323431e-01
    outer loop
      vertex 3.061370e+00 -1.213822e+00 3.277665e-01
      vertex 3.217717e+00 -7.283281e-01 -5.262259e-02
      vertex 2.932005e+00 -1.211502e+00 1.817539e-01
    endloop
  endfacet
  facet normal -4.011725e-01 5.808122e-01 7.083204e-01
    outer loop
      vertex 2.932005e+00 -1.211502e+00 1.817539e-01
      vertex 3.217717e+00 -7.283281e-01 -5.262259e-02
      vertex 3.047589e+00 -7.293999e-01 -1.480991e-01
    endloop
  endfacet
  facet normal -2.729738e-01 5.869517e-01 7.622159e-01
    outer loop
      vertex 2.932005e+00 -1.211502e+00 1.817539e-01
      vertex 3.047589e+00 -7.293999e-01 -1.480991e-01
      vertex 2.771241e+00 -1.159574e+00 8.419146e-02
    endloop
  endfacet
  facet normal -4.980469e-02 4.991370e-01 8.650906e-01
    outer loop
      vertex 2.771241e+00 -1.159574e+00 8.419146e-02
      vertex 3.047589e+00 -7.293999e-01 -1.480991e-01
      vertex 2.859470e+00 -6.900628e-01 -1.816259e-01
    endloop
  endfacet
  facet normal 8.842853e-02 4.781118e-01 8.738361e-01
    outer loop
      vertex 2.771241e+00 -1.159574e+00 8.419146e-02
      vertex 2.859470e+00 -6.900628e-01 -1.816259e-01
      vertex 2.603551e+00 -1.065944e+00 4.993208e-02
    endloop
  endfacet
  facet normal 3.083969e-01 3.378383e-01 8.892450e-01
    outer loop
      vertex 2.603551e+00 -1.065944e+00 4.993208e-02
      vertex 2.859470e+00 -6.900628e-01 -1.816259e-01
      vertex 2.681999e+00 -6.163056e-01 -1.480991e-01
    endloop
  endfacet
  facet normal 4.368080e-01 2.976572e-01 8.488810e-01
    outer loop
      vertex 2.603551e+00 -1.065944e+00 4.993208e-02
      vertex 2.681999e+00 -6.163056e-01 -1.480991e-01
      vertex 2.454465e+00 -9.448657e-01 8.419146e-02
    endloop
  endfacet
  facet normal 6.164258e-01 1.229793e-01 7.777502e-01
    outer loop
      vertex 2.454465e+00 -9.448657e-01 8.419146e-02
      vertex 2.681999e+00 -6.163056e-01 -1.480991e-01
      vertex 2.542194e+00 -5.193572e-01 -5.262259e-02
    endloop
  endfacet
  facet normal 7.173279e-01 7.483144e-02 6.927055e-01
    outer loop
      vertex 2.454465e+00 -9.448657e-01 8.419146e-02
      vertex 2.542194e+00 -5.193572e-01 -5.262259e-02
      vertex 2.346680e+00 -8.147726e-01 1.817539e-01
    endloop
  endfacet
  facet normal 8.275682e-01 -1.111485e-01 5.502517e-01
    outer loop
      vertex 2.346680e+00 -8.147726e-01 1.817539e-01
      vertex 2.542194e+00 -5.193572e-01 -5.262259e-02
      vertex 2.461339e+00 -4.139770e-01 9.026805e-02
    endloop
  endfacet
  facet normal 8.884379e-01 -1.555953e-01 4.318196e-01
    outer loop
      vertex 2.346680e+00 -8.147726e-01 1.817539e-01
      vertex 2.461339e+00 -4.139770e-01 9.026805e-02
      vertex 2.296605e+00 -6.954700e-01 3.277665e-01
    endloop
  endfacet
  facet normal 9.125240e-01 -3.291211e-01 2.428563e-01
    outer loop
      vertex 2.296605e+00 -6.954700e-01 3.277665e-01
      vertex 2.461339e+00 -4.139770e-01 9.026805e-02
      vertex 2.451744e+00 -3.162083e-01 2.588190e-01
    endloop
  endfacet
  facet normal 9.269261e-01 -3.597809e-01 1.066103e-01
    outer loop
      vertex 2.296605e+00 -6.954700e-01 3.277665e-01
      vertex 2.451744e+00 -3.162083e-01 2.588190e-01
      vertex 2.311864e+00 -6.051207e-01 5.000000e-01
    endloop
  endfacet
  facet normal 9.696120e-01 -2.257284e-01 -9.433566e-02
    outer loop
      vertex 2.451744e+00 -3.162083e-01 2.588190e-01
      vertex 2.500001e+00 -7.563089e-04 0.000000e+00
      vertex 2.537920e+00 9.222486e-02 1.672628e-01
    endloop
  endfacet
  facet normal 9.379048e-01 -2.514586e-01 -2.389626e-01
    outer loop
      vertex 2.451744e+00 -3.162083e-01 2.588190e-01
      vertex 2.537920e+00 9.222486e-02 1.672628e-01
      vertex 2.514869e+00 -2.409354e-01 4.273700e-01
    endloop
  endfacet
  facet normal 8.246623e-01 -3.824275e-01 -4.167509e-01
    outer loop
      vertex 2.514869e+00 -2.409354e-01 4.273700e-01
      vertex 2.537920e+00 9.222486e-02 1.672628e-01
      vertex 2.646187e+00 1.711656e-01 3.090613e-01
    endloop
  endfacet
  facet normal 7.426651e-01 -3.924356e-01 -5.426259e-01
    outer loop
      vertex 2.514869e+00 -2.409354e-01 4.273700e-01
      vertex 2.646187e+00 1.711656e-01 3.090613e-01
      vertex 2.641104e+00 -1.996180e-01 5.702607e-01
    endloop
  endfacet
  facet normal 5.537644e-01 -4.845993e-01 -6.771325e-01
    outer loop
      vertex 2.641104e+00 -1.996180e-01 5.702607e-01
      vertex 2.646187e+00 1.711656e-01 3.090613e-01
      vertex 2.808319e+00 2.240480e-01 4.038081e-01
    endloop
  endfacet
  facet normal 4.335699e-01 -4.725715e-01 -7.672636e-01
    outer loop
      vertex 2.641104e+00 -1.996180e-01 5.702607e-01
      vertex 2.808319e+00 2.240480e-01 4.038081e-01
      vertex 2.811231e+00 -1.985462e-01 6.657371e-01
    endloop
  endfacet
  facet normal 1.956646e-01 -5.156669e-01 -8.341481e-01
    outer loop
      vertex 2.811231e+00 -1.985462e-01 6.657371e-01
      vertex 2.808319e+00 2.240480e-01 4.038081e-01
      vertex 2.999633e+00 2.428211e-01 4.370787e-01
    endloop
  endfacet
  facet normal 5.623890e-02 -4.780958e-01 -8.765053e-01
    outer loop
      vertex 2.811231e+00 -1.985462e-01 6.657371e-01
      vertex 2.999633e+00 2.428211e-01 4.370787e-01
      vertex 2.999351e+00 -2.378832e-01 6.992640e-01
    endloop
  endfacet
  facet normal -1.943740e-01 -4.696078e-01 -8.612127e-01
    outer loop
      vertex 2.999351e+00 -2.378832e-01 6.992640e-01
      vertex 2.999633e+00 2.428211e-01 4.370787e-01
      vertex 3.191002e+00 2.246268e-01 4.038081e-01
    endloop
  endfacet
  facet normal -3.301149e-01 -4.072122e-01 -8.515882e-01
    outer loop
      vertex 2.999351e+00 -2.378832e-01 6.992640e-01
      vertex 3.191002e+00 2.246268e-01 4.038081e-01
      vertex 3.176822e+00 -3.116404e-01 6.657371e-01
    endloop
  endfacet
  facet normal -5.541085e-01 -3.534654e-01 -7.536750e-01
    outer loop
      vertex 3.176822e+00 -3.116404e-01 6.657371e-01
      vertex 3.191002e+00 2.246268e-01 4.038081e-01
      vertex 3.353293e+00 1.722352e-01 3.090613e-01
    endloop
  endfacet
  facet normal -6.640154e-01 -2.714021e-01 -6.967241e-01
    outer loop
      vertex 3.176822e+00 -3.116404e-01 6.657371e-01
      vertex 3.353293e+00 1.722352e-01 3.090613e-01
      vertex 3.316627e+00 -4.085888e-01 5.702607e-01
    endloop
  endfacet
  facet normal -8.273659e-01 -1.860869e-01 -5.299409e-01
    outer loop
      vertex 3.316627e+00 -4.085888e-01 5.702607e-01
      vertex 3.353293e+00 1.722352e-01 3.090613e-01
      vertex 3.461799e+00 9.362233e-02 1.672628e-01
    endloop
  endfacet
  facet normal -8.943331e-01 -9.270408e-02 -4.376919e-01
    outer loop
      vertex 3.316627e+00 -4.085888e-01 5.702607e-01
      vertex 3.461799e+00 9.362233e-02 1.672628e-01
      vertex 3.397482e+00 -5.139690e-01 4.273700e-01
    endloop
  endfacet
  facet normal -9.741052e-01 6.362089e-03 -2.260059e-01
    outer loop
      vertex 3.397482e+00 -5.139690e-01 4.273700e-01
      vertex 3.461799e+00 9.362233e-02 1.672628e-01
      vertex 3.499999e+00 7.563089e-04 5.352670e-17
    endloop
  endfacet
  facet normal -9.881828e-01 1.013138e-01 -1.150228e-01
    outer loop
      vertex 3.397482e+00 -5.139690e-01 4.273700e-01
      vertex 3.499999e+00 7.563089e-04 5.352670e-17
      vertex 3.407077e+00 -6.117377e-01 2.588190e-01
    endloop
  endfacet
  facet normal -9.742947e-01 1.952764e-01 1.123255e-01
    outer loop
      vertex 3.407077e+00 -6.117377e-01 2.588190e-01
      vertex 3.499999e+00 7.563089e-04 5.352670e-17
      vertex 3.462080e+00 -9.222486e-02 -1.672628e-01
    endloop
  endfacet
  facet normal -9.330099e-01 2.820568e-01 2.234645e-01
    outer loop
      vertex 3.407077e+00 -6.117377e-01 2.588190e-01
      vertex 3.462080e+00 -9.222486e-02 -1.672628e-01
      vertex 3.343952e+00 -6.870106e-01 9.026805e-02
    endloop
  endfacet
  facet normal -8.279887e-01 3.530656e-01 4.356368e-01
    outer loop
      vertex 3.343952e+00 -6.870106e-01 9.026805e-02
      vertex 3.462080e+00 -9.222486e-02 -1.672628e-01
      vertex 3.353813e+00 -1.711656e-01 -3.090613e-01
    endloop
  endfacet
  facet normal -7.363004e-01 4.229523e-01 5.281791e-01
    outer loop
      vertex 3.343952e+00 -6.870106e-01 9.026805e-02
      vertex 3.353813e+00 -1.711656e-01 -3.090613e-01
      vertex 3.217717e+00 -7.283281e-01 -5.262259e-02
    endloop
  endfacet
  facet normal -5.552144e-01 4.558131e-01 6.956806e-01
    outer loop
      vertex 3.217717e+00 -7.283281e-01 -5.262259e-02
      vertex 3.353813e+00 -1.711656e-01 -3.090613e-01
      vertex 3.191681e+00 -2.240480e-01 -4.038081e-01
    endloop
  endfacet
  facet normal -4.256051e-01 5.022403e-01 7.527383e-01
    outer loop
      vertex 3.217717e+00 -7.283281e-01 -5.262259e-02
      vertex 3.191681e+00 -2.240480e-01 -4.038081e-01
      vertex 3.047589e+00 -7.293999e-01 -1.480991e-01
    endloop
  endfacet
  facet normal -1.958122e-01 4.866318e-01 8.513795e-01
    outer loop
      vertex 3.047589e+00 -7.293999e-01 -1.480991e-01
      vertex 3.191681e+00 -2.240480e-01 -4.038081e-01
      vertex 3.000367e+00 -2.428211e-01 -4.370787e-01
    endloop
  endfacet
  facet normal -4.747715e-02 5.066487e-01 8.608443e-01
    outer loop
      vertex 3.047589e+00 -7.293999e-01 -1.480991e-01
      vertex 3.000367e+00 -2.428211e-01 -4.370787e-01
      vertex 2.859470e+00 -6.900628e-01 -1.816259e-01
    endloop
  endfacet
  facet normal 1.942551e-01 4.396665e-01 8.769027e-01
    outer loop
      vertex 2.859470e+00 -6.900628e-01 -1.816259e-01
      vertex 3.000367e+00 -2.428211e-01 -4.370787e-01
      vertex 2.808998e+00 -2.246268e-01 -4.038081e-01
    endloop
  endfacet
  facet normal 3.384232e-01 4.350137e-01 8.344057e-01
    outer loop
      vertex 2.859470e+00 -6.900628e-01 -1.816259e-01
      vertex 2.808998e+00 -2.246268e-01 -4.038081e-01
      vertex 2.681999e+00 -6.163056e-01 -1.480991e-01
    endloop
  endfacet
  facet normal 5.527251e-01 3.224664e-01 7.684467e-01
    outer loop
      vertex 2.681999e+00 -6.163056e-01 -1.480991e-01
      vertex 2.808998e+00 -2.246268e-01 -4.038081e-01
      vertex 2.646707e+00 -1.722352e-01 -3.090613e-01
    endloop
  endfacet
  facet normal 6.708836e-01 2.992539e-01 6.785000e-01
    outer loop
      vertex 2.681999e+00 -6.163056e-01 -1.480991e-01
      vertex 2.646707e+00 -1.722352e-01 -3.090613e-01
      vertex 2.542194e+00 -5.193572e-01 -5.262259e-02
    endloop
  endfacet
  facet normal 8.241029e-01 1.544754e-01 5.449694e-01
    outer loop
      vertex 2.542194e+00 -5.193572e-01 -5.262259e-02
      vertex 2.646707e+00 -1.722352e-01 -3.090613e-01
      vertex 2.538201e+00 -9.362233e-02 -1.672628e-01
    endloop
  endfacet
  facet normal 8.995972e-01 1.213996e-01 4.195080e-01
    outer loop
      vertex 2.542194e+00 -5.193572e-01 -5.262259e-02
      vertex 2.538201e+00 -9.362233e-02 -1.672628e-01
      vertex 2.461339e+00 -4.139770e-01 9.026805e-02
    endloop
  endfacet
  facet normal 9.694481e-01 -3.775710e-02 2.423731e-01
    outer loop
      vertex 2.461339e+00 -4.139770e-01 9.026805e-02
      vertex 2.538201e+00 -9.362233e-02 -1.672628e-01
      vertex 2.500001e+00 -7.563089e-04 0.000000e+00
    endloop
  endfacet
  facet normal 9.926201e-01 -7.147105e-02 9.796502e-02
    outer loop
      vertex 2.461339e+00 -4.139770e-01 9.026805e-02
      vertex 2.500001e+00 -7.563089e-04 0.000000e+00
      vertex 2.451744e+00 -3.162083e-01 2.588190e-01
    endloop
  endfacet
endsolid Parametric_Torus_Knot_p3_q5
