# Nexus 3D Scene Studio - Wavefront OBJ Exporter
# Mesh Name: Parametric_Torus_Knot_p3_q5
# Vertices: 1920
# Faces: 1920
# Triangles: 3840
o Parametric_Torus_Knot_p3_q5

v 2.500001 -0.000756 0.000000
v 2.537920 0.092225 0.167263
v 2.646187 0.171166 0.309061
v 2.808319 0.224048 0.403808
v 2.999633 0.242821 0.437079
v 3.191002 0.224627 0.403808
v 3.353293 0.172235 0.309061
v 3.461799 0.093622 0.167263
v 3.499999 0.000756 0.000000
v 3.462080 -0.092225 -0.167263
v 3.353813 -0.171166 -0.309061
v 3.191681 -0.224048 -0.403808
v 3.000367 -0.242821 -0.437079
v 2.808998 -0.224627 -0.403808
v 2.646707 -0.172235 -0.309061
v 2.538201 -0.093622 -0.167263
v 2.452188 0.314778 -0.258819
v 2.461505 0.412530 -0.090242
v 2.542056 0.518113 0.052670
v 2.681578 0.615454 0.148161
v 2.858831 0.689733 0.181693
v 3.046828 0.729642 0.148161
v 3.216950 0.729106 0.052670
v 3.343296 0.688206 -0.090242
v 3.406632 0.613168 -0.258819
v 3.397316 0.515416 -0.427396
v 3.316765 0.409833 -0.570308
v 3.177243 0.312492 -0.665799
v 2.999990 0.238213 -0.699331
v 2.811992 0.198304 -0.665799
v 2.641871 0.198840 -0.570308
v 2.515524 0.239740 -0.427396
v 2.312682 0.603918 -0.500000
v 2.297215 0.694142 -0.327719
v 2.346989 0.813521 -0.181667
v 2.454426 0.943882 -0.084078
v 2.603170 1.065377 -0.049809
v 2.770576 1.159511 -0.084078
v 2.931158 1.211952 -0.181667
v 3.060469 1.214716 -0.327719
v 3.138822 1.167383 -0.500000
v 3.154289 1.077159 -0.672281
v 3.104515 0.957780 -0.818333
v 2.997078 0.827419 -0.915922
v 2.848334 0.705924 -0.950191
v 2.680928 0.611790 -0.915922
v 2.520346 0.559350 -0.818333
v 2.391035 0.556585 -0.672281
v 2.094718 0.842606 -0.707107
v 2.064116 0.916990 -0.529369
v 2.086483 1.038874 -0.378690
v 2.158414 1.189703 -0.278009
v 2.268960 1.346515 -0.242655
v 2.401289 1.485437 -0.278009
v 2.535257 1.585318 -0.378690
v 2.650468 1.630954 -0.529369
v 2.729381 1.615395 -0.707107
v 2.759984 1.541012 -0.884845
v 2.737617 1.419128 -1.035524
v 2.665685 1.268298 -1.136204
v 2.555140 1.111486 -1.171559
v 2.422810 0.972565 -1.136204
v 2.288842 0.872683 -1.035524
v 2.173632 0.827048 -0.884845
v 1.819772 1.012425 -0.866025
v 1.786793 1.068694 -0.682160
v 1.789705 1.185977 -0.526287
v 1.828064 1.346418 -0.422136
v 1.896031 1.525592 -0.385563
v 1.983258 1.696220 -0.422136
v 2.076465 1.832327 -0.526287
v 2.161464 1.913191 -0.682160
v 2.225313 1.926502 -0.866025
v 2.258292 1.870232 -1.049890
v 2.255380 1.752949 -1.205764
v 2.217021 1.592508 -1.309915
v 2.149054 1.413335 -1.346488
v 2.061827 1.242706 -1.309915
v 1.968620 1.106599 -1.205764
v 1.883621 1.025735 -1.049890
v 1.515110 1.104015 -0.965926
v 1.492489 1.146366 -0.776836
v 1.485812 1.257356 -0.616534
v 1.496098 1.420088 -0.509423
v 1.521779 1.609788 -0.471811
v 1.558947 1.797575 -0.509423
v 1.601942 1.954861 -0.616534
v 1.644219 2.057701 -0.776836
v 1.679342 2.090437 -0.965926
v 1.701964 2.048087 -1.155016
v 1.708640 1.937097 -1.315318
v 1.698355 1.774365 -1.422429
v 1.672674 1.584665 -1.460041
v 1.635506 1.396877 -1.422429
v 1.592511 1.239591 -1.315318
v 1.550233 1.136752 -1.155016
v 1.209308 1.119174 -1.000000
v 1.206900 1.157158 -0.808658
v 1.199722 1.265306 -0.646447
v 1.188868 1.427154 -0.538060
v 1.175989 1.618062 -0.500000
v 1.163046 1.808966 -0.538060
v 1.152010 1.970802 -0.646447
v 1.144561 2.078932 -0.808658
v 1.141833 2.116894 -1.000000
v 1.144241 2.078910 -1.191342
v 1.151419 1.970762 -1.353553
v 1.162273 1.808913 -1.461940
v 1.175152 1.618006 -1.500000
v 1.188095 1.427102 -1.461940
v 1.199131 1.265266 -1.353553
v 1.206580 1.157136 -1.191342
v 0.926719 1.070323 -0.965926
v 0.949470 1.116323 -0.777706
v 0.948017 1.228560 -0.618141
v 0.922579 1.389947 -0.511524
v 0.877031 1.575914 -0.474084
v 0.818306 1.758150 -0.511524
v 0.755345 1.908911 -0.618141
v 0.697733 2.005244 -0.777706
v 0.654240 2.032485 -0.965926
v 0.631489 1.986485 -1.154145
v 0.632943 1.874247 -1.313710
v 0.658380 1.712860 -1.420328
v 0.703928 1.526893 -1.457767
v 0.762653 1.344657 -1.420328
v 0.825614 1.193896 -1.313710
v 0.883226 1.097563 -1.154145
v 0.682263 0.976969 -0.866025
v 0.729725 1.042385 -0.688463
v 0.736660 1.166291 -0.537933
v 0.702013 1.329825 -0.437352
v 0.631059 1.508090 -0.402032
v 0.534599 1.673946 -0.437352
v 0.427319 1.802144 -0.537933
v 0.325551 1.873166 -0.688463
v 0.244788 1.876200 -0.866025
v 0.197326 1.810785 -1.043588
v 0.190391 1.686878 -1.194118
v 0.225038 1.523345 -1.294699
v 0.295992 1.345080 -1.330018
v 0.392452 1.179224 -1.294699
v 0.499732 1.051026 -1.194118
v 0.601500 0.980004 -1.043588
v 0.477334 0.859447 -0.707107
v 0.545807 0.950136 -0.548529
v 0.561977 1.090585 -0.414092
v 0.523382 1.259409 -0.324265
v 0.435898 1.430908 -0.292722
v 0.312844 1.578972 -0.324265
v 0.172953 1.681060 -0.414092
v 0.037523 1.721629 -0.548529
v -0.072828 1.694505 -0.707107
v -0.141301 1.603815 -0.865685
v -0.157471 1.463366 -1.000121
v -0.118876 1.294542 -1.089948
v -0.031392 1.123043 -1.121492
v 0.091662 0.974979 -1.089948
v 0.231553 0.872891 -1.000121
v 0.366983 0.832322 -0.865685
v 0.296077 0.731062 -0.500000
v 0.384043 0.842935 -0.366558
v 0.413542 0.999116 -0.253432
v 0.380083 1.175828 -0.177843
v 0.288760 1.346168 -0.151300
v 0.153476 1.484203 -0.177843
v -0.005174 1.568920 -0.253432
v -0.163036 1.587420 -0.366558
v -0.296077 1.536887 -0.500000
v -0.384043 1.425014 -0.633442
v -0.413542 1.268833 -0.746568
v -0.380083 1.092122 -0.822157
v -0.288760 0.921781 -0.848700
v -0.153476 0.783746 -0.822157
v 0.005174 0.699029 -0.746568
v 0.163036 0.680529 -0.633442
v 0.100195 0.595459 -0.258819
v 0.214083 0.710195 -0.149615
v 0.270752 0.872301 -0.057037
v 0.261573 1.057097 0.004822
v 0.187946 1.236449 0.026544
v 0.061078 1.383054 0.004822
v -0.099716 1.474591 -0.057037
v -0.269956 1.497126 -0.149615
v -0.423725 1.447227 -0.258819
v -0.537613 1.332491 -0.368023
v -0.594281 1.170385 -0.460601
v -0.585103 0.985590 -0.522460
v -0.511475 0.806237 -0.544182
v -0.384608 0.659632 -0.522460
v -0.223814 0.568095 -0.460601
v -0.053574 0.545560 -0.368023
v -0.155173 0.475313 -0.000000
v -0.010769 0.562011 0.098445
v 0.088229 0.707937 0.181902
v 0.126750 0.890876 0.237667
v 0.098929 1.082977 0.257249
v 0.009002 1.254994 0.237667
v -0.129340 1.380740 0.181902
v -0.295036 1.441070 0.098445
v -0.462861 1.426800 -0.000000
v -0.607265 1.340103 -0.098445
v -0.706263 1.194176 -0.181902
v -0.744784 1.011237 -0.237667
v -0.716963 0.819136 -0.257249
v -0.627036 0.647119 -0.237667
v -0.488694 0.521373 -0.181902
v -0.322998 0.461043 -0.098445
v -0.431893 0.422780 0.258819
v -0.278217 0.472527 0.368222
v -0.153655 0.590606 0.460969
v -0.077172 0.759040 0.522941
v -0.060411 0.952187 0.544703
v -0.105924 1.140642 0.522941
v -0.206782 1.295714 0.460969
v -0.347631 1.393795 0.368222
v -0.507026 1.419954 0.258819
v -0.660703 1.370207 0.149416
v -0.785264 1.252128 0.056669
v -0.861747 1.083694 -0.005303
v -0.878508 0.890547 -0.027065
v -0.832995 0.702092 -0.005303
v -0.732137 0.547020 0.056669
v -0.591289 0.448938 0.149416
v -0.669260 0.417412 0.500000
v -0.532180 0.454725 0.633705
v -0.415555 0.562477 0.747055
v -0.337139 0.724264 0.822793
v -0.308870 0.915454 0.849389
v -0.335052 1.106942 0.822793
v -0.411699 1.269574 0.747055
v -0.527142 1.378591 0.633705
v -0.663807 1.417397 0.500000
v -0.800887 1.380084 0.366295
v -0.917512 1.272332 0.252945
v -0.995929 1.110546 0.177207
v -1.024197 0.919355 0.150611
v -0.998015 0.727868 0.177207
v -0.921368 0.565236 0.252945
v -0.805925 0.456218 0.366295
v -0.890852 0.414760 0.707107
v -0.786011 0.457765 0.865912
v -0.700688 0.570261 1.000541
v -0.647872 0.735121 1.090497
v -0.635605 0.927245 1.122086
v -0.665753 1.117386 1.090497
v -0.733727 1.276596 1.000541
v -0.829178 1.380636 0.865912
v -0.937575 1.413667 0.707107
v -1.042416 1.370662 0.548301
v -1.127739 1.258166 0.413672
v -1.180555 1.093306 0.323716
v -1.192822 0.901182 0.292128
v -1.162674 0.711041 0.323716
v -1.094700 0.551831 0.413672
v -0.999249 0.447791 0.548301
v -1.125437 0.389499 0.866025
v -1.062325 0.439459 1.043736
v -1.022233 0.556743 1.194392
v -1.011263 0.723496 1.295057
v -1.031085 0.914330 1.330406
v -1.078683 1.100194 1.295057
v -1.146809 1.252790 1.194392
v -1.225092 1.348888 1.043736
v -1.301614 1.373857 0.866025
v -1.364726 1.323897 0.688315
v -1.404818 1.206612 0.537659
v -1.415788 1.039860 0.436994
v -1.395966 0.849025 0.401645
v -1.348368 0.663162 0.436994
v -1.280242 0.510566 0.537659
v -1.201959 0.414468 0.688315
v -1.377939 0.321534 0.965926
v -1.359195 0.369048 1.154211
v -1.369713 0.480721 1.313831
v -1.407892 0.639553 1.420486
v -1.467919 0.821361 1.457939
v -1.540656 0.998468 1.420486
v -1.615029 1.143911 1.313831
v -1.679716 1.235547 1.154211
v -1.724868 1.259425 0.965926
v -1.743612 1.211911 0.777641
v -1.733094 1.100238 0.618020
v -1.694915 0.941407 0.511365
v -1.634888 0.759598 0.473913
v -1.562151 0.582491 0.511365
v -1.487778 0.437049 0.618020
v -1.423091 0.345413 0.777641
v -1.635247 0.195207 1.000000
v -1.655697 0.227307 1.191342
v -1.713661 0.318892 1.353553
v -1.800315 0.456019 1.461940
v -1.902467 0.617810 1.500000
v -2.004565 0.779636 1.461940
v -2.091066 0.916860 1.353553
v -2.148800 1.008590 1.191342
v -2.168979 1.040861 1.000000
v -2.148529 1.008761 0.808658
v -2.090565 0.917176 0.646447
v -2.003911 0.780049 0.538060
v -1.901759 0.618258 0.500000
v -1.799661 0.456432 0.538060
v -1.713160 0.319208 0.646447
v -1.655426 0.227478 0.808658
v -1.873822 0.003475 0.965926
v -1.921679 0.009009 1.154974
v -2.016629 0.066966 1.315242
v -2.144217 0.168524 1.422329
v -2.285018 0.298221 1.459933
v -2.417596 0.436312 1.422329
v -2.521768 0.561774 1.315242
v -2.581675 0.655506 1.154974
v -2.588196 0.703239 0.965926
v -2.540339 0.697706 0.776877
v -2.445389 0.639748 0.616610
v -2.317802 0.538190 0.509523
v -2.177001 0.408493 0.471919
v -2.044422 0.270402 0.509523
v -1.940250 0.144940 0.616610
v -1.880343 0.051208 0.776877
v -2.066660 -0.249433 0.866025
v -2.126172 -0.276529 1.049831
v -2.242596 -0.261526 1.205653
v -2.398207 -0.206709 1.309771
v -2.569315 -0.120421 1.346332
v -2.729871 -0.015801 1.309771
v -2.855431 0.091225 1.205653
v -2.926879 0.184363 1.049831
v -2.933340 0.249433 0.866025
v -2.873828 0.276529 0.682220
v -2.757404 0.261526 0.526398
v -2.601793 0.206709 0.422280
v -2.430685 0.120421 0.385719
v -2.270129 0.015801 0.422280
v -2.144569 -0.091225 0.526398
v -2.073121 -0.184363 0.682220
v -2.189586 -0.548217 0.707107
v -2.244157 -0.607485 0.884785
v -2.364134 -0.638742 1.035413
v -2.531251 -0.637227 1.136059
v -2.720067 -0.603172 1.171402
v -2.901835 -0.541761 1.136059
v -3.048885 -0.462344 1.035413
v -3.138827 -0.377011 0.884785
v -3.157970 -0.298753 0.707107
v -3.103399 -0.239484 0.529429
v -2.983422 -0.208228 0.378801
v -2.816305 -0.209743 0.278154
v -2.627489 -0.243797 0.242812
v -2.445720 -0.305208 0.278154
v -2.298671 -0.384625 0.378801
v -2.208729 -0.469959 0.529429
v -2.226019 -0.869327 0.500000
v -2.261337 -0.953875 0.672234
v -2.367359 -1.028037 0.818246
v -2.527943 -1.080522 0.915809
v -2.718641 -1.103339 0.950068
v -2.910422 -1.093015 0.915809
v -3.074089 -1.051122 0.818246
v -3.184724 -0.984037 0.672234
v -3.225486 -0.901974 0.500000
v -3.190167 -0.817426 0.327766
v -3.084145 -0.743264 0.181754
v -2.923561 -0.690779 0.084191
v -2.732863 -0.667962 0.049932
v -2.541082 -0.678286 0.084191
v -2.377415 -0.720179 0.181754
v -2.266780 -0.787264 0.327766
v -2.169365 -1.185281 0.258819
v -2.176190 -1.283282 0.427370
v -2.254031 -1.390908 0.570261
v -2.391037 -1.491773 0.665737
v -2.566350 -1.570522 0.699264
v -2.753280 -1.615167 0.665737
v -2.923370 -1.618909 0.570261
v -3.050724 -1.581180 0.427370
v -3.115954 -1.507723 0.258819
v -3.109129 -1.409722 0.090268
v -3.031288 -1.302097 -0.052623
v -2.894282 -1.201231 -0.148099
v -2.718969 -1.122482 -0.181626
v -2.532038 -1.077838 -0.148099
v -2.361948 -1.074095 -0.052623
v -2.234595 -1.111824 0.090268
v -2.022987 -1.468852 0.000000
v -1.999012 -1.566364 0.167263
v -2.040202 -1.693866 0.309061
v -2.140286 -1.831947 0.403808
v -2.284027 -1.959586 0.437079
v -2.449543 -2.057351 0.403808
v -2.611634 -2.110358 0.309061
v -2.745624 -2.110536 0.167263
v -2.831114 -2.057860 0.000000
v -2.855090 -1.960348 -0.167263
v -2.813900 -1.832846 -0.309061
v -2.713816 -1.694764 -0.403808
v -2.570075 -1.567125 -0.437079
v -2.404559 -1.469361 -0.403808
v -2.242468 -1.416354 -0.309061
v -2.108478 -1.416175 -0.167263
v -1.798840 -1.696021 -0.258819
v -1.748920 -1.780580 -0.090242
v -1.752027 -1.913345 0.052670
v -1.807688 -2.074105 0.148161
v -1.907428 -2.238384 0.181693
v -2.036063 -2.381174 0.148161
v -2.174009 -2.480735 0.052670
v -2.300267 -2.521910 -0.090242
v -2.395613 -2.498431 -0.258819
v -2.445532 -2.413873 -0.427396
v -2.442425 -2.281107 -0.570308
v -2.386765 -2.120348 -0.665799
v -2.287025 -1.956068 -0.699331
v -2.158390 -1.813279 -0.665799
v -2.020443 -1.713718 -0.570308
v -1.894186 -1.672542 -0.427396
v -1.516025 -1.847940 -0.500000
v -1.450480 -1.911842 -0.327719
v -1.420578 -2.037678 -0.181667
v -1.430873 -2.206292 -0.084078
v -1.479796 -2.392013 -0.049809
v -1.559900 -2.566568 -0.084078
v -1.658990 -2.703381 -0.181667
v -1.761979 -2.781624 -0.327719
v -1.853190 -2.789386 -0.500000
v -1.918735 -2.725485 -0.672281
v -1.948637 -2.599648 -0.818333
v -1.938342 -2.431034 -0.915922
v -1.889419 -2.245313 -0.950191
v -1.809315 -2.070759 -0.915922
v -1.710225 -1.933946 -0.818333
v -1.607236 -1.855702 -0.672281
v -1.199391 -1.912927 -0.707107
v -1.130912 -1.955117 -0.529369
v -1.077365 -2.066870 -0.378690
v -1.046904 -2.231174 -0.278009
v -1.044165 -2.423015 -0.242655
v -1.069566 -2.613186 -0.278009
v -1.119239 -2.772736 -0.378690
v -1.185623 -2.877375 -0.529369
v -1.258610 -2.911172 -0.707107
v -1.327090 -2.868983 -0.884845
v -1.380636 -2.757229 -1.035524
v -1.411098 -2.592925 -1.136204
v -1.413836 -2.401085 -1.171559
v -1.388435 -2.210914 -1.136204
v -1.338762 -2.051363 -1.035524
v -1.272379 -1.946725 -0.884845
v -0.877138 -1.888704 -0.866025
v -0.817383 -1.914842 -0.682160
v -0.750802 -2.011438 -0.526287
v -0.687530 -2.163784 -0.422136
v -0.637201 -2.348688 -0.385563
v -0.607476 -2.538000 -0.422136
v -0.602881 -2.702899 -0.526287
v -0.624116 -2.818281 -0.682160
v -0.667947 -2.866579 -0.866025
v -0.727702 -2.840440 -1.049890
v -0.794283 -2.743845 -1.205764
v -0.857555 -2.591499 -1.309915
v -0.907884 -2.406594 -1.346488
v -0.937609 -2.217282 -1.309915
v -0.942204 -2.052383 -1.205764
v -0.920969 -1.937002 -1.049890
v -0.576826 -1.783727 -0.965926
v -0.533632 -1.804692 -0.776836
v -0.462992 -1.890561 -0.616534
v -0.375662 -2.028259 -0.509423
v -0.284936 -2.196825 -0.471811
v -0.204626 -2.370595 -0.509423
v -0.146959 -2.523114 -0.616534
v -0.120715 -2.631163 -0.776836
v -0.129888 -2.678292 -0.965926
v -0.173083 -2.657326 -1.155016
v -0.243722 -2.571458 -1.315318
v -0.331053 -2.433759 -1.422429
v -0.421779 -2.265194 -1.460041
v -0.502088 -2.091424 -1.422429
v -0.559755 -1.938905 -1.315318
v -0.585999 -1.830856 -1.155016
v -0.320517 -1.616244 -1.000000
v -0.296242 -1.645558 -0.808658
v -0.226867 -1.728833 -0.646447
v -0.122954 -1.853391 -0.538060
v -0.000322 -2.000269 -0.500000
v 0.122359 -2.147105 -0.538060
v 0.226412 -2.271547 -0.646447
v 0.295996 -2.354647 -0.808658
v 0.320517 -2.383756 -1.000000
v 0.296242 -2.354442 -1.191342
v 0.226867 -2.271167 -1.353553
v 0.122954 -2.146609 -1.461940
v 0.000322 -1.999731 -1.500000
v -0.122359 -1.852895 -1.461940
v -0.226412 -1.728453 -1.353553
v -0.295996 -1.645353 -1.191342
v -0.120611 -1.410621 -0.965926
v -0.111979 -1.461209 -0.777706
v -0.044832 -1.551156 -0.618141
v 0.070608 -1.666769 -0.511524
v 0.216766 -1.790448 -0.474084
v 0.371391 -1.903362 -0.511524
v 0.510943 -1.988322 -0.618141
v 0.614175 -2.032394 -0.777706
v 0.665373 -2.028867 -0.965926
v 0.656741 -1.978280 -1.154145
v 0.589594 -1.888332 -1.313710
v 0.474153 -1.772719 -1.420328
v 0.327995 -1.649041 -1.457767
v 0.173370 -1.536126 -1.420328
v 0.033819 -1.451166 -1.313710
v -0.069414 -1.407094 -1.154145
v 0.022286 -1.191409 -0.866025
v 0.022339 -1.272228 -0.688463
v 0.089558 -1.376547 -0.537933
v 0.213711 -1.488484 -0.437352
v 0.375895 -1.590997 -0.402032
v 0.551421 -1.668480 -0.437352
v 0.713565 -1.709137 -0.537933
v 0.837643 -1.706777 -0.688463
v 0.904765 -1.661761 -0.866025
v 0.904712 -1.580941 -1.043588
v 0.837493 -1.476622 -1.194118
v 0.713340 -1.364685 -1.294699
v 0.551156 -1.262172 -1.330018
v 0.375630 -1.184689 -1.294699
v 0.213486 -1.144033 -1.194118
v 0.089408 -1.146392 -1.043588
v 0.118999 -0.975877 -0.707107
v 0.116909 -1.089494 -0.548529
v 0.186381 -1.212623 -0.414092
v 0.316837 -1.326520 -0.324265
v 0.488418 -1.413843 -0.292722
v 0.675000 -1.461300 -0.324265
v 0.848180 -1.461665 -0.414092
v 0.981591 -1.414883 -0.548529
v 1.054924 -1.328076 -0.707107
v 1.057013 -1.214459 -0.865685
v 0.987542 -1.091329 -1.000121
v 0.857085 -0.977433 -1.089948
v 0.685505 -0.890109 -1.121492
v 0.498922 -0.842652 -1.089948
v 0.325743 -0.842287 -1.000121
v 0.192331 -0.889069 -0.865685
v 0.190176 -0.765472 -0.500000
v 0.184767 -0.907684 -0.366558
v 0.252703 -1.051376 -0.253432
v 0.383640 -1.174672 -0.177843
v 0.557646 -1.258802 -0.151300
v 0.748228 -1.290957 -0.177843
v 0.926374 -1.266242 -0.253432
v 1.064961 -1.188420 -0.366558
v 1.142891 -1.069338 -0.500000
v 1.148300 -0.927126 -0.633442
v 1.080364 -0.783434 -0.746568
v 0.949427 -0.660137 -0.822157
v 0.775421 -0.576008 -0.848700
v 0.584839 -0.543853 -0.822157
v 0.406693 -0.568568 -0.746568
v 0.268106 -0.646390 -0.633442
v 0.268943 -0.540630 -0.258819
v 0.244245 -0.700395 -0.149615
v 0.293683 -0.864850 -0.057037
v 0.409728 -1.008958 0.004822
v 0.574715 -1.110780 0.026544
v 0.763526 -1.154815 0.004822
v 0.947415 -1.134358 -0.057037
v 1.098387 -1.052524 -0.149615
v 1.193459 -0.921772 -0.258819
v 1.218156 -0.762007 -0.368023
v 1.168719 -0.597552 -0.460601
v 1.052673 -0.453444 -0.522460
v 0.887686 -0.351622 -0.544182
v 0.698876 -0.307587 -0.522460
v 0.514987 -0.328044 -0.460601
v 0.364014 -0.409878 -0.368023
v 0.404919 -0.293328 -0.000000
v 0.339054 -0.448346 0.098445
v 0.344736 -0.624593 0.181902
v 0.421101 -0.795235 0.237667
v 0.556522 -0.934296 0.257249
v 0.730384 -1.020603 0.237667
v 0.916217 -1.041018 0.181902
v 1.085729 -0.992432 0.098445
v 1.213115 -0.882242 -0.000000
v 1.278980 -0.727224 -0.098445
v 1.273298 -0.550978 -0.181902
v 1.196933 -0.380335 -0.237667
v 1.061512 -0.241275 -0.257249
v 0.887650 -0.154967 -0.237667
v 0.701817 -0.134553 -0.181902
v 0.532305 -0.183139 -0.098445
v 0.597913 -0.088176 0.258819
v 0.502827 -0.218751 0.368222
v 0.471459 -0.387494 0.460969
v 0.508586 -0.568716 0.522941
v 0.608555 -0.734827 0.544703
v 0.756147 -0.860538 0.522941
v 0.928892 -0.926711 0.460969
v 1.100491 -0.923272 0.368222
v 1.244821 -0.850744 0.258819
v 1.339907 -0.720169 0.149416
v 1.371274 -0.551426 0.056669
v 1.334147 -0.370204 -0.005303
v 1.234178 -0.204093 -0.027065
v 1.086587 -0.078382 -0.005303
v 0.913842 -0.012209 0.056669
v 0.742242 -0.015648 0.149416
v 0.786791 0.055688 0.500000
v 0.697824 -0.055073 0.633705
v 0.666807 -0.210797 0.747055
v 0.698462 -0.387777 0.822793
v 0.787971 -0.559069 0.849389
v 0.921707 -0.698596 0.822793
v 1.079308 -0.785116 0.747055
v 1.236783 -0.805457 0.633705
v 1.370156 -0.756523 0.500000
v 1.459124 -0.645762 0.366295
v 1.490141 -0.490038 0.252945
v 1.458485 -0.313058 0.177207
v 1.368977 -0.141766 0.150611
v 1.235241 -0.002239 0.177207
v 1.077640 0.084281 0.252945
v 0.920165 0.104622 0.366295
v 0.964504 0.188082 0.707107
v 0.904964 0.091666 0.865912
v 0.902060 -0.049497 1.000541
v 0.956233 -0.213915 1.090497
v 1.059236 -0.376558 1.122086
v 1.195389 -0.512665 1.090497
v 1.343962 -0.601514 1.000541
v 1.482337 -0.629579 0.865912
v 1.589447 -0.592588 0.707107
v 1.648987 -0.496172 0.548301
v 1.651891 -0.355009 0.413672
v 1.597718 -0.190591 0.323716
v 1.494715 -0.027948 0.292128
v 1.358563 0.108159 0.323716
v 1.209990 0.197008 0.413672
v 1.071614 0.225073 0.548301
v 1.139439 0.346404 0.866025
v 1.117747 0.268889 1.043736
v 1.154249 0.150438 1.194392
v 1.243389 0.009085 1.295057
v 1.371595 -0.133652 1.330406
v 1.519350 -0.256042 1.295057
v 1.664159 -0.339451 1.194392
v 1.783976 -0.371182 1.043736
v 1.860561 -0.346404 0.866025
v 1.882253 -0.268889 0.688315
v 1.845751 -0.150438 0.537659
v 1.756611 -0.009085 0.436994
v 1.628405 0.133652 0.401645
v 1.480650 0.256042 0.436994
v 1.335841 0.339451 0.537659
v 1.216024 0.371182 0.688315
v 1.303769 0.549806 0.965926
v 1.316533 0.500348 1.154211
v 1.390682 0.416185 1.313831
v 1.514928 0.310129 1.420486
v 1.670355 0.198326 1.457939
v 1.833302 0.097797 1.420486
v 1.978960 0.023847 1.313831
v 2.085155 -0.012266 1.154211
v 2.135719 -0.005044 0.965926
v 2.122956 0.044413 0.777641
v 2.048806 0.128576 0.618020
v 1.924560 0.234632 0.511365
v 1.769133 0.346435 0.473913
v 1.606187 0.446964 0.511365
v 1.460528 0.520914 0.618020
v 1.354333 0.557027 0.777641
v 1.437683 0.803249 1.000000
v 1.473095 0.789299 1.191342
v 1.573821 0.749276 1.353553
v 1.724527 0.689272 1.461940
v 1.902268 0.618423 1.500000
v 2.079986 0.547515 1.461940
v 2.230625 0.487343 1.353553
v 2.331250 0.447067 1.191342
v 2.366543 0.432819 1.000000
v 2.331131 0.446769 0.808658
v 2.230405 0.486792 0.646447
v 2.079699 0.546796 0.538060
v 1.901958 0.617645 0.500000
v 1.724240 0.688553 0.538060
v 1.573601 0.748725 0.646447
v 1.472976 0.789001 0.808658
v 1.517997 1.098593 0.965926
v 1.559967 1.122247 1.154974
v 1.670849 1.131168 1.315242
v 1.833764 1.124000 1.422329
v 2.023908 1.101834 1.459933
v 2.212334 1.068043 1.422329
v 2.370356 1.027774 1.315242
v 2.473916 0.987155 1.154974
v 2.507248 0.952371 0.965926
v 2.465278 0.928718 0.776877
v 2.354396 0.919797 0.616610
v 2.191481 0.926965 0.509523
v 2.001337 0.949131 0.471919
v 1.812911 0.982921 0.509523
v 1.654889 1.023191 0.616610
v 1.551329 1.063810 0.776877
v 1.525350 1.416548 0.866025
v 1.557570 1.473449 1.049831
v 1.660577 1.529744 1.205653
v 1.818690 1.576862 1.309771
v 2.007838 1.607629 1.346332
v 2.199224 1.617361 1.309771
v 2.363713 1.604578 1.205653
v 2.476261 1.571224 1.049831
v 2.519735 1.522378 0.866025
v 2.487515 1.465477 0.682220
v 2.384508 1.409182 0.526398
v 2.226395 1.362065 0.422280
v 2.037247 1.331298 0.385719
v 1.845861 1.321565 0.422280
v 1.681372 1.334349 0.526398
v 1.568824 1.367702 0.682220
v 1.449178 1.730523 0.707107
v 1.458490 1.810548 0.884785
v 1.537181 1.906356 1.035413
v 1.673272 2.003359 1.136059
v 1.846045 2.086792 1.171402
v 2.029195 2.143950 1.136059
v 2.194840 2.166134 1.035413
v 2.317763 2.149965 0.884785
v 2.379249 2.097904 0.707107
v 2.369937 2.017879 0.529429
v 2.291246 1.922071 0.378801
v 2.155155 1.825068 0.278154
v 1.982383 1.741635 0.242812
v 1.799232 1.684477 0.278154
v 1.633587 1.662293 0.378801
v 1.510664 1.678463 0.529429
v 1.289909 2.011721 0.500000
v 1.268787 2.100882 0.672234
v 1.310969 2.223198 0.818246
v 1.410034 2.360048 0.915809
v 1.550901 2.490597 0.950068
v 1.712123 2.594971 0.915809
v 1.869156 2.657280 0.818246
v 1.998094 2.668037 0.672234
v 2.079306 2.625605 0.500000
v 2.100428 2.536444 0.327766
v 2.058246 2.414128 0.181754
v 1.959181 2.277278 0.084191
v 1.818314 2.146729 0.049932
v 1.657092 2.042355 0.084191
v 1.500059 1.980047 0.181754
v 1.371121 1.969289 0.327766
v 1.058362 2.234033 0.258819
v 1.006280 2.317329 0.427370
v 1.005994 2.450154 0.570261
v 1.057547 2.612286 0.665737
v 1.153091 2.779042 0.699264
v 1.278080 2.925035 0.665737
v 1.413485 3.028039 0.570261
v 1.538693 3.072372 0.427370
v 1.634642 3.051286 0.258819
v 1.686724 2.967989 0.090268
v 1.687010 2.835165 -0.052623
v 1.635457 2.673033 -0.148099
v 1.539914 2.506277 -0.181626
v 1.414925 2.360284 -0.148099
v 1.279519 2.257280 -0.052623
v 1.154311 2.212946 0.090268
v 0.773262 2.377408 0.000000
v 0.696549 2.442205 0.167263
v 0.654929 2.569567 0.309061
v 0.654736 2.740105 0.403808
v 0.696001 2.927856 0.437079
v 0.772441 3.104237 0.403808
v 0.872419 3.242395 0.309061
v 0.980714 3.321297 0.167263
v 1.080840 3.328931 0.000000
v 1.157553 3.264135 -0.167263
v 1.199173 3.136772 -0.309061
v 1.199366 2.966234 -0.403808
v 1.158101 2.778483 -0.437079
v 1.081661 2.602102 -0.403808
v 0.981683 2.463944 -0.309061
v 0.873387 2.385042 -0.167263
v 0.458396 2.429441 -0.258819
v 0.368308 2.468509 -0.090242
v 0.292784 2.577745 0.052670
v 0.243322 2.740518 0.148161
v 0.227452 2.932049 0.181693
v 0.247590 3.123178 0.148161
v 0.300671 3.284807 0.052670
v 0.378613 3.392331 -0.090242
v 0.469550 3.429379 -0.258819
v 0.559638 3.390312 -0.427396
v 0.635162 3.281076 -0.570308
v 0.684624 3.118303 -0.665799
v 0.700494 2.926772 -0.699331
v 0.680356 2.735643 -0.665799
v 0.627275 2.574013 -0.570308
v 0.549333 2.466490 -0.427396
v 0.140298 2.386112 -0.500000
v 0.049710 2.399283 -0.327719
v -0.048445 2.483511 -0.181667
v -0.139226 2.625974 -0.084078
v -0.208810 2.804982 -0.049809
v -0.246605 2.993283 -0.084078
v -0.246857 3.162211 -0.181667
v -0.209527 3.286047 -0.327719
v -0.140298 3.345938 -0.500000
v -0.049710 3.332768 -0.672281
v 0.048445 3.248540 -0.818333
v 0.139226 3.106077 -0.915922
v 0.208810 2.927069 -0.950191
v 0.246605 2.738768 -0.915922
v 0.246857 2.569840 -0.818333
v 0.209527 2.446004 -0.672281
v -0.154063 2.252575 -0.707107
v -0.234262 2.246456 -0.529369
v -0.343269 2.305393 -0.378690
v -0.464488 2.420413 -0.278009
v -0.579465 2.574005 -0.242655
v -0.670695 2.742787 -0.278009
v -0.724290 2.901063 -0.378690
v -0.732090 3.024737 -0.529369
v -0.692907 3.094980 -0.707107
v -0.612707 3.101100 -0.884845
v -0.503700 3.042163 -1.035524
v -0.382481 2.927143 -1.136204
v -0.267505 2.773550 -1.171559
v -0.176275 2.604768 -1.136204
v -0.122680 2.446493 -1.035524
v -0.114880 2.322819 -0.884845
v -0.400533 2.043563 -0.866025
v -0.464239 2.029586 -0.682160
v -0.574882 2.068597 -0.526287
v -0.715617 2.154658 -0.422136
v -0.865018 2.274666 -0.385563
v -1.000341 2.410351 -0.422136
v -1.100983 2.541056 -0.526287
v -1.151624 2.646883 -0.682160
v -1.144552 2.711720 -0.866025
v -1.080846 2.725697 -1.049890
v -0.970203 2.686685 -1.205764
v -0.829468 2.600624 -1.309915
v -0.680067 2.480617 -1.346488
v -0.544744 2.344932 -1.309915
v -0.444102 2.214226 -1.205764
v -0.393461 2.108400 -1.049890
v -0.581786 1.782115 -0.965926
v -0.629054 1.773687 -0.776836
v -0.736675 1.801636 -0.616534
v -0.888264 1.861705 -0.509423
v -1.060744 1.944750 -0.471811
v -1.227855 2.038127 -0.509423
v -1.364156 2.127623 -0.616534
v -1.448898 2.199610 -0.776836
v -1.469179 2.243130 -0.965926
v -1.421910 2.251558 -1.155016
v -1.314290 2.223609 -1.315318
v -1.162701 2.163540 -1.422429
v -0.990221 2.080495 -1.460041
v -0.823110 1.987118 -1.422429
v -0.686808 1.897622 -1.315318
v -0.602067 1.825635 -1.155016
v -0.690701 1.495964 -1.000000
v -0.727570 1.505412 -0.808658
v -0.832643 1.532005 -0.646447
v -0.989924 1.571695 -0.538060
v -1.175468 1.618440 -0.500000
v -1.361028 1.665124 -0.538060
v -1.518353 1.704638 -0.646447
v -1.623493 1.730968 -0.808658
v -1.660441 1.740104 -1.000000
v -1.623571 1.730656 -1.191342
v -1.518498 1.704063 -1.353553
v -1.361217 1.664373 -1.461940
v -1.175673 1.617628 -1.500000
v -0.990113 1.570944 -1.461940
v -0.832788 1.531430 -1.353553
v -0.727648 1.505100 -1.191342
v -0.731565 1.212110 -0.965926
v -0.768284 1.247962 -0.777706
v -0.875477 1.281263 -0.618141
v -1.036825 1.306942 -0.511524
v -1.227766 1.321091 -0.474084
v -1.419230 1.321554 -0.511524
v -1.582068 1.308262 -0.618141
v -1.691489 1.283238 -0.777706
v -1.730836 1.250292 -0.965926
v -1.694118 1.214439 -1.154145
v -1.586925 1.181139 -1.313710
v -1.425576 1.155459 -1.420328
v -1.234636 1.141311 -1.457767
v -1.043172 1.140848 -1.420328
v -0.880334 1.154140 -1.313710
v -0.770912 1.179164 -1.154145
v -0.718322 0.950770 -0.866025
v -0.765870 1.016124 -0.688463
v -0.881568 1.061009 -0.537933
v -1.047805 1.078593 -0.437352
v -1.239270 1.066198 -0.402032
v -1.426817 1.025712 -0.437352
v -1.581891 0.963298 -0.537933
v -1.680886 0.888458 -0.688463
v -1.708729 0.812585 -0.866025
v -1.661181 0.747232 -1.043588
v -1.545483 0.702347 -1.194118
v -1.379246 0.684763 -1.294699
v -1.187781 0.697158 -1.330018
v -1.000234 0.737644 -1.294699
v -0.845160 0.800058 -1.194118
v -0.746165 0.874898 -1.043588
v -0.669878 0.719555 -0.707107
v -0.734970 0.812701 -0.548529
v -0.863547 0.871481 -0.414092
v -1.036035 0.886945 -0.324265
v -1.226175 0.856739 -0.292722
v -1.405018 0.785462 -0.324265
v -1.545337 0.683965 -0.414092
v -1.625772 0.567700 -0.548529
v -1.634075 0.454367 -0.707107
v -1.568983 0.361221 -0.865685
v -1.440405 0.302442 -1.000121
v -1.267917 0.286978 -1.089948
v -1.077778 0.317184 -1.121492
v -0.898935 0.388461 -1.089948
v -0.758615 0.489958 -1.000121
v -0.678181 0.606223 -0.865685
v -0.603789 0.507497 -0.500000
v -0.683003 0.625728 -0.366558
v -0.822424 0.702046 -0.253432
v -1.000826 0.724832 -0.177843
v -1.191050 0.690616 -0.151300
v -1.364135 0.604608 -0.177843
v -1.493730 0.479902 -0.253432
v -1.560107 0.335483 -0.366558
v -1.553159 0.193338 -0.500000
v -1.473945 0.075107 -0.633442
v -1.334524 -0.001211 -0.746568
v -1.156122 -0.023997 -0.822157
v -0.965898 0.010219 -0.848700
v -0.792813 0.096227 -0.822157
v -0.663218 0.220933 -0.746568
v -0.596841 0.365351 -0.633442
v -0.535353 0.279298 -0.258819
v -0.609281 0.423068 -0.149615
v -0.745940 0.527056 -0.057037
v -0.924528 0.575432 0.004822
v -1.117855 0.560831 0.026544
v -1.296488 0.485476 0.004822
v -1.433234 0.360838 -0.057037
v -1.507272 0.205894 -0.149615
v -1.507333 0.044231 -0.258819
v -1.433405 -0.099538 -0.368023
v -1.296746 -0.203526 -0.460601
v -1.118158 -0.251902 -0.522460
v -0.924831 -0.237301 -0.544182
v -0.746198 -0.161946 -0.522460
v -0.609452 -0.037309 -0.460601
v -0.535414 0.117636 -0.368023
v -0.500000 -0.000698 -0.000000
v -0.537832 0.163429 0.098445
v -0.646024 0.302675 0.181902
v -0.808105 0.395842 0.237667
v -0.999401 0.428745 0.257249
v -1.190788 0.396376 0.237667
v -1.353130 0.303662 0.181902
v -1.461710 0.164719 0.098445
v -1.500000 0.000698 -0.000000
v -1.462168 -0.163429 -0.098445
v -1.353976 -0.302675 -0.181902
v -1.191895 -0.395842 -0.237667
v -1.000599 -0.428745 -0.257249
v -0.809212 -0.396376 -0.237667
v -0.646870 -0.303662 -0.181902
v -0.538290 -0.164719 -0.098445
v -0.535550 -0.280109 0.258819
v -0.535374 -0.118581 0.368222
v -0.609182 0.036372 0.460969
v -0.745738 0.161161 0.522941
v -0.924252 0.236787 0.544703
v -1.117547 0.251738 0.522941
v -1.296197 0.203736 0.460969
v -1.433002 0.100090 0.368222
v -1.507136 -0.043421 0.258819
v -1.507312 -0.204949 0.149416
v -1.433504 -0.359902 0.056669
v -1.296948 -0.484691 -0.005303
v -1.118434 -0.560317 -0.027065
v -0.925139 -0.575267 -0.005303
v -0.746489 -0.527266 0.056669
v -0.609684 -0.423620 0.149416
v -0.603795 -0.507517 0.500000
v -0.596922 -0.365616 0.633705
v -0.663361 -0.221401 0.747055
v -0.792997 -0.096828 0.822793
v -0.966095 -0.010862 0.849389
v -1.156301 0.023411 0.822793
v -1.334658 0.000771 0.747055
v -1.474014 -0.075334 0.633705
v -1.553153 -0.193318 0.500000
v -1.560025 -0.335219 0.366295
v -1.493586 -0.479434 0.252945
v -1.363950 -0.604007 0.177207
v -1.190853 -0.689973 0.150611
v -1.000647 -0.724245 0.177207
v -0.822290 -0.701606 0.252945
v -0.682934 -0.625501 0.366295
v -0.669748 -0.719083 0.707107
v -0.678252 -0.606084 0.865912
v -0.758875 -0.490174 1.000541
v -0.899345 -0.388999 1.090497
v -1.078276 -0.317962 1.122086
v -1.268426 -0.287877 1.090497
v -1.440849 -0.303326 1.000541
v -1.569293 -0.361955 0.865912
v -1.634204 -0.454840 0.707107
v -1.625701 -0.567839 0.548301
v -1.545077 -0.683749 0.413672
v -1.404608 -0.784924 0.323716
v -1.225677 -0.855961 0.292128
v -1.035526 -0.886045 0.323716
v -0.863104 -0.870597 0.413672
v -0.734660 -0.811967 0.548301
v -0.718214 -0.949992 0.866025
v -0.746227 -0.874531 1.043736
v -0.845382 -0.800158 1.194392
v -1.000583 -0.738195 1.295057
v -1.188203 -0.698077 1.330406
v -1.379678 -0.685910 1.295057
v -1.545857 -0.703547 1.194392
v -1.661443 -0.748302 1.043736
v -1.708837 -0.813363 0.866025
v -1.680824 -0.888825 0.688315
v -1.581669 -0.963198 0.537659
v -1.426468 -1.025160 0.436994
v -1.238848 -1.065279 0.401645
v -1.047373 -1.077446 0.436994
v -0.881194 -1.059809 0.537659
v -0.765608 -1.015053 0.688315
v -0.731604 -1.211138 0.965926
v -0.771000 -1.178629 1.154211
v -0.880458 -1.154123 1.313831
v -1.043313 -1.141352 1.420486
v -1.234773 -1.142259 1.457939
v -1.425688 -1.156707 1.420486
v -1.586995 -1.182496 1.313831
v -1.694135 -1.215700 1.154211
v -1.730798 -1.251264 0.965926
v -1.691402 -1.283773 0.777641
v -1.581944 -1.308278 0.618020
v -1.419089 -1.321050 0.511365
v -1.227629 -1.320142 0.473913
v -1.036713 -1.305694 0.511365
v -0.875407 -1.279905 0.618020
v -0.768266 -1.246702 0.777641
v -0.690972 -1.494891 1.000000
v -0.727820 -1.504420 1.191342
v -0.832835 -1.531245 1.353553
v -0.990027 -1.571284 1.461940
v -1.175467 -1.618440 1.500000
v -1.360923 -1.665534 1.461940
v -1.518160 -1.705397 1.353553
v -1.623242 -1.731959 1.191342
v -1.660169 -1.741177 1.000000
v -1.623321 -1.731648 0.808658
v -1.518306 -1.704823 0.646447
v -1.361114 -1.664784 0.538060
v -1.175674 -1.617628 0.500000
v -0.990218 -1.570534 0.538060
v -0.832981 -1.530671 0.646447
v -0.727899 -1.504109 0.808658
v -0.582348 -1.781037 0.965926
v -0.602399 -1.824842 1.154974
v -0.686861 -1.897235 1.315242
v -0.822875 -1.987195 1.422329
v -0.989734 -2.081025 1.459933
v -1.162036 -2.164443 1.422329
v -1.313548 -2.224747 1.315242
v -1.421205 -2.252756 1.154974
v -1.468617 -2.244208 0.965926
v -1.448565 -2.200403 0.776877
v -1.364103 -2.128010 0.616610
v -1.228089 -2.038050 0.509523
v -1.061230 -1.944220 0.471919
v -0.888929 -1.860802 0.509523
v -0.737417 -1.800499 0.616610
v -0.629760 -1.772489 0.776877
v -0.401408 -2.042590 0.866025
v -0.394028 -2.107562 1.049831
v -0.444274 -2.213652 1.205653
v -0.544495 -2.344707 1.309771
v -0.679435 -2.480776 1.346332
v -0.828549 -2.601144 1.309771
v -0.969137 -2.687486 1.205653
v -1.079795 -2.726657 1.049831
v -1.143677 -2.712693 0.866025
v -1.151056 -2.647720 0.682220
v -1.100811 -2.541631 0.526398
v -1.000590 -2.410576 0.422280
v -0.865650 -2.274506 0.385719
v -0.716536 -2.154138 0.422280
v -0.575948 -2.067797 0.526398
v -0.465290 -2.028626 0.682220
v -0.155234 -2.251828 0.707107
v -0.115730 -2.322043 0.884785
v -0.123078 -2.445807 1.035413
v -0.176161 -2.604277 1.136059
v -0.266896 -2.773328 1.171402
v -0.381471 -2.927223 1.136059
v -0.502442 -3.042534 1.035413
v -0.611392 -3.101705 0.884785
v -0.691735 -3.095728 0.707107
v -0.731240 -3.025513 0.529429
v -0.723892 -2.901749 0.378801
v -0.670809 -2.743279 0.278154
v -0.580074 -2.574228 0.242812
v -0.465499 -2.420333 0.278154
v -0.344528 -2.305022 0.378801
v -0.235578 -2.245851 0.529429
v 0.138901 -2.385706 0.500000
v 0.208398 -2.445423 0.672234
v 0.246167 -2.569173 0.818246
v 0.246460 -2.738116 0.915809
v 0.209231 -2.926532 0.950068
v 0.140149 -3.105736 0.915809
v 0.049731 -3.248447 0.818246
v -0.048259 -3.332937 0.672234
v -0.138901 -3.346344 0.500000
v -0.208398 -3.286627 0.327766
v -0.246167 -3.162878 0.181754
v -0.246460 -2.993935 0.084191
v -0.209231 -2.805519 0.049932
v -0.140149 -2.626314 0.084191
v -0.049731 -2.483604 0.181754
v 0.048259 -2.399114 0.327766
v 0.456898 -2.429460 0.258819
v 0.547994 -2.466235 0.427370
v 0.626298 -2.573525 0.570261
v 0.679890 -2.734994 0.665737
v 0.700610 -2.926062 0.699264
v 0.685304 -3.117639 0.665737
v 0.636303 -3.280561 0.570261
v 0.561066 -3.390022 0.427370
v 0.471048 -3.429360 0.258819
v 0.379952 -3.392585 0.090268
v 0.301648 -3.285296 -0.052623
v 0.248056 -3.123827 -0.148099
v 0.227336 -2.932759 -0.181626
v 0.242642 -2.741181 -0.148099
v 0.291643 -2.578260 -0.052623
v 0.366880 -2.468798 0.090268
v 0.771823 -2.377876 0.000000
v 0.871972 -2.385207 0.167263
v 0.980505 -2.463781 0.309061
v 1.080901 -2.601636 0.403808
v 1.157874 -2.777784 0.437079
v 1.199707 -2.965410 0.403808
v 1.200030 -3.135948 0.309061
v 1.158795 -3.263435 0.167263
v 1.082279 -3.328464 0.000000
v 0.982130 -3.321133 -0.167263
v 0.873597 -3.242559 -0.309061
v 0.773201 -3.104703 -0.403808
v 0.696228 -2.928555 -0.437079
v 0.654395 -2.740929 -0.403808
v 0.654072 -2.570391 -0.309061
v 0.695307 -2.442904 -0.167263
v 1.057140 -2.234898 -0.258819
v 1.152986 -2.213552 -0.090242
v 1.278293 -2.257533 0.052670
v 1.413985 -2.360147 0.148161
v 1.539402 -2.505770 0.181693
v 1.635453 -2.672234 0.148161
v 1.687513 -2.834195 0.052670
v 1.687658 -2.966997 -0.090242
v 1.635864 -3.050421 -0.258819
v 1.540018 -3.071767 -0.427396
v 1.414711 -3.027785 -0.570308
v 1.279020 -2.925172 -0.665799
v 1.153602 -2.779548 -0.699331
v 1.057551 -2.613085 -0.665799
v 1.005491 -2.451123 -0.570308
v 1.005347 -2.318322 -0.427396
v 1.289018 -2.012871 -0.500000
v 1.370047 -1.970280 -0.327719
v 1.498964 -1.980727 -0.181667
v 1.656144 -2.042623 -0.084078
v 1.817658 -2.146542 -0.049809
v 1.958915 -2.276666 -0.084078
v 2.058412 -2.413183 -0.181667
v 2.101000 -2.535311 -0.327719
v 2.080197 -2.624456 -0.500000
v 1.999168 -2.667047 -0.672281
v 1.870251 -2.656599 -0.818333
v 1.713070 -2.594704 -0.915922
v 1.551557 -2.490784 -0.950191
v 1.410300 -2.360660 -0.915922
v 1.310803 -2.224143 -0.818333
v 1.268214 -2.102015 -0.672281
v 1.448670 -1.731816 -0.707107
v 1.509956 -1.679725 -0.529369
v 1.632786 -1.663333 -0.378690
v 1.798462 -1.685136 -0.278009
v 1.981759 -1.741813 -0.242655
v 2.154774 -1.824737 -0.278009
v 2.291165 -1.921283 -0.378690
v 2.370169 -2.016752 -0.529369
v 2.379757 -2.096611 -0.707107
v 2.318471 -2.148702 -0.884845
v 2.195641 -2.165094 -1.035524
v 2.029965 -2.143292 -1.136204
v 1.846668 -2.086614 -1.171559
v 1.673654 -2.003690 -1.136204
v 1.537262 -1.907145 -1.035524
v 1.458259 -1.811675 -0.884845
v 1.525214 -1.417850 -0.866025
v 1.568538 -1.369097 -0.682160
v 1.680980 -1.335623 -0.526287
v 1.845422 -1.322526 -0.422136
v 2.036830 -1.331799 -0.385563
v 2.226062 -1.362029 -0.422136
v 2.384310 -1.408616 -0.526287
v 2.487482 -1.464466 -0.682160
v 2.519871 -1.521077 -0.866025
v 2.476547 -1.569830 -1.049890
v 2.364105 -1.603303 -1.205764
v 2.199663 -1.616400 -1.309915
v 2.008255 -1.607128 -1.346488
v 1.819023 -1.576897 -1.309915
v 1.660775 -1.530310 -1.205764
v 1.557603 -1.474460 -1.049890
v 1.518176 -1.099796 -0.965926
v 1.551463 -1.065194 -0.776836
v 1.654958 -1.024547 -0.616534
v 1.812903 -0.984042 -0.509423
v 2.001255 -0.949846 -0.471811
v 2.191337 -0.927165 -0.509423
v 2.354211 -0.919452 -0.616534
v 2.465081 -0.927881 -0.776836
v 2.507069 -0.951169 -0.965926
v 2.473782 -0.985770 -1.155016
v 2.370287 -1.026418 -1.315318
v 2.212342 -1.066923 -1.422429
v 2.023990 -1.101119 -1.460041
v 1.833909 -1.123800 -1.422429
v 1.671034 -1.131513 -1.315318
v 1.560164 -1.123084 -1.155016
v 1.438094 -0.804277 -1.000000
v 1.473475 -0.790249 -0.808658
v 1.574112 -0.750003 -0.646447
v 1.724685 -0.689665 -0.538060
v 1.902269 -0.618423 -0.500000
v 2.079830 -0.547121 -0.538060
v 2.230334 -0.486616 -0.646447
v 2.330870 -0.446117 -0.808658
v 2.366132 -0.431791 -1.000000
v 2.330751 -0.445819 -1.191342
v 2.230114 -0.486065 -1.353553
v 2.079541 -0.546403 -1.461940
v 1.901957 -0.617645 -1.500000
v 1.724396 -0.688947 -1.461940
v 1.573892 -0.749452 -1.353553
v 1.473356 -0.789951 -1.191342
v 1.304309 -0.550614 -0.965926
v 1.355088 -0.558037 -0.777706
v 1.461383 -0.521971 -0.618141
v 1.607011 -0.447908 -0.511524
v 1.769801 -0.347122 -0.474084
v 1.924971 -0.234957 -0.511524
v 2.048897 -0.128490 -0.618141
v 2.122712 -0.043929 -0.777706
v 2.135179 0.005853 -0.965926
v 2.084400 0.013276 -1.154145
v 1.978105 -0.022790 -1.313710
v 1.832477 -0.096854 -1.420328
v 1.669687 -0.197640 -1.457767
v 1.514517 -0.309804 -1.420328
v 1.390592 -0.416271 -1.313710
v 1.316776 -0.500833 -1.154145
v 1.139984 -0.346970 -0.866025
v 1.216864 -0.371895 -0.688463
v 1.336849 -0.340202 -0.537933
v 1.481673 -0.256716 -0.437352
v 1.629286 -0.134148 -0.402032
v 1.757217 0.008844 -0.437352
v 1.845989 0.150488 -0.537933
v 1.882087 0.269223 -0.688463
v 1.860016 0.346970 -0.866025
v 1.783136 0.371895 -1.043588
v 1.663151 0.340202 -1.194118
v 1.518327 0.256716 -1.294699
v 1.370714 0.134148 -1.330018
v 1.242783 -0.008844 -1.294699
v 1.154011 -0.150488 -1.194118
v 1.117913 -0.269223 -1.043588
v 0.964887 -0.188388 -0.707107
v 1.072297 -0.225485 -0.548529
v 1.210868 -0.197462 -0.414092
v 1.359503 -0.108587 -0.324265
v 1.495574 0.027611 -0.292722
v 1.598366 0.190397 -0.324265
v 1.652228 0.354988 -0.414092
v 1.648962 0.496326 -0.548529
v 1.589065 0.592894 -0.707107
v 1.481654 0.629991 -0.865685
v 1.343083 0.601968 -1.000121
v 1.194448 0.513093 -1.089948
v 1.058377 0.376895 -1.121492
v 0.955585 0.214109 -1.089948
v 0.901723 0.049519 -1.000121
v 0.904989 -0.091820 -0.865685
v 0.786774 -0.055675 -0.500000
v 0.920355 -0.104766 -0.366558
v 1.078007 -0.084558 -0.253432
v 1.235731 0.001870 -0.177843
v 1.369513 0.141362 -0.151300
v 1.458988 0.312680 -0.177843
v 1.490533 0.489744 -0.253432
v 1.459345 0.645596 -0.366558
v 1.370173 0.756510 -0.500000
v 1.236593 0.805600 -0.633442
v 1.078941 0.785393 -0.746568
v 0.921217 0.698965 -0.822157
v 0.787434 0.559473 -0.848700
v 0.697960 0.388155 -0.822157
v 0.666415 0.211091 -0.746568
v 0.697603 0.055239 -0.633442
v 0.597277 0.088716 -0.258819
v 0.741591 0.015857 -0.149615
v 0.913274 0.012056 -0.057037
v 1.086189 0.077890 0.004822
v 1.234011 0.203337 0.026544
v 1.334236 0.369299 0.004822
v 1.371606 0.550509 -0.057037
v 1.340430 0.719381 -0.149615
v 1.245456 0.850204 -0.258819
v 1.101142 0.923062 -0.368023
v 0.929460 0.926864 -0.460601
v 0.756545 0.861030 -0.522460
v 0.608722 0.735583 -0.544182
v 0.508497 0.569621 -0.522460
v 0.471128 0.388411 -0.460601
v 0.502303 0.219539 -0.368023
v 0.404099 0.294458 -0.000000
v 0.531176 0.183913 0.098445
v 0.700552 0.134854 0.181902
v 0.886441 0.154750 0.237667
v 1.060543 0.240571 0.257249
v 1.196352 0.379253 0.237667
v 1.273193 0.549682 0.181902
v 1.279368 0.725911 0.098445
v 1.213935 0.881113 -0.000000
v 1.086858 0.991658 -0.098445
v 0.917482 1.040717 -0.181902
v 0.731593 1.020821 -0.237667
v 0.557491 0.934999 -0.257249
v 0.421682 0.796318 -0.237667
v 0.344841 0.625889 -0.181902
v 0.338666 0.449659 -0.098445
v 0.268625 0.541401 0.258819
v 0.363426 0.410619 0.368222
v 0.514217 0.328642 0.460969
v 0.698042 0.307951 0.522941
v 0.886915 0.351697 0.544703
v 1.052082 0.453218 0.522941
v 1.168398 0.597059 0.460969
v 1.218154 0.761323 0.368222
v 1.193776 0.921000 0.258819
v 1.098976 1.051783 0.149416
v 0.948184 1.133760 0.056669
v 0.764359 1.154450 -0.005303
v 0.575486 1.110705 -0.027065
v 0.410319 1.009184 -0.005303
v 0.294004 0.865342 0.056669
v 0.244247 0.701079 0.149416
v 0.190170 0.765492 0.500000
v 0.268017 0.646652 0.633705
v 0.406534 0.569031 0.747055
v 0.584634 0.544448 0.822793
v 0.775203 0.576643 0.849389
v 0.949227 0.660717 0.822793
v 1.080214 0.783869 0.747055
v 1.148222 0.927350 0.633705
v 1.142897 1.069318 0.500000
v 1.065050 1.188158 0.366295
v 0.926533 1.265778 0.252945
v 0.748433 1.290362 0.177207
v 0.557864 1.258166 0.150611
v 0.383840 1.174093 0.177207
v 0.252853 1.050941 0.252945
v 0.184845 0.907459 0.366295
v 0.119172 0.975418 0.707107
v 0.192470 0.888998 0.865912
v 0.325826 0.842614 1.000541
v 0.498938 0.843328 1.090497
v 0.685450 0.891031 1.122086
v 0.856968 0.978460 1.090497
v 0.987381 1.092305 1.000541
v 1.056833 1.215235 0.865912
v 1.054751 1.328534 0.707107
v 0.981453 1.414954 0.548301
v 0.848096 1.461338 0.413672
v 0.674985 1.460624 0.323716
v 0.488472 1.412922 0.292128
v 0.316954 1.325493 0.323716
v 0.186542 1.211647 0.413672
v 0.117090 1.088717 0.548301
v 0.022656 1.190716 0.866025
v 0.089674 1.146132 1.043736
v 0.213607 1.144244 1.194392
v 0.375588 1.185340 1.295057
v 0.550957 1.263164 1.330406
v 0.713015 1.365867 1.295057
v 0.837091 1.477813 1.194392
v 0.904294 1.581961 1.043736
v 0.904395 1.662454 0.866025
v 0.837377 1.707038 0.688315
v 0.713444 1.708925 0.537659
v 0.551463 1.667829 0.436994
v 0.376094 1.590006 0.401645
v 0.214036 1.487303 0.436994
v 0.089960 1.375356 0.537659
v 0.022757 1.271209 0.688315
v -0.120009 1.409857 0.965926
v -0.069029 1.406713 1.154211
v 0.033929 1.451225 1.313831
v 0.173188 1.536617 1.420486
v 0.327549 1.649888 1.457939
v 0.473511 1.773794 1.420486
v 0.588852 1.889472 1.313831
v 0.656014 1.979310 1.154211
v 0.664771 2.029631 0.965926
v 0.613790 2.032775 0.777641
v 0.510833 1.988263 0.618020
v 0.371573 1.902871 0.511365
v 0.217213 1.789600 0.473913
v 0.071251 1.665694 0.511365
v -0.044091 1.550016 0.618020
v -0.111252 1.460178 0.777641
v -0.319666 1.615535 1.000000
v -0.295457 1.644903 1.191342
v -0.226266 1.728332 1.353553
v -0.122629 1.853119 1.461940
v -0.000322 2.000268 1.500000
v 0.122034 2.147376 1.461940
v 0.225811 2.272047 1.353553
v 0.295210 2.355302 1.191342
v 0.319666 2.384465 1.000000
v 0.295457 2.355097 0.808658
v 0.226266 2.271668 0.646447
v 0.122629 2.146881 0.538060
v 0.000322 1.999732 0.500000
v -0.122034 1.852624 0.538060
v -0.225811 1.727953 0.646447
v -0.295210 1.644698 0.808658
v -0.575738 1.783185 0.965926
v -0.585264 1.830410 1.154974
v -0.559484 1.938622 1.315242
v -0.502323 2.091348 1.422329
v -0.422484 2.265336 1.459933
v -0.332121 2.434098 1.422329
v -0.244990 2.571942 1.315242
v -0.174358 2.657882 1.154974
v -0.130977 2.678834 0.965926
v -0.121451 2.631609 0.776877
v -0.147230 2.523396 0.616610
v -0.204391 2.370670 0.509523
v -0.284230 2.196682 0.471919
v -0.374594 2.027920 0.509523
v -0.461724 1.890077 0.616610
v -0.532356 1.804137 0.776877
v -0.875858 1.888432 0.866025
v -0.920018 1.936658 1.049831
v -0.941727 2.052019 1.205653
v -0.937678 2.216954 1.309771
v -0.908490 2.406352 1.346332
v -0.858604 2.591379 1.309771
v -0.795617 2.743866 1.205653
v -0.729116 2.840599 1.049831
v -0.669227 2.866851 0.866025
v -0.625067 2.818625 0.682220
v -0.603358 2.703263 0.526398
v -0.607407 2.538329 0.422280
v -0.636595 2.348931 0.385719
v -0.686481 2.163904 0.422280
v -0.749468 2.011417 0.526398
v -0.815969 1.914684 0.682220
v -1.198004 1.913012 0.707107
v -1.271235 1.946597 0.884785
v -1.338037 2.051043 1.035413
v -1.388239 2.210449 1.136059
v -1.414198 2.400547 1.171402
v -1.411962 2.592396 1.136059
v -1.381873 2.756789 1.035413
v -1.328510 2.868699 0.884785
v -1.259997 2.911088 0.707107
v -1.186766 2.877503 0.529429
v -1.119965 2.773057 0.378801
v -1.069763 2.613651 0.278154
v -1.043804 2.423553 0.242812
v -1.046039 2.231704 0.278154
v -1.076129 2.067310 0.378801
v -1.129492 1.955401 0.529429
v -1.514657 1.848433 0.500000
v -1.605981 1.855896 0.672234
v -1.709276 1.933811 0.818246
v -1.808815 2.070317 0.915809
v -1.889444 2.244631 0.950068
v -1.938889 2.430216 0.915809
v -1.949622 2.598818 0.818246
v -1.920009 2.724769 0.672234
v -1.854558 2.788894 0.500000
v -1.763234 2.781430 0.327766
v -1.659939 2.703515 0.181754
v -1.560400 2.567009 0.084191
v -1.479771 2.392695 0.049932
v -1.430326 2.207111 0.084191
v -1.419593 2.038509 0.181754
v -1.449206 1.912558 0.327766
v -1.797640 1.696917 0.258819
v -1.892953 1.673124 0.427370
v -2.019366 1.713896 0.570261
v -2.157632 1.813028 0.665737
v -2.286701 1.955426 0.699264
v -2.386925 2.119411 0.665737
v -2.443045 2.280020 0.570261
v -2.446517 2.412799 0.427370
v -2.396813 2.497536 0.258819
v -2.301499 2.521329 0.090268
v -2.175087 2.480556 -0.052623
v -2.036821 2.381425 -0.148099
v -1.907751 2.239027 -0.181626
v -1.807527 2.075041 -0.148099
v -1.751407 1.914433 -0.052623
v -1.747935 1.781653 0.090268
v -2.022098 1.470075 0.000000
v -2.107429 1.417141 0.167263
v -2.241419 1.416914 0.309061
v -2.403670 1.469430 0.403808
v -2.569480 1.566694 0.437079
v -2.713607 1.693897 0.403808
v -2.814109 1.831675 0.309061
v -2.855684 1.959052 0.167263
v -2.832004 2.056636 0.000000
v -2.746673 2.109571 -0.167263
v -2.612683 2.109798 -0.309061
v -2.450432 2.057282 -0.403808
v -2.284621 1.960018 -0.437079
v -2.140495 1.832814 -0.403808
v -2.039993 1.695036 -0.309061
v -1.998418 1.567659 -0.167263
v -2.168884 1.186699 -0.258819
v -2.233878 1.113093 -0.090242
v -2.361106 1.075021 0.052670
v -2.531197 1.078280 0.148161
v -2.718258 1.122373 0.181693
v -2.893809 1.200588 0.148161
v -3.031125 1.301017 0.052670
v -3.109301 1.408370 -0.090242
v -3.116434 1.506305 -0.258819
v -3.051440 1.579912 -0.427396
v -2.924213 1.617983 -0.570308
v -2.754121 1.614725 -0.665799
v -2.567061 1.570632 -0.699331
v -2.391510 1.492417 -0.665799
v -2.254194 1.391988 -0.570308
v -2.176018 1.284634 -0.427396
v -2.225973 0.870781 -0.500000
v -2.266493 0.788697 -0.327719
v -2.376930 0.721373 -0.181667
v -2.540472 0.679059 -0.084078
v -2.732222 0.668197 -0.049809
v -2.922987 0.690440 -0.084078
v -3.083724 0.742402 -0.181667
v -3.189963 0.816173 -0.327719
v -3.225531 0.900520 -0.500000
v -3.185012 0.982604 -0.672281
v -3.074574 1.049928 -0.818333
v -2.911032 1.092242 -0.915922
v -2.719282 1.103104 -0.950191
v -2.528518 1.080861 -0.915922
v -2.367780 1.028899 -0.818333
v -2.261541 0.955128 -0.672281
v -2.189934 0.549562 -0.707107
v -2.208898 0.471397 -0.529369
v -2.298635 0.385937 -0.378690
v -2.445484 0.306194 -0.278009
v -2.627089 0.244307 -0.242655
v -2.815802 0.209699 -0.278009
v -2.982893 0.207637 -0.378690
v -3.102924 0.238437 -0.529369
v -3.157621 0.297408 -0.707107
v -3.138658 0.375573 -0.884845
v -3.048921 0.461032 -1.035524
v -2.902072 0.540776 -1.136204
v -2.720467 0.602662 -1.171559
v -2.531754 0.637271 -1.136204
v -2.364663 0.639332 -1.035524
v -2.244632 0.608533 -0.884845
v -2.067315 0.250566 -0.866025
v -2.073709 0.185659 -0.682160
v -2.145001 0.092487 -0.526287
v -2.270339 -0.014766 -0.422136
v -2.430641 -0.119771 -0.385563
v -2.601502 -0.206541 -0.422136
v -2.756911 -0.261868 -0.526287
v -2.873207 -0.277327 -0.682160
v -2.932685 -0.250566 -0.866025
v -2.926291 -0.185659 -1.049890
v -2.854999 -0.092487 -1.205764
v -2.729661 0.014766 -1.309915
v -2.569359 0.119771 -1.346488
v -2.398498 0.206541 -1.309915
v -2.243089 0.261868 -1.205764
v -2.126793 0.277327 -1.049890
v -1.874674 -0.002608 -0.965926
v -1.881266 -0.050167 -0.776836
v -1.941102 -0.143884 -0.616534
v -2.045075 -0.269491 -0.509423
v -2.177355 -0.407866 -0.471811
v -2.317802 -0.537943 -0.509423
v -2.445037 -0.639918 -0.616534
v -2.539687 -0.698267 -0.776836
v -2.587345 -0.704107 -0.965926
v -2.580753 -0.656548 -1.155016
v -2.520916 -0.562831 -1.315318
v -2.416943 -0.437223 -1.422429
v -2.284664 -0.298848 -1.460041
v -2.144216 -0.168771 -1.422429
v -2.016982 -0.066796 -1.315318
v -1.922331 -0.008447 -1.155016
v -1.636184 -0.194617 -1.000000
v -1.656563 -0.226762 -0.808658
v -1.714324 -0.318475 -0.646447
v -1.800675 -0.455793 -0.538060
v -1.902468 -0.617811 -0.500000
v -2.004207 -0.779863 -0.538060
v -2.090404 -0.917277 -0.646447
v -2.147935 -1.009135 -0.808658
v -2.168042 -1.041451 -1.000000
v -2.147663 -1.009306 -1.191342
v -2.089902 -0.917593 -1.353553
v -2.003552 -0.780275 -1.461940
v -1.901758 -0.618257 -1.500000
v -1.800019 -0.456205 -1.461940
v -1.713822 -0.318791 -1.353553
v -1.656291 -0.226933 -1.191342
v -1.378851 -0.321198 -0.965926
v -1.424295 -0.345039 -0.777706
v -1.489091 -0.436696 -0.618141
v -1.563373 -0.582212 -0.511524
v -1.635832 -0.759436 -0.474084
v -1.695439 -0.941385 -0.511524
v -1.733117 -1.100361 -0.618141
v -1.743131 -1.212160 -0.777706
v -1.723956 -1.259762 -0.965926
v -1.678512 -1.235920 -1.154145
v -1.613716 -1.144264 -1.313710
v -1.539434 -0.998747 -1.420328
v -1.466975 -0.821524 -1.457767
v -1.407369 -0.639574 -1.420328
v -1.369690 -0.480598 -1.313710
v -1.359676 -0.368800 -1.154145
v -1.126210 -0.389361 -0.866025
v -1.203058 -0.414386 -0.688463
v -1.281499 -0.510551 -0.537933
v -1.349592 -0.663218 -0.437352
v -1.396970 -0.849143 -0.402032
v -1.416421 -1.040021 -0.437352
v -1.404982 -1.206793 -0.537933
v -1.364396 -1.324069 -0.688463
v -1.300841 -1.373995 -0.866025
v -1.223993 -1.348970 -1.043588
v -1.145552 -1.252804 -1.194118
v -1.077459 -1.100138 -1.294699
v -1.030081 -0.914213 -1.330018
v -1.010630 -0.723335 -1.294699
v -1.022069 -0.556563 -1.194118
v -1.062655 -0.439287 -1.043588
v -0.891341 -0.414737 -0.707107
v -1.000043 -0.447859 -0.548529
v -1.095678 -0.551980 -0.414092
v -1.163687 -0.711247 -0.324265
v -1.193716 -0.901414 -0.292722
v -1.181193 -1.093530 -0.324265
v -1.128024 -1.258347 -0.414092
v -1.042306 -1.370772 -0.548529
v -0.937086 -1.413690 -0.707107
v -0.828384 -1.380568 -0.865685
v -0.732749 -1.276447 -1.000121
v -0.664740 -1.117180 -1.089948
v -0.634712 -0.927013 -1.121492
v -0.647235 -0.734897 -1.089948
v -0.700403 -0.570081 -1.000121
v -0.786122 -0.457655 -0.865685
v -0.669239 -0.417412 -0.500000
v -0.806162 -0.456214 -0.366558
v -0.921828 -0.565228 -0.253432
v -0.998628 -0.727857 -0.177843
v -1.024869 -0.919344 -0.151300
v -0.996557 -1.110535 -0.177843
v -0.918002 -1.272324 -0.253432
v -0.801163 -1.380080 -0.366558
v -0.663828 -1.417397 -0.500000
v -0.526905 -1.378596 -0.633442
v -0.411239 -1.269582 -0.746568
v -0.334439 -1.106952 -0.822157
v -0.308198 -0.915466 -0.848700
v -0.336510 -0.724274 -0.822157
v -0.415065 -0.562485 -0.746568
v -0.531904 -0.454730 -0.633442
v -0.431062 -0.422843 -0.258819
v -0.590639 -0.448725 -0.149615
v -0.731768 -0.546562 -0.057037
v -0.832963 -0.701460 0.004822
v -0.878818 -0.889837 0.026544
v -0.862352 -1.083013 0.004822
v -0.786071 -1.251581 -0.057037
v -0.661590 -1.369876 -0.149615
v -0.507858 -1.419890 -0.258819
v -0.348281 -1.394009 -0.368023
v -0.207152 -1.296171 -0.460601
v -0.105957 -1.141274 -0.522460
v -0.060102 -0.952897 -0.544182
v -0.076568 -0.759720 -0.522460
v -0.152848 -0.591153 -0.460601
v -0.277330 -0.472857 -0.368023
v -0.153845 -0.475744 -0.000000
v -0.321629 -0.461006 0.098445
v -0.487493 -0.520873 0.181902
v -0.626186 -0.646232 0.237667
v -0.716593 -0.817998 0.257249
v -0.744950 -1.010020 0.237667
v -0.706940 -1.193066 0.181902
v -0.608350 -1.339268 0.098445
v -0.464189 -1.426369 -0.000000
v -0.296405 -1.441107 -0.098445
v -0.130541 -1.381240 -0.181902
v 0.008152 -1.255881 -0.237667
v 0.098559 -1.084115 -0.257249
v 0.126916 -0.892093 -0.237667
v 0.088906 -0.709047 -0.181902
v -0.009684 -0.562845 -0.098445
v 0.100905 -0.595897 0.258819
v -0.052662 -0.545814 0.368222
v -0.222840 -0.568127 0.460969
v -0.383719 -0.659437 0.522941
v -0.510808 -0.805844 0.544703
v -0.584758 -0.985059 0.522941
v -0.594311 -1.169798 0.460969
v -0.538013 -1.331936 0.368222
v -0.424435 -1.446789 0.258819
v -0.270867 -1.496872 0.149416
v -0.100690 -1.474559 0.056669
v 0.060189 -1.383249 -0.005303
v 0.187278 -1.236842 -0.027065
v 0.261228 -1.057627 -0.005303
v 0.270781 -0.872888 0.056669
v 0.214484 -0.710750 0.149416
v 0.296094 -0.731075 0.500000
v 0.163262 -0.680688 0.633705
v 0.005575 -0.699311 0.747055
v -0.152961 -0.784107 0.822793
v -0.288210 -0.922167 0.849389
v -0.379581 -1.092473 0.822793
v -0.413165 -1.269097 0.747055
v -0.383848 -1.425150 0.633705
v -0.296094 -1.536874 0.500000
v -0.163262 -1.587261 0.366295
v -0.005575 -1.568638 0.252945
v 0.152961 -1.483842 0.177207
v 0.288210 -1.345782 0.150611
v 0.379581 -1.175476 0.177207
v 0.413165 -0.998852 0.252945
v 0.383848 -0.842799 0.366295
v 0.476925 -0.859177 0.707107
v 0.366829 -0.832346 0.865912
v 0.231677 -0.873205 1.000541
v 0.092047 -0.975535 1.090497
v -0.030806 -1.123756 1.122086
v -0.118178 -1.295304 1.090497
v -0.156767 -1.464061 1.000541
v -0.140698 -1.604337 0.865912
v -0.072418 -1.694774 0.707107
v 0.037678 -1.721605 0.548301
v 0.172829 -1.680746 0.413672
v 0.312459 -1.578416 0.323716
v 0.435312 -1.430195 0.292128
v 0.522684 -1.258647 0.323716
v 0.561273 -1.089890 0.413672
v 0.545204 -0.949615 0.548301
v 0.681556 -0.976626 0.866025
v 0.601132 -0.979949 1.043736
v 0.499758 -1.051268 1.194392
v 0.392868 -1.179726 1.295057
v 0.296735 -1.345766 1.330406
v 0.225995 -1.524109 1.295057
v 0.191416 -1.687606 1.194392
v 0.198264 -1.811364 1.043736
v 0.245495 -1.876543 0.866025
v 0.325919 -1.873220 0.688315
v 0.427293 -1.801901 0.537659
v 0.534183 -1.673444 0.436994
v 0.630316 -1.507404 0.401645
v 0.701056 -1.329060 0.436994
v 0.735635 -1.165564 0.537659
v 0.728787 -1.041805 0.688315
v 0.925783 -1.070059 0.965926
v 0.882691 -1.097481 1.154211
v 0.825560 -1.194009 1.313831
v 0.763089 -1.344947 1.420486
v 0.704788 -1.527316 1.457939
v 0.659532 -1.713352 1.420486
v 0.634212 -1.874733 1.313831
v 0.632683 -1.986890 1.154211
v 0.655176 -2.032749 0.965926
v 0.698269 -2.005326 0.777641
v 0.755399 -1.908798 0.618020
v 0.817870 -1.757860 0.511365
v 0.876172 -1.575491 0.473913
v 0.921427 -1.389455 0.511365
v 0.946747 -1.228074 0.618020
v 0.948276 -1.115917 0.777641
v 1.208203 -1.119100 1.000000
v 1.205879 -1.157090 1.191342
v 1.198941 -1.265254 1.353553
v 1.188445 -1.427125 1.461940
v 1.175988 -1.618061 1.500000
v 1.163469 -1.808993 1.461940
v 1.152791 -1.970853 1.353553
v 1.145582 -2.078999 1.191342
v 1.142938 -2.116968 1.000000
v 1.145262 -2.078978 0.808658
v 1.152200 -1.970814 0.646447
v 1.162696 -1.808942 0.538060
v 1.175153 -1.618007 0.500000
v 1.187672 -1.427075 0.538060
v 1.198350 -1.265215 0.646447
v 1.205559 -1.157069 0.808658
v 1.513911 -1.104217 0.965926
v 1.549376 -1.136823 1.154974
v 1.592126 -1.239522 1.315242
v 1.635652 -1.396678 1.422329
v 1.673328 -1.584366 1.459933
v 1.699418 -1.774011 1.422329
v 1.709951 -1.936743 1.315242
v 1.703322 -2.047786 1.154974
v 1.680541 -2.090236 0.965926
v 1.645076 -2.057629 0.776877
v 1.602327 -1.954931 0.616610
v 1.558801 -1.797775 0.509523
v 1.521124 -1.610087 0.471919
v 1.495034 -1.420441 0.509523
v 1.484502 -1.257710 0.616610
v 1.491130 -1.146666 0.776877
v 1.818576 -1.012957 0.866025
v 1.882649 -1.026016 1.049831
v 1.968020 -1.106585 1.205653
v 2.061691 -1.242400 1.309771
v 2.149402 -1.412783 1.346332
v 2.217800 -1.591795 1.309771
v 2.256471 -1.752183 1.205653
v 2.259530 -1.869529 1.049831
v 2.226509 -1.925969 0.866025
v 2.162436 -1.912910 0.682220
v 2.077065 -1.832341 0.526398
v 1.983394 -1.696526 0.422280
v 1.895683 -1.526144 0.385719
v 1.827285 -1.347132 0.422280
v 1.788614 -1.186744 0.526398
v 1.785555 -1.069397 0.682220
v 2.093646 -0.843490 0.707107
v 2.172632 -0.827616 0.884785
v 2.288067 -0.872850 1.035413
v 2.422378 -0.972304 1.136059
v 2.555116 -1.110839 1.171402
v 2.666074 -1.267362 1.136059
v 2.738359 -1.418045 1.035413
v 2.760966 -1.539948 0.884785
v 2.730454 -1.614512 0.707107
v 2.651468 -1.630385 0.529429
v 2.536032 -1.585152 0.378801
v 2.401722 -1.485697 0.278154
v 2.268984 -1.347163 0.242812
v 2.158026 -1.190640 0.278154
v 2.085741 -1.039957 0.378801
v 2.063134 -0.918054 0.529429
v 2.311864 -0.605121 0.500000
v 2.390134 -0.557480 0.672234
v 2.519499 -0.559799 0.818246
v 2.680264 -0.611727 0.915809
v 2.847954 -0.705357 0.950068
v 2.997039 -0.826435 0.915809
v 3.104824 -0.956528 0.818246
v 3.154899 -1.075831 0.672234
v 3.139640 -1.166180 0.500000
v 3.061370 -1.213822 0.327766
v 2.932005 -1.211502 0.181754
v 2.771241 -1.159574 0.084191
v 2.603551 -1.065944 0.049932
v 2.454465 -0.944866 0.084191
v 2.346680 -0.814773 0.181754
v 2.296605 -0.695470 0.327766
v 2.451744 -0.316208 0.258819
v 2.514869 -0.240935 0.427370
v 2.641104 -0.199618 0.570261
v 2.811231 -0.198546 0.665737
v 2.999351 -0.237883 0.699264
v 3.176822 -0.311640 0.665737
v 3.316627 -0.408589 0.570261
v 3.397482 -0.513969 0.427370
v 3.407077 -0.611738 0.258819
v 3.343952 -0.687011 0.090268
v 3.217717 -0.728328 -0.052623
v 3.047589 -0.729400 -0.148099
v 2.859470 -0.690063 -0.181626
v 2.681999 -0.616306 -0.148099
v 2.542194 -0.519357 -0.052623
v 2.461339 -0.413977 0.090268

vn 0.997046 0.015283 0.075270
vn 0.949521 -0.169413 -0.264023
vn 0.757962 -0.330597 -0.562317
vn 0.451138 -0.444043 -0.774145
vn 0.075478 -0.492622 -0.866964
vn -0.311934 -0.468842 -0.826368
vn -0.652049 -0.376051 -0.658345
vn -0.892819 -0.228090 -0.388394
vn -0.997207 -0.047384 -0.057739
vn -0.949093 0.138413 0.282956
vn -0.755920 0.300757 0.581489
vn -0.447483 0.414737 0.792308
vn -0.071106 0.462960 0.883522
vn 0.315777 0.438147 0.841613
vn 0.654388 0.344202 0.673277
vn 0.893482 0.195639 0.404247
vn 0.949156 0.306686 0.071038
vn 0.955270 0.119931 -0.270326
vn 0.817169 -0.086999 -0.569795
vn 0.555576 -0.283051 -0.781804
vn 0.210058 -0.438677 -0.873750
vn -0.166896 -0.530181 -0.831296
vn -0.517895 -0.543383 -0.660697
vn -0.789351 -0.475916 -0.387852
vn -0.939643 -0.337801 -0.054419
vn -0.945637 -0.150070 0.288529
vn -0.806423 0.058459 0.588442
vn -0.543464 0.255744 0.799526
vn -0.197123 0.411563 0.889808
vn 0.179713 0.502158 0.845896
vn 0.529720 0.513835 0.674811
vn 0.799808 0.445069 0.402766
vn 0.823382 0.564048 0.062376
vn 0.872363 0.396781 -0.285566
vn 0.790222 0.167777 -0.589407
vn 0.589307 -0.088616 -0.803035
vn 0.300042 -0.333833 -0.893605
vn -0.033600 -0.530662 -0.846917
vn -0.360852 -0.648933 -0.669829
vn -0.631856 -0.670268 -0.389227
vn -0.805197 -0.591066 -0.047948
vn -0.854285 -0.423255 0.301748
vn -0.771590 -0.192546 0.606280
vn -0.569851 0.065614 0.819124
vn -0.280011 0.311636 0.908007
vn 0.053689 0.507932 0.859722
vn 0.380479 0.624638 0.681955
vn 0.650711 0.644195 0.401981
vn 0.638844 0.767767 0.049112
vn 0.710473 0.632374 -0.308756
vn 0.675752 0.400049 -0.619129
vn 0.539932 0.105723 -0.835043
vn 0.323707 -0.206376 -0.923376
vn 0.060056 -0.488979 -0.870226
vn -0.210884 -0.698937 -0.683385
vn -0.447919 -0.803942 -0.391210
vn -0.614964 -0.787625 -0.038288
vn -0.686511 -0.652249 0.321363
vn -0.651621 -0.418497 0.632653
vn -0.515674 -0.122252 0.848018
vn -0.299478 0.191076 0.934774
vn -0.035968 0.473609 0.880000
vn 0.234840 0.682297 0.692330
vn 0.471806 0.785470 0.400545
vn 0.416932 0.908393 0.031467
vn 0.487031 0.805468 -0.337671
vn 0.484519 0.579793 -0.655043
vn 0.409733 0.265520 -0.872708
vn 0.274258 -0.090029 -0.957433
vn 0.098984 -0.433038 -0.895924
vn -0.089305 -0.711256 -0.697237
vn -0.262036 -0.882078 -0.391503
vn -0.393055 -0.919166 -0.025335
vn -0.462488 -0.816633 0.345276
vn -0.459791 -0.590100 0.663607
vn -0.385412 -0.274294 0.881034
vn -0.250703 0.082442 0.964547
vn -0.076100 0.425670 0.901673
vn 0.112007 0.703127 0.702187
vn 0.285151 0.872589 0.396583
vn 0.177266 0.984102 0.010955
vn 0.223083 0.902747 -0.367807
vn 0.235867 0.683973 -0.690324
vn 0.213428 0.361176 -0.907745
vn 0.159380 -0.016722 -0.987076
vn 0.082370 -0.392429 -0.916087
vn -0.005619 -0.708807 -0.705381
vn -0.091219 -0.917596 -0.386906
vn -0.161592 -0.986815 -0.009135
vn -0.206207 -0.905746 0.370273
vn -0.218383 -0.686726 0.693337
vn -0.196315 -0.363279 0.910763
vn -0.143365 0.015170 0.989554
vn -0.067507 0.390998 0.917913
vn 0.019914 0.707111 0.706822
vn 0.105837 0.915415 0.388347
vn -0.062116 0.998032 -0.008568
vn -0.057552 0.918553 -0.391087
vn -0.044094 0.698859 -0.713899
vn -0.024186 0.372676 -0.927646
vn -0.001012 -0.010091 -0.999949
vn 0.022131 -0.391171 -0.920052
vn 0.042055 -0.712691 -0.700216
vn 0.055883 -0.925810 -0.373835
vn 0.061447 -0.998065 0.009519
vn 0.057742 -0.918369 0.391489
vn 0.045200 -0.698858 0.713831
vn 0.025670 -0.373078 0.927445
vn 0.002106 0.009276 0.999955
vn -0.021905 0.390108 0.920509
vn -0.042663 0.711716 0.701170
vn -0.056858 0.925271 0.375021
vn -0.281271 0.959398 -0.021011
vn -0.326048 0.858351 -0.396139
vn -0.322013 0.625443 -0.710724
vn -0.269827 0.296476 -0.916130
vn -0.178007 -0.077819 -0.980947
vn -0.061001 -0.440229 -0.895811
vn 0.063424 -0.735846 -0.674172
vn 0.176670 -0.919988 -0.349872
vn 0.261757 -0.964731 0.027877
vn 0.305789 -0.863208 0.401702
vn 0.302021 -0.630840 0.714720
vn 0.251000 -0.303062 0.919322
vn 0.160466 0.070190 0.984543
vn 0.044082 0.432255 0.900673
vn -0.080660 0.728336 0.680456
vn -0.194946 0.913537 0.356996
vn -0.455906 0.889775 -0.021242
vn -0.548568 0.748048 -0.373493
vn -0.559444 0.490511 -0.668148
vn -0.486236 0.156762 -0.859651
vn -0.340518 -0.201596 -0.918372
vn -0.145562 -0.529720 -0.835589
vn 0.068368 -0.778085 -0.624427
vn 0.268965 -0.909387 -0.317291
vn 0.426231 -0.903768 0.039117
vn 0.516559 -0.761943 0.390653
vn 0.526300 -0.505356 0.683830
vn 0.453997 -0.173052 0.874037
vn 0.310664 0.184367 0.932468
vn 0.117995 0.512596 0.850483
vn -0.095044 0.761900 0.640683
vn -0.296499 0.894441 0.334760
vn -0.559421 0.828822 -0.010048
vn -0.694927 0.641679 -0.324538
vn -0.726246 0.355286 -0.588505
vn -0.647827 0.013557 -0.761667
vn -0.471576 -0.330915 -0.817381
vn -0.225169 -0.625552 -0.746983
vn 0.053094 -0.825974 -0.561203
vn 0.320856 -0.902153 -0.288394
vn 0.537848 -0.842512 0.029869
vn 0.671423 -0.655829 0.345079
vn 0.701328 -0.370266 0.609132
vn 0.622971 -0.029273 0.781697
vn 0.448294 0.315112 0.836503
vn 0.203910 0.610382 0.765412
vn -0.073131 0.811659 0.579535
vn -0.341047 0.888401 0.307296
vn -0.562344 0.826873 0.007091
vn -0.745848 0.612410 -0.262038
vn -0.815665 0.304932 -0.491638
vn -0.760829 -0.048616 -0.647129
vn -0.589561 -0.394209 -0.704995
vn -0.328319 -0.679328 -0.656293
vn -0.017362 -0.861117 -0.508110
vn 0.296011 -0.912399 -0.282677
vn 0.564581 -0.825256 -0.014169
vn 0.747830 -0.612367 0.256432
vn 0.817796 -0.305608 0.487662
vn 0.763484 0.048427 0.644008
vn 0.592898 0.395510 0.701458
vn 0.332039 0.682326 0.651293
vn 0.020845 0.864936 0.501449
vn -0.293179 0.915608 0.275152
vn -0.434039 0.900486 0.027132
vn -0.681746 0.703374 -0.201215
vn -0.823592 0.400471 -0.401646
vn -0.838167 0.038022 -0.544086
vn -0.723220 -0.328881 -0.607281
vn -0.496181 -0.644494 -0.581749
vn -0.191783 -0.860928 -0.471193
vn 0.143367 -0.945578 -0.292110
vn 0.458314 -0.885914 -0.071447
vn 0.705560 -0.690955 0.157375
vn 0.847843 -0.389823 0.359446
vn 0.863432 -0.027746 0.503701
vn 0.749502 0.340337 0.567818
vn 0.522953 0.658007 0.541800
vn 0.218214 0.876237 0.429642
vn -0.117979 0.961354 0.248754
vn -0.212393 0.976667 0.031787
vn -0.513127 0.839791 -0.177349
vn -0.732755 0.575460 -0.363202
vn -0.837955 0.224454 -0.497446
vn -0.813015 -0.159544 -0.559957
vn -0.661884 -0.518203 -0.541641
vn -0.407459 -0.797160 -0.445549
vn -0.088344 -0.954052 -0.286320
vn 0.246780 -0.965065 -0.088034
vn 0.546724 -0.828757 0.119389
vn 0.765938 -0.566110 0.304727
vn 0.871400 -0.216898 0.440020
vn 0.847224 0.166327 0.504526
vn 0.696853 0.525667 0.487924
vn 0.442759 0.806284 0.392263
vn 0.123411 0.964859 0.231985
vn -0.043781 0.998958 0.012858
vn -0.351161 0.911940 -0.212252
vn -0.602593 0.685749 -0.408202
vn -0.759708 0.355107 -0.544740
vn -0.798737 -0.029249 -0.600969
vn -0.714021 -0.408631 -0.568502
vn -0.518598 -0.725428 -0.452560
vn -0.242049 -0.931643 -0.271024
vn 0.073843 -0.995930 -0.051675
vn 0.381098 -0.908390 0.172026
vn 0.632722 -0.682381 0.366088
vn 0.790176 -0.352596 0.501297
vn 0.829555 0.030641 0.557583
vn 0.745051 0.409382 0.526598
vn 0.549511 0.726475 0.412639
vn 0.272536 0.933666 0.232361
vn -0.014755 0.999883 -0.003976
vn -0.285956 0.918708 -0.272407
vn -0.513036 0.697669 -0.500053
vn -0.661468 0.370430 -0.652105
vn -0.708797 -0.013074 -0.705291
vn -0.648048 -0.394396 -0.651525
vn -0.488687 -0.715628 -0.499060
vn -0.254999 -0.928166 -0.271077
vn 0.017713 -0.999841 -0.002139
vn 0.288366 -0.919569 0.266904
vn 0.516014 -0.699113 0.494945
vn 0.665811 -0.371703 0.646941
vn 0.714443 0.012638 0.699580
vn 0.654160 0.394875 0.645096
vn 0.494216 0.716553 0.492242
vn 0.259246 0.928910 0.264421
vn -0.089132 0.995961 -0.010788
vn -0.294106 0.897875 -0.327601
vn -0.456402 0.663230 -0.593146
vn -0.551247 0.327689 -0.767298
vn -0.564161 -0.057759 -0.823642
vn -0.493206 -0.434481 -0.753640
vn -0.349292 -0.745233 -0.567999
vn -0.154449 -0.942955 -0.294927
vn 0.061621 -0.997804 0.024284
vn 0.266129 -0.901429 0.341469
vn 0.428110 -0.668084 0.608593
vn 0.522990 -0.332692 0.784728
vn 0.536257 0.053953 0.842328
vn 0.465747 0.432551 0.771997
vn 0.322119 0.744639 0.584595
vn 0.127263 0.942345 0.309499
vn -0.213773 0.976797 -0.012968
vn -0.335217 0.867684 -0.367088
vn -0.408587 0.626171 -0.664054
vn -0.422510 0.288991 -0.859052
vn -0.374635 -0.092661 -0.922531
vn -0.272104 -0.460717 -0.844807
vn -0.130507 -0.759120 -0.637734
vn 0.028522 -0.942530 -0.332903
vn 0.180650 -0.983270 0.023354
vn 0.302609 -0.875328 0.377132
vn 0.375744 -0.634993 0.674982
vn 0.388858 -0.298369 0.871645
vn 0.339990 0.083724 0.936695
vn 0.236825 0.453028 0.859465
vn 0.095406 0.752705 0.651408
vn -0.062693 0.936595 0.344761
vn -0.366428 0.930425 -0.006328
vn -0.402068 0.832109 -0.382014
vn -0.378371 0.606643 -0.699157
vn -0.298692 0.288325 -0.909754
vn -0.174888 -0.074509 -0.981765
vn -0.025682 -0.426633 -0.904060
vn 0.126186 -0.714294 -0.688375
vn 0.257505 -0.893599 -0.367659
vn 0.348194 -0.937378 0.009103
vn 0.384377 -0.839250 0.384596
vn 0.360459 -0.614283 0.701944
vn 0.279980 -0.296510 0.913068
vn 0.155191 0.066074 0.985672
vn 0.005332 0.418412 0.908242
vn -0.146400 0.706610 0.692293
vn -0.276807 0.886431 0.370968
vn -0.537927 0.842940 0.009322
vn -0.500310 0.781028 -0.373744
vn -0.386902 0.600256 -0.700000
vn -0.214660 0.328124 -0.919921
vn -0.009555 0.005937 -0.999937
vn 0.197221 -0.317310 -0.927587
vn 0.374015 -0.592259 -0.713682
vn 0.493707 -0.776837 -0.390869
vn 0.537989 -0.842908 -0.008592
vn 0.500176 -0.780636 0.374742
vn 0.386099 -0.599769 0.700860
vn 0.213132 -0.327866 0.920369
vn 0.007604 -0.006079 0.999953
vn -0.199066 0.316833 0.927356
vn -0.375227 0.591692 0.713516
vn -0.494100 0.776473 0.391094
vn -0.712486 0.701094 0.028819
vn -0.626435 0.695864 -0.351215
vn -0.444506 0.585621 -0.677837
vn -0.194039 0.387169 -0.901360
vn 0.087085 0.130606 -0.987602
vn 0.356055 -0.145143 -0.923124
vn 0.571645 -0.398064 -0.717473
vn 0.700685 -0.589450 -0.401982
vn 0.723376 -0.690001 -0.025015
vn 0.636391 -0.684472 0.355675
vn 0.453232 -0.573937 0.682039
vn 0.201953 -0.375379 0.904602
vn -0.079155 -0.118942 0.989741
vn -0.347289 0.156530 0.924602
vn -0.561644 0.409171 0.719121
vn -0.689775 0.600428 0.404595
vn -0.865017 0.499533 0.047028
vn -0.762507 0.560074 -0.323882
vn -0.543292 0.537085 -0.645270
vn -0.240372 0.434158 -0.868175
vn 0.100397 0.266889 -0.958483
vn 0.427150 0.060551 -0.902151
vn 0.689856 -0.153562 -0.707473
vn 0.848085 -0.342771 -0.404055
vn 0.877480 -0.478075 -0.038391
vn 0.773664 -0.538769 0.333426
vn 0.552802 -0.515694 0.654576
vn 0.248852 -0.412510 0.876304
vn -0.091801 -0.244959 0.965177
vn -0.417355 -0.038462 0.907929
vn -0.678406 0.175591 0.713396
vn -0.835498 0.364538 0.411164
vn -0.967549 0.245157 0.061216
vn -0.881046 0.367023 -0.298416
vn -0.660218 0.435235 -0.612113
vn -0.338327 0.439587 -0.832045
vn 0.035885 0.379411 -0.924532
vn 0.405520 0.263670 -0.875232
vn 0.714099 0.109742 -0.691389
vn 0.914209 -0.059026 -0.400921
vn 0.975017 -0.216816 -0.048291
vn 0.887252 -0.339400 0.312396
vn 0.664623 -0.408011 0.625942
vn 0.341453 -0.412233 0.844674
vn -0.032840 -0.351491 0.935615
vn -0.401321 -0.235055 0.885263
vn -0.708111 -0.080693 0.701475
vn -0.906835 0.087969 0.412204
vn -0.996598 -0.042577 0.070568
vn -0.952372 0.123681 -0.278732
vn -0.763636 0.273426 -0.584891
vn -0.458809 0.384140 -0.801206
vn -0.084052 0.439044 -0.894525
vn 0.303708 0.429622 -0.850404
vn 0.645350 0.357006 -0.675329
vn 0.888517 0.232007 -0.395866
vn 0.995781 0.073639 -0.054747
vn 0.950664 -0.093786 0.295707
vn 0.760272 -0.244527 0.601825
vn 0.454024 -0.355500 0.816996
vn 0.078847 -0.409817 0.908754
vn -0.308117 -0.399285 0.863502
vn -0.648149 -0.325648 0.688373
vn -0.889800 -0.200331 0.410029
vn -0.939356 -0.334605 0.075160
vn -0.952091 -0.149235 -0.266930
vn -0.821061 0.060919 -0.567580
vn -0.565970 0.264245 -0.780931
vn -0.225441 0.429963 -0.874248
vn 0.148833 0.532750 -0.833082
vn 0.499898 0.556660 -0.663500
vn 0.774101 0.497702 -0.391230
vn 0.929334 0.364677 -0.057869
vn 0.941720 0.177950 0.285479
vn 0.809454 -0.033742 0.586213
vn 0.553017 -0.237881 0.798489
vn 0.211779 -0.403271 0.890237
vn -0.162205 -0.504789 0.847867
vn -0.512110 -0.527170 0.678111
vn -0.784908 -0.467313 0.406863
vn -0.797644 -0.598413 0.075270
vn -0.867757 -0.421057 -0.264023
vn -0.807524 -0.178060 -0.562317
vn -0.625981 0.094066 -0.774145
vn -0.350619 0.354175 -0.866964
vn -0.023219 0.562651 -0.826368
vn 0.306482 0.687496 -0.658345
vn 0.588237 0.709314 -0.388394
vn 0.778905 0.624478 -0.057739
vn 0.849190 0.445884 0.282956
vn 0.788333 0.201002 0.581489
vn 0.605798 -0.072506 0.792308
vn 0.329647 -0.332748 0.883522
vn 0.002067 -0.540077 0.841613
vn -0.327094 -0.663105 0.673277
vn -0.607848 -0.683451 0.404247
vn -0.587617 -0.806014 0.071038
vn -0.702336 -0.658520 -0.270326
vn -0.712240 -0.409936 -0.569795
vn -0.615844 -0.097567 -0.781804
vn -0.427788 0.231428 -0.873750
vn -0.176611 0.527025 -0.831296
vn 0.099594 0.744017 -0.660697
vn 0.358862 0.848993 -0.387852
vn 0.561633 0.825595 -0.054419
vn 0.676828 0.677241 0.288529
vn 0.686771 0.426709 0.588442
vn 0.589995 0.112539 0.799526
vn 0.401386 -0.217096 0.889808
vn 0.149771 -0.511887 0.845896
vn -0.126527 -0.727063 0.674811
vn -0.385453 -0.830184 0.402766
vn -0.334591 -0.940297 0.062376
vn -0.472534 -0.833765 -0.285566
vn -0.540686 -0.600215 -0.589407
vn -0.528846 -0.274694 -0.803035
vn -0.438962 0.093716 -0.893605
vn -0.284732 0.449064 -0.846917
vn -0.089498 0.737102 -0.669829
vn 0.117209 0.913654 -0.389227
vn 0.303998 0.951465 -0.047948
vn 0.442348 0.844557 0.301748
vn 0.511054 0.609302 0.606280
vn 0.499586 0.281867 0.819124
vn 0.409709 -0.087533 0.908007
vn 0.255120 -0.442483 0.859722
vn 0.059339 -0.728983 0.681955
vn -0.147788 -0.903643 0.401981
vn -0.065553 -0.996640 0.049112
vn -0.203085 -0.929207 -0.308756
vn -0.311551 -0.720844 -0.619129
vn -0.374671 -0.402896 -0.835043
vn -0.383189 -0.023308 -0.923376
vn -0.336001 0.360293 -0.870226
vn -0.240216 0.689406 -0.683385
vn -0.110171 0.913683 -0.391210
vn 0.034562 0.998669 -0.038288
vn 0.172016 0.931201 0.321363
vn 0.281186 0.721585 0.632653
vn 0.345331 0.402009 0.848018
vn 0.354595 0.021445 0.934774
vn 0.307479 -0.362017 0.880000
vn 0.211055 -0.690025 0.692330
vn 0.079989 -0.912779 0.400545
vn 0.196635 -0.979972 0.031467
vn 0.079426 -0.937907 -0.337671
vn -0.051190 -0.753855 -0.655043
vn -0.175412 -0.455645 -0.872708
vn -0.274797 -0.088370 -0.957433
vn -0.334613 0.292153 -0.895924
vn -0.345817 0.627910 -0.697237
vn -0.306481 0.867638 -0.391503
vn -0.222284 0.974653 -0.025335
vn -0.105844 0.932514 0.345276
vn 0.025127 0.747660 0.663607
vn 0.150580 0.448448 0.881034
vn 0.251281 0.080663 0.964547
vn 0.311769 -0.299643 0.901673
vn 0.322672 -0.634678 0.702187
vn 0.282203 -0.873547 0.396583
vn 0.435029 -0.900350 0.010955
vn 0.350144 -0.861463 -0.367807
vn 0.211209 -0.691985 -0.690324
vn 0.039627 -0.417647 -0.907745
vn -0.138770 -0.080153 -0.987076
vn -0.297302 0.269066 -0.916087
vn -0.412081 0.576739 -0.705381
vn -0.465552 0.795968 -0.386906
vn -0.449305 0.893332 -0.009135
vn -0.365559 0.853970 0.370273
vn -0.226972 0.683936 0.693337
vn -0.054707 0.409290 0.910763
vn 0.124901 0.071995 0.989554
vn 0.284437 -0.276644 0.917913
vn 0.399519 -0.583770 0.706822
vn 0.452444 -0.802796 0.388347
vn 0.636881 -0.770914 -0.008568
vn 0.586472 -0.709296 -0.391087
vn 0.446452 -0.539471 -0.713899
vn 0.238620 -0.287285 -0.927646
vn -0.005113 0.008759 -0.999949
vn -0.247829 0.303456 -0.920052
vn -0.452933 0.551860 -0.700216
vn -0.589388 0.716149 -0.373835
vn -0.636360 0.771334 0.009519
vn -0.586518 0.709037 0.391489
vn -0.447346 0.538820 0.713831
vn -0.240057 0.286738 0.927445
vn 0.003748 -0.008743 0.999955
vn 0.247021 -0.302729 0.920509
vn 0.452851 -0.550714 0.701170
vn 0.589860 -0.715139 0.375021
vn 0.791473 -0.610843 -0.021011
vn 0.768305 -0.502774 -0.396139
vn 0.628140 -0.316720 -0.710724
vn 0.392559 -0.081254 -0.916130
vn 0.098270 0.167586 -0.980947
vn -0.209409 0.392009 -0.895811
vn -0.483830 0.558032 -0.674172
vn -0.683684 0.640442 -0.349872
vn -0.778820 0.626627 0.027877
vn -0.754770 0.518612 0.401702
vn -0.615139 0.332836 0.714720
vn -0.381199 0.097648 0.919322
vn -0.088563 -0.151104 0.984543
vn 0.218410 -0.375612 0.900673
vn 0.493360 -0.541825 0.680456
vn 0.694678 -0.624481 0.356996
vn 0.891832 -0.451868 -0.021242
vn 0.883492 -0.282744 -0.373493
vn 0.740915 -0.067998 -0.668148
vn 0.485516 0.158979 -0.859651
vn 0.156990 0.363246 -0.918372
vn -0.193599 0.514112 -0.835589
vn -0.512658 0.589298 -0.624427
vn -0.752122 0.577615 -0.317291
vn -0.876050 0.480632 0.039117
vn -0.865764 0.312799 0.390653
vn -0.722827 0.099490 0.683830
vn -0.469008 -0.126851 0.874037
vn -0.142964 -0.331759 0.932468
vn 0.205837 -0.484055 0.850483
vn 0.524726 -0.560525 0.640683
vn 0.765612 -0.549340 0.334760
vn 0.939751 -0.341712 -0.010048
vn 0.939377 -0.110662 -0.324538
vn 0.796377 0.139444 -0.588505
vn 0.532072 0.369816 -0.761667
vn 0.187006 0.544901 -0.817381
vn -0.185524 0.638433 -0.746983
vn -0.528449 0.637019 -0.561203
vn -0.789850 0.541263 -0.288394
vn -0.930345 0.365468 0.029869
vn -0.928679 0.135925 0.345079
vn -0.785024 -0.112678 0.609132
vn -0.521200 -0.342491 0.781697
vn -0.177459 -0.518431 0.836503
vn 0.193806 -0.613665 0.765412
vn 0.536245 -0.613661 0.579535
vn 0.798102 -0.518269 0.307296
vn 0.940970 -0.338416 0.007091
vn 0.963370 -0.057052 -0.262038
vn 0.839121 0.232741 -0.491638
vn 0.586948 0.486536 -0.647129
vn 0.245254 0.665457 -0.704995
vn -0.133683 0.742569 -0.656293
vn -0.492106 0.706863 -0.508110
vn -0.775772 0.564155 -0.282677
vn -0.941829 0.335794 -0.014169
vn -0.964947 0.055852 0.256432
vn -0.841242 -0.233446 0.487662
vn -0.589207 -0.487943 0.644008
vn -0.247190 -0.668471 0.701458
vn 0.132436 -0.747181 0.651293
vn 0.491532 -0.712000 0.501449
vn 0.775367 -0.568416 0.275152
vn 0.880437 -0.473387 0.027132
vn 0.964977 -0.168321 -0.201215
vn 0.901690 0.160108 -0.401646
vn 0.700441 0.461902 -0.544086
vn 0.391786 0.691168 -0.607281
vn 0.022594 0.813054 -0.581749
vn -0.350885 0.809232 -0.471193
vn -0.671783 0.680720 -0.292110
vn -0.891511 0.447329 -0.071447
vn -0.976943 0.144277 0.157375
vn -0.915051 -0.182976 0.359446
vn -0.714840 -0.485065 0.503701
vn -0.406315 -0.715884 0.567818
vn -0.036311 -0.839723 0.541800
vn 0.338500 -0.837153 0.429642
vn 0.660517 -0.708406 0.248754
vn 0.745900 -0.665299 0.031787
vn 0.908745 -0.377797 -0.177349
vn 0.931058 -0.034854 -0.363202
vn 0.809850 0.310951 -0.497446
vn 0.563965 0.606952 -0.559957
vn 0.230883 0.808281 -0.541641
vn -0.138918 0.884414 -0.445549
vn -0.489306 0.823772 -0.286320
vn -0.766900 0.635700 -0.088034
vn -0.929441 0.349122 0.119389
vn -0.952408 0.007786 0.304727
vn -0.832467 -0.336722 0.440020
vn -0.587654 -0.632547 0.504526
vn -0.254786 -0.834873 0.487924
vn 0.115722 -0.912545 0.392263
vn 0.467288 -0.853127 0.231985
vn 0.622593 -0.782440 0.012858
vn 0.820120 -0.531368 -0.212252
vn 0.890582 -0.200587 -0.408202
vn 0.823344 0.159258 -0.544740
vn 0.629000 0.493148 -0.600969
vn 0.337468 0.750281 -0.568502
vn -0.006841 0.891708 -0.452560
vn -0.351784 0.895988 -0.271024
vn -0.645133 0.762321 -0.051675
vn -0.842253 0.510899 0.172026
vn -0.912976 0.180153 0.366088
vn -0.846516 -0.179198 0.501297
vn -0.653114 -0.512389 0.557583
vn -0.362130 -0.769127 0.526598
vn -0.017552 -0.910726 0.412639
vn 0.328309 -0.915544 0.232361
vn 0.599654 -0.800250 -0.003976
vn 0.771346 -0.575169 -0.272407
vn 0.825134 -0.262871 -0.500053
vn 0.752872 0.089117 -0.652105
vn 0.565744 0.427198 -0.705291
vn 0.292462 0.699986 -0.651525
vn -0.025280 0.866199 -0.499060
vn -0.339264 0.900787 -0.271077
vn -0.602022 0.798477 -0.002139
vn -0.773802 0.574450 0.266904
vn -0.828393 0.262289 0.494945
vn -0.757134 -0.090640 0.646941
vn -0.570568 -0.430164 0.699580
vn -0.297125 -0.703966 0.645096
vn 0.021350 -0.870197 0.492242
vn 0.336265 -0.903884 0.264421
vn 0.657520 -0.753359 -0.010788
vn 0.765694 -0.553525 -0.327601
vn 0.759074 -0.268298 -0.593146
vn 0.638579 0.058909 -0.767298
vn 0.422466 0.378333 -0.823642
vn 0.143631 0.641402 -0.753640
vn -0.155454 0.808215 -0.567999
vn -0.429303 0.853649 -0.294927
vn -0.636347 0.771020 0.024284
vn -0.745150 0.572844 0.341469
vn -0.739038 0.288855 0.608593
vn -0.618659 -0.038253 0.784728
vn -0.402128 -0.358853 0.842328
vn -0.122550 -0.623700 0.771997
vn 0.177088 -0.791763 0.584595
vn 0.450939 -0.837177 0.309499
vn 0.747093 -0.664593 -0.012968
vn 0.781208 -0.504935 -0.367088
vn 0.698607 -0.266422 -0.664054
vn 0.511682 0.014547 -0.859052
vn 0.248621 0.295169 -0.922531
vn -0.050666 0.532667 -0.844807
vn -0.340617 0.690851 -0.637734
vn -0.577080 0.745758 -0.332903
vn -0.724101 0.689299 0.023354
vn -0.759321 0.530287 0.377132
vn -0.677222 0.292863 0.674982
vn -0.489969 0.012821 0.871645
vn -0.225846 -0.267576 0.936695
vn 0.074688 -0.505710 0.859465
vn 0.365244 -0.665029 0.651408
vn 0.601236 -0.720871 0.344761
vn 0.843336 -0.537349 -0.006328
vn 0.814382 -0.436861 -0.382014
vn 0.662684 -0.268383 -0.699157
vn 0.411120 -0.057693 -0.909754
vn 0.097692 0.163076 -0.981765
vn -0.229991 0.360249 -0.904060
vn -0.521938 0.503706 -0.688375
vn -0.733570 0.571579 -0.367659
vn -0.832672 0.553692 0.009103
vn -0.804266 0.453036 0.384596
vn -0.652684 0.285093 0.701944
vn -0.400792 0.075314 0.913068
vn -0.086715 -0.144674 0.985672
vn 0.241623 -0.341637 0.908242
vn 0.533775 -0.485608 0.692293
vn 0.744973 -0.554434 0.370968
vn 0.930660 -0.365767 0.009322
vn 0.863836 -0.337790 -0.373744
vn 0.665832 -0.258202 -0.700000
vn 0.366531 -0.139284 -0.919921
vn 0.011220 0.000813 -0.999937
vn -0.346065 0.140786 -0.927587
vn -0.650706 0.259307 -0.713682
vn -0.856030 0.338281 -0.390869
vn -0.930691 0.365705 -0.008592
vn -0.863497 0.337552 0.374742
vn -0.664896 0.258280 0.700860
vn -0.365142 0.139974 0.920369
vn -0.009725 0.000448 0.999953
vn 0.347278 -0.139316 0.927356
vn 0.651353 -0.258136 0.713516
vn 0.856135 -0.337755 0.391094
vn 0.988506 -0.148408 0.028819
vn 0.915816 -0.194756 -0.351215
vn 0.703832 -0.212503 -0.677837
vn 0.384553 -0.199173 -0.901360
vn 0.006315 -0.156850 -0.987602
vn -0.373367 -0.091861 -0.923124
vn -0.696446 -0.013964 -0.717473
vn -0.913336 0.065023 -0.401982
vn -0.990796 0.133033 -0.025015
vn -0.917174 0.179688 0.355675
vn -0.704024 0.197922 0.682039
vn -0.384026 0.184983 0.904602
vn -0.005874 0.142752 0.989741
vn 0.372969 0.077496 0.924602
vn 0.694884 -0.000900 0.719121
vn 0.910962 -0.080317 0.404595
vn 0.993432 0.104314 0.047028
vn 0.946085 -0.004919 -0.323882
vn 0.755223 -0.115172 -0.645270
vn 0.449656 -0.209954 -0.868175
vn 0.075651 -0.274930 -0.958483
vn -0.309980 -0.300060 -0.902151
vn -0.648366 -0.281253 -0.707473
vn -0.887591 -0.221184 -0.404055
vn -0.990901 -0.128999 -0.038391
vn -0.942587 -0.018875 0.333426
vn -0.750344 0.092276 0.654576
vn -0.443792 0.187456 0.876304
vn -0.069715 0.252136 0.965177
vn 0.315040 0.276432 0.907929
vn 0.652052 0.256701 0.713396
vn 0.890202 0.196176 0.411164
vn 0.926863 0.370375 0.061216
vn 0.928512 0.220938 -0.298416
vn 0.789952 0.035955 -0.612113
vn 0.532094 -0.156770 -0.832045
vn 0.193981 -0.328043 -0.924532
vn -0.173091 -0.451673 -0.875232
vn -0.513213 -0.508520 -0.691389
vn -0.774305 -0.489606 -0.400921
vn -0.916247 -0.397693 -0.048291
vn -0.917297 -0.246933 0.312396
vn -0.777514 -0.060568 0.625942
vn -0.518546 0.132803 0.844674
vn -0.180033 0.303666 0.935615
vn 0.186514 0.426054 0.885263
vn 0.525444 0.481499 0.701475
vn 0.785352 0.461856 0.412204
vn 0.781239 0.620231 0.070568
vn 0.843182 0.459730 -0.278732
vn 0.778511 0.227648 -0.584891
vn 0.596976 -0.041094 -0.801206
vn 0.326063 -0.305789 -0.894525
vn 0.006820 -0.526086 -0.850404
vn -0.312257 -0.668151 -0.675329
vn -0.582455 -0.709955 -0.395866
vn -0.762320 -0.644881 -0.054747
vn -0.824229 -0.482912 0.295707
vn -0.758802 -0.249050 0.601825
vn -0.576271 0.020737 0.816996
vn -0.304673 0.285204 0.908754
vn 0.014578 0.504135 0.863502
vn 0.332952 0.644427 0.688373
vn 0.602111 0.685082 0.410029
vn 0.563279 0.822841 0.075160
vn 0.682540 0.680359 -0.266930
vn 0.700060 0.433324 -0.567580
vn 0.613198 0.118890 -0.780931
vn 0.435111 -0.215336 -0.874248
vn 0.192734 -0.518486 -0.833082
vn -0.077229 -0.744180 -0.663500
vn -0.333719 -0.857654 -0.391230
vn -0.537496 -0.841279 -0.057869
vn -0.657271 -0.697493 0.285479
vn -0.674695 -0.448487 0.586213
vn -0.587223 -0.132606 0.798489
vn -0.408369 0.201773 0.890237
vn -0.165480 0.503725 0.847867
vn 0.104443 0.727500 0.678111
vn 0.360324 0.839422 0.406863
vn 0.293569 0.952970 0.075270
vn 0.454540 0.850697 -0.264023
vn 0.548639 0.618704 -0.562317
vn 0.561720 0.291841 -0.774145
vn 0.491835 -0.080445 -0.866964
vn 0.349502 -0.441547 -0.826368
vn 0.156151 -0.736342 -0.658345
vn -0.058970 -0.919605 -0.388394
vn -0.263089 -0.963042 -0.057739
vn -0.424925 -0.859869 0.282956
vn -0.519629 -0.625984 0.581489
vn -0.532719 -0.297421 0.792308
vn -0.462275 0.075437 0.883522
vn -0.319122 0.435716 0.841613
vn -0.125139 0.728724 0.673277
vn 0.090037 0.910208 0.404247
vn 0.001629 0.997472 0.071038
vn 0.181134 0.945576 -0.270326
vn 0.335260 0.750289 -0.569795
vn 0.440880 0.440917 -0.781804
vn 0.482118 0.064218 -0.873750
vn 0.452659 -0.322563 -0.831296
vn 0.356749 -0.660462 -0.660697
vn 0.208700 -0.897783 -0.387852
vn 0.030902 -0.998040 -0.054419
vn -0.149493 -0.945729 0.288529
vn -0.304797 -0.748889 0.588442
vn -0.411167 -0.437836 0.799526
vn -0.452334 -0.060295 0.889808
vn -0.422047 0.326092 0.845896
vn -0.324994 0.662577 0.674811
vn -0.176132 0.898197 0.402766
vn -0.282003 0.957384 0.062376
vn -0.107786 0.952278 -0.285566
vn 0.084627 0.803391 -0.589407
vn 0.266384 0.533080 -0.803035
vn 0.410213 0.182197 -0.893605
vn 0.494306 -0.195939 -0.846917
vn 0.505663 -0.543722 -0.669829
vn 0.442209 -0.808055 -0.389227
vn 0.313318 -0.948437 -0.047948
vn 0.138551 -0.943266 0.301748
vn -0.055312 -0.793325 0.606280
vn -0.238496 -0.521685 0.819124
vn -0.382912 -0.170005 0.908007
vn -0.466482 0.208021 0.859722
vn -0.476492 0.554881 0.681955
vn -0.411585 0.817930 0.401981
vn -0.532777 0.844830 0.049112
vn -0.381875 0.871115 -0.308756
vn -0.171651 0.766300 -0.619129
vn 0.066299 0.546176 -0.835043
vn 0.296307 0.244090 -0.923376
vn 0.483605 -0.093987 -0.870226
vn 0.599562 -0.416546 -0.683385
vn 0.626180 -0.674428 -0.391210
vn 0.559042 -0.828255 -0.038288
vn 0.408182 -0.854466 0.321363
vn 0.196653 -0.749051 0.632653
vn -0.043083 -0.528213 0.848018
vn -0.274268 -0.225775 0.934774
vn -0.461544 0.112146 0.880000
vn -0.576333 0.434187 0.692330
vn -0.601230 0.691438 0.400545
vn -0.735094 0.677235 0.031467
vn -0.615545 0.712097 -0.337671
vn -0.401691 0.639971 -0.655043
vn -0.125910 0.471729 -0.872708
vn 0.170373 0.233015 -0.957433
vn 0.442431 -0.039676 -0.895924
vn 0.648848 -0.304724 -0.697237
vn 0.757933 -0.521789 -0.391503
vn 0.752718 -0.657856 -0.025335
vn 0.633747 -0.692206 0.345276
vn 0.419135 -0.619639 0.663607
vn 0.141770 -0.451310 0.881034
vn -0.155878 -0.212957 0.964547
vn -0.428352 0.059163 0.901673
vn -0.634101 0.323803 0.702187
vn -0.741765 0.540840 0.396583
vn -0.881158 0.472694 0.010955
vn -0.789627 0.491129 -0.367807
vn -0.577611 0.435682 -0.690324
vn -0.277546 0.314592 -0.907745
vn 0.065155 0.146412 -0.987076
vn 0.398676 -0.042929 -0.916087
vn 0.672379 -0.224377 -0.705381
vn 0.844498 -0.370307 -0.386906
vn 0.888583 -0.458625 -0.009135
vn 0.797694 -0.476006 0.370273
vn 0.585631 -0.419905 0.693337
vn 0.284834 -0.298966 0.910763
vn -0.058729 -0.131660 0.989554
vn -0.392722 0.056622 0.917913
vn -0.666349 0.237448 0.706822
vn -0.837906 0.383536 0.388347
vn -0.968380 0.249333 -0.008568
vn -0.891380 0.229113 -0.391087
vn -0.678280 0.174024 -0.713899
vn -0.361909 0.092161 -0.927646
vn 0.009284 -0.004081 -0.999949
vn 0.378865 -0.099830 -0.920052
vn 0.690805 -0.180237 -0.700216
vn 0.897767 -0.232943 -0.373835
vn 0.968204 -0.249979 0.009519
vn 0.891265 -0.228876 0.391489
vn 0.678621 -0.172971 0.713831
vn 0.362750 -0.090874 0.927445
vn -0.008171 0.004870 0.999955
vn -0.377784 0.099717 0.920509
vn -0.690066 0.179358 0.701170
vn -0.897555 0.231849 0.375021
vn -0.999360 0.028966 -0.021011
vn -0.917095 -0.044845 -0.396139
vn -0.694339 -0.112980 -0.710724
vn -0.365347 -0.165005 -0.916130
vn 0.019003 -0.193342 -0.980947
vn 0.399832 -0.194054 -0.895811
vn 0.719430 -0.167069 -0.674172
vn 0.929554 -0.116269 -0.349872
vn 0.998401 -0.049173 0.027877
vn 0.915454 0.024076 0.401702
vn 0.693294 0.092299 0.714720
vn 0.365793 0.145064 0.919322
vn -0.017168 0.174302 0.984543
vn -0.397477 0.175498 0.900673
vn -0.717614 0.148356 0.680456
vn -0.929067 0.096894 0.356996
vn -0.987109 -0.158636 -0.021242
vn -0.880953 -0.290559 -0.373493
vn -0.639381 -0.380487 -0.668148
vn -0.299345 -0.413996 -0.859651
vn 0.086503 -0.386149 -0.918372
vn 0.458812 -0.302130 -0.835589
vn 0.761130 -0.175419 -0.624427
vn 0.947993 -0.025215 -0.317291
vn 0.991247 0.126090 0.039117
vn 0.884276 0.255824 0.390653
vn 0.643258 0.344377 0.683830
vn 0.304875 0.378301 0.874037
vn -0.079343 0.352431 0.932468
vn -0.451046 0.270621 0.850483
vn -0.753980 0.145048 0.640683
vn -0.942287 -0.005590 0.334760
vn -0.961128 -0.275921 -0.010048
vn -0.825017 -0.462625 -0.324538
vn -0.562320 -0.580911 -0.588505
vn -0.213083 -0.611931 -0.761667
vn 0.168994 -0.550754 -0.817381
vn 0.525354 -0.407455 -0.746983
vn 0.801954 -0.204745 -0.561203
vn 0.957148 0.026371 -0.288394
vn 0.967481 0.251173 0.029869
vn 0.831212 0.435899 0.345079
vn 0.568867 0.552584 0.609132
vn 0.220349 0.583435 0.781697
vn -0.161159 0.523727 0.836503
vn -0.517496 0.382548 0.765412
vn -0.794532 0.181265 0.579535
vn -0.950309 -0.049824 0.307296
vn -0.960177 -0.279304 0.007091
vn -0.812917 -0.520099 -0.262038
vn -0.542062 -0.681514 -0.491638
vn -0.188872 -0.738615 -0.647129
vn 0.192731 -0.682523 -0.704995
vn 0.544623 -0.522174 -0.656293
vn 0.813606 -0.282612 -0.508110
vn 0.959215 -0.000423 -0.282677
vn 0.959330 0.281930 -0.014169
vn 0.813488 0.521997 0.256432
vn 0.543363 0.683332 0.487662
vn 0.189873 0.741081 0.644008
vn -0.192936 0.686099 0.701458
vn -0.546325 0.526638 0.651293
vn -0.816161 0.287105 0.501449
vn -0.961392 0.004109 0.275152
vn -0.990538 -0.134530 0.027132
vn -0.879619 -0.431025 -0.201215
vn -0.635374 -0.659530 -0.401646
vn -0.295169 -0.785395 -0.544086
vn 0.089297 -0.789453 -0.607281
vn 0.459622 -0.671055 -0.581749
vn 0.759527 -0.448438 -0.471193
vn 0.943601 -0.155850 -0.292110
vn 0.984181 0.162120 -0.071447
vn 0.875167 0.457510 0.157375
vn 0.632741 0.685885 0.359446
vn 0.293203 0.812599 0.503701
vn -0.092071 0.817988 0.567818
vn -0.464200 0.700693 0.541800
vn -0.765919 0.478306 0.429642
vn -0.950760 0.184870 0.248754
vn -0.994499 0.099809 0.031787
vn -0.957253 -0.228503 -0.177349
vn -0.773729 -0.519065 -0.363202
vn -0.472411 -0.727582 -0.497446
vn -0.099500 -0.822525 -0.559957
vn 0.288307 -0.789623 -0.541641
vn 0.632232 -0.633852 -0.445549
vn 0.880058 -0.378839 -0.286320
vn 0.994090 -0.063520 -0.088034
vn 0.957142 0.263866 0.119389
vn 0.775091 0.553512 0.304727
vn 0.475559 0.761726 0.440020
vn 0.103620 0.857156 0.504526
vn -0.284600 0.825186 0.487924
vn -0.630002 0.670244 0.392263
vn -0.879499 0.415529 0.231985
vn -0.963595 0.267057 0.012858
vn -0.975821 -0.052168 -0.212252
vn -0.838398 -0.361192 -0.408202
vn -0.572490 -0.612791 -0.544740
vn -0.219006 -0.768682 -0.600969
vn 0.167987 -0.805348 -0.568502
vn 0.529667 -0.717386 -0.452560
vn 0.811247 -0.518096 -0.271024
vn 0.970005 -0.237531 -0.051675
vn 0.981696 0.081738 0.172026
vn 0.844504 0.390887 0.366088
vn 0.579516 0.642544 0.501297
vn 0.227206 0.798423 0.557583
vn -0.159112 0.835092 0.526598
vn -0.521111 0.747109 0.412639
vn -0.803751 0.547716 0.232361
vn -0.955505 0.294948 -0.003976
vn -0.962108 0.011936 -0.272407
vn -0.822059 -0.272334 -0.500053
vn -0.556705 -0.514625 -0.652105
vn -0.206596 -0.678146 -0.705291
vn 0.174835 -0.738205 -0.651525
vn 0.529590 -0.685910 -0.499060
vn 0.803940 -0.529337 -0.271077
vn 0.956379 -0.292122 -0.002139
vn 0.963672 -0.009910 0.266904
vn 0.824353 0.274721 0.494945
vn 0.559257 0.518361 0.646941
vn 0.208755 0.683381 0.699580
vn -0.173402 0.744166 0.645096
vn -0.528761 0.691455 0.492242
vn -0.803334 0.533606 0.264421
vn -0.974759 0.223000 -0.010788
vn -0.944813 -0.002252 -0.327601
vn -0.771806 -0.229115 -0.593146
vn -0.481995 -0.423005 -0.767298
vn -0.119403 -0.554397 -0.823642
vn 0.260806 -0.603329 -0.753640
vn 0.600822 -0.562486 -0.567999
vn 0.849076 -0.438279 -0.294927
vn 0.968010 -0.249733 0.024284
vn 0.939548 -0.025453 0.341469
vn 0.767679 0.200707 0.608593
vn 0.478022 0.394586 0.784728
vn 0.114400 0.526684 0.842328
vn -0.267457 0.576617 0.771997
vn -0.608654 0.536460 0.584595
vn -0.856897 0.412235 0.309499
vn -0.995049 0.098536 -0.012968
vn -0.928804 -0.050682 -0.367088
vn -0.721784 -0.195091 -0.664054
vn -0.405409 -0.312528 -0.859052
vn -0.027642 -0.384933 -0.922531
vn 0.354083 -0.401156 -0.844807
vn 0.681637 -0.358701 -0.637734
vn 0.905213 -0.264132 -0.332903
vn 0.990969 -0.132039 0.023354
vn 0.925998 0.017307 0.377132
vn 0.720025 0.161130 0.674982
vn 0.403929 0.277625 0.871645
vn 0.025436 0.349222 0.936695
vn -0.357672 0.365227 0.859465
vn -0.686383 0.323335 0.651408
vn -0.910128 0.229799 0.344761
vn -0.998119 -0.060976 -0.006328
vn -0.915629 -0.125254 -0.382014
vn -0.693875 -0.172389 -0.699157
vn -0.366515 -0.194976 -0.909754
vn 0.016819 -0.189353 -0.981765
vn 0.397816 -0.156262 -0.904060
vn 0.718328 -0.100719 -0.688375
vn 0.929436 -0.031236 -0.367659
vn 0.999098 0.041486 0.009103
vn 0.916953 0.106222 0.384596
vn 0.695606 0.152992 0.701944
vn 0.368516 0.174650 0.913068
vn -0.014883 0.168013 0.985672
vn -0.396286 0.134368 0.908242
vn -0.717266 0.079120 0.692293
vn -0.928584 0.010663 0.370968
vn -0.967912 -0.251116 0.009322
vn -0.897407 -0.234472 -0.373744
vn -0.690436 -0.182476 -0.700000
vn -0.378399 -0.102758 -0.919921
vn -0.008599 -0.007253 -0.999937
vn 0.362724 0.089514 -0.927587
vn 0.678849 0.172691 -0.713682
vn 0.891379 0.229487 -0.390869
vn 0.967901 0.251185 -0.008592
vn 0.896992 0.234466 0.374742
vn 0.689726 0.181863 0.700860
vn 0.377681 0.101384 0.920369
vn 0.008131 0.005354 0.999953
vn -0.362841 -0.091416 0.927356
vn -0.678684 -0.174019 0.713516
vn -0.891155 -0.229974 0.391094
vn -0.886950 -0.460965 0.028819
vn -0.855385 -0.380742 -0.351215
vn -0.694318 -0.241784 -0.677837
vn -0.428181 -0.064901 -0.901360
vn -0.097303 0.123182 -0.987602
vn 0.248066 0.293777 -0.923124
vn 0.555229 0.420658 -0.717473
vn 0.777124 0.484241 -0.401982
vn 0.879765 0.474749 -0.025015
vn 0.847627 0.393731 0.355675
vn 0.685903 0.253693 0.682039
vn 0.419414 0.076070 0.904602
vn 0.088660 -0.112036 0.989741
vn -0.256188 -0.281921 0.924602
vn -0.562702 -0.407715 0.719121
vn -0.784193 -0.470473 0.404595
vn -0.742389 -0.668316 0.047028
vn -0.768290 -0.552115 -0.323882
vn -0.678685 -0.350733 -0.645270
vn -0.487188 -0.094445 -0.868175
vn -0.222802 0.177957 -0.958483
vn 0.074409 0.424955 -0.902151
vn 0.359223 0.608639 -0.707473
vn 0.588067 0.700654 -0.404055
vn 0.725832 0.686800 -0.038391
vn 0.751475 0.569309 0.333426
vn 0.661279 0.366388 0.654576
vn 0.469219 0.109199 0.876304
vn 0.204602 -0.163005 0.965177
vn -0.092390 -0.408813 0.907929
vn -0.376636 -0.590942 0.713396
vn -0.604879 -0.681957 0.411164
vn -0.532147 -0.844436 0.061216
vn -0.621318 -0.724509 -0.298416
vn -0.617951 -0.493410 -0.612113
vn -0.522620 -0.185928 -0.832045
vn -0.349752 0.151373 -0.924532
vn -0.125453 0.467151 -0.875232
vn 0.116297 0.713061 -0.691389
vn 0.338643 0.851225 -0.400921
vn 0.507501 0.860297 -0.048291
vn 0.596965 0.738947 0.312396
vn 0.593421 0.506012 0.625942
vn 0.497572 0.197354 0.844674
vn 0.324140 -0.139850 0.935615
vn 0.099535 -0.454315 0.885263
vn -0.142075 -0.698389 0.701475
vn -0.363891 -0.835267 0.412204
vn -0.267473 -0.960978 0.070568
vn -0.411926 -0.867540 -0.278732
vn -0.496020 -0.641768 -0.584891
vn -0.507118 -0.317648 -0.801206
vn -0.443529 0.055734 -0.894525
vn -0.314744 0.421604 -0.850404
vn -0.140109 0.724086 -0.675329
vn 0.053915 0.916724 -0.395866
vn 0.237678 0.969800 -0.054747
vn 0.382967 0.875154 0.295707
vn 0.467496 0.647499 0.601825
vn 0.478402 0.321947 0.816996
vn 0.414124 -0.051653 0.908754
vn 0.284529 -0.416422 0.863502
vn 0.109421 -0.717057 0.688373
vn -0.084437 -0.908155 0.410029
vn 0.027952 -0.996780 0.075160
vn -0.152281 -0.951609 -0.266930
vn -0.311659 -0.762051 -0.567580
vn -0.426206 -0.456613 -0.780931
vn -0.478584 -0.081541 -0.874248
vn -0.460684 0.306178 -0.833082
vn -0.374938 0.647448 -0.663500
vn -0.234132 0.890012 -0.391230
vn -0.059648 0.996541 -0.057869
vn 0.121767 0.950618 0.285479
vn 0.282225 0.759410 0.586213
vn 0.397130 0.452441 0.798489
vn 0.448977 0.076796 0.890237
vn 0.429958 -0.310255 0.847867
vn 0.343118 -0.649950 0.678111
vn 0.201891 -0.890900 0.406863
vn 0.322639 -0.943525 0.075270
vn 0.132297 -0.955400 -0.264023
vn -0.080193 -0.823024 -0.562317
vn -0.282901 -0.566275 -0.774145
vn -0.445187 -0.224012 -0.866964
vn -0.542288 0.151786 -0.826368
vn -0.559140 0.503930 -0.658345
vn -0.492823 0.778637 -0.388394
vn -0.353219 0.933757 -0.057739
vn -0.161647 0.945413 0.282956
vn 0.052444 0.811862 0.581489
vn 0.256159 0.553742 0.792308
vn 0.418329 0.210689 0.883522
vn 0.514283 -0.164927 0.841613
vn 0.529573 -0.515996 0.673277
vn 0.462165 -0.789296 0.404247
vn 0.584981 -0.807930 0.071038
vn 0.409255 -0.871455 -0.270326
vn 0.169778 -0.804058 -0.569795
vn -0.097515 -0.615852 -0.781804
vn -0.352295 -0.335335 -0.873750
vn -0.555806 -0.005107 -0.831296
vn -0.676826 0.324633 -0.660697
vn -0.696546 0.603651 -0.387852
vn -0.611633 0.789267 -0.054419
vn -0.434943 0.852980 0.288529
vn -0.193600 0.785019 0.588442
vn 0.075287 0.595895 0.799526
vn 0.330505 0.314655 0.889808
vn 0.533115 -0.015741 0.845896
vn 0.652379 -0.345010 0.674811
vn 0.670440 -0.623129 0.402766
vn 0.790881 -0.608783 0.062376
vn 0.646936 -0.707054 -0.285566
vn 0.403757 -0.699700 -0.589407
vn 0.097827 -0.587848 -0.803035
vn -0.224776 -0.388517 -0.893605
vn -0.515072 -0.132028 -0.846917
vn -0.728682 0.142659 -0.669829
vn -0.832717 0.393807 -0.389227
vn -0.810957 0.583138 -0.047948
vn -0.666528 0.681680 0.301748
vn -0.421556 0.674325 0.606280
vn -0.113691 0.562237 0.819124
vn 0.209856 0.362607 0.908007
vn 0.499663 0.105899 0.859722
vn 0.711641 -0.168833 0.681955
vn 0.813746 -0.419796 0.401981
vn 0.927604 -0.370323 0.049112
vn 0.820972 -0.480286 -0.308756
vn 0.589288 -0.519056 -0.619129
vn 0.267397 -0.480835 -0.835043
vn -0.096245 -0.371637 -0.923376
vn -0.446489 -0.208219 -0.870226
vn -0.729895 -0.015421 -0.683385
vn -0.903009 0.177565 -0.391210
vn -0.939110 0.341476 -0.038288
vn -0.832469 0.451354 0.321363
vn -0.599377 0.490406 0.632653
vn -0.275621 0.452657 0.848018
vn 0.089180 0.343867 0.934774
vn 0.439315 0.180561 0.880000
vn 0.721473 -0.012505 0.692330
vn 0.892822 -0.205990 0.400545
vn 0.992772 -0.115817 0.031467
vn 0.916547 -0.214291 -0.337671
vn 0.701140 -0.281639 -0.655043
vn 0.379139 -0.307629 -0.872708
vn -0.000872 -0.288656 -0.957433
vn -0.381255 -0.227956 -0.895924
vn -0.704041 -0.134856 -0.697237
vn -0.919880 -0.023366 -0.391503
vn -0.995639 0.089780 -0.025335
vn -0.919581 0.187499 0.345276
vn -0.703302 0.254937 0.663607
vn -0.379968 0.281788 0.881034
vn 0.000935 0.263909 0.964547
vn 0.381319 0.203915 0.901673
vn 0.703326 0.110753 0.702187
vn 0.917998 -0.001550 0.396583
vn 0.990715 0.135514 0.010955
vn 0.927500 0.066800 -0.367807
vn 0.723384 -0.012963 -0.690324
vn 0.409452 -0.091373 -0.907745
vn 0.033347 -0.156747 -0.987076
vn -0.347768 -0.199605 -0.916087
vn -0.675851 -0.213690 -0.705381
vn -0.900874 -0.196799 -0.386906
vn -0.988452 -0.151260 -0.009135
vn -0.925137 -0.083776 0.370273
vn -0.720599 -0.004515 0.693337
vn -0.406163 0.074448 0.910763
vn -0.029875 0.141036 0.989554
vn 0.351000 0.185028 0.917913
vn 0.678656 0.199570 0.706822
vn 0.903317 0.182222 0.388347
vn 0.929990 0.367485 -0.008568
vn 0.855811 0.338584 -0.391087
vn 0.651028 0.257895 -0.713899
vn 0.346962 0.138165 -0.927646
vn -0.009910 -0.002156 -0.999949
vn -0.365187 -0.141927 -0.920052
vn -0.664814 -0.260231 -0.700216
vn -0.863229 -0.339239 -0.373835
vn -0.930228 -0.366859 0.009519
vn -0.855578 -0.338708 0.391489
vn -0.650686 -0.258947 0.713831
vn -0.346886 -0.139701 0.927445
vn 0.009473 0.000863 0.999955
vn 0.364246 0.141383 0.920509
vn 0.663699 0.260507 0.701170
vn 0.862415 0.340000 0.375021
vn 0.825525 0.563975 -0.021011
vn 0.715586 0.575335 -0.396139
vn 0.495324 0.499525 -0.710724
vn 0.198584 0.348237 -0.916130
vn -0.129017 0.145247 -0.980947
vn -0.437533 -0.078023 -0.895811
vn -0.680232 -0.287708 -0.674172
vn -0.820367 -0.452315 -0.349872
vn -0.836627 -0.547064 0.027877
vn -0.726466 -0.557569 0.401702
vn -0.506635 -0.482180 0.714720
vn -0.210666 -0.332367 0.919322
vn 0.116341 -0.130922 0.984543
vn 0.424721 0.091650 0.900673
vn 0.667763 0.301780 0.680456
vn 0.808584 0.467703 0.356996
vn 0.705343 0.708547 -0.021242
vn 0.541919 0.752879 -0.373493
vn 0.293626 0.683639 -0.668148
vn -0.001166 0.510880 -0.859651
vn -0.296955 0.261555 -0.918372
vn -0.548775 -0.025254 -0.835589
vn -0.718876 -0.305464 -0.624427
vn -0.781763 -0.536817 -0.317291
vn -0.727822 -0.684649 0.039117
vn -0.565025 -0.726730 0.390653
vn -0.317987 -0.656705 0.683830
vn -0.024289 -0.485253 0.874037
vn 0.271344 -0.238486 0.932468
vn 0.523971 0.046181 0.850483
vn 0.695240 0.325833 0.640683
vn 0.759040 0.558385 0.334760
vn 0.615386 0.788162 -0.010048
vn 0.395529 0.859204 -0.324538
vn 0.113475 0.800490 -0.588505
vn -0.187296 0.620309 -0.761667
vn -0.460444 0.346237 -0.817381
vn -0.664516 0.020843 -0.746983
vn -0.769141 -0.305735 -0.561203
vn -0.758849 -0.583932 -0.288394
vn -0.635073 -0.771875 0.029869
vn -0.416250 -0.841223 0.345079
vn -0.135422 -0.781421 0.609132
vn 0.164669 -0.601527 0.781697
vn 0.438220 -0.328978 0.836503
vn 0.643519 -0.005312 0.765412
vn 0.749335 0.320368 0.579535
vn 0.739530 0.598886 0.307296
vn 0.612629 0.790339 0.007091
vn 0.351957 0.898589 -0.262038
vn 0.037953 0.869972 -0.491638
vn -0.281346 0.708568 -0.647129
vn -0.557099 0.438888 -0.704995
vn -0.747535 0.102326 -0.656293
vn -0.824336 -0.249588 -0.508110
vn -0.776270 -0.563470 -0.282677
vn -0.610400 -0.791967 -0.014169
vn -0.351303 -0.900460 0.256432
vn -0.037937 -0.872208 0.487662
vn 0.281986 -0.711152 0.644008
vn 0.559368 -0.441661 0.701458
vn 0.751536 -0.104937 0.651293
vn 0.829045 0.247455 0.501449
vn 0.780197 0.561768 0.275152
vn 0.722287 0.691061 0.027132
vn 0.458277 0.865734 -0.201215
vn 0.126366 0.907035 -0.401646
vn -0.222847 0.808894 -0.544086
vn -0.536272 0.586193 -0.607281
vn -0.766278 0.272736 -0.581749
vn -0.878055 -0.083645 -0.471193
vn -0.854996 -0.428549 -0.292110
vn -0.700928 -0.709645 -0.071447
vn -0.439107 -0.884544 0.157375
vn -0.108746 -0.926808 0.359446
vn 0.240427 -0.829747 0.503701
vn 0.555288 -0.607649 0.567818
vn 0.787403 -0.294023 0.541800
vn 0.900782 0.063238 0.429642
vn 0.877845 0.409279 0.248754
vn 0.863233 0.503804 0.031787
vn 0.640123 0.747522 -0.177349
vn 0.320861 0.874719 -0.363202
vn -0.045474 0.866302 -0.497446
vn -0.402971 0.723921 -0.559957
vn -0.697374 0.469356 -0.541641
vn -0.884056 0.141180 -0.445549
vn -0.934658 -0.210798 -0.286320
vn -0.841572 -0.532923 -0.088034
vn -0.619248 -0.776066 0.119389
vn -0.301715 -0.903388 0.304727
vn 0.062995 -0.895776 0.440020
vn 0.419993 -0.754360 0.504526
vn 0.715279 -0.500306 0.487924
vn 0.903642 -0.171933 0.392263
vn 0.955771 0.180786 0.231985
vn 0.936537 0.350334 0.012858
vn 0.758792 0.615779 -0.212252
vn 0.465975 0.785009 -0.408202
vn 0.102964 0.832260 -0.544740
vn -0.274641 0.750605 -0.600969
vn -0.609276 0.552800 -0.568502
vn -0.850178 0.269047 -0.452560
vn -0.960842 -0.057691 -0.271024
vn -0.924367 -0.377988 -0.051675
vn -0.746164 -0.643153 0.172026
vn -0.453461 -0.812621 0.366088
vn -0.091161 -0.860460 0.501297
vn 0.285488 -0.779486 0.557583
vn 0.619579 -0.582079 0.526598
vn 0.860728 -0.298123 0.412639
vn 0.972188 0.029322 0.232361
vn 0.946386 0.323014 -0.003976
vn 0.785378 0.555857 -0.272407
vn 0.504986 0.703517 -0.500053
vn 0.147895 0.743563 -0.652105
vn -0.231465 0.670066 -0.705291
vn -0.575351 0.494455 -0.651525
vn -0.831616 0.243628 -0.499060
vn -0.961538 -0.044301 -0.271077
vn -0.945431 -0.325814 -0.002139
vn -0.785452 -0.558415 0.266904
vn -0.505439 -0.706796 0.494945
vn -0.147764 -0.748086 0.646941
vn 0.232795 -0.675570 0.699580
vn 0.577695 -0.500120 0.645096
vn 0.834204 -0.248601 0.492242
vn 0.963557 0.040492 0.264421
vn 0.919672 0.392538 -0.010788
vn 0.763046 0.557170 -0.327601
vn 0.489734 0.639014 -0.593146
vn 0.141306 0.625528 -0.767298
vn -0.229267 0.518700 -0.823642
vn -0.565625 0.334805 -0.753640
vn -0.816696 0.101906 -0.567999
vn -0.944531 -0.144499 -0.294927
vn -0.929926 -0.366944 0.024284
vn -0.775071 -0.531661 0.341469
vn -0.503093 -0.613606 0.608593
vn -0.154796 -0.600201 0.784728
vn 0.217025 -0.493339 0.842328
vn 0.555304 -0.309286 0.771997
vn 0.807734 -0.076247 0.584595
vn 0.935550 0.170166 0.309499
vn 0.862930 0.505158 -0.012968
vn 0.721629 0.586940 -0.367088
vn 0.469264 0.582086 -0.664054
vn 0.144284 0.491134 -0.859052
vn -0.203895 0.327665 -0.922531
vn -0.522253 0.116417 -0.844807
vn -0.762295 -0.110461 -0.637734
vn -0.887585 -0.318383 -0.332903
vn -0.879321 -0.475656 0.023354
vn -0.738975 -0.558289 0.377132
vn -0.487803 -0.553577 0.674982
vn -0.163602 -0.462027 0.871645
vn 0.184689 -0.297477 0.936695
vn 0.504038 -0.085241 0.859465
vn 0.745347 0.141862 0.651408
vn 0.871381 0.349048 0.344761
vn 0.771654 0.636010 -0.006328
vn 0.667137 0.639526 -0.382014
vn 0.460028 0.547315 -0.699157
vn 0.181913 0.373170 -0.909754
vn -0.124906 0.143304 -0.981765
vn -0.413689 -0.107412 -0.904060
vn -0.640341 -0.340739 -0.688375
vn -0.770289 -0.521039 -0.367659
vn -0.783902 -0.620818 0.009103
vn -0.679395 -0.624907 0.384596
vn -0.472830 -0.532640 0.701944
vn -0.195479 -0.357903 0.913068
vn 0.110797 -0.127177 0.985672
vn 0.399581 0.124225 0.908242
vn 0.626786 0.357589 0.692293
vn 0.757508 0.537182 0.370968
vn 0.635455 0.772082 0.009322
vn 0.588198 0.717174 -0.373744
vn 0.451318 0.553455 -0.700000
vn 0.245731 0.305550 -0.919921
vn 0.002694 0.010922 -0.999937
vn -0.240835 -0.285622 -0.927587
vn -0.447695 -0.538727 -0.713682
vn -0.586252 -0.709599 -0.390869
vn -0.635405 -0.772131 -0.008592
vn -0.587866 -0.716925 0.374742
vn -0.451103 -0.552541 0.700860
vn -0.245958 -0.304016 0.920369
vn -0.003432 -0.009111 0.999953
vn 0.239812 0.287230 0.927356
vn 0.446781 0.539705 0.713516
vn 0.585784 0.709861 0.391094
vn 0.446610 0.894265 0.028819
vn 0.468227 0.810809 -0.351215
vn 0.419598 0.603717 -0.677837
vn 0.308258 0.304184 -0.901360
vn 0.151124 -0.042463 -0.987602
vn -0.028012 -0.383480 -0.923124
vn -0.201933 -0.666675 -0.717473
vn -0.344077 -0.848541 -0.401982
vn -0.432694 -0.901194 -0.025015
vn -0.454315 -0.816758 0.355675
vn -0.405790 -0.608406 0.682039
vn -0.294600 -0.308067 0.904602
vn -0.137580 0.038526 0.989741
vn 0.041551 0.378662 0.924602
vn 0.215587 0.660596 0.719121
vn 0.357888 0.841557 0.404595
vn 0.207779 0.977045 0.047028
vn 0.297034 0.898260 -0.323882
vn 0.342912 0.682670 -0.645270
vn 0.338630 0.362769 -0.868175
vn 0.284851 -0.013010 -0.958483
vn 0.189584 -0.387532 -0.902151
vn 0.067131 -0.703545 -0.707473
vn -0.063922 -0.912498 -0.404055
vn -0.183520 -0.982266 -0.038391
vn -0.273324 -0.902287 0.333426
vn -0.319628 -0.685104 0.654576
vn -0.315421 -0.364144 0.876304
vn -0.261338 0.011612 0.965177
vn -0.165550 0.385042 0.907929
vn -0.042642 0.699463 0.713396
vn 0.088513 0.907254 0.411164
vn -0.065831 0.995951 0.061216
vn 0.076801 0.951341 -0.298416
vn 0.209914 0.762400 -0.612113
vn 0.313523 0.457607 -0.832045
vn 0.371931 0.083116 -0.924532
vn 0.376078 -0.304194 -0.875232
vn 0.325040 -0.645236 -0.691389
vn 0.226369 -0.887705 -0.400921
vn 0.095093 -0.994296 -0.048291
vn -0.048613 -0.948707 0.312396
vn -0.182661 -0.758177 0.625942
vn -0.286542 -0.452128 0.844674
vn -0.344436 -0.077384 0.935615
vn -0.347565 0.309043 0.885263
vn -0.295562 0.648518 0.701475
vn -0.196564 0.889635 0.412204
vn -0.348458 0.934664 0.070568
vn -0.176672 0.943979 -0.278732
vn 0.024067 0.810755 -0.584891
vn 0.223559 0.555059 -0.801206
vn 0.391582 0.215610 -0.894525
vn 0.502445 -0.156083 -0.850404
vn 0.538957 -0.503444 -0.675329
vn 0.495219 -0.773336 -0.395866
vn 0.377748 -0.924288 -0.054747
vn 0.204576 -0.933116 0.295707
vn 0.002378 -0.798625 0.601825
vn -0.197800 -0.541658 0.816996
vn -0.365394 -0.201628 0.908754
vn -0.474956 0.169651 0.863502
vn -0.509998 0.515795 0.688373
vn -0.465489 0.784344 0.410029
vn -0.608506 0.789982 0.075160
vn -0.436143 0.859376 -0.266930
vn -0.195785 0.799700 -0.567580
vn 0.076418 0.619925 -0.780931
vn 0.339254 0.347272 -0.874248
vn 0.552668 0.023080 -0.833082
vn 0.683892 -0.303413 -0.663500
vn 0.712553 -0.582415 -0.391230
vn 0.634008 -0.771158 -0.057869
vn 0.460248 -0.840639 0.285479
vn 0.218045 -0.780263 0.586213
vn -0.055346 -0.599460 0.798489
vn -0.318090 -0.326031 0.890237
vn -0.530207 -0.001722 0.847867
vn -0.659619 0.324141 0.678111
vn -0.686991 0.602084 0.406863
vn -0.815610 0.573685 0.075270
vn -0.668601 0.695173 -0.264023
vn -0.418884 0.712977 -0.562317
vn -0.103977 0.624411 -0.774145
vn 0.228493 0.442904 -0.866964
vn 0.527938 0.195951 -0.826368
vn 0.748556 -0.079034 -0.658345
vn 0.856373 -0.340257 -0.388394
vn 0.834609 -0.547809 -0.057739
vn 0.686475 -0.669842 0.282956
vn 0.434772 -0.687636 0.581489
vn 0.118245 -0.598553 0.792308
vn -0.214595 -0.416338 0.883522
vn -0.513005 -0.168859 0.841613
vn -0.731728 0.106174 0.673277
vn -0.837836 0.366900 0.404247
vn -0.948149 0.309785 0.071038
vn -0.843323 0.464468 -0.270326
vn -0.609966 0.550704 -0.569795
vn -0.283098 0.555553 -0.781804
vn 0.087908 0.478366 -0.873750
vn 0.446655 0.330827 -0.831296
vn 0.738378 0.135195 -0.660697
vn 0.918335 -0.078945 -0.387852
vn 0.958742 -0.279022 -0.054419
vn 0.853245 -0.434423 0.288529
vn 0.618048 -0.521298 0.588442
vn 0.289349 -0.526342 0.799526
vn -0.082435 -0.448827 0.889808
vn -0.440552 -0.300622 0.845896
vn -0.730577 -0.104340 0.674811
vn -0.908663 0.110047 0.402766
vn -0.997670 0.027647 0.062376
vn -0.938978 0.191759 -0.285566
vn -0.737920 0.328746 -0.589407
vn -0.424672 0.418077 -0.803035
vn -0.046517 0.446437 -0.893605
vn 0.339098 0.409565 -0.846917
vn 0.673369 0.312895 -0.669829
vn 0.905156 0.170863 -0.389227
vn 0.998838 0.004900 -0.047948
vn 0.939914 -0.159715 0.301748
vn 0.737405 -0.297756 0.606280
vn 0.422453 -0.388033 0.819124
vn 0.043358 -0.416705 0.908007
vn -0.341990 -0.379369 0.859722
vn -0.674967 -0.281703 0.681955
vn -0.905084 -0.138686 0.401981
vn -0.968118 -0.245634 0.049112
vn -0.946485 -0.093996 -0.308756
vn -0.781838 0.073550 -0.619129
vn -0.498956 0.231832 -0.835043
vn -0.140580 0.357232 -0.923376
vn 0.238829 0.430892 -0.870226
vn 0.581433 0.441497 -0.683385
vn 0.834920 0.387123 -0.391210
vn 0.960471 0.275735 -0.038288
vn 0.938781 0.124160 0.321363
vn 0.773159 -0.044442 0.632653
vn 0.489047 -0.204202 0.848018
vn 0.129972 -0.330613 0.934774
vn -0.249282 -0.404299 0.880000
vn -0.591034 -0.413954 0.692330
vn -0.843387 -0.358138 0.400545
vn -0.871245 -0.489839 0.031467
vn -0.867459 -0.365368 -0.337671
vn -0.732778 -0.184269 -0.655043
vn -0.487549 0.026025 -0.872708
vn -0.168962 0.234040 -0.957433
vn 0.174453 0.408516 -0.895924
vn 0.490315 0.522926 -0.697237
vn 0.730465 0.559595 -0.391503
vn 0.858260 0.512589 -0.025335
vn 0.854166 0.388826 0.345276
vn 0.718831 0.207143 0.663607
vn 0.473031 -0.004632 0.881034
vn 0.154365 -0.214056 0.964547
vn -0.188636 -0.389105 0.901673
vn -0.503903 -0.503006 0.702187
vn -0.743587 -0.538332 0.396583
vn -0.721852 -0.691961 0.010955
vn -0.711099 -0.599213 -0.367807
vn -0.592850 -0.414707 -0.690324
vn -0.384961 -0.166748 -0.907745
vn -0.119112 0.107210 -0.987076
vn 0.164025 0.365897 -0.916087
vn 0.421172 0.570134 -0.705381
vn 0.613147 0.688734 -0.386906
vn 0.710766 0.703369 -0.009135
vn 0.699210 0.611558 0.370273
vn 0.580323 0.427211 0.693337
vn 0.372352 0.178507 0.910763
vn 0.107068 -0.096540 0.989554
vn -0.175208 -0.356003 0.917913
vn -0.431740 -0.560360 0.706822
vn -0.623692 -0.678377 0.388347
vn -0.536376 -0.843936 -0.008568
vn -0.493351 -0.776953 -0.391087
vn -0.375106 -0.591306 -0.713899
vn -0.199486 -0.315717 -0.927646
vn 0.006750 0.007569 -0.999949
vn 0.212020 0.329473 -0.920052
vn 0.384886 0.601299 -0.700216
vn 0.498967 0.781843 -0.373835
vn 0.536936 0.843569 0.009519
vn 0.493090 0.776916 0.391489
vn 0.374211 0.591956 0.713831
vn 0.198522 0.316914 0.927445
vn -0.007157 -0.006266 0.999955
vn -0.211578 -0.328479 0.920509
vn -0.383821 -0.600867 0.701170
vn -0.497861 -0.781980 0.375021
vn -0.336367 -0.941496 -0.021011
vn -0.240747 -0.886067 -0.396139
vn -0.107112 -0.695268 -0.710724
vn 0.044031 -0.398455 -0.916130
vn 0.189751 -0.041673 -0.980947
vn 0.308111 0.320297 -0.895811
vn 0.381209 0.632591 -0.674172
vn 0.397827 0.848130 -0.349872
vn 0.355289 0.934341 0.027877
vn 0.259993 0.878088 0.401702
vn 0.126458 0.687884 0.714720
vn -0.024928 0.392717 0.919322
vn -0.171076 0.037535 0.984543
vn -0.289736 -0.323791 0.900673
vn -0.362850 -0.636647 0.680456
vn -0.379249 -0.853653 0.356996
vn -0.154161 -0.987817 -0.021242
vn 0.004109 -0.927624 -0.373493
vn 0.164285 -0.725664 -0.668148
vn 0.301231 -0.412626 -0.859651
vn 0.393980 -0.037057 -0.918372
vn 0.429124 0.342993 -0.835589
vn 0.402036 0.669670 -0.624427
vn 0.316927 0.893803 -0.317291
vn 0.186394 0.981696 0.039117
vn 0.029953 0.920051 0.390653
vn -0.128745 0.718193 0.683830
vn -0.265574 0.406855 0.874037
vn -0.359700 0.033448 0.932468
vn -0.396757 -0.345344 0.850483
vn -0.370941 -0.672256 0.640683
vn -0.285866 -0.897896 0.334760
vn -0.034588 -0.999351 -0.010048
vn 0.185038 -0.927597 -0.324538
vn 0.378713 -0.714309 -0.588505
vn 0.516135 -0.391751 -0.761667
vn 0.576020 -0.009469 -0.817381
vn 0.549856 0.373731 -0.746983
vn 0.442541 0.699434 -0.561203
vn 0.270695 0.918451 -0.288394
vn 0.060088 0.997746 0.029869
vn -0.157706 0.925229 0.345079
vn -0.349749 0.711782 0.609132
vn -0.486788 0.389855 0.781697
vn -0.547895 0.008570 0.836503
vn -0.523740 -0.373954 0.765412
vn -0.417917 -0.699631 0.579535
vn -0.246276 -0.919194 0.307296
vn -0.031077 -0.999492 0.007091
vn 0.243438 -0.933849 -0.262038
vn 0.480652 -0.726131 -0.491638
vn 0.644100 -0.407873 -0.647129
vn 0.708675 -0.027613 -0.704995
vn 0.664915 0.356607 -0.656293
vn 0.520198 0.686453 -0.508110
vn 0.296816 0.912137 -0.282677
vn 0.028318 0.999499 -0.014169
vn -0.245067 0.934978 0.256432
vn -0.481979 0.727930 0.487662
vn -0.646136 0.409587 0.644008
vn -0.712139 0.028523 0.701458
vn -0.669686 -0.356846 0.651293
vn -0.525261 -0.687495 0.501449
vn -0.300994 -0.913068 0.275152
vn -0.178147 -0.983630 0.027132
vn 0.138112 -0.969762 -0.201215
vn 0.430909 -0.808083 -0.401646
vn 0.655743 -0.523423 -0.544086
vn 0.778409 -0.159028 -0.607281
vn 0.780243 0.229759 -0.581749
vn 0.661196 0.583778 -0.471193
vn 0.439811 0.849258 -0.292110
vn 0.149944 0.986110 -0.071447
vn -0.164677 0.973712 0.157375
vn -0.456787 0.813723 0.359446
vn -0.682222 0.529960 0.503701
vn -0.806405 0.165208 0.567818
vn -0.809845 -0.224955 0.541800
vn -0.691578 -0.580627 0.429642
vn -0.469623 -0.847098 0.248754
vn -0.402241 -0.914982 0.031787
vn -0.078488 -0.981013 -0.177349
vn 0.254564 -0.896260 -0.363202
vn 0.545989 -0.674124 -0.497446
vn 0.751521 -0.348804 -0.559957
vn 0.840068 0.030189 -0.541641
vn 0.798200 0.405418 -0.445549
vn 0.632250 0.719917 -0.286320
vn 0.367602 0.925807 -0.088034
vn 0.044822 0.991835 0.119389
vn -0.286905 0.908200 0.304727
vn -0.577488 0.687670 0.440020
vn -0.783183 0.363424 0.504526
vn -0.872745 -0.015674 0.487924
vn -0.832122 -0.392050 0.392263
vn -0.666972 -0.708048 0.231985
vn -0.551753 -0.833908 0.012858
vn -0.251930 -0.944182 -0.212252
vn 0.084435 -0.908978 -0.408202
vn 0.405890 -0.733833 -0.544740
vn 0.663384 -0.445823 -0.600969
vn 0.817843 -0.089101 -0.568502
vn 0.845950 0.282059 -0.452560
vn 0.743428 0.611442 -0.271024
vn 0.525653 0.849128 -0.051675
vn 0.225624 0.958906 0.172026
vn -0.110789 0.923962 0.366088
vn -0.432015 0.749710 0.501297
vn -0.689135 0.462811 0.557583
vn -0.843388 0.106733 0.526598
vn -0.871575 -0.264736 0.412639
vn -0.769281 -0.595159 0.232361
vn -0.575779 -0.817595 -0.003976
vn -0.308660 -0.911331 -0.272407
vn 0.004975 -0.865981 -0.500053
vn 0.317406 -0.688485 -0.652105
vn 0.581114 -0.406043 -0.705291
vn 0.756102 -0.061840 -0.651525
vn 0.815992 0.291713 -0.499060
vn 0.751861 0.601018 -0.271077
vn 0.573361 0.819300 -0.002139
vn 0.307216 0.913444 0.266904
vn -0.006536 0.868900 0.494945
vn -0.320171 0.692068 0.646941
vn -0.585425 0.409714 0.699580
vn -0.761328 0.065045 0.645096
vn -0.821009 -0.289210 0.492242
vn -0.755734 -0.599123 0.264421
vn -0.513302 -0.858140 -0.010788
vn -0.289821 -0.899267 -0.327601
vn -0.020600 -0.804831 -0.593146
vn 0.253357 -0.589121 -0.767298
vn 0.490365 -0.284878 -0.823642
vn 0.654394 0.061603 -0.753640
vn 0.720620 0.397598 -0.567999
vn 0.679207 0.672083 -0.294927
vn 0.536642 0.843461 0.024284
vn 0.314544 0.885698 0.341469
vn 0.046342 0.792128 0.608593
vn -0.227557 0.576559 0.784728
vn -0.465554 0.271555 0.842328
vn -0.631044 -0.076182 0.771997
vn -0.698288 -0.413089 0.584595
vn -0.656855 -0.687570 0.309499
vn -0.401201 -0.915898 -0.012968
vn -0.238815 -0.899007 -0.367088
vn -0.037500 -0.746744 -0.664054
vn 0.171953 -0.482144 -0.859052
vn 0.357551 -0.145240 -0.922531
vn 0.490940 0.212789 -0.844807
vn 0.551782 0.537431 -0.637734
vn 0.530931 0.779287 -0.332903
vn 0.431803 0.901666 0.023354
vn 0.269690 0.886024 0.377132
vn 0.069256 0.734576 0.674982
vn -0.139216 0.469950 0.871645
vn -0.324270 0.132107 0.936695
vn -0.457879 -0.227305 0.859465
vn -0.519614 -0.552873 0.651408
vn -0.499797 -0.794571 0.344761
vn -0.250444 -0.968110 -0.006328
vn -0.163822 -0.909520 -0.382014
vn -0.050467 -0.713185 -0.699157
vn 0.072173 -0.408827 -0.909754
vn 0.185283 -0.042517 -0.981765
vn 0.271546 0.330058 -0.904060
vn 0.317765 0.652047 -0.688375
vn 0.316918 0.874294 -0.367659
vn 0.269282 0.963018 0.009103
vn 0.182331 0.904898 0.384596
vn 0.069450 0.708838 0.701944
vn -0.052224 0.404449 0.913068
vn -0.164389 0.037764 0.985672
vn -0.250250 -0.335368 0.908242
vn -0.296895 -0.657711 0.692293
vn -0.297089 -0.879841 0.370968
vn -0.060276 -0.998138 0.009322
vn -0.054318 -0.925940 -0.373744
vn -0.039811 -0.713032 -0.700000
vn -0.019203 -0.391633 -0.919921
vn 0.004240 -0.010419 -0.999937
vn 0.026955 0.372632 -0.927587
vn 0.045537 0.698988 -0.713682
vn 0.057196 0.918668 -0.390869
vn 0.060206 0.998149 -0.008592
vn 0.054196 0.925544 0.374742
vn 0.040175 0.712167 0.700860
vn 0.020288 0.390525 0.920369
vn -0.002579 0.009388 0.999953
vn -0.025183 -0.373332 0.927356
vn -0.044223 -0.699242 0.713516
vn -0.056664 -0.918605 0.391094
vn 0.164321 -0.985986 0.028819
vn 0.097778 -0.931175 -0.351215
vn 0.015394 -0.735051 -0.677837
vn -0.070591 -0.427280 -0.901360
vn -0.147221 -0.054475 -0.987602
vn -0.202742 0.326707 -0.923124
vn -0.228494 0.658045 -0.717473
vn -0.220396 0.888727 -0.401982
vn -0.179651 0.983412 -0.025015
vn -0.112529 0.927811 0.355675
vn -0.029320 0.730728 0.682039
vn 0.057259 0.422393 0.904602
vn 0.133950 0.049700 0.989741
vn 0.188956 -0.330767 0.924602
vn 0.213875 -0.661152 0.719121
vn 0.205117 -0.891196 0.404595
vn 0.406195 -0.912575 0.047028
vn 0.287678 -0.901300 -0.323882
vn 0.123842 -0.753850 -0.645270
vn -0.060727 -0.492528 -0.868175
vn -0.238096 -0.156906 -0.958483
vn -0.381163 0.202085 -0.902151
vn -0.467844 0.529721 -0.707473
vn -0.484639 0.775799 -0.404055
vn -0.428891 0.902540 -0.038391
vn -0.309227 0.890621 0.333426
vn -0.144109 0.742134 0.654576
vn 0.041142 0.479999 0.876304
vn 0.218252 0.144217 0.965177
vn 0.360255 -0.214198 0.907929
vn 0.445632 -0.540813 0.713396
vn 0.461662 -0.786010 0.411164
vn 0.638664 -0.767047 0.061216
vn 0.497051 -0.814794 -0.298416
vn 0.278304 -0.740179 -0.612113
vn 0.015329 -0.554496 -0.832045
vn -0.252044 -0.285857 -0.924532
vn -0.483055 0.025045 -0.875232
vn -0.642223 0.330953 -0.691389
vn -0.704916 0.585112 -0.400921
vn -0.661365 0.748508 -0.048291
vn -0.518308 0.796094 0.312396
vn -0.297869 0.720743 0.625942
vn -0.033937 0.534205 0.844674
vn 0.233170 0.265060 0.935615
vn 0.462838 -0.045728 0.885263
vn 0.620304 -0.350936 0.701475
vn 0.681938 -0.604193 0.412204
vn 0.831291 -0.551340 0.070568
vn 0.697787 -0.659850 -0.278732
vn 0.457079 -0.670061 -0.584891
vn 0.145393 -0.580457 -0.801206
vn -0.190064 -0.404598 -0.894525
vn -0.498230 -0.169056 -0.850404
vn -0.731942 0.090504 -0.675329
vn -0.855196 0.334559 -0.395866
vn -0.848888 0.525730 -0.054747
vn -0.713977 0.634661 0.295707
vn -0.471344 0.644703 0.601825
vn -0.158355 0.554474 0.816996
vn 0.177096 0.377894 0.908754
vn 0.483966 0.141922 0.863502
vn 0.715774 -0.117517 0.688373
vn 0.837615 -0.360940 0.410029
vn 0.956631 -0.281438 0.075160
vn 0.857976 -0.438891 -0.266930
vn 0.628445 -0.531892 -0.567580
vn 0.302560 -0.546447 -0.780931
vn -0.070340 -0.480358 -0.874248
vn -0.433551 -0.343522 -0.833082
vn -0.731622 -0.156515 -0.663500
vn -0.918802 0.052356 -0.391230
vn -0.966199 0.251219 -0.057869
vn -0.866463 0.409565 0.285479
vn -0.635029 0.503083 0.586213
vn -0.307578 0.517505 0.798489
vn 0.065704 0.450733 0.890237
vn 0.427934 0.313041 0.847867
vn 0.724168 0.125479 0.678111
vn 0.909684 -0.083293 0.406863

g Parametric_Torus_Knot_p3_q5_Group
s 1
f 1//1 17//17 18//18 2//2
f 2//2 18//18 19//19 3//3
f 3//3 19//19 20//20 4//4
f 4//4 20//20 21//21 5//5
f 5//5 21//21 22//22 6//6
f 6//6 22//22 23//23 7//7
f 7//7 23//23 24//24 8//8
f 8//8 24//24 25//25 9//9
f 9//9 25//25 26//26 10//10
f 10//10 26//26 27//27 11//11
f 11//11 27//27 28//28 12//12
f 12//12 28//28 29//29 13//13
f 13//13 29//29 30//30 14//14
f 14//14 30//30 31//31 15//15
f 15//15 31//31 32//32 16//16
f 16//16 32//32 17//17 1//1
f 17//17 33//33 34//34 18//18
f 18//18 34//34 35//35 19//19
f 19//19 35//35 36//36 20//20
f 20//20 36//36 37//37 21//21
f 21//21 37//37 38//38 22//22
f 22//22 38//38 39//39 23//23
f 23//23 39//39 40//40 24//24
f 24//24 40//40 41//41 25//25
f 25//25 41//41 42//42 26//26
f 26//26 42//42 43//43 27//27
f 27//27 43//43 44//44 28//28
f 28//28 44//44 45//45 29//29
f 29//29 45//45 46//46 30//30
f 30//30 46//46 47//47 31//31
f 31//31 47//47 48//48 32//32
f 32//32 48//48 33//33 17//17
f 33//33 49//49 50//50 34//34
f 34//34 50//50 51//51 35//35
f 35//35 51//51 52//52 36//36
f 36//36 52//52 53//53 37//37
f 37//37 53//53 54//54 38//38
f 38//38 54//54 55//55 39//39
f 39//39 55//55 56//56 40//40
f 40//40 56//56 57//57 41//41
f 41//41 57//57 58//58 42//42
f 42//42 58//58 59//59 43//43
f 43//43 59//59 60//60 44//44
f 44//44 60//60 61//61 45//45
f 45//45 61//61 62//62 46//46
f 46//46 62//62 63//63 47//47
f 47//47 63//63 64//64 48//48
f 48//48 64//64 49//49 33//33
f 49//49 65//65 66//66 50//50
f 50//50 66//66 67//67 51//51
f 51//51 67//67 68//68 52//52
f 52//52 68//68 69//69 53//53
f 53//53 69//69 70//70 54//54
f 54//54 70//70 71//71 55//55
f 55//55 71//71 72//72 56//56
f 56//56 72//72 73//73 57//57
f 57//57 73//73 74//74 58//58
f 58//58 74//74 75//75 59//59
f 59//59 75//75 76//76 60//60
f 60//60 76//76 77//77 61//61
f 61//61 77//77 78//78 62//62
f 62//62 78//78 79//79 63//63
f 63//63 79//79 80//80 64//64
f 64//64 80//80 65//65 49//49
f 65//65 81//81 82//82 66//66
f 66//66 82//82 83//83 67//67
f 67//67 83//83 84//84 68//68
f 68//68 84//84 85//85 69//69
f 69//69 85//85 86//86 70//70
f 70//70 86//86 87//87 71//71
f 71//71 87//87 88//88 72//72
f 72//72 88//88 89//89 73//73
f 73//73 89//89 90//90 74//74
f 74//74 90//90 91//91 75//75
f 75//75 91//91 92//92 76//76
f 76//76 92//92 93//93 77//77
f 77//77 93//93 94//94 78//78
f 78//78 94//94 95//95 79//79
f 79//79 95//95 96//96 80//80
f 80//80 96//96 81//81 65//65
f 81//81 97//97 98//98 82//82
f 82//82 98//98 99//99 83//83
f 83//83 99//99 100//100 84//84
f 84//84 100//100 101//101 85//85
f 85//85 101//101 102//102 86//86
f 86//86 102//102 103//103 87//87
f 87//87 103//103 104//104 88//88
f 88//88 104//104 105//105 89//89
f 89//89 105//105 106//106 90//90
f 90//90 106//106 107//107 91//91
f 91//91 107//107 108//108 92//92
f 92//92 108//108 109//109 93//93
f 93//93 109//109 110//110 94//94
f 94//94 110//110 111//111 95//95
f 95//95 111//111 112//112 96//96
f 96//96 112//112 97//97 81//81
f 97//97 113//113 114//114 98//98
f 98//98 114//114 115//115 99//99
f 99//99 115//115 116//116 100//100
f 100//100 116//116 117//117 101//101
f 101//101 117//117 118//118 102//102
f 102//102 118//118 119//119 103//103
f 103//103 119//119 120//120 104//104
f 104//104 120//120 121//121 105//105
f 105//105 121//121 122//122 106//106
f 106//106 122//122 123//123 107//107
f 107//107 123//123 124//124 108//108
f 108//108 124//124 125//125 109//109
f 109//109 125//125 126//126 110//110
f 110//110 126//126 127//127 111//111
f 111//111 127//127 128//128 112//112
f 112//112 128//128 113//113 97//97
f 113//113 129//129 130//130 114//114
f 114//114 130//130 131//131 115//115
f 115//115 131//131 132//132 116//116
f 116//116 132//132 133//133 117//117
f 117//117 133//133 134//134 118//118
f 118//118 134//134 135//135 119//119
f 119//119 135//135 136//136 120//120
f 120//120 136//136 137//137 121//121
f 121//121 137//137 138//138 122//122
f 122//122 138//138 139//139 123//123
f 123//123 139//139 140//140 124//124
f 124//124 140//140 141//141 125//125
f 125//125 141//141 142//142 126//126
f 126//126 142//142 143//143 127//127
f 127//127 143//143 144//144 128//128
f 128//128 144//144 129//129 113//113
f 129//129 145//145 146//146 130//130
f 130//130 146//146 147//147 131//131
f 131//131 147//147 148//148 132//132
f 132//132 148//148 149//149 133//133
f 133//133 149//149 150//150 134//134
f 134//134 150//150 151//151 135//135
f 135//135 151//151 152//152 136//136
f 136//136 152//152 153//153 137//137
f 137//137 153//153 154//154 138//138
f 138//138 154//154 155//155 139//139
f 139//139 155//155 156//156 140//140
f 140//140 156//156 157//157 141//141
f 141//141 157//157 158//158 142//142
f 142//142 158//158 159//159 143//143
f 143//143 159//159 160//160 144//144
f 144//144 160//160 145//145 129//129
f 145//145 161//161 162//162 146//146
f 146//146 162//162 163//163 147//147
f 147//147 163//163 164//164 148//148
f 148//148 164//164 165//165 149//149
f 149//149 165//165 166//166 150//150
f 150//150 166//166 167//167 151//151
f 151//151 167//167 168//168 152//152
f 152//152 168//168 169//169 153//153
f 153//153 169//169 170//170 154//154
f 154//154 170//170 171//171 155//155
f 155//155 171//171 172//172 156//156
f 156//156 172//172 173//173 157//157
f 157//157 173//173 174//174 158//158
f 158//158 174//174 175//175 159//159
f 159//159 175//175 176//176 160//160
f 160//160 176//176 161//161 145//145
f 161//161 177//177 178//178 162//162
f 162//162 178//178 179//179 163//163
f 163//163 179//179 180//180 164//164
f 164//164 180//180 181//181 165//165
f 165//165 181//181 182//182 166//166
f 166//166 182//182 183//183 167//167
f 167//167 183//183 184//184 168//168
f 168//168 184//184 185//185 169//169
f 169//169 185//185 186//186 170//170
f 170//170 186//186 187//187 171//171
f 171//171 187//187 188//188 172//172
f 172//172 188//188 189//189 173//173
f 173//173 189//189 190//190 174//174
f 174//174 190//190 191//191 175//175
f 175//175 191//191 192//192 176//176
f 176//176 192//192 177//177 161//161
f 177//177 193//193 194//194 178//178
f 178//178 194//194 195//195 179//179
f 179//179 195//195 196//196 180//180
f 180//180 196//196 197//197 181//181
f 181//181 197//197 198//198 182//182
f 182//182 198//198 199//199 183//183
f 183//183 199//199 200//200 184//184
f 184//184 200//200 201//201 185//185
f 185//185 201//201 202//202 186//186
f 186//186 202//202 203//203 187//187
f 187//187 203//203 204//204 188//188
f 188//188 204//204 205//205 189//189
f 189//189 205//205 206//206 190//190
f 190//190 206//206 207//207 191//191
f 191//191 207//207 208//208 192//192
f 192//192 208//208 193//193 177//177
f 193//193 209//209 210//210 194//194
f 194//194 210//210 211//211 195//195
f 195//195 211//211 212//212 196//196
f 196//196 212//212 213//213 197//197
f 197//197 213//213 214//214 198//198
f 198//198 214//214 215//215 199//199
f 199//199 215//215 216//216 200//200
f 200//200 216//216 217//217 201//201
f 201//201 217//217 218//218 202//202
f 202//202 218//218 219//219 203//203
f 203//203 219//219 220//220 204//204
f 204//204 220//220 221//221 205//205
f 205//205 221//221 222//222 206//206
f 206//206 222//222 223//223 207//207
f 207//207 223//223 224//224 208//208
f 208//208 224//224 209//209 193//193
f 209//209 225//225 226//226 210//210
f 210//210 226//226 227//227 211//211
f 211//211 227//227 228//228 212//212
f 212//212 228//228 229//229 213//213
f 213//213 229//229 230//230 214//214
f 214//214 230//230 231//231 215//215
f 215//215 231//231 232//232 216//216
f 216//216 232//232 233//233 217//217
f 217//217 233//233 234//234 218//218
f 218//218 234//234 235//235 219//219
f 219//219 235//235 236//236 220//220
f 220//220 236//236 237//237 221//221
f 221//221 237//237 238//238 222//222
f 222//222 238//238 239//239 223//223
f 223//223 239//239 240//240 224//224
f 224//224 240//240 225//225 209//209
f 225//225 241//241 242//242 226//226
f 226//226 242//242 243//243 227//227
f 227//227 243//243 244//244 228//228
f 228//228 244//244 245//245 229//229
f 229//229 245//245 246//246 230//230
f 230//230 246//246 247//247 231//231
f 231//231 247//247 248//248 232//232
f 232//232 248//248 249//249 233//233
f 233//233 249//249 250//250 234//234
f 234//234 250//250 251//251 235//235
f 235//235 251//251 252//252 236//236
f 236//236 252//252 253//253 237//237
f 237//237 253//253 254//254 238//238
f 238//238 254//254 255//255 239//239
f 239//239 255//255 256//256 240//240
f 240//240 256//256 241//241 225//225
f 241//241 257//257 258//258 242//242
f 242//242 258//258 259//259 243//243
f 243//243 259//259 260//260 244//244
f 244//244 260//260 261//261 245//245
f 245//245 261//261 262//262 246//246
f 246//246 262//262 263//263 247//247
f 247//247 263//263 264//264 248//248
f 248//248 264//264 265//265 249//249
f 249//249 265//265 266//266 250//250
f 250//250 266//266 267//267 251//251
f 251//251 267//267 268//268 252//252
f 252//252 268//268 269//269 253//253
f 253//253 269//269 270//270 254//254
f 254//254 270//270 271//271 255//255
f 255//255 271//271 272//272 256//256
f 256//256 272//272 257//257 241//241
f 257//257 273//273 274//274 258//258
f 258//258 274//274 275//275 259//259
f 259//259 275//275 276//276 260//260
f 260//260 276//276 277//277 261//261
f 261//261 277//277 278//278 262//262
f 262//262 278//278 279//279 263//263
f 263//263 279//279 280//280 264//264
f 264//264 280//280 281//281 265//265
f 265//265 281//281 282//282 266//266
f 266//266 282//282 283//283 267//267
f 267//267 283//283 284//284 268//268
f 268//268 284//284 285//285 269//269
f 269//269 285//285 286//286 270//270
f 270//270 286//286 287//287 271//271
f 271//271 287//287 288//288 272//272
f 272//272 288//288 273//273 257//257
f 273//273 289//289 290//290 274//274
f 274//274 290//290 291//291 275//275
f 275//275 291//291 292//292 276//276
f 276//276 292//292 293//293 277//277
f 277//277 293//293 294//294 278//278
f 278//278 294//294 295//295 279//279
f 279//279 295//295 296//296 280//280
f 280//280 296//296 297//297 281//281
f 281//281 297//297 298//298 282//282
f 282//282 298//298 299//299 283//283
f 283//283 299//299 300//300 284//284
f 284//284 300//300 301//301 285//285
f 285//285 301//301 302//302 286//286
f 286//286 302//302 303//303 287//287
f 287//287 303//303 304//304 288//288
f 288//288 304//304 289//289 273//273
f 289//289 305//305 306//306 290//290
f 290//290 306//306 307//307 291//291
f 291//291 307//307 308//308 292//292
f 292//292 308//308 309//309 293//293
f 293//293 309//309 310//310 294//294
f 294//294 310//310 311//311 295//295
f 295//295 311//311 312//312 296//296
f 296//296 312//312 313//313 297//297
f 297//297 313//313 314//314 298//298
f 298//298 314//314 315//315 299//299
f 299//299 315//315 316//316 300//300
f 300//300 316//316 317//317 301//301
f 301//301 317//317 318//318 302//302
f 302//302 318//318 319//319 303//303
f 303//303 319//319 320//320 304//304
f 304//304 320//320 305//305 289//289
f 305//305 321//321 322//322 306//306
f 306//306 322//322 323//323 307//307
f 307//307 323//323 324//324 308//308
f 308//308 324//324 325//325 309//309
f 309//309 325//325 326//326 310//310
f 310//310 326//326 327//327 311//311
f 311//311 327//327 328//328 312//312
f 312//312 328//328 329//329 313//313
f 313//313 329//329 330//330 314//314
f 314//314 330//330 331//331 315//315
f 315//315 331//331 332//332 316//316
f 316//316 332//332 333//333 317//317
f 317//317 333//333 334//334 318//318
f 318//318 334//334 335//335 319//319
f 319//319 335//335 336//336 320//320
f 320//320 336//336 321//321 305//305
f 321//321 337//337 338//338 322//322
f 322//322 338//338 339//339 323//323
f 323//323 339//339 340//340 324//324
f 324//324 340//340 341//341 325//325
f 325//325 341//341 342//342 326//326
f 326//326 342//342 343//343 327//327
f 327//327 343//343 344//344 328//328
f 328//328 344//344 345//345 329//329
f 329//329 345//345 346//346 330//330
f 330//330 346//346 347//347 331//331
f 331//331 347//347 348//348 332//332
f 332//332 348//348 349//349 333//333
f 333//333 349//349 350//350 334//334
f 334//334 350//350 351//351 335//335
f 335//335 351//351 352//352 336//336
f 336//336 352//352 337//337 321//321
f 337//337 353//353 354//354 338//338
f 338//338 354//354 355//355 339//339
f 339//339 355//355 356//356 340//340
f 340//340 356//356 357//357 341//341
f 341//341 357//357 358//358 342//342
f 342//342 358//358 359//359 343//343
f 343//343 359//359 360//360 344//344
f 344//344 360//360 361//361 345//345
f 345//345 361//361 362//362 346//346
f 346//346 362//362 363//363 347//347
f 347//347 363//363 364//364 348//348
f 348//348 364//364 365//365 349//349
f 349//349 365//365 366//366 350//350
f 350//350 366//366 367//367 351//351
f 351//351 367//367 368//368 352//352
f 352//352 368//368 353//353 337//337
f 353//353 369//369 370//370 354//354
f 354//354 370//370 371//371 355//355
f 355//355 371//371 372//372 356//356
f 356//356 372//372 373//373 357//357
f 357//357 373//373 374//374 358//358
f 358//358 374//374 375//375 359//359
f 359//359 375//375 376//376 360//360
f 360//360 376//376 377//377 361//361
f 361//361 377//377 378//378 362//362
f 362//362 378//378 379//379 363//363
f 363//363 379//379 380//380 364//364
f 364//364 380//380 381//381 365//365
f 365//365 381//381 382//382 366//366
f 366//366 382//382 383//383 367//367
f 367//367 383//383 384//384 368//368
f 368//368 384//384 369//369 353//353
f 369//369 385//385 386//386 370//370
f 370//370 386//386 387//387 371//371
f 371//371 387//387 388//388 372//372
f 372//372 388//388 389//389 373//373
f 373//373 389//389 390//390 374//374
f 374//374 390//390 391//391 375//375
f 375//375 391//391 392//392 376//376
f 376//376 392//392 393//393 377//377
f 377//377 393//393 394//394 378//378
f 378//378 394//394 395//395 379//379
f 379//379 395//395 396//396 380//380
f 380//380 396//396 397//397 381//381
f 381//381 397//397 398//398 382//382
f 382//382 398//398 399//399 383//383
f 383//383 399//399 400//400 384//384
f 384//384 400//400 385//385 369//369
f 385//385 401//401 402//402 386//386
f 386//386 402//402 403//403 387//387
f 387//387 403//403 404//404 388//388
f 388//388 404//404 405//405 389//389
f 389//389 405//405 406//406 390//390
f 390//390 406//406 407//407 391//391
f 391//391 407//407 408//408 392//392
f 392//392 408//408 409//409 393//393
f 393//393 409//409 410//410 394//394
f 394//394 410//410 411//411 395//395
f 395//395 411//411 412//412 396//396
f 396//396 412//412 413//413 397//397
f 397//397 413//413 414//414 398//398
f 398//398 414//414 415//415 399//399
f 399//399 415//415 416//416 400//400
f 400//400 416//416 401//401 385//385
f 401//401 417//417 418//418 402//402
f 402//402 418//418 419//419 403//403
f 403//403 419//419 420//420 404//404
f 404//404 420//420 421//421 405//405
f 405//405 421//421 422//422 406//406
f 406//406 422//422 423//423 407//407
f 407//407 423//423 424//424 408//408
f 408//408 424//424 425//425 409//409
f 409//409 425//425 426//426 410//410
f 410//410 426//426 427//427 411//411
f 411//411 427//427 428//428 412//412
f 412//412 428//428 429//429 413//413
f 413//413 429//429 430//430 414//414
f 414//414 430//430 431//431 415//415
f 415//415 431//431 432//432 416//416
f 416//416 432//432 417//417 401//401
f 417//417 433//433 434//434 418//418
f 418//418 434//434 435//435 419//419
f 419//419 435//435 436//436 420//420
f 420//420 436//436 437//437 421//421
f 421//421 437//437 438//438 422//422
f 422//422 438//438 439//439 423//423
f 423//423 439//439 440//440 424//424
f 424//424 440//440 441//441 425//425
f 425//425 441//441 442//442 426//426
f 426//426 442//442 443//443 427//427
f 427//427 443//443 444//444 428//428
f 428//428 444//444 445//445 429//429
f 429//429 445//445 446//446 430//430
f 430//430 446//446 447//447 431//431
f 431//431 447//447 448//448 432//432
f 432//432 448//448 433//433 417//417
f 433//433 449//449 450//450 434//434
f 434//434 450//450 451//451 435//435
f 435//435 451//451 452//452 436//436
f 436//436 452//452 453//453 437//437
f 437//437 453//453 454//454 438//438
f 438//438 454//454 455//455 439//439
f 439//439 455//455 456//456 440//440
f 440//440 456//456 457//457 441//441
f 441//441 457//457 458//458 442//442
f 442//442 458//458 459//459 443//443
f 443//443 459//459 460//460 444//444
f 444//444 460//460 461//461 445//445
f 445//445 461//461 462//462 446//446
f 446//446 462//462 463//463 447//447
f 447//447 463//463 464//464 448//448
f 448//448 464//464 449//449 433//433
f 449//449 465//465 466//466 450//450
f 450//450 466//466 467//467 451//451
f 451//451 467//467 468//468 452//452
f 452//452 468//468 469//469 453//453
f 453//453 469//469 470//470 454//454
f 454//454 470//470 471//471 455//455
f 455//455 471//471 472//472 456//456
f 456//456 472//472 473//473 457//457
f 457//457 473//473 474//474 458//458
f 458//458 474//474 475//475 459//459
f 459//459 475//475 476//476 460//460
f 460//460 476//476 477//477 461//461
f 461//461 477//477 478//478 462//462
f 462//462 478//478 479//479 463//463
f 463//463 479//479 480//480 464//464
f 464//464 480//480 465//465 449//449
f 465//465 481//481 482//482 466//466
f 466//466 482//482 483//483 467//467
f 467//467 483//483 484//484 468//468
f 468//468 484//484 485//485 469//469
f 469//469 485//485 486//486 470//470
f 470//470 486//486 487//487 471//471
f 471//471 487//487 488//488 472//472
f 472//472 488//488 489//489 473//473
f 473//473 489//489 490//490 474//474
f 474//474 490//490 491//491 475//475
f 475//475 491//491 492//492 476//476
f 476//476 492//492 493//493 477//477
f 477//477 493//493 494//494 478//478
f 478//478 494//494 495//495 479//479
f 479//479 495//495 496//496 480//480
f 480//480 496//496 481//481 465//465
f 481//481 497//497 498//498 482//482
f 482//482 498//498 499//499 483//483
f 483//483 499//499 500//500 484//484
f 484//484 500//500 501//501 485//485
f 485//485 501//501 502//502 486//486
f 486//486 502//502 503//503 487//487
f 487//487 503//503 504//504 488//488
f 488//488 504//504 505//505 489//489
f 489//489 505//505 506//506 490//490
f 490//490 506//506 507//507 491//491
f 491//491 507//507 508//508 492//492
f 492//492 508//508 509//509 493//493
f 493//493 509//509 510//510 494//494
f 494//494 510//510 511//511 495//495
f 495//495 511//511 512//512 496//496
f 496//496 512//512 497//497 481//481
f 497//497 513//513 514//514 498//498
f 498//498 514//514 515//515 499//499
f 499//499 515//515 516//516 500//500
f 500//500 516//516 517//517 501//501
f 501//501 517//517 518//518 502//502
f 502//502 518//518 519//519 503//503
f 503//503 519//519 520//520 504//504
f 504//504 520//520 521//521 505//505
f 505//505 521//521 522//522 506//506
f 506//506 522//522 523//523 507//507
f 507//507 523//523 524//524 508//508
f 508//508 524//524 525//525 509//509
f 509//509 525//525 526//526 510//510
f 510//510 526//526 527//527 511//511
f 511//511 527//527 528//528 512//512
f 512//512 528//528 513//513 497//497
f 513//513 529//529 530//530 514//514
f 514//514 530//530 531//531 515//515
f 515//515 531//531 532//532 516//516
f 516//516 532//532 533//533 517//517
f 517//517 533//533 534//534 518//518
f 518//518 534//534 535//535 519//519
f 519//519 535//535 536//536 520//520
f 520//520 536//536 537//537 521//521
f 521//521 537//537 538//538 522//522
f 522//522 538//538 539//539 523//523
f 523//523 539//539 540//540 524//524
f 524//524 540//540 541//541 525//525
f 525//525 541//541 542//542 526//526
f 526//526 542//542 543//543 527//527
f 527//527 543//543 544//544 528//528
f 528//528 544//544 529//529 513//513
f 529//529 545//545 546//546 530//530
f 530//530 546//546 547//547 531//531
f 531//531 547//547 548//548 532//532
f 532//532 548//548 549//549 533//533
f 533//533 549//549 550//550 534//534
f 534//534 550//550 551//551 535//535
f 535//535 551//551 552//552 536//536
f 536//536 552//552 553//553 537//537
f 537//537 553//553 554//554 538//538
f 538//538 554//554 555//555 539//539
f 539//539 555//555 556//556 540//540
f 540//540 556//556 557//557 541//541
f 541//541 557//557 558//558 542//542
f 542//542 558//558 559//559 543//543
f 543//543 559//559 560//560 544//544
f 544//544 560//560 545//545 529//529
f 545//545 561//561 562//562 546//546
f 546//546 562//562 563//563 547//547
f 547//547 563//563 564//564 548//548
f 548//548 564//564 565//565 549//549
f 549//549 565//565 566//566 550//550
f 550//550 566//566 567//567 551//551
f 551//551 567//567 568//568 552//552
f 552//552 568//568 569//569 553//553
f 553//553 569//569 570//570 554//554
f 554//554 570//570 571//571 555//555
f 555//555 571//571 572//572 556//556
f 556//556 572//572 573//573 557//557
f 557//557 573//573 574//574 558//558
f 558//558 574//574 575//575 559//559
f 559//559 575//575 576//576 560//560
f 560//560 576//576 561//561 545//545
f 561//561 577//577 578//578 562//562
f 562//562 578//578 579//579 563//563
f 563//563 579//579 580//580 564//564
f 564//564 580//580 581//581 565//565
f 565//565 581//581 582//582 566//566
f 566//566 582//582 583//583 567//567
f 567//567 583//583 584//584 568//568
f 568//568 584//584 585//585 569//569
f 569//569 585//585 586//586 570//570
f 570//570 586//586 587//587 571//571
f 571//571 587//587 588//588 572//572
f 572//572 588//588 589//589 573//573
f 573//573 589//589 590//590 574//574
f 574//574 590//590 591//591 575//575
f 575//575 591//591 592//592 576//576
f 576//576 592//592 577//577 561//561
f 577//577 593//593 594//594 578//578
f 578//578 594//594 595//595 579//579
f 579//579 595//595 596//596 580//580
f 580//580 596//596 597//597 581//581
f 581//581 597//597 598//598 582//582
f 582//582 598//598 599//599 583//583
f 583//583 599//599 600//600 584//584
f 584//584 600//600 601//601 585//585
f 585//585 601//601 602//602 586//586
f 586//586 602//602 603//603 587//587
f 587//587 603//603 604//604 588//588
f 588//588 604//604 605//605 589//589
f 589//589 605//605 606//606 590//590
f 590//590 606//606 607//607 591//591
f 591//591 607//607 608//608 592//592
f 592//592 608//608 593//593 577//577
f 593//593 609//609 610//610 594//594
f 594//594 610//610 611//611 595//595
f 595//595 611//611 612//612 596//596
f 596//596 612//612 613//613 597//597
f 597//597 613//613 614//614 598//598
f 598//598 614//614 615//615 599//599
f 599//599 615//615 616//616 600//600
f 600//600 616//616 617//617 601//601
f 601//601 617//617 618//618 602//602
f 602//602 618//618 619//619 603//603
f 603//603 619//619 620//620 604//604
f 604//604 620//620 621//621 605//605
f 605//605 621//621 622//622 606//606
f 606//606 622//622 623//623 607//607
f 607//607 623//623 624//624 608//608
f 608//608 624//624 609//609 593//593
f 609//609 625//625 626//626 610//610
f 610//610 626//626 627//627 611//611
f 611//611 627//627 628//628 612//612
f 612//612 628//628 629//629 613//613
f 613//613 629//629 630//630 614//614
f 614//614 630//630 631//631 615//615
f 615//615 631//631 632//632 616//616
f 616//616 632//632 633//633 617//617
f 617//617 633//633 634//634 618//618
f 618//618 634//634 635//635 619//619
f 619//619 635//635 636//636 620//620
f 620//620 636//636 637//637 621//621
f 621//621 637//637 638//638 622//622
f 622//622 638//638 639//639 623//623
f 623//623 639//639 640//640 624//624
f 624//624 640//640 625//625 609//609
f 625//625 641//641 642//642 626//626
f 626//626 642//642 643//643 627//627
f 627//627 643//643 644//644 628//628
f 628//628 644//644 645//645 629//629
f 629//629 645//645 646//646 630//630
f 630//630 646//646 647//647 631//631
f 631//631 647//647 648//648 632//632
f 632//632 648//648 649//649 633//633
f 633//633 649//649 650//650 634//634
f 634//634 650//650 651//651 635//635
f 635//635 651//651 652//652 636//636
f 636//636 652//652 653//653 637//637
f 637//637 653//653 654//654 638//638
f 638//638 654//654 655//655 639//639
f 639//639 655//655 656//656 640//640
f 640//640 656//656 641//641 625//625
f 641//641 657//657 658//658 642//642
f 642//642 658//658 659//659 643//643
f 643//643 659//659 660//660 644//644
f 644//644 660//660 661//661 645//645
f 645//645 661//661 662//662 646//646
f 646//646 662//662 663//663 647//647
f 647//647 663//663 664//664 648//648
f 648//648 664//664 665//665 649//649
f 649//649 665//665 666//666 650//650
f 650//650 666//666 667//667 651//651
f 651//651 667//667 668//668 652//652
f 652//652 668//668 669//669 653//653
f 653//653 669//669 670//670 654//654
f 654//654 670//670 671//671 655//655
f 655//655 671//671 672//672 656//656
f 656//656 672//672 657//657 641//641
f 657//657 673//673 674//674 658//658
f 658//658 674//674 675//675 659//659
f 659//659 675//675 676//676 660//660
f 660//660 676//676 677//677 661//661
f 661//661 677//677 678//678 662//662
f 662//662 678//678 679//679 663//663
f 663//663 679//679 680//680 664//664
f 664//664 680//680 681//681 665//665
f 665//665 681//681 682//682 666//666
f 666//666 682//682 683//683 667//667
f 667//667 683//683 684//684 668//668
f 668//668 684//684 685//685 669//669
f 669//669 685//685 686//686 670//670
f 670//670 686//686 687//687 671//671
f 671//671 687//687 688//688 672//672
f 672//672 688//688 673//673 657//657
f 673//673 689//689 690//690 674//674
f 674//674 690//690 691//691 675//675
f 675//675 691//691 692//692 676//676
f 676//676 692//692 693//693 677//677
f 677//677 693//693 694//694 678//678
f 678//678 694//694 695//695 679//679
f 679//679 695//695 696//696 680//680
f 680//680 696//696 697//697 681//681
f 681//681 697//697 698//698 682//682
f 682//682 698//698 699//699 683//683
f 683//683 699//699 700//700 684//684
f 684//684 700//700 701//701 685//685
f 685//685 701//701 702//702 686//686
f 686//686 702//702 703//703 687//687
f 687//687 703//703 704//704 688//688
f 688//688 704//704 689//689 673//673
f 689//689 705//705 706//706 690//690
f 690//690 706//706 707//707 691//691
f 691//691 707//707 708//708 692//692
f 692//692 708//708 709//709 693//693
f 693//693 709//709 710//710 694//694
f 694//694 710//710 711//711 695//695
f 695//695 711//711 712//712 696//696
f 696//696 712//712 713//713 697//697
f 697//697 713//713 714//714 698//698
f 698//698 714//714 715//715 699//699
f 699//699 715//715 716//716 700//700
f 700//700 716//716 717//717 701//701
f 701//701 717//717 718//718 702//702
f 702//702 718//718 719//719 703//703
f 703//703 719//719 720//720 704//704
f 704//704 720//720 705//705 689//689
f 705//705 721//721 722//722 706//706
f 706//706 722//722 723//723 707//707
f 707//707 723//723 724//724 708//708
f 708//708 724//724 725//725 709//709
f 709//709 725//725 726//726 710//710
f 710//710 726//726 727//727 711//711
f 711//711 727//727 728//728 712//712
f 712//712 728//728 729//729 713//713
f 713//713 729//729 730//730 714//714
f 714//714 730//730 731//731 715//715
f 715//715 731//731 732//732 716//716
f 716//716 732//732 733//733 717//717
f 717//717 733//733 734//734 718//718
f 718//718 734//734 735//735 719//719
f 719//719 735//735 736//736 720//720
f 720//720 736//736 721//721 705//705
f 721//721 737//737 738//738 722//722
f 722//722 738//738 739//739 723//723
f 723//723 739//739 740//740 724//724
f 724//724 740//740 741//741 725//725
f 725//725 741//741 742//742 726//726
f 726//726 742//742 743//743 727//727
f 727//727 743//743 744//744 728//728
f 728//728 744//744 745//745 729//729
f 729//729 745//745 746//746 730//730
f 730//730 746//746 747//747 731//731
f 731//731 747//747 748//748 732//732
f 732//732 748//748 749//749 733//733
f 733//733 749//749 750//750 734//734
f 734//734 750//750 751//751 735//735
f 735//735 751//751 752//752 736//736
f 736//736 752//752 737//737 721//721
f 737//737 753//753 754//754 738//738
f 738//738 754//754 755//755 739//739
f 739//739 755//755 756//756 740//740
f 740//740 756//756 757//757 741//741
f 741//741 757//757 758//758 742//742
f 742//742 758//758 759//759 743//743
f 743//743 759//759 760//760 744//744
f 744//744 760//760 761//761 745//745
f 745//745 761//761 762//762 746//746
f 746//746 762//762 763//763 747//747
f 747//747 763//763 764//764 748//748
f 748//748 764//764 765//765 749//749
f 749//749 765//765 766//766 750//750
f 750//750 766//766 767//767 751//751
f 751//751 767//767 768//768 752//752
f 752//752 768//768 753//753 737//737
f 753//753 769//769 770//770 754//754
f 754//754 770//770 771//771 755//755
f 755//755 771//771 772//772 756//756
f 756//756 772//772 773//773 757//757
f 757//757 773//773 774//774 758//758
f 758//758 774//774 775//775 759//759
f 759//759 775//775 776//776 760//760
f 760//760 776//776 777//777 761//761
f 761//761 777//777 778//778 762//762
f 762//762 778//778 779//779 763//763
f 763//763 779//779 780//780 764//764
f 764//764 780//780 781//781 765//765
f 765//765 781//781 782//782 766//766
f 766//766 782//782 783//783 767//767
f 767//767 783//783 784//784 768//768
f 768//768 784//784 769//769 753//753
f 769//769 785//785 786//786 770//770
f 770//770 786//786 787//787 771//771
f 771//771 787//787 788//788 772//772
f 772//772 788//788 789//789 773//773
f 773//773 789//789 790//790 774//774
f 774//774 790//790 791//791 775//775
f 775//775 791//791 792//792 776//776
f 776//776 792//792 793//793 777//777
f 777//777 793//793 794//794 778//778
f 778//778 794//794 795//795 779//779
f 779//779 795//795 796//796 780//780
f 780//780 796//796 797//797 781//781
f 781//781 797//797 798//798 782//782
f 782//782 798//798 799//799 783//783
f 783//783 799//799 800//800 784//784
f 784//784 800//800 785//785 769//769
f 785//785 801//801 802//802 786//786
f 786//786 802//802 803//803 787//787
f 787//787 803//803 804//804 788//788
f 788//788 804//804 805//805 789//789
f 789//789 805//805 806//806 790//790
f 790//790 806//806 807//807 791//791
f 791//791 807//807 808//808 792//792
f 792//792 808//808 809//809 793//793
f 793//793 809//809 810//810 794//794
f 794//794 810//810 811//811 795//795
f 795//795 811//811 812//812 796//796
f 796//796 812//812 813//813 797//797
f 797//797 813//813 814//814 798//798
f 798//798 814//814 815//815 799//799
f 799//799 815//815 816//816 800//800
f 800//800 816//816 801//801 785//785
f 801//801 817//817 818//818 802//802
f 802//802 818//818 819//819 803//803
f 803//803 819//819 820//820 804//804
f 804//804 820//820 821//821 805//805
f 805//805 821//821 822//822 806//806
f 806//806 822//822 823//823 807//807
f 807//807 823//823 824//824 808//808
f 808//808 824//824 825//825 809//809
f 809//809 825//825 826//826 810//810
f 810//810 826//826 827//827 811//811
f 811//811 827//827 828//828 812//812
f 812//812 828//828 829//829 813//813
f 813//813 829//829 830//830 814//814
f 814//814 830//830 831//831 815//815
f 815//815 831//831 832//832 816//816
f 816//816 832//832 817//817 801//801
f 817//817 833//833 834//834 818//818
f 818//818 834//834 835//835 819//819
f 819//819 835//835 836//836 820//820
f 820//820 836//836 837//837 821//821
f 821//821 837//837 838//838 822//822
f 822//822 838//838 839//839 823//823
f 823//823 839//839 840//840 824//824
f 824//824 840//840 841//841 825//825
f 825//825 841//841 842//842 826//826
f 826//826 842//842 843//843 827//827
f 827//827 843//843 844//844 828//828
f 828//828 844//844 845//845 829//829
f 829//829 845//845 846//846 830//830
f 830//830 846//846 847//847 831//831
f 831//831 847//847 848//848 832//832
f 832//832 848//848 833//833 817//817
f 833//833 849//849 850//850 834//834
f 834//834 850//850 851//851 835//835
f 835//835 851//851 852//852 836//836
f 836//836 852//852 853//853 837//837
f 837//837 853//853 854//854 838//838
f 838//838 854//854 855//855 839//839
f 839//839 855//855 856//856 840//840
f 840//840 856//856 857//857 841//841
f 841//841 857//857 858//858 842//842
f 842//842 858//858 859//859 843//843
f 843//843 859//859 860//860 844//844
f 844//844 860//860 861//861 845//845
f 845//845 861//861 862//862 846//846
f 846//846 862//862 863//863 847//847
f 847//847 863//863 864//864 848//848
f 848//848 864//864 849//849 833//833
f 849//849 865//865 866//866 850//850
f 850//850 866//866 867//867 851//851
f 851//851 867//867 868//868 852//852
f 852//852 868//868 869//869 853//853
f 853//853 869//869 870//870 854//854
f 854//854 870//870 871//871 855//855
f 855//855 871//871 872//872 856//856
f 856//856 872//872 873//873 857//857
f 857//857 873//873 874//874 858//858
f 858//858 874//874 875//875 859//859
f 859//859 875//875 876//876 860//860
f 860//860 876//876 877//877 861//861
f 861//861 877//877 878//878 862//862
f 862//862 878//878 879//879 863//863
f 863//863 879//879 880//880 864//864
f 864//864 880//880 865//865 849//849
f 865//865 881//881 882//882 866//866
f 866//866 882//882 883//883 867//867
f 867//867 883//883 884//884 868//868
f 868//868 884//884 885//885 869//869
f 869//869 885//885 886//886 870//870
f 870//870 886//886 887//887 871//871
f 871//871 887//887 888//888 872//872
f 872//872 888//888 889//889 873//873
f 873//873 889//889 890//890 874//874
f 874//874 890//890 891//891 875//875
f 875//875 891//891 892//892 876//876
f 876//876 892//892 893//893 877//877
f 877//877 893//893 894//894 878//878
f 878//878 894//894 895//895 879//879
f 879//879 895//895 896//896 880//880
f 880//880 896//896 881//881 865//865
f 881//881 897//897 898//898 882//882
f 882//882 898//898 899//899 883//883
f 883//883 899//899 900//900 884//884
f 884//884 900//900 901//901 885//885
f 885//885 901//901 902//902 886//886
f 886//886 902//902 903//903 887//887
f 887//887 903//903 904//904 888//888
f 888//888 904//904 905//905 889//889
f 889//889 905//905 906//906 890//890
f 890//890 906//906 907//907 891//891
f 891//891 907//907 908//908 892//892
f 892//892 908//908 909//909 893//893
f 893//893 909//909 910//910 894//894
f 894//894 910//910 911//911 895//895
f 895//895 911//911 912//912 896//896
f 896//896 912//912 897//897 881//881
f 897//897 913//913 914//914 898//898
f 898//898 914//914 915//915 899//899
f 899//899 915//915 916//916 900//900
f 900//900 916//916 917//917 901//901
f 901//901 917//917 918//918 902//902
f 902//902 918//918 919//919 903//903
f 903//903 919//919 920//920 904//904
f 904//904 920//920 921//921 905//905
f 905//905 921//921 922//922 906//906
f 906//906 922//922 923//923 907//907
f 907//907 923//923 924//924 908//908
f 908//908 924//924 925//925 909//909
f 909//909 925//925 926//926 910//910
f 910//910 926//926 927//927 911//911
f 911//911 927//927 928//928 912//912
f 912//912 928//928 913//913 897//897
f 913//913 929//929 930//930 914//914
f 914//914 930//930 931//931 915//915
f 915//915 931//931 932//932 916//916
f 916//916 932//932 933//933 917//917
f 917//917 933//933 934//934 918//918
f 918//918 934//934 935//935 919//919
f 919//919 935//935 936//936 920//920
f 920//920 936//936 937//937 921//921
f 921//921 937//937 938//938 922//922
f 922//922 938//938 939//939 923//923
f 923//923 939//939 940//940 924//924
f 924//924 940//940 941//941 925//925
f 925//925 941//941 942//942 926//926
f 926//926 942//942 943//943 927//927
f 927//927 943//943 944//944 928//928
f 928//928 944//944 929//929 913//913
f 929//929 945//945 946//946 930//930
f 930//930 946//946 947//947 931//931
f 931//931 947//947 948//948 932//932
f 932//932 948//948 949//949 933//933
f 933//933 949//949 950//950 934//934
f 934//934 950//950 951//951 935//935
f 935//935 951//951 952//952 936//936
f 936//936 952//952 953//953 937//937
f 937//937 953//953 954//954 938//938
f 938//938 954//954 955//955 939//939
f 939//939 955//955 956//956 940//940
f 940//940 956//956 957//957 941//941
f 941//941 957//957 958//958 942//942
f 942//942 958//958 959//959 943//943
f 943//943 959//959 960//960 944//944
f 944//944 960//960 945//945 929//929
f 945//945 961//961 962//962 946//946
f 946//946 962//962 963//963 947//947
f 947//947 963//963 964//964 948//948
f 948//948 964//964 965//965 949//949
f 949//949 965//965 966//966 950//950
f 950//950 966//966 967//967 951//951
f 951//951 967//967 968//968 952//952
f 952//952 968//968 969//969 953//953
f 953//953 969//969 970//970 954//954
f 954//954 970//970 971//971 955//955
f 955//955 971//971 972//972 956//956
f 956//956 972//972 973//973 957//957
f 957//957 973//973 974//974 958//958
f 958//958 974//974 975//975 959//959
f 959//959 975//975 976//976 960//960
f 960//960 976//976 961//961 945//945
f 961//961 977//977 978//978 962//962
f 962//962 978//978 979//979 963//963
f 963//963 979//979 980//980 964//964
f 964//964 980//980 981//981 965//965
f 965//965 981//981 982//982 966//966
f 966//966 982//982 983//983 967//967
f 967//967 983//983 984//984 968//968
f 968//968 984//984 985//985 969//969
f 969//969 985//985 986//986 970//970
f 970//970 986//986 987//987 971//971
f 971//971 987//987 988//988 972//972
f 972//972 988//988 989//989 973//973
f 973//973 989//989 990//990 974//974
f 974//974 990//990 991//991 975//975
f 975//975 991//991 992//992 976//976
f 976//976 992//992 977//977 961//961
f 977//977 993//993 994//994 978//978
f 978//978 994//994 995//995 979//979
f 979//979 995//995 996//996 980//980
f 980//980 996//996 997//997 981//981
f 981//981 997//997 998//998 982//982
f 982//982 998//998 999//999 983//983
f 983//983 999//999 1000//1000 984//984
f 984//984 1000//1000 1001//1001 985//985
f 985//985 1001//1001 1002//1002 986//986
f 986//986 1002//1002 1003//1003 987//987
f 987//987 1003//1003 1004//1004 988//988
f 988//988 1004//1004 1005//1005 989//989
f 989//989 1005//1005 1006//1006 990//990
f 990//990 1006//1006 1007//1007 991//991
f 991//991 1007//1007 1008//1008 992//992
f 992//992 1008//1008 993//993 977//977
f 993//993 1009//1009 1010//1010 994//994
f 994//994 1010//1010 1011//1011 995//995
f 995//995 1011//1011 1012//1012 996//996
f 996//996 1012//1012 1013//1013 997//997
f 997//997 1013//1013 1014//1014 998//998
f 998//998 1014//1014 1015//1015 999//999
f 999//999 1015//1015 1016//1016 1000//1000
f 1000//1000 1016//1016 1017//1017 1001//1001
f 1001//1001 1017//1017 1018//1018 1002//1002
f 1002//1002 1018//1018 1019//1019 1003//1003
f 1003//1003 1019//1019 1020//1020 1004//1004
f 1004//1004 1020//1020 1021//1021 1005//1005
f 1005//1005 1021//1021 1022//1022 1006//1006
f 1006//1006 1022//1022 1023//1023 1007//1007
f 1007//1007 1023//1023 1024//1024 1008//1008
f 1008//1008 1024//1024 1009//1009 993//993
f 1009//1009 1025//1025 1026//1026 1010//1010
f 1010//1010 1026//1026 1027//1027 1011//1011
f 1011//1011 1027//1027 1028//1028 1012//1012
f 1012//1012 1028//1028 1029//1029 1013//1013
f 1013//1013 1029//1029 1030//1030 1014//1014
f 1014//1014 1030//1030 1031//1031 1015//1015
f 1015//1015 1031//1031 1032//1032 1016//1016
f 1016//1016 1032//1032 1033//1033 1017//1017
f 1017//1017 1033//1033 1034//1034 1018//1018
f 1018//1018 1034//1034 1035//1035 1019//1019
f 1019//1019 1035//1035 1036//1036 1020//1020
f 1020//1020 1036//1036 1037//1037 1021//1021
f 1021//1021 1037//1037 1038//1038 1022//1022
f 1022//1022 1038//1038 1039//1039 1023//1023
f 1023//1023 1039//1039 1040//1040 1024//1024
f 1024//1024 1040//1040 1025//1025 1009//1009
f 1025//1025 1041//1041 1042//1042 1026//1026
f 1026//1026 1042//1042 1043//1043 1027//1027
f 1027//1027 1043//1043 1044//1044 1028//1028
f 1028//1028 1044//1044 1045//1045 1029//1029
f 1029//1029 1045//1045 1046//1046 1030//1030
f 1030//1030 1046//1046 1047//1047 1031//1031
f 1031//1031 1047//1047 1048//1048 1032//1032
f 1032//1032 1048//1048 1049//1049 1033//1033
f 1033//1033 1049//1049 1050//1050 1034//1034
f 1034//1034 1050//1050 1051//1051 1035//1035
f 1035//1035 1051//1051 1052//1052 1036//1036
f 1036//1036 1052//1052 1053//1053 1037//1037
f 1037//1037 1053//1053 1054//1054 1038//1038
f 1038//1038 1054//1054 1055//1055 1039//1039
f 1039//1039 1055//1055 1056//1056 1040//1040
f 1040//1040 1056//1056 1041//1041 1025//1025
f 1041//1041 1057//1057 1058//1058 1042//1042
f 1042//1042 1058//1058 1059//1059 1043//1043
f 1043//1043 1059//1059 1060//1060 1044//1044
f 1044//1044 1060//1060 1061//1061 1045//1045
f 1045//1045 1061//1061 1062//1062 1046//1046
f 1046//1046 1062//1062 1063//1063 1047//1047
f 1047//1047 1063//1063 1064//1064 1048//1048
f 1048//1048 1064//1064 1065//1065 1049//1049
f 1049//1049 1065//1065 1066//1066 1050//1050
f 1050//1050 1066//1066 1067//1067 1051//1051
f 1051//1051 1067//1067 1068//1068 1052//1052
f 1052//1052 1068//1068 1069//1069 1053//1053
f 1053//1053 1069//1069 1070//1070 1054//1054
f 1054//1054 1070//1070 1071//1071 1055//1055
f 1055//1055 1071//1071 1072//1072 1056//1056
f 1056//1056 1072//1072 1057//1057 1041//1041
f 1057//1057 1073//1073 1074//1074 1058//1058
f 1058//1058 1074//1074 1075//1075 1059//1059
f 1059//1059 1075//1075 1076//1076 1060//1060
f 1060//1060 1076//1076 1077//1077 1061//1061
f 1061//1061 1077//1077 1078//1078 1062//1062
f 1062//1062 1078//1078 1079//1079 1063//1063
f 1063//1063 1079//1079 1080//1080 1064//1064
f 1064//1064 1080//1080 1081//1081 1065//1065
f 1065//1065 1081//1081 1082//1082 1066//1066
f 1066//1066 1082//1082 1083//1083 1067//1067
f 1067//1067 1083//1083 1084//1084 1068//1068
f 1068//1068 1084//1084 1085//1085 1069//1069
f 1069//1069 1085//1085 1086//1086 1070//1070
f 1070//1070 1086//1086 1087//1087 1071//1071
f 1071//1071 1087//1087 1088//1088 1072//1072
f 1072//1072 1088//1088 1073//1073 1057//1057
f 1073//1073 1089//1089 1090//1090 1074//1074
f 1074//1074 1090//1090 1091//1091 1075//1075
f 1075//1075 1091//1091 1092//1092 1076//1076
f 1076//1076 1092//1092 1093//1093 1077//1077
f 1077//1077 1093//1093 1094//1094 1078//1078
f 1078//1078 1094//1094 1095//1095 1079//1079
f 1079//1079 1095//1095 1096//1096 1080//1080
f 1080//1080 1096//1096 1097//1097 1081//1081
f 1081//1081 1097//1097 1098//1098 1082//1082
f 1082//1082 1098//1098 1099//1099 1083//1083
f 1083//1083 1099//1099 1100//1100 1084//1084
f 1084//1084 1100//1100 1101//1101 1085//1085
f 1085//1085 1101//1101 1102//1102 1086//1086
f 1086//1086 1102//1102 1103//1103 1087//1087
f 1087//1087 1103//1103 1104//1104 1088//1088
f 1088//1088 1104//1104 1089//1089 1073//1073
f 1089//1089 1105//1105 1106//1106 1090//1090
f 1090//1090 1106//1106 1107//1107 1091//1091
f 1091//1091 1107//1107 1108//1108 1092//1092
f 1092//1092 1108//1108 1109//1109 1093//1093
f 1093//1093 1109//1109 1110//1110 1094//1094
f 1094//1094 1110//1110 1111//1111 1095//1095
f 1095//1095 1111//1111 1112//1112 1096//1096
f 1096//1096 1112//1112 1113//1113 1097//1097
f 1097//1097 1113//1113 1114//1114 1098//1098
f 1098//1098 1114//1114 1115//1115 1099//1099
f 1099//1099 1115//1115 1116//1116 1100//1100
f 1100//1100 1116//1116 1117//1117 1101//1101
f 1101//1101 1117//1117 1118//1118 1102//1102
f 1102//1102 1118//1118 1119//1119 1103//1103
f 1103//1103 1119//1119 1120//1120 1104//1104
f 1104//1104 1120//1120 1105//1105 1089//1089
f 1105//1105 1121//1121 1122//1122 1106//1106
f 1106//1106 1122//1122 1123//1123 1107//1107
f 1107//1107 1123//1123 1124//1124 1108//1108
f 1108//1108 1124//1124 1125//1125 1109//1109
f 1109//1109 1125//1125 1126//1126 1110//1110
f 1110//1110 1126//1126 1127//1127 1111//1111
f 1111//1111 1127//1127 1128//1128 1112//1112
f 1112//1112 1128//1128 1129//1129 1113//1113
f 1113//1113 1129//1129 1130//1130 1114//1114
f 1114//1114 1130//1130 1131//1131 1115//1115
f 1115//1115 1131//1131 1132//1132 1116//1116
f 1116//1116 1132//1132 1133//1133 1117//1117
f 1117//1117 1133//1133 1134//1134 1118//1118
f 1118//1118 1134//1134 1135//1135 1119//1119
f 1119//1119 1135//1135 1136//1136 1120//1120
f 1120//1120 1136//1136 1121//1121 1105//1105
f 1121//1121 1137//1137 1138//1138 1122//1122
f 1122//1122 1138//1138 1139//1139 1123//1123
f 1123//1123 1139//1139 1140//1140 1124//1124
f 1124//1124 1140//1140 1141//1141 1125//1125
f 1125//1125 1141//1141 1142//1142 1126//1126
f 1126//1126 1142//1142 1143//1143 1127//1127
f 1127//1127 1143//1143 1144//1144 1128//1128
f 1128//1128 1144//1144 1145//1145 1129//1129
f 1129//1129 1145//1145 1146//1146 1130//1130
f 1130//1130 1146//1146 1147//1147 1131//1131
f 1131//1131 1147//1147 1148//1148 1132//1132
f 1132//1132 1148//1148 1149//1149 1133//1133
f 1133//1133 1149//1149 1150//1150 1134//1134
f 1134//1134 1150//1150 1151//1151 1135//1135
f 1135//1135 1151//1151 1152//1152 1136//1136
f 1136//1136 1152//1152 1137//1137 1121//1121
f 1137//1137 1153//1153 1154//1154 1138//1138
f 1138//1138 1154//1154 1155//1155 1139//1139
f 1139//1139 1155//1155 1156//1156 1140//1140
f 1140//1140 1156//1156 1157//1157 1141//1141
f 1141//1141 1157//1157 1158//1158 1142//1142
f 1142//1142 1158//1158 1159//1159 1143//1143
f 1143//1143 1159//1159 1160//1160 1144//1144
f 1144//1144 1160//1160 1161//1161 1145//1145
f 1145//1145 1161//1161 1162//1162 1146//1146
f 1146//1146 1162//1162 1163//1163 1147//1147
f 1147//1147 1163//1163 1164//1164 1148//1148
f 1148//1148 1164//1164 1165//1165 1149//1149
f 1149//1149 1165//1165 1166//1166 1150//1150
f 1150//1150 1166//1166 1167//1167 1151//1151
f 1151//1151 1167//1167 1168//1168 1152//1152
f 1152//1152 1168//1168 1153//1153 1137//1137
f 1153//1153 1169//1169 1170//1170 1154//1154
f 1154//1154 1170//1170 1171//1171 1155//1155
f 1155//1155 1171//1171 1172//1172 1156//1156
f 1156//1156 1172//1172 1173//1173 1157//1157
f 1157//1157 1173//1173 1174//1174 1158//1158
f 1158//1158 1174//1174 1175//1175 1159//1159
f 1159//1159 1175//1175 1176//1176 1160//1160
f 1160//1160 1176//1176 1177//1177 1161//1161
f 1161//1161 1177//1177 1178//1178 1162//1162
f 1162//1162 1178//1178 1179//1179 1163//1163
f 1163//1163 1179//1179 1180//1180 1164//1164
f 1164//1164 1180//1180 1181//1181 1165//1165
f 1165//1165 1181//1181 1182//1182 1166//1166
f 1166//1166 1182//1182 1183//1183 1167//1167
f 1167//1167 1183//1183 1184//1184 1168//1168
f 1168//1168 1184//1184 1169//1169 1153//1153
f 1169//1169 1185//1185 1186//1186 1170//1170
f 1170//1170 1186//1186 1187//1187 1171//1171
f 1171//1171 1187//1187 1188//1188 1172//1172
f 1172//1172 1188//1188 1189//1189 1173//1173
f 1173//1173 1189//1189 1190//1190 1174//1174
f 1174//1174 1190//1190 1191//1191 1175//1175
f 1175//1175 1191//1191 1192//1192 1176//1176
f 1176//1176 1192//1192 1193//1193 1177//1177
f 1177//1177 1193//1193 1194//1194 1178//1178
f 1178//1178 1194//1194 1195//1195 1179//1179
f 1179//1179 1195//1195 1196//1196 1180//1180
f 1180//1180 1196//1196 1197//1197 1181//1181
f 1181//1181 1197//1197 1198//1198 1182//1182
f 1182//1182 1198//1198 1199//1199 1183//1183
f 1183//1183 1199//1199 1200//1200 1184//1184
f 1184//1184 1200//1200 1185//1185 1169//1169
f 1185//1185 1201//1201 1202//1202 1186//1186
f 1186//1186 1202//1202 1203//1203 1187//1187
f 1187//1187 1203//1203 1204//1204 1188//1188
f 1188//1188 1204//1204 1205//1205 1189//1189
f 1189//1189 1205//1205 1206//1206 1190//1190
f 1190//1190 1206//1206 1207//1207 1191//1191
f 1191//1191 1207//1207 1208//1208 1192//1192
f 1192//1192 1208//1208 1209//1209 1193//1193
f 1193//1193 1209//1209 1210//1210 1194//1194
f 1194//1194 1210//1210 1211//1211 1195//1195
f 1195//1195 1211//1211 1212//1212 1196//1196
f 1196//1196 1212//1212 1213//1213 1197//1197
f 1197//1197 1213//1213 1214//1214 1198//1198
f 1198//1198 1214//1214 1215//1215 1199//1199
f 1199//1199 1215//1215 1216//1216 1200//1200
f 1200//1200 1216//1216 1201//1201 1185//1185
f 1201//1201 1217//1217 1218//1218 1202//1202
f 1202//1202 1218//1218 1219//1219 1203//1203
f 1203//1203 1219//1219 1220//1220 1204//1204
f 1204//1204 1220//1220 1221//1221 1205//1205
f 1205//1205 1221//1221 1222//1222 1206//1206
f 1206//1206 1222//1222 1223//1223 1207//1207
f 1207//1207 1223//1223 1224//1224 1208//1208
f 1208//1208 1224//1224 1225//1225 1209//1209
f 1209//1209 1225//1225 1226//1226 1210//1210
f 1210//1210 1226//1226 1227//1227 1211//1211
f 1211//1211 1227//1227 1228//1228 1212//1212
f 1212//1212 1228//1228 1229//1229 1213//1213
f 1213//1213 1229//1229 1230//1230 1214//1214
f 1214//1214 1230//1230 1231//1231 1215//1215
f 1215//1215 1231//1231 1232//1232 1216//1216
f 1216//1216 1232//1232 1217//1217 1201//1201
f 1217//1217 1233//1233 1234//1234 1218//1218
f 1218//1218 1234//1234 1235//1235 1219//1219
f 1219//1219 1235//1235 1236//1236 1220//1220
f 1220//1220 1236//1236 1237//1237 1221//1221
f 1221//1221 1237//1237 1238//1238 1222//1222
f 1222//1222 1238//1238 1239//1239 1223//1223
f 1223//1223 1239//1239 1240//1240 1224//1224
f 1224//1224 1240//1240 1241//1241 1225//1225
f 1225//1225 1241//1241 1242//1242 1226//1226
f 1226//1226 1242//1242 1243//1243 1227//1227
f 1227//1227 1243//1243 1244//1244 1228//1228
f 1228//1228 1244//1244 1245//1245 1229//1229
f 1229//1229 1245//1245 1246//1246 1230//1230
f 1230//1230 1246//1246 1247//1247 1231//1231
f 1231//1231 1247//1247 1248//1248 1232//1232
f 1232//1232 1248//1248 1233//1233 1217//1217
f 1233//1233 1249//1249 1250//1250 1234//1234
f 1234//1234 1250//1250 1251//1251 1235//1235
f 1235//1235 1251//1251 1252//1252 1236//1236
f 1236//1236 1252//1252 1253//1253 1237//1237
f 1237//1237 1253//1253 1254//1254 1238//1238
f 1238//1238 1254//1254 1255//1255 1239//1239
f 1239//1239 1255//1255 1256//1256 1240//1240
f 1240//1240 1256//1256 1257//1257 1241//1241
f 1241//1241 1257//1257 1258//1258 1242//1242
f 1242//1242 1258//1258 1259//1259 1243//1243
f 1243//1243 1259//1259 1260//1260 1244//1244
f 1244//1244 1260//1260 1261//1261 1245//1245
f 1245//1245 1261//1261 1262//1262 1246//1246
f 1246//1246 1262//1262 1263//1263 1247//1247
f 1247//1247 1263//1263 1264//1264 1248//1248
f 1248//1248 1264//1264 1249//1249 1233//1233
f 1249//1249 1265//1265 1266//1266 1250//1250
f 1250//1250 1266//1266 1267//1267 1251//1251
f 1251//1251 1267//1267 1268//1268 1252//1252
f 1252//1252 1268//1268 1269//1269 1253//1253
f 1253//1253 1269//1269 1270//1270 1254//1254
f 1254//1254 1270//1270 1271//1271 1255//1255
f 1255//1255 1271//1271 1272//1272 1256//1256
f 1256//1256 1272//1272 1273//1273 1257//1257
f 1257//1257 1273//1273 1274//1274 1258//1258
f 1258//1258 1274//1274 1275//1275 1259//1259
f 1259//1259 1275//1275 1276//1276 1260//1260
f 1260//1260 1276//1276 1277//1277 1261//1261
f 1261//1261 1277//1277 1278//1278 1262//1262
f 1262//1262 1278//1278 1279//1279 1263//1263
f 1263//1263 1279//1279 1280//1280 1264//1264
f 1264//1264 1280//1280 1265//1265 1249//1249
f 1265//1265 1281//1281 1282//1282 1266//1266
f 1266//1266 1282//1282 1283//1283 1267//1267
f 1267//1267 1283//1283 1284//1284 1268//1268
f 1268//1268 1284//1284 1285//1285 1269//1269
f 1269//1269 1285//1285 1286//1286 1270//1270
f 1270//1270 1286//1286 1287//1287 1271//1271
f 1271//1271 1287//1287 1288//1288 1272//1272
f 1272//1272 1288//1288 1289//1289 1273//1273
f 1273//1273 1289//1289 1290//1290 1274//1274
f 1274//1274 1290//1290 1291//1291 1275//1275
f 1275//1275 1291//1291 1292//1292 1276//1276
f 1276//1276 1292//1292 1293//1293 1277//1277
f 1277//1277 1293//1293 1294//1294 1278//1278
f 1278//1278 1294//1294 1295//1295 1279//1279
f 1279//1279 1295//1295 1296//1296 1280//1280
f 1280//1280 1296//1296 1281//1281 1265//1265
f 1281//1281 1297//1297 1298//1298 1282//1282
f 1282//1282 1298//1298 1299//1299 1283//1283
f 1283//1283 1299//1299 1300//1300 1284//1284
f 1284//1284 1300//1300 1301//1301 1285//1285
f 1285//1285 1301//1301 1302//1302 1286//1286
f 1286//1286 1302//1302 1303//1303 1287//1287
f 1287//1287 1303//1303 1304//1304 1288//1288
f 1288//1288 1304//1304 1305//1305 1289//1289
f 1289//1289 1305//1305 1306//1306 1290//1290
f 1290//1290 1306//1306 1307//1307 1291//1291
f 1291//1291 1307//1307 1308//1308 1292//1292
f 1292//1292 1308//1308 1309//1309 1293//1293
f 1293//1293 1309//1309 1310//1310 1294//1294
f 1294//1294 1310//1310 1311//1311 1295//1295
f 1295//1295 1311//1311 1312//1312 1296//1296
f 1296//1296 1312//1312 1297//1297 1281//1281
f 1297//1297 1313//1313 1314//1314 1298//1298
f 1298//1298 1314//1314 1315//1315 1299//1299
f 1299//1299 1315//1315 1316//1316 1300//1300
f 1300//1300 1316//1316 1317//1317 1301//1301
f 1301//1301 1317//1317 1318//1318 1302//1302
f 1302//1302 1318//1318 1319//1319 1303//1303
f 1303//1303 1319//1319 1320//1320 1304//1304
f 1304//1304 1320//1320 1321//1321 1305//1305
f 1305//1305 1321//1321 1322//1322 1306//1306
f 1306//1306 1322//1322 1323//1323 1307//1307
f 1307//1307 1323//1323 1324//1324 1308//1308
f 1308//1308 1324//1324 1325//1325 1309//1309
f 1309//1309 1325//1325 1326//1326 1310//1310
f 1310//1310 1326//1326 1327//1327 1311//1311
f 1311//1311 1327//1327 1328//1328 1312//1312
f 1312//1312 1328//1328 1313//1313 1297//1297
f 1313//1313 1329//1329 1330//1330 1314//1314
f 1314//1314 1330//1330 1331//1331 1315//1315
f 1315//1315 1331//1331 1332//1332 1316//1316
f 1316//1316 1332//1332 1333//1333 1317//1317
f 1317//1317 1333//1333 1334//1334 1318//1318
f 1318//1318 1334//1334 1335//1335 1319//1319
f 1319//1319 1335//1335 1336//1336 1320//1320
f 1320//1320 1336//1336 1337//1337 1321//1321
f 1321//1321 1337//1337 1338//1338 1322//1322
f 1322//1322 1338//1338 1339//1339 1323//1323
f 1323//1323 1339//1339 1340//1340 1324//1324
f 1324//1324 1340//1340 1341//1341 1325//1325
f 1325//1325 1341//1341 1342//1342 1326//1326
f 1326//1326 1342//1342 1343//1343 1327//1327
f 1327//1327 1343//1343 1344//1344 1328//1328
f 1328//1328 1344//1344 1329//1329 1313//1313
f 1329//1329 1345//1345 1346//1346 1330//1330
f 1330//1330 1346//1346 1347//1347 1331//1331
f 1331//1331 1347//1347 1348//1348 1332//1332
f 1332//1332 1348//1348 1349//1349 1333//1333
f 1333//1333 1349//1349 1350//1350 1334//1334
f 1334//1334 1350//1350 1351//1351 1335//1335
f 1335//1335 1351//1351 1352//1352 1336//1336
f 1336//1336 1352//1352 1353//1353 1337//1337
f 1337//1337 1353//1353 1354//1354 1338//1338
f 1338//1338 1354//1354 1355//1355 1339//1339
f 1339//1339 1355//1355 1356//1356 1340//1340
f 1340//1340 1356//1356 1357//1357 1341//1341
f 1341//1341 1357//1357 1358//1358 1342//1342
f 1342//1342 1358//1358 1359//1359 1343//1343
f 1343//1343 1359//1359 1360//1360 1344//1344
f 1344//1344 1360//1360 1345//1345 1329//1329
f 1345//1345 1361//1361 1362//1362 1346//1346
f 1346//1346 1362//1362 1363//1363 1347//1347
f 1347//1347 1363//1363 1364//1364 1348//1348
f 1348//1348 1364//1364 1365//1365 1349//1349
f 1349//1349 1365//1365 1366//1366 1350//1350
f 1350//1350 1366//1366 1367//1367 1351//1351
f 1351//1351 1367//1367 1368//1368 1352//1352
f 1352//1352 1368//1368 1369//1369 1353//1353
f 1353//1353 1369//1369 1370//1370 1354//1354
f 1354//1354 1370//1370 1371//1371 1355//1355
f 1355//1355 1371//1371 1372//1372 1356//1356
f 1356//1356 1372//1372 1373//1373 1357//1357
f 1357//1357 1373//1373 1374//1374 1358//1358
f 1358//1358 1374//1374 1375//1375 1359//1359
f 1359//1359 1375//1375 1376//1376 1360//1360
f 1360//1360 1376//1376 1361//1361 1345//1345
f 1361//1361 1377//1377 1378//1378 1362//1362
f 1362//1362 1378//1378 1379//1379 1363//1363
f 1363//1363 1379//1379 1380//1380 1364//1364
f 1364//1364 1380//1380 1381//1381 1365//1365
f 1365//1365 1381//1381 1382//1382 1366//1366
f 1366//1366 1382//1382 1383//1383 1367//1367
f 1367//1367 1383//1383 1384//1384 1368//1368
f 1368//1368 1384//1384 1385//1385 1369//1369
f 1369//1369 1385//1385 1386//1386 1370//1370
f 1370//1370 1386//1386 1387//1387 1371//1371
f 1371//1371 1387//1387 1388//1388 1372//1372
f 1372//1372 1388//1388 1389//1389 1373//1373
f 1373//1373 1389//1389 1390//1390 1374//1374
f 1374//1374 1390//1390 1391//1391 1375//1375
f 1375//1375 1391//1391 1392//1392 1376//1376
f 1376//1376 1392//1392 1377//1377 1361//1361
f 1377//1377 1393//1393 1394//1394 1378//1378
f 1378//1378 1394//1394 1395//1395 1379//1379
f 1379//1379 1395//1395 1396//1396 1380//1380
f 1380//1380 1396//1396 1397//1397 1381//1381
f 1381//1381 1397//1397 1398//1398 1382//1382
f 1382//1382 1398//1398 1399//1399 1383//1383
f 1383//1383 1399//1399 1400//1400 1384//1384
f 1384//1384 1400//1400 1401//1401 1385//1385
f 1385//1385 1401//1401 1402//1402 1386//1386
f 1386//1386 1402//1402 1403//1403 1387//1387
f 1387//1387 1403//1403 1404//1404 1388//1388
f 1388//1388 1404//1404 1405//1405 1389//1389
f 1389//1389 1405//1405 1406//1406 1390//1390
f 1390//1390 1406//1406 1407//1407 1391//1391
f 1391//1391 1407//1407 1408//1408 1392//1392
f 1392//1392 1408//1408 1393//1393 1377//1377
f 1393//1393 1409//1409 1410//1410 1394//1394
f 1394//1394 1410//1410 1411//1411 1395//1395
f 1395//1395 1411//1411 1412//1412 1396//1396
f 1396//1396 1412//1412 1413//1413 1397//1397
f 1397//1397 1413//1413 1414//1414 1398//1398
f 1398//1398 1414//1414 1415//1415 1399//1399
f 1399//1399 1415//1415 1416//1416 1400//1400
f 1400//1400 1416//1416 1417//1417 1401//1401
f 1401//1401 1417//1417 1418//1418 1402//1402
f 1402//1402 1418//1418 1419//1419 1403//1403
f 1403//1403 1419//1419 1420//1420 1404//1404
f 1404//1404 1420//1420 1421//1421 1405//1405
f 1405//1405 1421//1421 1422//1422 1406//1406
f 1406//1406 1422//1422 1423//1423 1407//1407
f 1407//1407 1423//1423 1424//1424 1408//1408
f 1408//1408 1424//1424 1409//1409 1393//1393
f 1409//1409 1425//1425 1426//1426 1410//1410
f 1410//1410 1426//1426 1427//1427 1411//1411
f 1411//1411 1427//1427 1428//1428 1412//1412
f 1412//1412 1428//1428 1429//1429 1413//1413
f 1413//1413 1429//1429 1430//1430 1414//1414
f 1414//1414 1430//1430 1431//1431 1415//1415
f 1415//1415 1431//1431 1432//1432 1416//1416
f 1416//1416 1432//1432 1433//1433 1417//1417
f 1417//1417 1433//1433 1434//1434 1418//1418
f 1418//1418 1434//1434 1435//1435 1419//1419
f 1419//1419 1435//1435 1436//1436 1420//1420
f 1420//1420 1436//1436 1437//1437 1421//1421
f 1421//1421 1437//1437 1438//1438 1422//1422
f 1422//1422 1438//1438 1439//1439 1423//1423
f 1423//1423 1439//1439 1440//1440 1424//1424
f 1424//1424 1440//1440 1425//1425 1409//1409
f 1425//1425 1441//1441 1442//1442 1426//1426
f 1426//1426 1442//1442 1443//1443 1427//1427
f 1427//1427 1443//1443 1444//1444 1428//1428
f 1428//1428 1444//1444 1445//1445 1429//1429
f 1429//1429 1445//1445 1446//1446 1430//1430
f 1430//1430 1446//1446 1447//1447 1431//1431
f 1431//1431 1447//1447 1448//1448 1432//1432
f 1432//1432 1448//1448 1449//1449 1433//1433
f 1433//1433 1449//1449 1450//1450 1434//1434
f 1434//1434 1450//1450 1451//1451 1435//1435
f 1435//1435 1451//1451 1452//1452 1436//1436
f 1436//1436 1452//1452 1453//1453 1437//1437
f 1437//1437 1453//1453 1454//1454 1438//1438
f 1438//1438 1454//1454 1455//1455 1439//1439
f 1439//1439 1455//1455 1456//1456 1440//1440
f 1440//1440 1456//1456 1441//1441 1425//1425
f 1441//1441 1457//1457 1458//1458 1442//1442
f 1442//1442 1458//1458 1459//1459 1443//1443
f 1443//1443 1459//1459 1460//1460 1444//1444
f 1444//1444 1460//1460 1461//1461 1445//1445
f 1445//1445 1461//1461 1462//1462 1446//1446
f 1446//1446 1462//1462 1463//1463 1447//1447
f 1447//1447 1463//1463 1464//1464 1448//1448
f 1448//1448 1464//1464 1465//1465 1449//1449
f 1449//1449 1465//1465 1466//1466 1450//1450
f 1450//1450 1466//1466 1467//1467 1451//1451
f 1451//1451 1467//1467 1468//1468 1452//1452
f 1452//1452 1468//1468 1469//1469 1453//1453
f 1453//1453 1469//1469 1470//1470 1454//1454
f 1454//1454 1470//1470 1471//1471 1455//1455
f 1455//1455 1471//1471 1472//1472 1456//1456
f 1456//1456 1472//1472 1457//1457 1441//1441
f 1457//1457 1473//1473 1474//1474 1458//1458
f 1458//1458 1474//1474 1475//1475 1459//1459
f 1459//1459 1475//1475 1476//1476 1460//1460
f 1460//1460 1476//1476 1477//1477 1461//1461
f 1461//1461 1477//1477 1478//1478 1462//1462
f 1462//1462 1478//1478 1479//1479 1463//1463
f 1463//1463 1479//1479 1480//1480 1464//1464
f 1464//1464 1480//1480 1481//1481 1465//1465
f 1465//1465 1481//1481 1482//1482 1466//1466
f 1466//1466 1482//1482 1483//1483 1467//1467
f 1467//1467 1483//1483 1484//1484 1468//1468
f 1468//1468 1484//1484 1485//1485 1469//1469
f 1469//1469 1485//1485 1486//1486 1470//1470
f 1470//1470 1486//1486 1487//1487 1471//1471
f 1471//1471 1487//1487 1488//1488 1472//1472
f 1472//1472 1488//1488 1473//1473 1457//1457
f 1473//1473 1489//1489 1490//1490 1474//1474
f 1474//1474 1490//1490 1491//1491 1475//1475
f 1475//1475 1491//1491 1492//1492 1476//1476
f 1476//1476 1492//1492 1493//1493 1477//1477
f 1477//1477 1493//1493 1494//1494 1478//1478
f 1478//1478 1494//1494 1495//1495 1479//1479
f 1479//1479 1495//1495 1496//1496 1480//1480
f 1480//1480 1496//1496 1497//1497 1481//1481
f 1481//1481 1497//1497 1498//1498 1482//1482
f 1482//1482 1498//1498 1499//1499 1483//1483
f 1483//1483 1499//1499 1500//1500 1484//1484
f 1484//1484 1500//1500 1501//1501 1485//1485
f 1485//1485 1501//1501 1502//1502 1486//1486
f 1486//1486 1502//1502 1503//1503 1487//1487
f 1487//1487 1503//1503 1504//1504 1488//1488
f 1488//1488 1504//1504 1489//1489 1473//1473
f 1489//1489 1505//1505 1506//1506 1490//1490
f 1490//1490 1506//1506 1507//1507 1491//1491
f 1491//1491 1507//1507 1508//1508 1492//1492
f 1492//1492 1508//1508 1509//1509 1493//1493
f 1493//1493 1509//1509 1510//1510 1494//1494
f 1494//1494 1510//1510 1511//1511 1495//1495
f 1495//1495 1511//1511 1512//1512 1496//1496
f 1496//1496 1512//1512 1513//1513 1497//1497
f 1497//1497 1513//1513 1514//1514 1498//1498
f 1498//1498 1514//1514 1515//1515 1499//1499
f 1499//1499 1515//1515 1516//1516 1500//1500
f 1500//1500 1516//1516 1517//1517 1501//1501
f 1501//1501 1517//1517 1518//1518 1502//1502
f 1502//1502 1518//1518 1519//1519 1503//1503
f 1503//1503 1519//1519 1520//1520 1504//1504
f 1504//1504 1520//1520 1505//1505 1489//1489
f 1505//1505 1521//1521 1522//1522 1506//1506
f 1506//1506 1522//1522 1523//1523 1507//1507
f 1507//1507 1523//1523 1524//1524 1508//1508
f 1508//1508 1524//1524 1525//1525 1509//1509
f 1509//1509 1525//1525 1526//1526 1510//1510
f 1510//1510 1526//1526 1527//1527 1511//1511
f 1511//1511 1527//1527 1528//1528 1512//1512
f 1512//1512 1528//1528 1529//1529 1513//1513
f 1513//1513 1529//1529 1530//1530 1514//1514
f 1514//1514 1530//1530 1531//1531 1515//1515
f 1515//1515 1531//1531 1532//1532 1516//1516
f 1516//1516 1532//1532 1533//1533 1517//1517
f 1517//1517 1533//1533 1534//1534 1518//1518
f 1518//1518 1534//1534 1535//1535 1519//1519
f 1519//1519 1535//1535 1536//1536 1520//1520
f 1520//1520 1536//1536 1521//1521 1505//1505
f 1521//1521 1537//1537 1538//1538 1522//1522
f 1522//1522 1538//1538 1539//1539 1523//1523
f 1523//1523 1539//1539 1540//1540 1524//1524
f 1524//1524 1540//1540 1541//1541 1525//1525
f 1525//1525 1541//1541 1542//1542 1526//1526
f 1526//1526 1542//1542 1543//1543 1527//1527
f 1527//1527 1543//1543 1544//1544 1528//1528
f 1528//1528 1544//1544 1545//1545 1529//1529
f 1529//1529 1545//1545 1546//1546 1530//1530
f 1530//1530 1546//1546 1547//1547 1531//1531
f 1531//1531 1547//1547 1548//1548 1532//1532
f 1532//1532 1548//1548 1549//1549 1533//1533
f 1533//1533 1549//1549 1550//1550 1534//1534
f 1534//1534 1550//1550 1551//1551 1535//1535
f 1535//1535 1551//1551 1552//1552 1536//1536
f 1536//1536 1552//1552 1537//1537 1521//1521
f 1537//1537 1553//1553 1554//1554 1538//1538
f 1538//1538 1554//1554 1555//1555 1539//1539
f 1539//1539 1555//1555 1556//1556 1540//1540
f 1540//1540 1556//1556 1557//1557 1541//1541
f 1541//1541 1557//1557 1558//1558 1542//1542
f 1542//1542 1558//1558 1559//1559 1543//1543
f 1543//1543 1559//1559 1560//1560 1544//1544
f 1544//1544 1560//1560 1561//1561 1545//1545
f 1545//1545 1561//1561 1562//1562 1546//1546
f 1546//1546 1562//1562 1563//1563 1547//1547
f 1547//1547 1563//1563 1564//1564 1548//1548
f 1548//1548 1564//1564 1565//1565 1549//1549
f 1549//1549 1565//1565 1566//1566 1550//1550
f 1550//1550 1566//1566 1567//1567 1551//1551
f 1551//1551 1567//1567 1568//1568 1552//1552
f 1552//1552 1568//1568 1553//1553 1537//1537
f 1553//1553 1569//1569 1570//1570 1554//1554
f 1554//1554 1570//1570 1571//1571 1555//1555
f 1555//1555 1571//1571 1572//1572 1556//1556
f 1556//1556 1572//1572 1573//1573 1557//1557
f 1557//1557 1573//1573 1574//1574 1558//1558
f 1558//1558 1574//1574 1575//1575 1559//1559
f 1559//1559 1575//1575 1576//1576 1560//1560
f 1560//1560 1576//1576 1577//1577 1561//1561
f 1561//1561 1577//1577 1578//1578 1562//1562
f 1562//1562 1578//1578 1579//1579 1563//1563
f 1563//1563 1579//1579 1580//1580 1564//1564
f 1564//1564 1580//1580 1581//1581 1565//1565
f 1565//1565 1581//1581 1582//1582 1566//1566
f 1566//1566 1582//1582 1583//1583 1567//1567
f 1567//1567 1583//1583 1584//1584 1568//1568
f 1568//1568 1584//1584 1569//1569 1553//1553
f 1569//1569 1585//1585 1586//1586 1570//1570
f 1570//1570 1586//1586 1587//1587 1571//1571
f 1571//1571 1587//1587 1588//1588 1572//1572
f 1572//1572 1588//1588 1589//1589 1573//1573
f 1573//1573 1589//1589 1590//1590 1574//1574
f 1574//1574 1590//1590 1591//1591 1575//1575
f 1575//1575 1591//1591 1592//1592 1576//1576
f 1576//1576 1592//1592 1593//1593 1577//1577
f 1577//1577 1593//1593 1594//1594 1578//1578
f 1578//1578 1594//1594 1595//1595 1579//1579
f 1579//1579 1595//1595 1596//1596 1580//1580
f 1580//1580 1596//1596 1597//1597 1581//1581
f 1581//1581 1597//1597 1598//1598 1582//1582
f 1582//1582 1598//1598 1599//1599 1583//1583
f 1583//1583 1599//1599 1600//1600 1584//1584
f 1584//1584 1600//1600 1585//1585 1569//1569
f 1585//1585 1601//1601 1602//1602 1586//1586
f 1586//1586 1602//1602 1603//1603 1587//1587
f 1587//1587 1603//1603 1604//1604 1588//1588
f 1588//1588 1604//1604 1605//1605 1589//1589
f 1589//1589 1605//1605 1606//1606 1590//1590
f 1590//1590 1606//1606 1607//1607 1591//1591
f 1591//1591 1607//1607 1608//1608 1592//1592
f 1592//1592 1608//1608 1609//1609 1593//1593
f 1593//1593 1609//1609 1610//1610 1594//1594
f 1594//1594 1610//1610 1611//1611 1595//1595
f 1595//1595 1611//1611 1612//1612 1596//1596
f 1596//1596 1612//1612 1613//1613 1597//1597
f 1597//1597 1613//1613 1614//1614 1598//1598
f 1598//1598 1614//1614 1615//1615 1599//1599
f 1599//1599 1615//1615 1616//1616 1600//1600
f 1600//1600 1616//1616 1601//1601 1585//1585
f 1601//1601 1617//1617 1618//1618 1602//1602
f 1602//1602 1618//1618 1619//1619 1603//1603
f 1603//1603 1619//1619 1620//1620 1604//1604
f 1604//1604 1620//1620 1621//1621 1605//1605
f 1605//1605 1621//1621 1622//1622 1606//1606
f 1606//1606 1622//1622 1623//1623 1607//1607
f 1607//1607 1623//1623 1624//1624 1608//1608
f 1608//1608 1624//1624 1625//1625 1609//1609
f 1609//1609 1625//1625 1626//1626 1610//1610
f 1610//1610 1626//1626 1627//1627 1611//1611
f 1611//1611 1627//1627 1628//1628 1612//1612
f 1612//1612 1628//1628 1629//1629 1613//1613
f 1613//1613 1629//1629 1630//1630 1614//1614
f 1614//1614 1630//1630 1631//1631 1615//1615
f 1615//1615 1631//1631 1632//1632 1616//1616
f 1616//1616 1632//1632 1617//1617 1601//1601
f 1617//1617 1633//1633 1634//1634 1618//1618
f 1618//1618 1634//1634 1635//1635 1619//1619
f 1619//1619 1635//1635 1636//1636 1620//1620
f 1620//1620 1636//1636 1637//1637 1621//1621
f 1621//1621 1637//1637 1638//1638 1622//1622
f 1622//1622 1638//1638 1639//1639 1623//1623
f 1623//1623 1639//1639 1640//1640 1624//1624
f 1624//1624 1640//1640 1641//1641 1625//1625
f 1625//1625 1641//1641 1642//1642 1626//1626
f 1626//1626 1642//1642 1643//1643 1627//1627
f 1627//1627 1643//1643 1644//1644 1628//1628
f 1628//1628 1644//1644 1645//1645 1629//1629
f 1629//1629 1645//1645 1646//1646 1630//1630
f 1630//1630 1646//1646 1647//1647 1631//1631
f 1631//1631 1647//1647 1648//1648 1632//1632
f 1632//1632 1648//1648 1633//1633 1617//1617
f 1633//1633 1649//1649 1650//1650 1634//1634
f 1634//1634 1650//1650 1651//1651 1635//1635
f 1635//1635 1651//1651 1652//1652 1636//1636
f 1636//1636 1652//1652 1653//1653 1637//1637
f 1637//1637 1653//1653 1654//1654 1638//1638
f 1638//1638 1654//1654 1655//1655 1639//1639
f 1639//1639 1655//1655 1656//1656 1640//1640
f 1640//1640 1656//1656 1657//1657 1641//1641
f 1641//1641 1657//1657 1658//1658 1642//1642
f 1642//1642 1658//1658 1659//1659 1643//1643
f 1643//1643 1659//1659 1660//1660 1644//1644
f 1644//1644 1660//1660 1661//1661 1645//1645
f 1645//1645 1661//1661 1662//1662 1646//1646
f 1646//1646 1662//1662 1663//1663 1647//1647
f 1647//1647 1663//1663 1664//1664 1648//1648
f 1648//1648 1664//1664 1649//1649 1633//1633
f 1649//1649 1665//1665 1666//1666 1650//1650
f 1650//1650 1666//1666 1667//1667 1651//1651
f 1651//1651 1667//1667 1668//1668 1652//1652
f 1652//1652 1668//1668 1669//1669 1653//1653
f 1653//1653 1669//1669 1670//1670 1654//1654
f 1654//1654 1670//1670 1671//1671 1655//1655
f 1655//1655 1671//1671 1672//1672 1656//1656
f 1656//1656 1672//1672 1673//1673 1657//1657
f 1657//1657 1673//1673 1674//1674 1658//1658
f 1658//1658 1674//1674 1675//1675 1659//1659
f 1659//1659 1675//1675 1676//1676 1660//1660
f 1660//1660 1676//1676 1677//1677 1661//1661
f 1661//1661 1677//1677 1678//1678 1662//1662
f 1662//1662 1678//1678 1679//1679 1663//1663
f 1663//1663 1679//1679 1680//1680 1664//1664
f 1664//1664 1680//1680 1665//1665 1649//1649
f 1665//1665 1681//1681 1682//1682 1666//1666
f 1666//1666 1682//1682 1683//1683 1667//1667
f 1667//1667 1683//1683 1684//1684 1668//1668
f 1668//1668 1684//1684 1685//1685 1669//1669
f 1669//1669 1685//1685 1686//1686 1670//1670
f 1670//1670 1686//1686 1687//1687 1671//1671
f 1671//1671 1687//1687 1688//1688 1672//1672
f 1672//1672 1688//1688 1689//1689 1673//1673
f 1673//1673 1689//1689 1690//1690 1674//1674
f 1674//1674 1690//1690 1691//1691 1675//1675
f 1675//1675 1691//1691 1692//1692 1676//1676
f 1676//1676 1692//1692 1693//1693 1677//1677
f 1677//1677 1693//1693 1694//1694 1678//1678
f 1678//1678 1694//1694 1695//1695 1679//1679
f 1679//1679 1695//1695 1696//1696 1680//1680
f 1680//1680 1696//1696 1681//1681 1665//1665
f 1681//1681 1697//1697 1698//1698 1682//1682
f 1682//1682 1698//1698 1699//1699 1683//1683
f 1683//1683 1699//1699 1700//1700 1684//1684
f 1684//1684 1700//1700 1701//1701 1685//1685
f 1685//1685 1701//1701 1702//1702 1686//1686
f 1686//1686 1702//1702 1703//1703 1687//1687
f 1687//1687 1703//1703 1704//1704 1688//1688
f 1688//1688 1704//1704 1705//1705 1689//1689
f 1689//1689 1705//1705 1706//1706 1690//1690
f 1690//1690 1706//1706 1707//1707 1691//1691
f 1691//1691 1707//1707 1708//1708 1692//1692
f 1692//1692 1708//1708 1709//1709 1693//1693
f 1693//1693 1709//1709 1710//1710 1694//1694
f 1694//1694 1710//1710 1711//1711 1695//1695
f 1695//1695 1711//1711 1712//1712 1696//1696
f 1696//1696 1712//1712 1697//1697 1681//1681
f 1697//1697 1713//1713 1714//1714 1698//1698
f 1698//1698 1714//1714 1715//1715 1699//1699
f 1699//1699 1715//1715 1716//1716 1700//1700
f 1700//1700 1716//1716 1717//1717 1701//1701
f 1701//1701 1717//1717 1718//1718 1702//1702
f 1702//1702 1718//1718 1719//1719 1703//1703
f 1703//1703 1719//1719 1720//1720 1704//1704
f 1704//1704 1720//1720 1721//1721 1705//1705
f 1705//1705 1721//1721 1722//1722 1706//1706
f 1706//1706 1722//1722 1723//1723 1707//1707
f 1707//1707 1723//1723 1724//1724 1708//1708
f 1708//1708 1724//1724 1725//1725 1709//1709
f 1709//1709 1725//1725 1726//1726 1710//1710
f 1710//1710 1726//1726 1727//1727 1711//1711
f 1711//1711 1727//1727 1728//1728 1712//1712
f 1712//1712 1728//1728 1713//1713 1697//1697
f 1713//1713 1729//1729 1730//1730 1714//1714
f 1714//1714 1730//1730 1731//1731 1715//1715
f 1715//1715 1731//1731 1732//1732 1716//1716
f 1716//1716 1732//1732 1733//1733 1717//1717
f 1717//1717 1733//1733 1734//1734 1718//1718
f 1718//1718 1734//1734 1735//1735 1719//1719
f 1719//1719 1735//1735 1736//1736 1720//1720
f 1720//1720 1736//1736 1737//1737 1721//1721
f 1721//1721 1737//1737 1738//1738 1722//1722
f 1722//1722 1738//1738 1739//1739 1723//1723
f 1723//1723 1739//1739 1740//1740 1724//1724
f 1724//1724 1740//1740 1741//1741 1725//1725
f 1725//1725 1741//1741 1742//1742 1726//1726
f 1726//1726 1742//1742 1743//1743 1727//1727
f 1727//1727 1743//1743 1744//1744 1728//1728
f 1728//1728 1744//1744 1729//1729 1713//1713
f 1729//1729 1745//1745 1746//1746 1730//1730
f 1730//1730 1746//1746 1747//1747 1731//1731
f 1731//1731 1747//1747 1748//1748 1732//1732
f 1732//1732 1748//1748 1749//1749 1733//1733
f 1733//1733 1749//1749 1750//1750 1734//1734
f 1734//1734 1750//1750 1751//1751 1735//1735
f 1735//1735 1751//1751 1752//1752 1736//1736
f 1736//1736 1752//1752 1753//1753 1737//1737
f 1737//1737 1753//1753 1754//1754 1738//1738
f 1738//1738 1754//1754 1755//1755 1739//1739
f 1739//1739 1755//1755 1756//1756 1740//1740
f 1740//1740 1756//1756 1757//1757 1741//1741
f 1741//1741 1757//1757 1758//1758 1742//1742
f 1742//1742 1758//1758 1759//1759 1743//1743
f 1743//1743 1759//1759 1760//1760 1744//1744
f 1744//1744 1760//1760 1745//1745 1729//1729
f 1745//1745 1761//1761 1762//1762 1746//1746
f 1746//1746 1762//1762 1763//1763 1747//1747
f 1747//1747 1763//1763 1764//1764 1748//1748
f 1748//1748 1764//1764 1765//1765 1749//1749
f 1749//1749 1765//1765 1766//1766 1750//1750
f 1750//1750 1766//1766 1767//1767 1751//1751
f 1751//1751 1767//1767 1768//1768 1752//1752
f 1752//1752 1768//1768 1769//1769 1753//1753
f 1753//1753 1769//1769 1770//1770 1754//1754
f 1754//1754 1770//1770 1771//1771 1755//1755
f 1755//1755 1771//1771 1772//1772 1756//1756
f 1756//1756 1772//1772 1773//1773 1757//1757
f 1757//1757 1773//1773 1774//1774 1758//1758
f 1758//1758 1774//1774 1775//1775 1759//1759
f 1759//1759 1775//1775 1776//1776 1760//1760
f 1760//1760 1776//1776 1761//1761 1745//1745
f 1761//1761 1777//1777 1778//1778 1762//1762
f 1762//1762 1778//1778 1779//1779 1763//1763
f 1763//1763 1779//1779 1780//1780 1764//1764
f 1764//1764 1780//1780 1781//1781 1765//1765
f 1765//1765 1781//1781 1782//1782 1766//1766
f 1766//1766 1782//1782 1783//1783 1767//1767
f 1767//1767 1783//1783 1784//1784 1768//1768
f 1768//1768 1784//1784 1785//1785 1769//1769
f 1769//1769 1785//1785 1786//1786 1770//1770
f 1770//1770 1786//1786 1787//1787 1771//1771
f 1771//1771 1787//1787 1788//1788 1772//1772
f 1772//1772 1788//1788 1789//1789 1773//1773
f 1773//1773 1789//1789 1790//1790 1774//1774
f 1774//1774 1790//1790 1791//1791 1775//1775
f 1775//1775 1791//1791 1792//1792 1776//1776
f 1776//1776 1792//1792 1777//1777 1761//1761
f 1777//1777 1793//1793 1794//1794 1778//1778
f 1778//1778 1794//1794 1795//1795 1779//1779
f 1779//1779 1795//1795 1796//1796 1780//1780
f 1780//1780 1796//1796 1797//1797 1781//1781
f 1781//1781 1797//1797 1798//1798 1782//1782
f 1782//1782 1798//1798 1799//1799 1783//1783
f 1783//1783 1799//1799 1800//1800 1784//1784
f 1784//1784 1800//1800 1801//1801 1785//1785
f 1785//1785 1801//1801 1802//1802 1786//1786
f 1786//1786 1802//1802 1803//1803 1787//1787
f 1787//1787 1803//1803 1804//1804 1788//1788
f 1788//1788 1804//1804 1805//1805 1789//1789
f 1789//1789 1805//1805 1806//1806 1790//1790
f 1790//1790 1806//1806 1807//1807 1791//1791
f 1791//1791 1807//1807 1808//1808 1792//1792
f 1792//1792 1808//1808 1793//1793 1777//1777
f 1793//1793 1809//1809 1810//1810 1794//1794
f 1794//1794 1810//1810 1811//1811 1795//1795
f 1795//1795 1811//1811 1812//1812 1796//1796
f 1796//1796 1812//1812 1813//1813 1797//1797
f 1797//1797 1813//1813 1814//1814 1798//1798
f 1798//1798 1814//1814 1815//1815 1799//1799
f 1799//1799 1815//1815 1816//1816 1800//1800
f 1800//1800 1816//1816 1817//1817 1801//1801
f 1801//1801 1817//1817 1818//1818 1802//1802
f 1802//1802 1818//1818 1819//1819 1803//1803
f 1803//1803 1819//1819 1820//1820 1804//1804
f 1804//1804 1820//1820 1821//1821 1805//1805
f 1805//1805 1821//1821 1822//1822 1806//1806
f 1806//1806 1822//1822 1823//1823 1807//1807
f 1807//1807 1823//1823 1824//1824 1808//1808
f 1808//1808 1824//1824 1809//1809 1793//1793
f 1809//1809 1825//1825 1826//1826 1810//1810
f 1810//1810 1826//1826 1827//1827 1811//1811
f 1811//1811 1827//1827 1828//1828 1812//1812
f 1812//1812 1828//1828 1829//1829 1813//1813
f 1813//1813 1829//1829 1830//1830 1814//1814
f 1814//1814 1830//1830 1831//1831 1815//1815
f 1815//1815 1831//1831 1832//1832 1816//1816
f 1816//1816 1832//1832 1833//1833 1817//1817
f 1817//1817 1833//1833 1834//1834 1818//1818
f 1818//1818 1834//1834 1835//1835 1819//1819
f 1819//1819 1835//1835 1836//1836 1820//1820
f 1820//1820 1836//1836 1837//1837 1821//1821
f 1821//1821 1837//1837 1838//1838 1822//1822
f 1822//1822 1838//1838 1839//1839 1823//1823
f 1823//1823 1839//1839 1840//1840 1824//1824
f 1824//1824 1840//1840 1825//1825 1809//1809
f 1825//1825 1841//1841 1842//1842 1826//1826
f 1826//1826 1842//1842 1843//1843 1827//1827
f 1827//1827 1843//1843 1844//1844 1828//1828
f 1828//1828 1844//1844 1845//1845 1829//1829
f 1829//1829 1845//1845 1846//1846 1830//1830
f 1830//1830 1846//1846 1847//1847 1831//1831
f 1831//1831 1847//1847 1848//1848 1832//1832
f 1832//1832 1848//1848 1849//1849 1833//1833
f 1833//1833 1849//1849 1850//1850 1834//1834
f 1834//1834 1850//1850 1851//1851 1835//1835
f 1835//1835 1851//1851 1852//1852 1836//1836
f 1836//1836 1852//1852 1853//1853 1837//1837
f 1837//1837 1853//1853 1854//1854 1838//1838
f 1838//1838 1854//1854 1855//1855 1839//1839
f 1839//1839 1855//1855 1856//1856 1840//1840
f 1840//1840 1856//1856 1841//1841 1825//1825
f 1841//1841 1857//1857 1858//1858 1842//1842
f 1842//1842 1858//1858 1859//1859 1843//1843
f 1843//1843 1859//1859 1860//1860 1844//1844
f 1844//1844 1860//1860 1861//1861 1845//1845
f 1845//1845 1861//1861 1862//1862 1846//1846
f 1846//1846 1862//1862 1863//1863 1847//1847
f 1847//1847 1863//1863 1864//1864 1848//1848
f 1848//1848 1864//1864 1865//1865 1849//1849
f 1849//1849 1865//1865 1866//1866 1850//1850
f 1850//1850 1866//1866 1867//1867 1851//1851
f 1851//1851 1867//1867 1868//1868 1852//1852
f 1852//1852 1868//1868 1869//1869 1853//1853
f 1853//1853 1869//1869 1870//1870 1854//1854
f 1854//1854 1870//1870 1871//1871 1855//1855
f 1855//1855 1871//1871 1872//1872 1856//1856
f 1856//1856 1872//1872 1857//1857 1841//1841
f 1857//1857 1873//1873 1874//1874 1858//1858
f 1858//1858 1874//1874 1875//1875 1859//1859
f 1859//1859 1875//1875 1876//1876 1860//1860
f 1860//1860 1876//1876 1877//1877 1861//1861
f 1861//1861 1877//1877 1878//1878 1862//1862
f 1862//1862 1878//1878 1879//1879 1863//1863
f 1863//1863 1879//1879 1880//1880 1864//1864
f 1864//1864 1880//1880 1881//1881 1865//1865
f 1865//1865 1881//1881 1882//1882 1866//1866
f 1866//1866 1882//1882 1883//1883 1867//1867
f 1867//1867 1883//1883 1884//1884 1868//1868
f 1868//1868 1884//1884 1885//1885 1869//1869
f 1869//1869 1885//1885 1886//1886 1870//1870
f 1870//1870 1886//1886 1887//1887 1871//1871
f 1871//1871 1887//1887 1888//1888 1872//1872
f 1872//1872 1888//1888 1873//1873 1857//1857
f 1873//1873 1889//1889 1890//1890 1874//1874
f 1874//1874 1890//1890 1891//1891 1875//1875
f 1875//1875 1891//1891 1892//1892 1876//1876
f 1876//1876 1892//1892 1893//1893 1877//1877
f 1877//1877 1893//1893 1894//1894 1878//1878
f 1878//1878 1894//1894 1895//1895 1879//1879
f 1879//1879 1895//1895 1896//1896 1880//1880
f 1880//1880 1896//1896 1897//1897 1881//1881
f 1881//1881 1897//1897 1898//1898 1882//1882
f 1882//1882 1898//1898 1899//1899 1883//1883
f 1883//1883 1899//1899 1900//1900 1884//1884
f 1884//1884 1900//1900 1901//1901 1885//1885
f 1885//1885 1901//1901 1902//1902 1886//1886
f 1886//1886 1902//1902 1903//1903 1887//1887
f 1887//1887 1903//1903 1904//1904 1888//1888
f 1888//1888 1904//1904 1889//1889 1873//1873
f 1889//1889 1905//1905 1906//1906 1890//1890
f 1890//1890 1906//1906 1907//1907 1891//1891
f 1891//1891 1907//1907 1908//1908 1892//1892
f 1892//1892 1908//1908 1909//1909 1893//1893
f 1893//1893 1909//1909 1910//1910 1894//1894
f 1894//1894 1910//1910 1911//1911 1895//1895
f 1895//1895 1911//1911 1912//1912 1896//1896
f 1896//1896 1912//1912 1913//1913 1897//1897
f 1897//1897 1913//1913 1914//1914 1898//1898
f 1898//1898 1914//1914 1915//1915 1899//1899
f 1899//1899 1915//1915 1916//1916 1900//1900
f 1900//1900 1916//1916 1917//1917 1901//1901
f 1901//1901 1917//1917 1918//1918 1902//1902
f 1902//1902 1918//1918 1919//1919 1903//1903
f 1903//1903 1919//1919 1920//1920 1904//1904
f 1904//1904 1920//1920 1905//1905 1889//1889
f 1905//1905 1//1 2//2 1906//1906
f 1906//1906 2//2 3//3 1907//1907
f 1907//1907 3//3 4//4 1908//1908
f 1908//1908 4//4 5//5 1909//1909
f 1909//1909 5//5 6//6 1910//1910
f 1910//1910 6//6 7//7 1911//1911
f 1911//1911 7//7 8//8 1912//1912
f 1912//1912 8//8 9//9 1913//1913
f 1913//1913 9//9 10//10 1914//1914
f 1914//1914 10//10 11//11 1915//1915
f 1915//1915 11//11 12//12 1916//1916
f 1916//1916 12//12 13//13 1917//1917
f 1917//1917 13//13 14//14 1918//1918
f 1918//1918 14//14 15//15 1919//1919
f 1919//1919 15//15 16//16 1920//1920
f 1920//1920 16//16 1//1 1905//1905
